Latitud,Longitud,Valor_Sentinel,Temp_2m_ERA5_(C),Temp_10m_ERA5_(C),Vapor_Agua_(mm),Humedad_Relativa_(%),Factor_Error_(%)
1590840.0,171720.0,0.1509,21.96,22.35,26.41,64.55,14.62
1590840.0,175880.0,0.0266,21.99,22.57,26.27,63.92,15.01
1590840.0,180040.0,0.04,22.13,22.76,26.61,63.92,16.92
1590840.0,184200.0,0.0617,22.28,22.95,27.02,64.0,19.03
1590840.0,188360.0,0.094,22.43,23.13,27.42,64.07,21.14
1590840.0,192520.0,0.1252,22.58,23.32,27.83,64.15,23.25
1590840.0,196680.0,0.1066,22.73,23.5,28.23,64.23,25.36
1590840.0,200840.0,0.1007,22.88,23.68,28.64,64.3,27.47
1590840.0,205000.0,0.1247,23.04,23.83,29.02,64.37,29.81
1590840.0,209160.0,0.0768,23.24,23.92,29.37,64.43,32.5
1590840.0,213320.0,0.132,23.43,24.0,29.71,64.49,35.18
1590840.0,217480.0,0.1044,23.62,24.09,30.06,64.55,37.87
1590840.0,221640.0,0.1092,23.81,24.18,30.41,64.61,40.56
1590840.0,225800.0,0.0797,24.0,24.26,30.76,64.66,43.25
1590840.0,229960.0,0.1146,24.19,24.35,31.11,64.72,45.93
1590840.0,250760.0,0.1983,23.62,23.36,30.6,67.74,37.91
1586680.0,171720.0,0.1381,21.96,22.35,26.41,64.54,14.62
1586680.0,175880.0,0.1391,21.99,22.57,26.27,63.91,15.01
1586680.0,180040.0,0.0504,22.13,22.76,26.62,63.92,16.95
1586680.0,184200.0,0.0646,22.28,22.95,27.02,64.0,19.06
1586680.0,188360.0,0.1064,22.43,23.13,27.43,64.07,21.17
1586680.0,192520.0,0.069,22.58,23.32,27.83,64.15,23.28
1586680.0,196680.0,0.0831,22.73,23.5,28.24,64.23,25.38
1586680.0,200840.0,0.0547,22.88,23.69,28.64,64.31,27.49
1586680.0,205000.0,0.0503,23.05,23.83,29.02,64.38,29.84
1586680.0,209160.0,0.0388,23.24,23.92,29.37,64.43,32.53
1586680.0,213320.0,0.169,23.43,24.0,29.72,64.49,35.21
1586680.0,217480.0,0.1134,23.62,24.09,30.07,64.55,37.9
1586680.0,221640.0,0.1406,23.81,24.18,30.42,64.61,40.59
1586680.0,225800.0,0.1341,24.0,24.27,30.76,64.66,43.28
1586680.0,229960.0,0.2414,24.19,24.35,31.11,64.72,45.96
1586680.0,234120.0,0.1496,24.1,24.17,31.04,65.28,44.59
1586680.0,238280.0,0.1432,23.98,23.96,30.93,65.89,42.92
1586680.0,242440.0,0.1535,23.86,23.76,30.82,66.5,41.24
1586680.0,246600.0,0.0771,23.74,23.56,30.71,67.12,39.57
1586680.0,250760.0,0.0528,23.62,23.35,30.6,67.74,37.89
1586680.0,254920.0,0.1852,23.5,23.15,30.49,68.37,36.22
1586680.0,259080.0,0.1198,23.39,22.96,30.34,68.78,34.6
1586680.0,263240.0,0.1041,23.28,22.77,30.15,68.9,33.07
1586680.0,267400.0,0.1599,23.17,22.59,29.96,69.03,31.53
1586680.0,271560.0,0.1629,23.06,22.41,29.77,69.15,29.99
1586680.0,275720.0,0.4118,22.95,22.23,29.58,69.28,28.45
1586680.0,279880.0,0.0751,22.84,22.04,29.4,69.41,26.92
1586680.0,284040.0,0.374,22.73,21.86,29.21,69.53,25.38
1582520.0,171720.0,0.1911,21.96,22.36,26.41,64.53,14.63
1582520.0,175880.0,0.063,21.99,22.58,26.27,63.9,15.02
1582520.0,180040.0,0.1298,22.13,22.77,26.62,63.92,16.98
1582520.0,184200.0,0.0504,22.28,22.95,27.03,64.0,19.09
1582520.0,188360.0,0.0604,22.43,23.14,27.43,64.07,21.19
1582520.0,192520.0,0.0754,22.58,23.32,27.84,64.15,23.3
1582520.0,196680.0,0.0949,22.73,23.5,28.24,64.23,25.41
1582520.0,200840.0,0.2507,22.88,23.69,28.65,64.31,27.52
1582520.0,205000.0,0.0732,23.05,23.83,29.03,64.38,29.87
1582520.0,209160.0,0.0493,23.24,23.92,29.37,64.43,32.56
1582520.0,213320.0,0.115,23.43,24.01,29.72,64.49,35.25
1582520.0,217480.0,0.172,23.62,24.09,30.07,64.55,37.93
1582520.0,221640.0,0.1412,23.81,24.18,30.42,64.61,40.62
1582520.0,225800.0,0.1027,24.01,24.27,30.77,64.66,43.31
1582520.0,229960.0,0.1518,24.2,24.35,31.12,64.72,45.99
1582520.0,234120.0,0.0972,24.1,24.17,31.03,65.29,44.57
1582520.0,238280.0,0.1134,23.98,23.96,30.92,65.89,42.9
1582520.0,242440.0,0.0778,23.86,23.76,30.81,66.51,41.23
1582520.0,246600.0,0.327,23.74,23.55,30.7,67.12,39.55
1582520.0,250760.0,0.1607,23.62,23.35,30.59,67.75,37.88
1582520.0,254920.0,0.1617,23.5,23.15,30.48,68.38,36.2
1582520.0,259080.0,0.0624,23.38,22.95,30.34,68.78,34.59
1582520.0,263240.0,0.2557,23.28,22.77,30.15,68.9,33.05
1582520.0,267400.0,0.1177,23.17,22.59,29.96,69.03,31.51
1582520.0,271560.0,0.021,23.06,22.41,29.77,69.16,29.98
1582520.0,275720.0,0.0247,22.95,22.22,29.58,69.28,28.44
1582520.0,279880.0,0.2788,22.84,22.04,29.39,69.41,26.9
1582520.0,284040.0,0.3163,22.73,21.86,29.21,69.53,25.37
1582520.0,288200.0,0.1358,22.63,21.74,29.04,69.61,23.95
1582520.0,292360.0,0.5366,22.53,21.62,28.88,69.68,22.55
1582520.0,296520.0,0.143,22.43,21.5,28.72,69.75,21.14
1582520.0,300680.0,0.2072,22.33,21.38,28.55,69.82,19.73
1582520.0,304840.0,0.3781,22.23,21.26,28.39,69.89,18.32
1578360.0,167560.0,0.075,21.94,22.14,26.55,65.16,14.24
1578360.0,171720.0,0.0634,21.96,22.36,26.41,64.52,14.63
1578360.0,175880.0,0.1061,21.99,22.58,26.26,63.89,15.02
1578360.0,180040.0,0.0926,22.13,22.77,26.63,63.92,17.0
1578360.0,184200.0,0.1388,22.28,22.95,27.03,64.0,19.11
1578360.0,188360.0,0.0375,22.43,23.14,27.44,64.08,21.22
1578360.0,192520.0,0.1056,22.58,23.32,27.84,64.15,23.33
1578360.0,196680.0,0.1245,22.73,23.51,28.25,64.23,25.43
1578360.0,200840.0,0.1829,22.88,23.69,28.65,64.31,27.54
1578360.0,205000.0,0.1765,23.05,23.83,29.03,64.38,29.9
1578360.0,209160.0,0.1361,23.24,23.92,29.38,64.43,32.59
1578360.0,213320.0,0.1047,23.43,24.01,29.73,64.49,35.28
1578360.0,217480.0,0.0723,23.62,24.09,30.08,64.55,37.96
1578360.0,221640.0,0.0978,23.82,24.18,30.42,64.61,40.65
1578360.0,225800.0,0.0025,24.01,24.27,30.77,64.66,43.34
1578360.0,229960.0,0.0061,24.2,24.35,31.12,64.72,46.02
1578360.0,234120.0,0.2022,24.09,24.16,31.03,65.3,44.56
1578360.0,238280.0,0.0732,23.98,23.96,30.92,65.9,42.88
1578360.0,242440.0,0.0998,23.86,23.76,30.81,66.51,41.21
1578360.0,246600.0,0.0715,23.74,23.55,30.7,67.13,39.53
1578360.0,250760.0,0.1428,23.62,23.35,30.59,67.75,37.86
1578360.0,254920.0,0.217,23.5,23.15,30.48,68.38,36.19
1578360.0,259080.0,0.1845,23.38,22.95,30.34,68.78,34.57
1578360.0,263240.0,0.0742,23.27,22.77,30.15,68.91,33.04
1578360.0,267400.0,0.0651,23.16,22.59,29.96,69.03,31.5
1578360.0,271560.0,0.0896,23.06,22.4,29.77,69.16,29.96
1578360.0,275720.0,0.2323,22.95,22.22,29.58,69.28,28.43
1578360.0,279880.0,0.362,22.84,22.04,29.39,69.41,26.89
1578360.0,284040.0,0.2367,22.73,21.86,29.2,69.54,25.35
1578360.0,288200.0,0.0302,22.63,21.74,29.04,69.61,23.94
1578360.0,292360.0,0.0347,22.53,21.62,28.88,69.68,22.53
1578360.0,296520.0,0.1942,22.43,21.5,28.72,69.75,21.13
1578360.0,300680.0,0.0653,22.33,21.38,28.55,69.82,19.72
1578360.0,304840.0,0.1262,22.23,21.26,28.39,69.89,18.31
1578360.0,309000.0,0.1218,22.12,21.14,28.23,69.96,16.9
1578360.0,313160.0,0.1385,21.98,20.99,28.0,70.2,14.88
1578360.0,317320.0,0.125,21.79,20.83,27.7,70.62,12.23
1578360.0,321480.0,0.0587,21.6,20.67,27.4,71.04,9.58
1578360.0,325640.0,0.1083,21.41,20.5,27.1,71.46,6.93
1574200.0,167560.0,0.0457,22.35,22.55,27.41,64.98,20.03
1574200.0,171720.0,0.0549,22.35,22.73,27.2,64.3,20.01
1574200.0,175880.0,0.2564,22.35,22.92,26.99,63.63,20.0
1574200.0,180040.0,0.0703,22.43,23.03,27.27,63.77,21.2
1574200.0,184200.0,0.0863,22.52,23.14,27.59,63.96,22.5
1574200.0,188360.0,0.1238,22.62,23.25,27.9,64.14,23.82
1574200.0,192520.0,0.0287,22.71,23.36,28.22,64.33,25.15
1574200.0,196680.0,0.1116,22.81,23.48,28.54,64.51,26.5
1574200.0,200840.0,0.1406,22.91,23.6,28.86,64.69,27.87
1574200.0,205000.0,0.1246,23.05,23.71,29.2,64.77,29.87
1574200.0,209160.0,0.115,23.24,23.82,29.54,64.75,32.62
1574200.0,213320.0,0.1408,23.44,23.93,29.88,64.72,35.37
1574200.0,217480.0,0.1621,23.64,24.04,30.22,64.7,38.12
1574200.0,221640.0,0.0812,23.83,24.16,30.56,64.68,40.86
1574200.0,225800.0,0.1014,24.03,24.27,30.9,64.66,43.61
1574200.0,229960.0,0.1602,24.22,24.37,31.24,64.64,46.36
1574200.0,234120.0,0.1182,24.15,24.23,31.19,65.06,45.4
1574200.0,238280.0,0.0952,24.07,24.08,31.13,65.5,44.28
1574200.0,242440.0,0.1223,23.99,23.93,31.06,65.95,43.15
1574200.0,246600.0,0.0585,23.91,23.78,30.99,66.4,42.0
1574200.0,250760.0,0.0611,23.83,23.63,30.92,66.86,40.84
1574200.0,254920.0,0.0525,23.75,23.47,30.85,67.33,39.67
1574200.0,259080.0,0.0924,23.65,23.3,30.72,67.65,38.32
1574200.0,263240.0,0.4045,23.54,23.12,30.53,67.8,36.77
1574200.0,267400.0,0.1445,23.43,22.93,30.34,67.95,35.23
1574200.0,271560.0,0.0929,23.32,22.75,30.15,68.09,33.68
1574200.0,275720.0,0.3265,23.21,22.56,29.96,68.24,32.13
1574200.0,279880.0,0.0929,23.1,22.38,29.78,68.39,30.59
1574200.0,284040.0,1.063,22.99,22.2,29.59,68.54,29.04
1574200.0,288200.0,0.0281,22.9,22.09,29.43,68.58,27.78
1574200.0,292360.0,0.077,22.81,21.98,29.28,68.63,26.53
1574200.0,296520.0,0.0854,22.72,21.88,29.13,68.68,25.27
1574200.0,300680.0,0.1717,22.63,21.77,28.97,68.73,24.0
1574200.0,304840.0,0.0911,22.54,21.66,28.82,68.78,22.73
1574200.0,309000.0,0.3823,22.45,21.55,28.66,68.84,21.45
1574200.0,313160.0,0.0645,22.31,21.42,28.44,69.06,19.49
1574200.0,317320.0,0.4757,22.12,21.26,28.14,69.46,16.87
1574200.0,321480.0,0.0887,21.94,21.09,27.84,69.87,14.24
1574200.0,325640.0,0.0525,21.75,20.93,27.54,70.27,11.61
1574200.0,329800.0,0.0927,21.56,20.77,27.24,70.68,8.98
1574200.0,333960.0,0.3676,21.37,20.61,26.95,71.1,6.34
1570040.0,167560.0,0.0985,22.83,23.02,28.43,64.77,26.79
1570040.0,171720.0,0.1296,22.8,23.17,28.14,64.04,26.35
1570040.0,175880.0,0.068,22.77,23.32,27.85,63.33,25.92
1570040.0,180040.0,0.0727,22.79,23.34,28.04,63.6,26.23
1570040.0,184200.0,0.3321,22.82,23.37,28.26,63.91,26.61
1570040.0,188360.0,0.1047,22.84,23.39,28.47,64.23,27.0
1570040.0,192520.0,0.0931,22.87,23.42,28.69,64.55,27.4
1570040.0,196680.0,0.0459,22.9,23.44,28.91,64.86,27.82
1570040.0,200840.0,0.097,22.93,23.47,29.13,65.18,28.26
1570040.0,205000.0,0.0274,23.04,23.55,29.41,65.28,29.81
1570040.0,209160.0,0.0938,23.25,23.7,29.74,65.15,32.65
1570040.0,213320.0,0.11,23.45,23.84,30.07,65.02,35.48
1570040.0,217480.0,0.1632,23.65,23.98,30.41,64.89,38.32
1570040.0,221640.0,0.1066,23.85,24.12,30.74,64.77,41.15
1570040.0,225800.0,0.3413,24.05,24.26,31.07,64.65,43.98
1570040.0,229960.0,0.1016,24.25,24.4,31.41,64.52,46.81
1570040.0,234120.0,0.05,24.24,24.34,31.41,64.72,46.59
1570040.0,238280.0,0.0684,24.22,24.26,31.41,64.92,46.27
1570040.0,242440.0,0.1253,24.19,24.19,31.41,65.14,45.94
1570040.0,246600.0,0.2784,24.17,24.11,31.4,65.35,45.6
1570040.0,250760.0,0.1984,24.14,24.03,31.4,65.57,45.24
1570040.0,254920.0,0.0777,24.12,23.95,31.39,65.8,44.87
1570040.0,259080.0,0.0253,24.05,23.83,31.3,65.99,43.96
1570040.0,263240.0,0.0741,23.95,23.65,31.12,66.15,42.48
1570040.0,267400.0,0.1926,23.84,23.47,30.94,66.31,41.0
1570040.0,271560.0,0.3588,23.74,23.29,30.76,66.46,39.52
1570040.0,275720.0,0.275,23.63,23.11,30.58,66.62,38.04
1570040.0,279880.0,0.063,23.52,22.93,30.39,66.78,36.56
1570040.0,284040.0,0.2225,23.42,22.75,30.21,66.94,35.07
1570040.0,288200.0,0.1442,23.35,22.68,30.08,66.93,34.17
1570040.0,292360.0,0.0865,23.29,22.6,29.96,66.92,33.26
1570040.0,296520.0,0.8323,23.23,22.53,29.83,66.91,32.35
1570040.0,300680.0,0.1368,23.16,22.46,29.7,66.9,31.44
1570040.0,304840.0,0.0792,23.09,22.38,29.57,66.89,30.51
1570040.0,309000.0,0.1185,23.03,22.3,29.44,66.88,29.58
1570040.0,313160.0,0.4415,22.91,22.19,29.23,67.05,27.89
1570040.0,317320.0,0.0611,22.73,22.05,28.95,67.39,25.45
1570040.0,321480.0,0.1411,22.56,21.9,28.67,67.73,23.0
1570040.0,325640.0,0.0636,22.39,21.75,28.39,68.07,20.56
1570040.0,329800.0,0.1154,22.21,21.61,28.11,68.41,18.11
1570040.0,333960.0,0.0621,22.04,21.46,27.82,68.76,15.66
1565880.0,167560.0,0.086,23.31,23.5,29.44,64.56,33.53
1565880.0,171720.0,0.1124,23.25,23.61,29.07,63.79,32.67
1565880.0,175880.0,0.035,23.19,23.72,28.71,63.02,31.82
1565880.0,180040.0,0.1017,23.15,23.66,28.81,63.42,31.24
1565880.0,184200.0,0.1048,23.11,23.59,28.92,63.87,30.69
1565880.0,188360.0,0.3555,23.07,23.53,29.04,64.32,30.15
1565880.0,192520.0,0.1747,23.03,23.46,29.16,64.77,29.62
1565880.0,196680.0,0.0999,22.99,23.4,29.28,65.22,29.12
1565880.0,200840.0,0.061,22.96,23.34,29.4,65.67,28.63
1565880.0,205000.0,0.1382,23.04,23.4,29.62,65.8,29.76
1565880.0,209160.0,0.0721,23.25,23.57,29.94,65.56,32.68
1565880.0,213320.0,0.1405,23.46,23.74,30.27,65.32,35.6
1565880.0,217480.0,0.1053,23.66,23.92,30.59,65.09,38.51
1565880.0,221640.0,0.1,23.87,24.09,30.92,64.86,41.43
1565880.0,225800.0,0.0484,24.08,24.26,31.25,64.63,44.34
1565880.0,229960.0,0.1209,24.29,24.43,31.57,64.41,47.26
1565880.0,234120.0,0.1327,24.33,24.44,31.64,64.38,47.8
1565880.0,238280.0,0.0564,24.36,24.44,31.7,64.35,48.28
1565880.0,242440.0,0.2673,24.39,24.44,31.76,64.33,48.75
1565880.0,246600.0,0.7003,24.43,24.44,31.82,64.32,49.21
1565880.0,250760.0,0.1135,24.46,24.44,31.88,64.31,49.66
1565880.0,254920.0,0.1158,24.49,24.44,31.94,64.3,50.09
1565880.0,259080.0,0.1672,24.45,24.35,31.88,64.38,49.6
1565880.0,263240.0,0.071,24.35,24.18,31.71,64.54,48.19
1565880.0,267400.0,0.1655,24.25,24.0,31.53,64.71,46.77
1565880.0,271560.0,0.1669,24.15,23.83,31.36,64.88,45.36
1565880.0,275720.0,0.2,24.05,23.66,31.19,65.05,43.94
1565880.0,279880.0,0.3638,23.95,23.48,31.01,65.21,42.53
1565880.0,284040.0,0.1462,23.85,23.31,30.84,65.38,41.11
1565880.0,288200.0,0.2186,23.81,23.27,30.74,65.31,40.56
1565880.0,292360.0,0.1153,23.77,23.23,30.63,65.25,40.01
1565880.0,296520.0,0.2243,23.73,23.18,30.53,65.18,39.45
1565880.0,300680.0,0.1378,23.69,23.14,30.43,65.12,38.88
1565880.0,304840.0,0.0904,23.65,23.1,30.32,65.06,38.3
1565880.0,309000.0,0.1468,23.61,23.05,30.22,64.99,37.72
1565880.0,313160.0,0.2668,23.51,22.97,30.03,65.11,36.28
1565880.0,317320.0,0.5369,23.34,22.84,29.77,65.38,34.03
1565880.0,321480.0,0.1217,23.18,22.71,29.5,65.66,31.77
1565880.0,325640.0,0.0595,23.02,22.58,29.23,65.94,29.51
1565880.0,329800.0,0.0559,22.86,22.45,28.97,66.23,27.24
1565880.0,333960.0,0.1106,22.7,22.32,28.7,66.52,24.98
1561720.0,167560.0,0.0659,23.79,23.97,30.45,64.36,40.26
1561720.0,171720.0,0.0609,23.7,24.04,30.01,63.53,38.99
1561720.0,175880.0,0.0573,23.61,24.11,29.57,62.72,37.72
1561720.0,180040.0,0.1485,23.5,23.97,29.58,63.26,36.22
1561720.0,184200.0,0.1301,23.4,23.81,29.59,63.84,34.74
1561720.0,188360.0,0.142,23.29,23.66,29.61,64.42,33.27
1561720.0,192520.0,0.111,23.19,23.51,29.62,65.0,31.82
1561720.0,196680.0,0.0365,23.09,23.36,29.64,65.59,30.39
1561720.0,200840.0,0.1121,22.98,23.21,29.66,66.18,28.97
1561720.0,205000.0,0.0803,23.04,23.24,29.83,66.31,29.71
1561720.0,209160.0,0.0715,23.25,23.44,30.15,65.96,32.71
1561720.0,213320.0,0.1459,23.46,23.65,30.46,65.62,35.72
1561720.0,217480.0,0.2054,23.68,23.85,30.78,65.28,38.72
1561720.0,221640.0,0.0703,23.89,24.06,31.1,64.94,41.72
1561720.0,225800.0,0.0639,24.11,24.26,31.42,64.61,44.71
1561720.0,229960.0,0.1227,24.32,24.46,31.74,64.29,47.71
1561720.0,234120.0,0.1078,24.41,24.54,31.86,64.03,49.02
1561720.0,238280.0,0.091,24.5,24.62,31.99,63.78,50.31
1561720.0,242440.0,0.1262,24.59,24.7,32.12,63.54,51.58
1561720.0,246600.0,0.0957,24.68,24.78,32.24,63.3,52.84
1561720.0,250760.0,0.1333,24.77,24.85,32.36,63.06,54.09
1561720.0,254920.0,0.075,24.86,24.93,32.48,62.83,55.32
1561720.0,259080.0,0.4798,24.86,24.88,32.46,62.81,55.25
1561720.0,263240.0,0.1178,24.76,24.71,32.29,62.98,53.9
1561720.0,267400.0,0.2006,24.66,24.54,32.13,63.16,52.55
1561720.0,271560.0,0.0372,24.57,24.37,31.96,63.34,51.2
1561720.0,275720.0,0.1204,24.47,24.2,31.8,63.51,49.85
1561720.0,279880.0,0.1302,24.38,24.03,31.63,63.69,48.5
1561720.0,284040.0,0.1241,24.28,23.86,31.47,63.86,47.16
1561720.0,288200.0,0.0622,24.27,23.86,31.39,63.74,46.96
1561720.0,292360.0,0.0863,24.25,23.85,31.31,63.63,46.75
1561720.0,296520.0,0.3704,24.24,23.84,31.23,63.51,46.54
1561720.0,300680.0,0.187,24.22,23.83,31.16,63.39,46.33
1561720.0,304840.0,0.1942,24.2,23.82,31.08,63.28,46.1
1561720.0,309000.0,0.075,24.19,23.8,31.0,63.17,45.87
1561720.0,313160.0,0.0979,24.1,23.74,30.83,63.23,44.68
1561720.0,317320.0,0.1107,23.96,23.63,30.58,63.45,42.61
1561720.0,321480.0,0.0948,23.81,23.51,30.33,63.67,40.54
1561720.0,325640.0,0.1188,23.66,23.4,30.08,63.9,38.46
1561720.0,329800.0,0.0691,23.51,23.29,29.83,64.12,36.38
1561720.0,333960.0,0.0842,23.36,23.17,29.58,64.35,34.3
1561720.0,338120.0,0.1223,23.21,23.05,29.33,64.61,32.17
1561720.0,342280.0,0.0851,22.97,22.71,29.11,65.72,28.84
1561720.0,346440.0,0.1544,22.74,22.38,28.9,66.84,25.51
1557560.0,167560.0,0.04,24.27,24.44,31.45,64.15,46.98
1557560.0,171720.0,0.1,24.15,24.48,30.94,63.28,45.29
1557560.0,175880.0,0.067,24.03,24.51,30.43,62.41,43.6
1557560.0,180040.0,0.1954,23.85,24.27,30.34,63.1,41.18
1557560.0,184200.0,0.1098,23.68,24.03,30.25,63.8,38.77
1557560.0,188360.0,0.0834,23.51,23.79,30.17,64.51,36.38
1557560.0,192520.0,0.1204,23.34,23.55,30.08,65.23,34.0
1557560.0,196680.0,0.076,23.17,23.32,30.0,65.95,31.64
1557560.0,200840.0,0.0794,23.01,23.08,29.92,66.68,29.29
1557560.0,205000.0,0.052,23.03,23.08,30.04,66.82,29.66
1557560.0,209160.0,0.0953,23.25,23.32,30.35,66.37,32.75
1557560.0,213320.0,0.083,23.47,23.56,30.66,65.91,35.83
1557560.0,217480.0,0.1209,23.69,23.79,30.97,65.47,38.92
1557560.0,221640.0,0.0919,23.91,24.03,31.28,65.03,42.0
1557560.0,225800.0,0.0884,24.13,24.26,31.59,64.6,45.09
1557560.0,229960.0,0.0704,24.35,24.49,31.9,64.17,48.16
1557560.0,234120.0,0.1348,24.5,24.65,32.09,63.69,50.26
1557560.0,238280.0,0.1065,24.65,24.8,32.28,63.21,52.35
1557560.0,242440.0,0.0624,24.8,24.96,32.47,62.75,54.42
1557560.0,246600.0,0.1267,24.94,25.11,32.66,62.29,56.49
1557560.0,250760.0,0.1028,25.09,25.26,32.85,61.84,58.53
1557560.0,254920.0,0.1498,25.23,25.41,33.03,61.4,60.56
1557560.0,259080.0,0.0943,25.26,25.4,33.04,61.28,60.89
1557560.0,263240.0,0.0988,25.17,25.24,32.88,61.46,59.61
1557560.0,267400.0,0.0678,25.08,25.08,32.72,61.65,58.33
1557560.0,271560.0,0.0836,24.98,24.91,32.57,61.83,57.04
1557560.0,275720.0,0.149,24.89,24.75,32.41,62.02,55.76
1557560.0,279880.0,0.0496,24.8,24.58,32.25,62.21,54.47
1557560.0,284040.0,0.1902,24.71,24.42,32.09,62.39,53.21
1557560.0,288200.0,0.1244,24.72,24.45,32.04,62.22,53.36
1557560.0,292360.0,0.0709,24.73,24.47,31.99,62.05,53.51
1557560.0,296520.0,0.1865,24.74,24.49,31.94,61.89,53.65
1557560.0,300680.0,0.2597,24.75,24.51,31.88,61.72,53.78
1557560.0,304840.0,0.101,24.76,24.53,31.83,61.56,53.9
1557560.0,309000.0,0.4154,24.77,24.56,31.78,61.4,54.02
1557560.0,313160.0,0.0852,24.7,24.51,31.63,61.41,53.08
1557560.0,317320.0,0.2533,24.57,24.42,31.4,61.58,51.2
1557560.0,321480.0,0.2399,24.43,24.32,31.16,61.75,49.31
1557560.0,325640.0,0.0949,24.3,24.23,30.93,61.92,47.42
1557560.0,329800.0,0.2204,24.16,24.13,30.69,62.1,45.52
1557560.0,333960.0,0.0931,24.03,24.03,30.46,62.27,43.62
1557560.0,338120.0,0.0873,23.89,23.92,30.22,62.49,41.65
1557560.0,342280.0,0.0736,23.62,23.52,29.97,63.73,37.84
1557560.0,346440.0,0.2566,23.34,23.11,29.73,65.0,34.03
1557560.0,350600.0,0.4443,23.07,22.71,29.48,66.29,30.24
1557560.0,354760.0,0.3617,22.8,22.3,29.23,67.61,26.45
1557560.0,358920.0,0.1019,22.54,21.9,28.99,68.95,22.67
1557560.0,363080.0,0.1977,22.27,21.5,28.74,70.31,18.89
1553400.0,163400.0,0.0666,24.9,24.92,33.04,64.88,55.81
1553400.0,167560.0,0.0751,24.75,24.91,32.46,63.95,53.69
1553400.0,171720.0,0.1833,24.59,24.91,31.87,63.03,51.58
1553400.0,175880.0,0.1007,24.44,24.91,31.29,62.12,49.47
1553400.0,180040.0,0.3293,24.21,24.58,31.1,62.94,46.12
1553400.0,184200.0,0.146,23.97,24.25,30.91,63.77,42.78
1553400.0,188360.0,0.0692,23.73,23.92,30.73,64.61,39.46
1553400.0,192520.0,0.2079,23.5,23.6,30.54,65.46,36.16
1553400.0,196680.0,0.1242,23.26,23.27,30.36,66.33,32.87
1553400.0,200840.0,0.1483,23.03,22.95,30.18,67.2,29.6
1553400.0,205000.0,0.1353,23.03,22.93,30.25,67.34,29.61
1553400.0,209160.0,0.0882,23.26,23.2,30.55,66.77,32.78
1553400.0,213320.0,0.162,23.48,23.46,30.85,66.21,35.95
1553400.0,217480.0,0.0707,23.71,23.73,31.16,65.66,39.12
1553400.0,221640.0,0.0724,23.93,23.99,31.46,65.11,42.29
1553400.0,225800.0,0.2306,24.16,24.26,31.76,64.57,45.46
1553400.0,229960.0,0.1745,24.38,24.52,32.06,64.04,48.62
1553400.0,234120.0,0.1256,24.59,24.76,32.32,63.34,51.52
1553400.0,238280.0,0.1041,24.8,24.99,32.57,62.64,54.41
1553400.0,242440.0,0.1366,25.0,25.22,32.83,61.96,57.29
1553400.0,246600.0,0.1131,25.2,25.45,33.08,61.3,60.15
1553400.0,250760.0,0.3928,25.41,25.68,33.33,60.64,62.99
1553400.0,254920.0,0.0843,25.61,25.9,33.58,60.0,65.83
1553400.0,259080.0,0.1852,25.66,25.93,33.62,59.79,66.54
1553400.0,263240.0,0.1189,25.57,25.77,33.47,59.99,65.32
1553400.0,267400.0,0.1337,25.49,25.61,33.32,60.18,64.11
1553400.0,271560.0,0.0063,25.4,25.45,33.17,60.37,62.89
1553400.0,275720.0,0.004,25.31,25.29,33.02,60.57,61.67
1553400.0,279880.0,0.0024,25.23,25.13,32.87,60.76,60.45
1553400.0,284040.0,0.0876,25.14,24.98,32.72,60.95,59.27
1553400.0,288200.0,0.1047,25.18,25.04,32.69,60.73,59.77
1553400.0,292360.0,0.2014,25.21,25.09,32.67,60.52,60.27
1553400.0,296520.0,0.4706,25.25,25.15,32.64,60.31,60.76
1553400.0,300680.0,0.2193,25.28,25.2,32.61,60.1,61.24
1553400.0,304840.0,0.1507,25.32,25.25,32.59,59.89,61.71
1553400.0,309000.0,0.0715,25.35,25.31,32.56,59.69,62.18
1553400.0,313160.0,0.094,25.3,25.29,32.43,59.66,61.49
1553400.0,317320.0,0.0336,25.18,25.21,32.21,59.78,59.79
1553400.0,321480.0,0.092,25.06,25.13,31.99,59.9,58.08
1553400.0,325640.0,0.1617,24.94,25.05,31.77,60.02,56.37
1553400.0,329800.0,0.1438,24.81,24.97,31.56,60.15,54.66
1553400.0,333960.0,0.2843,24.69,24.89,31.34,60.27,52.95
1553400.0,338120.0,0.0647,24.56,24.79,31.12,60.45,51.12
1553400.0,342280.0,0.2189,24.26,24.32,30.84,61.82,46.83
1553400.0,346440.0,0.5799,23.95,23.84,30.56,63.22,42.55
1553400.0,350600.0,0.4998,23.65,23.37,30.28,64.65,38.28
1553400.0,354760.0,0.2213,23.34,22.9,30.0,66.11,34.02
1553400.0,358920.0,0.1225,23.04,22.44,29.72,67.6,29.76
1553400.0,363080.0,0.0574,22.74,21.97,29.44,69.13,25.51
1553400.0,367240.0,0.0486,22.47,21.63,29.18,70.4,21.79
1553400.0,371400.0,0.1533,22.24,21.4,28.94,71.45,18.49
1553400.0,375560.0,0.0817,22.0,21.17,28.7,72.52,15.19
1553400.0,379720.0,0.1574,21.77,20.94,28.46,73.6,11.89
1553400.0,383880.0,0.0902,21.53,20.71,28.22,74.71,8.6
1549240.0,163400.0,0.3514,25.48,25.54,34.03,64.02,64.02
1549240.0,167560.0,0.1139,25.29,25.53,33.32,62.97,61.31
1549240.0,171720.0,0.3429,25.08,25.46,32.68,62.24,58.34
1549240.0,175880.0,0.0705,24.85,25.29,32.15,61.96,55.13
1549240.0,180040.0,0.0791,24.56,24.96,31.7,62.31,51.06
1549240.0,184200.0,0.0674,24.2,24.5,31.29,63.25,46.0
1549240.0,188360.0,0.1523,23.81,23.96,30.94,64.53,40.59
1549240.0,192520.0,0.1284,23.45,23.43,30.66,65.93,35.46
1549240.0,196680.0,0.0777,23.15,22.99,30.46,67.19,31.27
1549240.0,200840.0,0.0693,22.96,22.71,30.35,68.03,28.66
1549240.0,205000.0,0.1511,22.93,22.65,30.37,68.23,28.19
1549240.0,209160.0,0.1126,23.03,22.78,30.52,67.97,29.68
1549240.0,213320.0,0.1474,23.24,23.05,30.79,67.39,32.62
1549240.0,217480.0,0.2174,23.52,23.41,31.14,66.59,36.51
1549240.0,221640.0,0.6075,23.83,23.81,31.52,65.69,40.88
1549240.0,225800.0,0.0607,24.14,24.21,31.89,64.77,45.24
1549240.0,229960.0,0.121,24.42,24.55,32.23,63.93,49.08
1549240.0,234120.0,0.0947,24.69,24.88,32.57,63.04,52.92
1549240.0,238280.0,0.1101,25.0,25.26,32.95,62.01,57.25
1549240.0,242440.0,0.3112,25.32,25.64,33.34,60.94,61.69
1549240.0,246600.0,0.1581,25.61,25.99,33.71,59.93,65.88
1549240.0,250760.0,0.1702,25.87,26.28,34.01,59.07,69.44
1549240.0,254920.0,0.0611,26.05,26.48,34.22,58.45,72.0
1549240.0,259080.0,0.4644,26.13,26.55,34.3,58.14,73.18
1549240.0,263240.0,0.102,26.11,26.47,34.24,58.16,72.88
1549240.0,267400.0,0.1521,25.9,26.15,33.92,58.75,69.88
1549240.0,271560.0,0.106,25.82,25.99,33.77,58.95,68.73
1549240.0,275720.0,0.2893,25.73,25.84,33.63,59.16,67.58
1549240.0,279880.0,0.0041,25.65,25.68,33.49,59.36,66.42
1549240.0,284040.0,0.1169,25.57,25.54,33.35,59.55,65.34
1549240.0,288200.0,0.0837,25.64,25.63,33.35,59.29,66.19
1549240.0,292360.0,0.1554,25.7,25.71,33.35,59.03,67.03
1549240.0,296520.0,0.9167,25.76,25.8,33.35,58.78,67.87
1549240.0,300680.0,0.1936,25.81,25.89,33.34,58.53,68.7
1549240.0,304840.0,0.0596,25.87,25.97,33.34,58.28,69.53
1549240.0,309000.0,0.078,25.93,26.06,33.34,58.03,70.34
1549240.0,313160.0,0.2324,25.9,26.06,33.23,57.96,69.89
1549240.0,317320.0,0.0915,25.79,26.0,33.03,58.04,68.38
1549240.0,321480.0,0.1196,25.68,25.94,32.82,58.11,66.86
1549240.0,325640.0,0.3566,25.57,25.87,32.62,58.19,65.34
1549240.0,329800.0,0.1215,25.47,25.81,32.42,58.26,63.81
1549240.0,333960.0,0.3423,25.36,25.75,32.22,58.34,62.28
1549240.0,338120.0,0.7216,25.24,25.66,32.01,58.49,60.59
1549240.0,342280.0,0.1014,24.9,25.12,31.7,59.97,55.82
1549240.0,346440.0,0.1676,24.56,24.58,31.38,61.49,51.07
1549240.0,350600.0,0.0619,24.22,24.04,31.07,63.05,46.32
1549240.0,354760.0,0.0829,23.88,23.5,30.76,64.65,41.58
1549240.0,358920.0,0.1658,23.55,22.97,30.45,66.29,36.85
1549240.0,363080.0,0.1238,23.21,22.43,30.14,67.97,32.12
1549240.0,367240.0,0.0768,22.92,22.06,29.85,69.29,28.13
1549240.0,371400.0,0.1801,22.68,21.83,29.57,70.3,24.72
1549240.0,375560.0,0.242,22.44,21.6,29.29,71.33,21.31
1549240.0,379720.0,0.1882,22.2,21.37,29.02,72.38,17.9
1549240.0,383880.0,0.3434,21.95,21.14,28.74,73.45,14.49
1549240.0,388040.0,0.6842,21.71,20.9,28.46,74.53,11.08
1549240.0,392200.0,0.1807,21.49,20.69,28.21,75.53,8.03
1549240.0,396360.0,0.5288,21.67,20.85,28.41,74.85,10.47
1549240.0,400520.0,0.0743,21.84,21.01,28.61,74.18,12.91
1549240.0,404680.0,0.1803,22.01,21.16,28.8,73.52,15.34
1545080.0,163400.0,0.1762,25.84,25.93,35.02,64.56,69.05
1545080.0,167560.0,0.1113,25.64,25.89,34.31,63.57,66.19
1545080.0,171720.0,0.0802,25.41,25.8,33.65,62.88,63.05
1545080.0,175880.0,0.101,25.17,25.6,33.09,62.63,59.64
1545080.0,180040.0,0.1289,24.86,25.25,32.6,62.99,55.35
1545080.0,184200.0,0.079,24.49,24.75,32.14,63.91,50.04
1545080.0,188360.0,0.0917,24.08,24.18,31.73,65.17,44.35
1545080.0,192520.0,0.1184,23.69,23.62,31.38,66.53,38.94
1545080.0,196680.0,0.3727,23.37,23.14,31.11,67.75,34.44
1545080.0,200840.0,0.101,23.16,22.83,30.94,68.54,31.5
1545080.0,205000.0,0.2013,23.11,22.74,30.89,68.69,30.68
1545080.0,209160.0,0.1268,23.18,22.84,30.97,68.39,31.73
1545080.0,213320.0,0.0911,23.36,23.07,31.16,67.76,34.17
1545080.0,217480.0,0.1621,23.6,23.4,31.43,66.92,37.58
1545080.0,221640.0,0.1059,23.88,23.77,31.74,65.96,41.5
1545080.0,225800.0,0.5857,24.16,24.15,32.06,65.0,45.51
1545080.0,229960.0,0.1148,24.42,24.48,32.36,64.11,49.15
1545080.0,234120.0,0.0835,24.69,24.82,32.69,63.17,52.97
1545080.0,238280.0,0.1049,25.01,25.2,33.08,62.08,57.41
1545080.0,242440.0,0.3373,25.34,25.61,33.49,60.96,62.07
1545080.0,246600.0,0.1632,25.66,25.99,33.88,59.9,66.52
1545080.0,250760.0,0.2734,25.93,26.31,34.21,59.0,70.35
1545080.0,254920.0,0.3094,26.13,26.53,34.45,58.34,73.17
1545080.0,259080.0,0.1892,26.23,26.62,34.55,58.0,74.55
1545080.0,263240.0,0.1204,26.22,26.56,34.51,57.99,74.45
1545080.0,267400.0,0.1483,26.14,26.41,34.39,58.2,73.32
1545080.0,271560.0,0.3051,26.02,26.2,34.2,58.54,71.64
1545080.0,275720.0,0.1336,25.9,25.99,34.01,58.89,69.87
1545080.0,279880.0,0.5622,25.8,25.82,33.84,59.15,68.51
1545080.0,284040.0,0.216,25.77,25.75,33.75,59.21,68.03
1545080.0,288200.0,0.1323,25.8,25.78,33.72,59.06,68.53
1545080.0,292360.0,0.2025,25.88,25.88,33.75,58.79,69.66
1545080.0,296520.0,0.1537,25.99,26.02,33.79,58.44,71.12
1545080.0,300680.0,0.0749,26.09,26.17,33.84,58.07,72.63
1545080.0,304840.0,0.1215,26.19,26.32,33.87,57.72,73.91
1545080.0,309000.0,0.106,26.24,26.42,33.86,57.45,74.66
1545080.0,313160.0,0.2747,26.24,26.48,33.79,57.27,74.74
1545080.0,317320.0,0.2605,26.24,26.55,33.68,57.01,74.61
1545080.0,321480.0,0.1183,26.21,26.62,33.55,56.74,74.23
1545080.0,325640.0,0.0585,26.15,26.67,33.4,56.55,73.47
1545080.0,329800.0,0.1005,26.06,26.65,33.22,56.52,72.2
1545080.0,333960.0,0.0864,25.93,26.54,33.01,56.74,70.31
1545080.0,338120.0,0.0586,25.74,26.3,32.78,57.3,67.66
1545080.0,342280.0,0.1769,25.47,25.9,32.51,58.33,63.93
1545080.0,346440.0,0.0838,25.14,25.34,32.2,59.82,59.18
1545080.0,350600.0,0.0957,24.75,24.7,31.87,61.61,53.8
1545080.0,354760.0,0.1904,24.35,24.02,31.52,63.55,48.18
1545080.0,358920.0,0.1572,23.96,23.38,31.18,65.48,42.71
1545080.0,363080.0,0.084,23.61,22.85,30.85,67.2,37.78
1545080.0,367240.0,0.0923,23.31,22.44,30.53,68.59,33.53
1545080.0,371400.0,0.246,23.0,22.1,30.17,69.91,29.18
1545080.0,375560.0,0.2235,22.69,21.81,29.8,71.15,24.9
1545080.0,379720.0,0.1642,22.42,21.57,29.45,72.25,20.99
1545080.0,383880.0,0.0824,22.18,21.39,29.15,73.14,17.74
1545080.0,388040.0,0.0435,22.02,21.27,28.93,73.77,15.47
1545080.0,392200.0,0.1189,21.95,21.21,28.82,74.06,14.47
1545080.0,396360.0,0.1617,22.02,21.27,28.89,73.83,15.41
1545080.0,400520.0,0.0495,22.21,21.44,29.1,73.12,18.11
1545080.0,404680.0,0.108,22.47,21.68,29.4,72.13,21.79
1545080.0,408840.0,0.1631,22.75,21.93,29.71,71.07,25.68
1545080.0,413000.0,0.0471,22.99,22.14,29.97,70.13,28.99
1545080.0,417160.0,0.1282,23.13,22.26,30.11,69.51,30.95
1540920.0,163400.0,0.062,26.15,26.27,35.98,65.37,73.38
1540920.0,167560.0,0.0704,25.94,26.22,35.29,64.47,70.47
1540920.0,171720.0,0.2684,25.71,26.11,34.64,63.86,67.27
1540920.0,175880.0,0.1647,25.47,25.9,34.08,63.64,63.8
1540920.0,180040.0,0.0999,25.16,25.53,33.57,63.99,59.46
1540920.0,184200.0,0.1854,24.78,25.02,33.07,64.85,54.14
1540920.0,188360.0,0.2272,24.37,24.44,32.61,66.01,48.44
1540920.0,192520.0,0.13,23.98,23.87,32.21,67.26,42.98
1540920.0,196680.0,0.1269,23.65,23.37,31.88,68.36,38.37
1540920.0,200840.0,0.2851,23.43,23.03,31.64,69.05,35.22
1540920.0,205000.0,0.2497,23.35,22.91,31.52,69.14,34.06
1540920.0,209160.0,0.1194,23.38,22.96,31.51,68.78,34.56
1540920.0,213320.0,0.138,23.51,23.14,31.6,68.12,36.33
1540920.0,217480.0,0.1522,23.7,23.41,31.76,67.25,39.01
1540920.0,221640.0,0.1388,23.93,23.73,31.97,66.27,42.24
1540920.0,225800.0,0.1715,24.17,24.05,32.21,65.29,45.65
1540920.0,229960.0,0.2957,24.4,24.35,32.45,64.4,48.87
1540920.0,234120.0,0.3292,24.66,24.67,32.75,63.45,52.46
1540920.0,238280.0,0.2779,24.97,25.05,33.12,62.37,56.78
1540920.0,242440.0,0.0944,25.29,25.45,33.53,61.27,61.39
1540920.0,246600.0,0.2703,25.61,25.83,33.93,60.22,65.87
1540920.0,250760.0,0.1268,25.89,26.16,34.28,59.33,69.78
1540920.0,254920.0,0.1658,26.1,26.4,34.53,58.66,72.7
1540920.0,259080.0,0.1664,26.21,26.51,34.65,58.31,74.22
1540920.0,263240.0,0.0678,26.22,26.47,34.65,58.26,74.34
1540920.0,267400.0,0.0648,26.16,26.35,34.55,58.43,73.49
1540920.0,271560.0,0.075,26.06,26.18,34.4,58.72,72.13
1540920.0,275720.0,0.0943,25.96,26.0,34.25,59.02,70.68
1540920.0,279880.0,0.4307,25.88,25.87,34.11,59.24,69.6
1540920.0,284040.0,0.0096,25.86,25.82,34.04,59.26,69.34
1540920.0,288200.0,0.0265,25.9,25.87,34.03,59.09,69.97
1540920.0,292360.0,0.0987,25.99,25.98,34.05,58.81,71.13
1540920.0,296520.0,0.0754,26.09,26.12,34.1,58.47,72.6
1540920.0,300680.0,0.1014,26.2,26.28,34.14,58.09,74.14
1540920.0,304840.0,0.1328,26.3,26.43,34.18,57.73,75.5
1540920.0,309000.0,0.1725,26.37,26.55,34.18,57.43,76.45
1540920.0,313160.0,0.2263,26.4,26.65,34.14,57.17,76.9
1540920.0,317320.0,0.1603,26.43,26.78,34.09,56.81,77.33
1540920.0,321480.0,0.2683,26.45,26.92,34.03,56.41,77.64
1540920.0,325640.0,0.5197,26.45,27.03,33.94,56.07,77.61
1540920.0,329800.0,0.7948,26.41,27.08,33.82,55.91,77.04
1540920.0,333960.0,0.221,26.31,27.02,33.67,56.02,75.72
1540920.0,338120.0,0.1998,26.15,26.83,33.48,56.51,73.46
1540920.0,342280.0,0.1041,25.9,26.44,33.23,57.51,69.87
1540920.0,346440.0,0.3577,25.56,25.88,32.93,59.0,65.1
1540920.0,350600.0,0.2778,25.17,25.22,32.6,60.82,59.59
1540920.0,354760.0,0.1036,24.75,24.53,32.25,62.79,53.81
1540920.0,358920.0,0.1801,24.36,23.87,31.9,64.74,48.22
1540920.0,363080.0,0.38,24.0,23.33,31.57,66.45,43.27
1540920.0,367240.0,0.1205,23.71,22.94,31.25,67.77,39.16
1540920.0,371400.0,0.3831,23.42,22.61,30.9,68.97,35.07
1540920.0,375560.0,0.2727,23.14,22.35,30.54,70.07,31.12
1540920.0,379720.0,0.2069,22.88,22.14,30.2,71.0,27.57
1540920.0,383880.0,0.0744,22.68,21.98,29.9,71.73,24.69
1540920.0,388040.0,0.4304,22.54,21.89,29.69,72.2,22.76
1540920.0,392200.0,0.1958,22.49,21.85,29.59,72.36,22.03
1540920.0,396360.0,0.0598,22.57,21.92,29.67,72.02,23.2
1540920.0,400520.0,0.1372,22.78,22.11,29.9,71.2,26.13
1540920.0,404680.0,0.0457,23.06,22.37,30.2,70.12,30.01
1540920.0,408840.0,0.4781,23.35,22.63,30.53,68.99,34.06
1540920.0,413000.0,0.0824,23.59,22.85,30.79,68.02,37.48
1536760.0,163400.0,0.246,26.41,26.58,36.91,66.34,77.13
1536760.0,167560.0,0.1212,26.21,26.52,36.25,65.58,74.24
1536760.0,171720.0,0.2649,25.98,26.39,35.63,65.06,71.07
1536760.0,175880.0,0.0931,25.74,26.17,35.08,64.87,67.64
1536760.0,180040.0,0.0607,25.44,25.8,34.56,65.18,63.4
1536760.0,184200.0,0.1416,25.07,25.3,34.04,65.94,58.24
1536760.0,188360.0,0.1992,24.68,24.72,33.55,66.96,52.72
1536760.0,192520.0,0.1002,24.3,24.16,33.1,68.05,47.4
1536760.0,196680.0,0.1107,23.97,23.66,32.72,68.98,42.84
1536760.0,200840.0,0.2615,23.74,23.31,32.42,69.54,39.59
1536760.0,205000.0,0.1845,23.63,23.15,32.22,69.55,38.09
1536760.0,209160.0,0.26,23.63,23.15,32.12,69.14,38.0
1536760.0,213320.0,0.4112,23.7,23.26,32.09,68.45,39.0
1536760.0,217480.0,0.117,23.83,23.45,32.13,67.58,40.82
1536760.0,221640.0,0.061,24.0,23.69,32.23,66.61,43.2
1536760.0,225800.0,0.0137,24.19,23.95,32.37,65.64,45.86
1536760.0,229960.0,0.2313,24.38,24.2,32.54,64.76,48.52
1536760.0,234120.0,0.1095,24.6,24.48,32.79,63.85,51.72
1536760.0,238280.0,0.206,24.89,24.83,33.13,62.83,55.73
1536760.0,242440.0,0.1666,25.2,25.22,33.53,61.79,60.11
1536760.0,246600.0,0.2388,25.51,25.59,33.93,60.81,64.43
1536760.0,250760.0,0.1018,25.78,25.91,34.28,59.96,68.26
1536760.0,254920.0,0.1736,25.99,26.15,34.54,59.32,71.17
1536760.0,259080.0,0.1532,26.1,26.27,34.67,58.96,72.75
1536760.0,263240.0,0.1928,26.13,26.27,34.69,58.88,73.09
1536760.0,267400.0,0.0561,26.09,26.18,34.63,59.0,72.57
1536760.0,271560.0,0.1951,26.02,26.05,34.53,59.22,71.58
1536760.0,275720.0,0.1508,25.94,25.92,34.41,59.46,70.51
1536760.0,279880.0,0.2508,25.89,25.82,34.31,59.61,69.77
1536760.0,284040.0,0.0612,25.89,25.8,34.27,59.59,69.74
1536760.0,288200.0,0.1056,25.94,25.86,34.27,59.41,70.45
1536760.0,292360.0,0.2174,26.02,25.97,34.29,59.13,71.59
1536760.0,296520.0,0.1694,26.12,26.11,34.32,58.8,72.98
1536760.0,300680.0,0.065,26.22,26.26,34.36,58.43,74.46
1536760.0,304840.0,0.2443,26.32,26.42,34.39,58.06,75.84
1536760.0,309000.0,0.1565,26.4,26.56,34.41,57.73,76.95
1536760.0,313160.0,0.258,26.46,26.69,34.41,57.39,77.78
1536760.0,317320.0,0.0588,26.54,26.88,34.42,56.91,78.82
1536760.0,321480.0,0.108,26.61,27.1,34.43,56.36,79.89
1536760.0,325640.0,0.6702,26.67,27.29,34.42,55.88,80.68
1536760.0,329800.0,0.2786,26.68,27.42,34.38,55.57,80.9
1536760.0,333960.0,0.114,26.64,27.43,34.29,55.56,80.26
1536760.0,338120.0,0.082,26.51,27.28,34.15,55.95,78.46
1536760.0,342280.0,0.517,26.27,26.91,33.93,56.91,75.11
1536760.0,346440.0,0.317,25.94,26.36,33.64,58.38,70.41
1536760.0,350600.0,0.1106,25.54,25.71,33.31,60.2,64.87
1536760.0,354760.0,0.0919,25.13,25.01,32.97,62.17,59.03
1536760.0,358920.0,0.1301,24.73,24.36,32.62,64.11,53.41
1536760.0,363080.0,0.1557,24.38,23.82,32.29,65.77,48.54
1536760.0,367240.0,0.1633,24.1,23.45,31.99,67.0,44.66
1536760.0,371400.0,0.0641,23.84,23.15,31.66,68.07,40.93
1536760.0,375560.0,0.1914,23.59,22.91,31.31,69.0,37.41
1536760.0,379720.0,0.0749,23.37,22.74,30.99,69.74,34.34
1536760.0,383880.0,0.4746,23.2,22.61,30.71,70.28,31.94
1536760.0,388040.0,0.1802,23.09,22.55,30.52,70.58,30.42
1536760.0,392200.0,0.0584,23.06,22.53,30.44,70.6,30.02
1536760.0,396360.0,0.1091,23.16,22.63,30.53,70.15,31.46
1536760.0,400520.0,0.2499,23.39,22.84,30.77,69.23,34.62
1536760.0,404680.0,0.1502,23.68,23.11,31.09,68.07,38.69
1536760.0,408840.0,0.0867,23.98,23.38,31.42,66.89,42.88
1536760.0,413000.0,0.3334,24.23,23.61,31.7,65.89,46.4
1532600.0,159240.0,0.2094,26.82,26.9,38.37,68.13,82.89
1532600.0,163400.0,0.0939,26.65,26.86,37.78,67.39,80.39
1532600.0,167560.0,0.1559,26.45,26.79,37.18,66.77,77.59
1532600.0,171720.0,0.0484,26.23,26.65,36.59,66.35,74.52
1532600.0,175880.0,0.1882,25.99,26.43,36.06,66.2,71.21
1532600.0,180040.0,0.1677,25.7,26.06,35.54,66.46,67.16
1532600.0,184200.0,0.0884,25.36,25.58,35.02,67.1,62.29
1532600.0,188360.0,0.1034,24.99,25.03,34.51,67.95,57.1
1532600.0,192520.0,0.11,24.63,24.48,34.03,68.84,52.05
1532600.0,196680.0,0.1119,24.31,23.99,33.6,69.58,47.64
1532600.0,200840.0,0.2263,24.08,23.63,33.25,69.99,44.35
1532600.0,205000.0,0.0256,23.95,23.44,32.98,69.91,42.56
1532600.0,209160.0,0.1368,23.9,23.38,32.78,69.47,41.87
1532600.0,213320.0,0.0635,23.92,23.41,32.63,68.76,42.08
1532600.0,217480.0,0.2552,23.98,23.52,32.55,67.89,43.01
1532600.0,221640.0,0.1424,24.09,23.68,32.53,66.94,44.48
1532600.0,225800.0,0.0129,24.22,23.86,32.56,66.01,46.32
1532600.0,229960.0,0.199,24.36,24.05,32.66,65.17,48.34
1532600.0,234120.0,0.1453,24.56,24.3,32.85,64.32,51.06
1532600.0,238280.0,0.2491,24.81,24.61,33.16,63.4,54.64
1532600.0,242440.0,0.1428,25.1,24.96,33.53,62.46,58.66
1532600.0,246600.0,0.1015,25.39,25.31,33.91,61.57,62.7
1532600.0,250760.0,0.1968,25.65,25.62,34.26,60.81,66.33
1532600.0,254920.0,0.2602,25.84,25.86,34.52,60.22,69.13
1532600.0,259080.0,0.1155,25.96,25.98,34.66,59.86,70.72
1532600.0,263240.0,0.2237,26.0,26.0,34.7,59.75,71.26
1532600.0,267400.0,0.1226,25.98,25.95,34.69,59.81,71.07
1532600.0,271560.0,0.0883,25.94,25.87,34.63,59.96,70.47
1532600.0,275720.0,0.1792,25.89,25.78,34.55,60.12,69.81
1532600.0,279880.0,0.2407,25.86,25.72,34.49,60.2,69.41
1532600.0,284040.0,0.1876,25.88,25.73,34.47,60.14,69.61
1532600.0,288200.0,0.1293,25.93,25.8,34.47,59.95,70.36
1532600.0,292360.0,0.2283,26.01,25.9,34.49,59.68,71.42
1532600.0,296520.0,0.2284,26.1,26.03,34.51,59.36,72.68
1532600.0,300680.0,0.1683,26.19,26.17,34.54,59.01,74.04
1532600.0,304840.0,0.1033,26.29,26.32,34.57,58.64,75.4
1532600.0,309000.0,0.1417,26.38,26.48,34.6,58.27,76.64
1532600.0,313160.0,0.0939,26.46,26.65,34.63,57.86,77.82
1532600.0,317320.0,0.1983,26.58,26.9,34.7,57.26,79.47
1532600.0,321480.0,0.1113,26.71,27.19,34.78,56.57,81.29
1532600.0,325640.0,0.1532,26.83,27.47,34.85,55.93,82.91
1532600.0,329800.0,0.9547,26.9,27.67,34.89,55.47,83.94
1532600.0,333960.0,0.346,26.9,27.75,34.87,55.33,84.01
1532600.0,338120.0,0.7066,26.81,27.66,34.77,55.63,82.72
1532600.0,342280.0,0.1707,26.6,27.32,34.59,56.52,79.67
1532600.0,346440.0,0.2667,26.27,26.8,34.32,57.95,75.11
1532600.0,350600.0,0.1809,25.88,26.15,34.0,59.74,69.63
1532600.0,354760.0,0.0038,25.47,25.47,33.66,61.69,63.82
1532600.0,358920.0,0.3593,25.07,24.83,33.32,63.58,58.27
1532600.0,363080.0,0.0484,24.74,24.31,33.01,65.17,53.56
1532600.0,367240.0,0.2875,24.48,23.96,32.73,66.29,49.99
1532600.0,371400.0,0.1777,24.25,23.69,32.42,67.22,46.68
1532600.0,375560.0,0.0409,24.03,23.49,32.1,67.97,43.66
1532600.0,379720.0,0.1211,23.85,23.35,31.8,68.53,41.12
1532600.0,383880.0,0.126,23.72,23.26,31.55,68.88,39.23
1532600.0,388040.0,0.2911,23.64,23.23,31.38,69.01,38.17
1532600.0,392200.0,0.1431,23.64,23.23,31.32,68.9,38.13
1532600.0,396360.0,0.2172,23.76,23.35,31.43,68.34,39.84
1532600.0,400520.0,0.0852,24.0,23.58,31.68,67.34,43.21
1532600.0,404680.0,0.1507,24.3,23.86,32.02,66.12,47.44
1532600.0,408840.0,0.0892,24.61,24.15,32.36,64.9,51.75
1532600.0,413000.0,0.4117,24.86,24.38,32.65,63.88,55.34
1528440.0,159240.0,0.0865,27.02,27.15,39.12,68.98,85.64
1528440.0,163400.0,0.1268,26.85,27.11,38.59,68.41,83.26
1528440.0,167560.0,0.1025,26.66,27.03,38.04,67.94,80.59
1528440.0,171720.0,0.0978,26.45,26.89,37.5,67.61,77.67
1528440.0,175880.0,0.0785,26.23,26.67,36.99,67.49,74.53
1528440.0,180040.0,0.0423,25.96,26.32,36.49,67.7,70.74
1528440.0,184200.0,0.2262,25.64,25.86,35.97,68.21,66.24
1528440.0,188360.0,0.196,25.3,25.34,35.45,68.88,61.43
1528440.0,192520.0,0.1115,24.96,24.81,34.95,69.57,56.73
1528440.0,196680.0,0.0831,24.66,24.34,34.49,70.12,52.54
1528440.0,200840.0,0.0461,24.43,23.98,34.09,70.39,49.29
1528440.0,205000.0,0.0703,24.29,23.76,33.76,70.23,47.24
1528440.0,209160.0,0.1654,24.2,23.65,33.47,69.75,46.02
1528440.0,213320.0,0.1098,24.16,23.61,33.22,69.04,45.49
1528440.0,217480.0,0.0429,24.17,23.64,33.03,68.18,45.57
1528440.0,221640.0,0.1677,24.21,23.71,32.89,67.27,46.18
1528440.0,225800.0,0.0961,24.28,23.83,32.83,66.38,47.22
1528440.0,229960.0,0.0759,24.38,23.96,32.84,65.6,48.62
1528440.0,234120.0,0.1987,24.54,24.15,32.99,64.83,50.82
1528440.0,238280.0,0.1504,24.76,24.42,33.25,64.02,53.91
1528440.0,242440.0,0.1484,25.02,24.74,33.59,63.2,57.49
1528440.0,246600.0,0.1919,25.28,25.06,33.95,62.43,61.16
1528440.0,250760.0,0.1557,25.52,25.35,34.28,61.76,64.51
1528440.0,254920.0,0.1414,25.7,25.57,34.53,61.24,67.13
1528440.0,259080.0,0.2629,25.81,25.69,34.68,60.9,68.69
1528440.0,263240.0,0.1586,25.86,25.74,34.74,60.76,69.39
1528440.0,267400.0,0.1678,25.87,25.72,34.76,60.77,69.51
1528440.0,271560.0,0.1983,25.86,25.68,34.74,60.84,69.29
1528440.0,275720.0,0.1377,25.84,25.63,34.71,60.92,69.01
1528440.0,279880.0,0.0986,25.83,25.61,34.68,60.95,68.93
1528440.0,284040.0,0.4887,25.86,25.64,34.68,60.84,69.31
1528440.0,288200.0,0.2635,25.91,25.71,34.69,60.64,70.08
1528440.0,292360.0,0.1727,25.98,25.81,34.69,60.38,71.04
1528440.0,296520.0,0.1252,26.06,25.92,34.7,60.09,72.13
1528440.0,300680.0,0.1272,26.15,26.05,34.71,59.75,73.35
1528440.0,304840.0,0.146,26.24,26.2,34.74,59.38,74.64
1528440.0,309000.0,0.1345,26.33,26.36,34.77,58.98,75.97
1528440.0,313160.0,0.2129,26.44,26.56,34.84,58.5,77.47
1528440.0,317320.0,0.1127,26.59,26.87,34.96,57.79,79.66
1528440.0,321480.0,0.1648,26.77,27.22,35.11,56.96,82.17
1528440.0,325640.0,0.0806,26.94,27.57,35.25,56.18,84.54
1528440.0,329800.0,0.2188,27.07,27.85,35.36,55.59,86.32
1528440.0,333960.0,0.0975,27.12,28.0,35.41,55.32,87.05
1528440.0,338120.0,0.0402,27.07,27.95,35.36,55.52,86.27
1528440.0,342280.0,0.0999,26.87,27.66,35.2,56.35,83.54
1528440.0,346440.0,0.1549,26.56,27.17,34.96,57.71,79.2
1528440.0,350600.0,0.2346,26.18,26.55,34.66,59.44,73.87
1528440.0,354760.0,0.1428,25.78,25.89,34.33,61.33,68.19
1528440.0,358920.0,0.1167,25.39,25.28,34.0,63.15,62.79
1528440.0,363080.0,0.3415,25.07,24.78,33.7,64.65,58.32
1528440.0,367240.0,0.1469,24.84,24.46,33.44,65.65,55.09
1528440.0,371400.0,0.1612,24.64,24.23,33.16,66.42,52.23
1528440.0,375560.0,0.3494,24.46,24.06,32.87,67.0,49.72
1528440.0,379720.0,0.0622,24.32,23.96,32.6,67.38,47.72
1528440.0,383880.0,0.167,24.22,23.9,32.38,67.57,46.34
1528440.0,388040.0,0.2929,24.18,23.89,32.23,67.55,45.72
1528440.0,392200.0,0.133,24.2,23.92,32.19,67.33,46.02
1528440.0,396360.0,0.1003,24.34,24.06,32.32,66.69,47.98
1528440.0,400520.0,0.2377,24.59,24.3,32.59,65.63,51.52
1528440.0,404680.0,0.16,24.9,24.6,32.94,64.39,55.87
1528440.0,408840.0,0.1384,25.21,24.89,33.3,63.16,60.25
1528440.0,413000.0,0.0586,25.47,25.12,33.6,62.14,63.87
1524280.0,159240.0,0.1293,27.19,27.38,39.77,69.72,88.06
1524280.0,163400.0,0.165,27.04,27.33,39.31,69.29,85.84
1524280.0,167560.0,0.1137,26.86,27.25,38.82,68.94,83.33
1524280.0,171720.0,0.1266,26.66,27.11,38.33,68.69,80.59
1524280.0,175880.0,0.0932,26.45,26.89,37.85,68.6,77.65
1524280.0,180040.0,0.1659,26.2,26.56,37.37,68.76,74.14
1524280.0,184200.0,0.0609,25.91,26.13,36.86,69.15,70.01
1524280.0,188360.0,0.1298,25.59,25.64,36.34,69.66,65.61
1524280.0,192520.0,0.1643,25.28,25.14,35.83,70.18,61.27
1524280.0,196680.0,0.1094,25.0,24.69,35.35,70.56,57.33
1524280.0,200840.0,0.3317,24.78,24.34,34.93,70.7,54.16
1524280.0,205000.0,0.237,24.62,24.1,34.55,70.49,51.94
1524280.0,209160.0,0.3724,24.5,23.95,34.19,69.98,50.29
1524280.0,213320.0,0.1439,24.42,23.85,33.86,69.27,49.16
1524280.0,217480.0,0.19,24.38,23.81,33.56,68.44,48.53
1524280.0,221640.0,0.1188,24.37,23.81,33.34,67.57,48.41
1524280.0,225800.0,0.1491,24.39,23.86,33.19,66.74,48.77
1524280.0,229960.0,0.2916,24.45,23.94,33.14,66.02,49.6
1524280.0,234120.0,0.1972,24.58,24.09,33.23,65.34,51.32
1524280.0,238280.0,0.1105,24.76,24.32,33.45,64.63,53.93
1524280.0,242440.0,0.0897,24.98,24.6,33.75,63.94,57.05
1524280.0,246600.0,0.1186,25.22,24.88,34.08,63.3,60.31
1524280.0,250760.0,0.1116,25.43,25.14,34.39,62.73,63.34
1524280.0,254920.0,0.2414,25.6,25.35,34.63,62.28,65.74
1524280.0,259080.0,0.142,25.71,25.48,34.78,61.96,67.24
1524280.0,263240.0,0.2172,25.77,25.53,34.86,61.81,68.05
1524280.0,267400.0,0.2001,25.79,25.55,34.9,61.77,68.4
1524280.0,271560.0,0.1372,25.8,25.54,34.92,61.78,68.5
1524280.0,275720.0,0.2005,25.8,25.53,34.92,61.8,68.53
1524280.0,279880.0,0.2781,25.82,25.53,34.92,61.77,68.72
1524280.0,284040.0,0.1097,25.85,25.58,34.94,61.63,69.25
1524280.0,288200.0,0.2175,25.91,25.65,34.95,61.42,70.01
1524280.0,292360.0,0.1103,25.97,25.73,34.94,61.17,70.84
1524280.0,296520.0,0.0854,26.03,25.82,34.93,60.89,71.77
1524280.0,300680.0,0.1431,26.11,25.93,34.93,60.57,72.83
1524280.0,304840.0,0.1275,26.19,26.07,34.95,60.2,74.04
1524280.0,309000.0,0.1718,26.29,26.24,34.99,59.78,75.42
1524280.0,313160.0,0.2267,26.42,26.47,35.08,59.24,77.16
1524280.0,317320.0,0.2111,26.6,26.81,35.24,58.44,79.77
1524280.0,321480.0,0.1619,26.82,27.22,35.44,57.51,82.82
1524280.0,325640.0,0.1449,27.03,27.62,35.65,56.61,85.8
1524280.0,329800.0,0.1013,27.2,27.96,35.82,55.91,88.19
1524280.0,333960.0,0.3968,27.29,28.17,35.92,55.53,89.47
1524280.0,338120.0,0.1124,27.27,28.17,35.91,55.64,89.14
1524280.0,342280.0,0.0795,27.1,27.92,35.78,56.38,86.75
1524280.0,346440.0,0.1082,26.81,27.47,35.56,57.66,82.68
1524280.0,350600.0,0.0797,26.45,26.89,35.27,59.3,77.59
1524280.0,354760.0,0.0682,26.06,26.27,34.95,61.09,72.13
1524280.0,358920.0,0.2469,25.69,25.69,34.64,62.8,66.98
1524280.0,363080.0,0.1411,25.39,25.23,34.36,64.19,62.79
1524280.0,367240.0,0.1739,25.19,24.94,34.12,65.07,59.92
1524280.0,371400.0,0.066,25.02,24.74,33.86,65.7,57.49
1524280.0,375560.0,0.1497,24.87,24.61,33.6,66.13,55.46
1524280.0,379720.0,0.0399,24.76,24.53,33.36,66.36,53.94
1524280.0,383880.0,0.1321,24.7,24.5,33.17,66.41,53.02
1524280.0,388040.0,0.0917,24.68,24.52,33.05,66.27,52.8
1524280.0,392200.0,0.0462,24.72,24.57,33.03,65.97,53.39
1524280.0,396360.0,0.1683,24.88,24.71,33.18,65.28,55.53
1524280.0,400520.0,0.3199,25.14,24.97,33.46,64.21,59.18
1524280.0,404680.0,0.143,25.45,25.27,33.82,62.97,63.57
1524280.0,408840.0,0.1774,25.76,25.56,34.19,61.76,67.95
1524280.0,413000.0,0.278,26.02,25.79,34.5,60.77,71.57
1520120.0,159240.0,0.0036,27.35,27.58,40.34,70.27,90.19
1520120.0,163400.0,0.003,27.2,27.53,39.93,69.95,88.15
1520120.0,167560.0,0.1109,27.04,27.45,39.5,69.69,85.84
1520120.0,171720.0,0.0828,26.86,27.31,39.06,69.51,83.32
1520120.0,175880.0,0.1201,26.66,27.11,38.62,69.43,80.6
1520120.0,180040.0,0.0921,26.43,26.8,38.16,69.55,77.37
1520120.0,184200.0,0.0508,26.16,26.39,37.67,69.85,73.6
1520120.0,188360.0,0.0408,25.88,25.93,37.16,70.24,69.58
1520120.0,192520.0,0.1617,25.59,25.47,36.66,70.62,65.58
1520120.0,196680.0,0.0674,25.33,25.04,36.17,70.88,61.91
1520120.0,200840.0,0.104,25.11,24.7,35.73,70.93,58.85
1520120.0,205000.0,0.0477,24.95,24.45,35.33,70.67,56.55
1520120.0,209160.0,0.1329,24.81,24.27,34.93,70.15,54.63
1520120.0,213320.0,0.1582,24.7,24.13,34.53,69.45,53.09
1520120.0,217480.0,0.1307,24.62,24.04,34.18,68.65,51.97
1520120.0,221640.0,0.0947,24.58,24.0,33.89,67.83,51.32
1520120.0,225800.0,0.218,24.57,24.0,33.68,67.05,51.17
1520120.0,229960.0,0.0886,24.59,24.04,33.58,66.39,51.58
1520120.0,234120.0,0.1294,24.69,24.15,33.63,65.79,52.88
1520120.0,238280.0,0.1222,24.84,24.35,33.81,65.2,55.04
1520120.0,242440.0,0.1338,25.03,24.58,34.07,64.63,57.72
1520120.0,246600.0,0.19,25.24,24.84,34.37,64.1,60.58
1520120.0,250760.0,0.0819,25.43,25.07,34.65,63.63,63.27
1520120.0,254920.0,0.1483,25.58,25.26,34.88,63.25,65.43
1520120.0,259080.0,0.2143,25.68,25.38,35.01,62.96,66.82
1520120.0,263240.0,0.2642,25.74,25.44,35.1,62.8,67.68
1520120.0,267400.0,0.1312,25.78,25.47,35.16,62.73,68.19
1520120.0,271560.0,0.5342,25.8,25.49,35.2,62.71,68.49
1520120.0,275720.0,0.2142,25.82,25.5,35.22,62.68,68.75
1520120.0,279880.0,0.3414,25.84,25.53,35.24,62.61,69.11
1520120.0,284040.0,0.1376,25.89,25.58,35.27,62.44,69.73
1520120.0,288200.0,0.1615,25.94,25.64,35.28,62.23,70.46
1520120.0,292360.0,0.1004,25.99,25.71,35.26,61.99,71.18
1520120.0,296520.0,0.2484,26.05,25.78,35.24,61.72,71.97
1520120.0,300680.0,0.1553,26.11,25.87,35.23,61.41,72.89
1520120.0,304840.0,0.1321,26.19,25.99,35.24,61.04,74.01
1520120.0,309000.0,0.1373,26.29,26.16,35.28,60.6,75.4
1520120.0,313160.0,0.0909,26.43,26.39,35.39,60.02,77.28
1520120.0,317320.0,0.067,26.63,26.76,35.58,59.16,80.14
1520120.0,321480.0,0.2432,26.87,27.2,35.81,58.17,83.52
1520120.0,325640.0,0.0689,27.11,27.64,36.05,57.2,86.87
1520120.0,329800.0,0.1895,27.31,28.02,36.26,56.41,89.66
1520120.0,333960.0,0.0634,27.43,28.26,36.4,55.96,91.33
1520120.0,338120.0,0.0657,27.43,28.31,36.42,55.98,91.35
1520120.0,342280.0,0.1437,27.28,28.1,36.31,56.63,89.29
1520120.0,346440.0,0.158,27.01,27.69,36.1,57.8,85.54
1520120.0,350600.0,0.0603,26.67,27.16,35.83,59.31,80.77
1520120.0,354760.0,0.203,26.31,26.59,35.53,60.97,75.65
1520120.0,358920.0,0.1852,25.97,26.06,35.23,62.54,70.82
1520120.0,363080.0,0.0799,25.69,25.64,34.96,63.8,66.97
1520120.0,367240.0,0.1642,25.51,25.39,34.75,64.55,64.44
1520120.0,371400.0,0.1005,25.36,25.22,34.51,65.06,62.38
1520120.0,375560.0,0.1729,25.25,25.11,34.27,65.37,60.75
1520120.0,379720.0,0.2078,25.17,25.05,34.05,65.49,59.61
1520120.0,383880.0,0.2755,25.13,25.04,33.88,65.44,59.04
1520120.0,388040.0,0.194,25.13,25.07,33.79,65.24,59.12
1520120.0,392200.0,0.2011,25.19,25.13,33.79,64.89,59.92
1520120.0,396360.0,0.8745,25.35,25.29,33.95,64.2,62.16
1520120.0,400520.0,0.2163,25.61,25.54,34.25,63.16,65.81
1520120.0,404680.0,0.1048,25.92,25.84,34.62,61.97,70.15
1520120.0,408840.0,0.0821,26.22,26.13,34.99,60.82,74.45
1515960.0,159240.0,0.0019,27.46,27.74,40.79,70.74,91.74
1515960.0,163400.0,0.0017,27.33,27.7,40.46,70.52,89.96
1515960.0,167560.0,0.0026,27.19,27.62,40.1,70.34,87.95
1515960.0,171720.0,0.0025,27.03,27.5,39.72,70.22,85.73
1515960.0,175880.0,0.126,26.86,27.31,39.34,70.15,83.33
1515960.0,180040.0,0.0451,26.65,27.03,38.92,70.22,80.49
1515960.0,184200.0,0.1238,26.42,26.66,38.46,70.43,77.19
1515960.0,188360.0,0.1708,26.17,26.25,37.98,70.69,73.65
1515960.0,192520.0,0.0602,25.92,25.83,37.5,70.93,70.12
1515960.0,196680.0,0.1044,25.68,25.44,37.03,71.07,66.81
1515960.0,200840.0,0.0875,25.48,25.11,36.59,71.04,63.96
1515960.0,205000.0,0.1255,25.31,24.87,36.18,70.75,61.67
1515960.0,209160.0,0.1027,25.17,24.67,35.75,70.23,59.6
1515960.0,213320.0,0.0814,25.04,24.5,35.32,69.56,57.77
1515960.0,217480.0,0.1526,24.93,24.37,34.92,68.8,56.28
1515960.0,221640.0,0.0793,24.85,24.29,34.58,68.04,55.2
1515960.0,225800.0,0.1245,24.81,24.24,34.33,67.34,54.61
1515960.0,229960.0,0.1005,24.81,24.24,34.19,66.76,54.6
1515960.0,234120.0,0.3765,24.87,24.32,34.19,66.27,55.45
1515960.0,238280.0,0.1104,24.99,24.47,34.32,65.81,57.08
1515960.0,242440.0,0.1378,25.14,24.66,34.53,65.39,59.21
1515960.0,246600.0,0.1617,25.3,24.87,34.78,65.01,61.54
1515960.0,250760.0,0.0512,25.46,25.06,35.02,64.67,63.76
1515960.0,254920.0,0.224,25.59,25.22,35.21,64.38,65.58
1515960.0,259080.0,0.2959,25.68,25.33,35.33,64.14,66.78
1515960.0,263240.0,1.3948,25.74,25.39,35.42,63.99,67.62
1515960.0,267400.0,2.6246,25.78,25.44,35.49,63.9,68.22
1515960.0,271560.0,0.7657,25.81,25.47,35.54,63.84,68.68
1515960.0,275720.0,0.0556,25.84,25.5,35.58,63.77,69.1
1515960.0,279880.0,0.094,25.88,25.53,35.62,63.66,69.58
1515960.0,284040.0,0.0552,25.92,25.58,35.64,63.48,70.23
1515960.0,288200.0,0.132,25.97,25.63,35.65,63.26,70.88
1515960.0,292360.0,0.1645,26.01,25.67,35.62,63.03,71.47
1515960.0,296520.0,0.2407,26.06,25.71,35.59,62.78,72.09
1515960.0,300680.0,0.1052,26.11,25.77,35.56,62.47,72.85
1515960.0,304840.0,0.6631,26.18,25.87,35.56,62.1,73.84
1515960.0,309000.0,0.3686,26.28,26.02,35.61,61.64,75.18
1515960.0,313160.0,0.2033,26.41,26.26,35.72,61.04,77.11
1515960.0,317320.0,0.0485,26.62,26.63,35.92,60.15,80.07
1515960.0,321480.0,0.0994,26.88,27.08,36.17,59.12,83.6
1515960.0,325640.0,0.1686,27.13,27.55,36.44,58.1,87.15
1515960.0,329800.0,0.1597,27.34,27.95,36.67,57.26,90.17
1515960.0,333960.0,0.1825,27.48,28.23,36.83,56.74,92.12
1515960.0,338120.0,0.0032,27.51,28.31,36.87,56.68,92.46
1515960.0,342280.0,0.1519,27.39,28.15,36.78,57.2,90.78
1515960.0,346440.0,0.1829,27.15,27.81,36.59,58.21,87.5
1515960.0,350600.0,0.1487,26.85,27.35,36.34,59.53,83.24
1515960.0,354760.0,0.1693,26.52,26.86,36.05,60.98,78.63
1515960.0,358920.0,0.1102,26.21,26.39,35.77,62.35,74.31
1515960.0,363080.0,0.2811,25.97,26.03,35.53,63.43,70.89
1515960.0,367240.0,0.0867,25.82,25.81,35.33,64.05,68.74
1515960.0,371400.0,0.0846,25.7,25.67,35.11,64.44,67.05
1515960.0,375560.0,0.5229,25.6,25.59,34.9,64.65,65.75
1515960.0,379720.0,0.1316,25.55,25.55,34.7,64.7,64.92
1515960.0,383880.0,0.1363,25.52,25.55,34.55,64.6,64.62
1515960.0,388040.0,0.4701,25.54,25.59,34.48,64.36,64.89
1515960.0,392200.0,0.1825,25.61,25.65,34.5,64.02,65.81
1515960.0,396360.0,0.4157,25.77,25.8,34.67,63.37,68.06
1515960.0,400520.0,0.1804,26.02,26.04,34.97,62.42,71.6
1515960.0,404680.0,0.028,26.32,26.33,35.35,61.34,75.76
1515960.0,408840.0,0.0663,26.61,26.6,35.73,60.3,79.88
1511800.0,155080.0,0.0057,27.62,27.89,41.38,71.3,94.01
1511800.0,159240.0,0.0046,27.53,27.87,41.16,71.15,92.79
1511800.0,163400.0,0.0021,27.43,27.83,40.91,71.02,91.34
1511800.0,167560.0,0.001,27.31,27.77,40.63,70.92,89.69
1511800.0,171720.0,0.0032,27.18,27.66,40.33,70.84,87.85
1511800.0,175880.0,0.0021,27.04,27.5,40.0,70.78,85.84
1511800.0,180040.0,0.0039,26.87,27.26,39.64,70.81,83.47
1511800.0,184200.0,0.131,26.67,26.94,39.23,70.91,80.72
1511800.0,188360.0,0.0994,26.46,26.59,38.8,71.04,77.77
1511800.0,192520.0,0.1167,26.25,26.22,38.35,71.15,74.78
1511800.0,196680.0,0.0958,26.04,25.88,37.91,71.18,71.93
1511800.0,200840.0,0.1193,25.86,25.58,37.49,71.07,69.38
1511800.0,205000.0,0.1337,25.71,25.34,37.08,70.76,67.19
1511800.0,209160.0,0.1076,25.55,25.13,36.64,70.25,65.05
1511800.0,213320.0,0.1228,25.41,24.94,36.19,69.61,63.03
1511800.0,217480.0,0.0825,25.28,24.78,35.76,68.91,61.25
1511800.0,221640.0,0.093,25.18,24.65,35.38,68.22,59.81
1511800.0,225800.0,0.0841,25.11,24.57,35.09,67.61,58.83
1511800.0,229960.0,0.1293,25.08,24.53,34.91,67.14,58.41
1511800.0,234120.0,0.4416,25.11,24.56,34.87,66.78,58.77
1511800.0,238280.0,0.0184,25.18,24.66,34.94,66.49,59.79
1511800.0,242440.0,0.1061,25.28,24.79,35.09,66.25,61.27
1511800.0,246600.0,0.1326,25.4,24.95,35.28,66.04,62.94
1511800.0,250760.0,0.4482,25.52,25.1,35.46,65.86,64.59
1511800.0,254920.0,0.2799,25.62,25.22,35.61,65.68,65.97
1511800.0,259080.0,0.1403,25.69,25.3,35.71,65.5,66.93
1511800.0,263240.0,0.469,25.74,25.36,35.79,65.37,67.69
1511800.0,267400.0,0.2311,25.79,25.41,35.86,65.27,68.33
1511800.0,271560.0,0.5537,25.83,25.46,35.92,65.18,68.89
1511800.0,275720.0,0.0149,25.87,25.5,35.98,65.08,69.43
1511800.0,279880.0,0.0049,25.91,25.54,36.02,64.94,69.99
1511800.0,284040.0,0.1954,25.95,25.58,36.05,64.74,70.62
1511800.0,288200.0,0.3107,25.99,25.61,36.04,64.53,71.15
1511800.0,292360.0,0.1008,26.02,25.61,36.0,64.31,71.56
1511800.0,296520.0,0.0978,26.05,25.61,35.95,64.06,71.98
1511800.0,300680.0,0.1365,26.09,25.64,35.91,63.76,72.54
1511800.0,304840.0,0.2899,26.15,25.7,35.9,63.39,73.37
1511800.0,309000.0,0.2193,26.23,25.83,35.94,62.93,74.6
1511800.0,313160.0,0.1951,26.37,26.06,36.05,62.32,76.5
1511800.0,317320.0,0.1119,26.58,26.43,36.25,61.42,79.44
1511800.0,321480.0,0.1337,26.83,26.88,36.51,60.38,82.98
1511800.0,325640.0,0.1507,27.09,27.34,36.79,59.35,86.58
1511800.0,329800.0,0.0826,27.31,27.76,37.03,58.47,89.72
1511800.0,333960.0,0.1654,27.46,28.07,37.21,57.88,91.87
1511800.0,338120.0,0.0911,27.51,28.19,37.26,57.72,92.5
1511800.0,342280.0,0.1016,27.42,28.09,37.19,58.08,91.28
1511800.0,346440.0,0.0866,27.23,27.83,37.02,58.88,88.59
1511800.0,350600.0,0.1539,26.98,27.47,36.79,59.94,85.01
1511800.0,354760.0,0.24,26.7,27.07,36.53,61.12,81.1
1511800.0,358920.0,0.0483,26.44,26.69,36.27,62.23,77.44
1511800.0,363080.0,1.1104,26.23,26.4,36.05,63.09,74.59
1511800.0,367240.0,0.1867,26.11,26.24,35.88,63.55,72.87
1511800.0,371400.0,0.1862,26.02,26.13,35.69,63.83,71.55
1511800.0,375560.0,0.2801,25.95,26.06,35.5,63.96,70.58
1511800.0,379720.0,0.1195,25.91,26.03,35.33,63.95,70.02
1511800.0,383880.0,0.0964,25.9,26.04,35.2,63.82,69.92
1511800.0,388040.0,0.1642,25.93,26.08,35.14,63.59,70.34
1511800.0,392200.0,0.137,26.0,26.14,35.18,63.27,71.34
1511800.0,396360.0,0.2997,26.16,26.28,35.36,62.71,73.52
1511800.0,400520.0,0.3593,26.39,26.51,35.67,61.89,76.85
1511800.0,404680.0,0.0609,26.67,26.77,36.05,60.97,80.73
1511800.0,408840.0,0.051,26.94,27.02,36.44,60.09,84.57
1507640.0,155080.0,0.0048,27.64,27.98,41.6,71.57,94.4
1507640.0,159240.0,0.0047,27.58,27.97,41.46,71.5,93.49
1507640.0,163400.0,0.0038,27.5,27.94,41.3,71.46,92.4
1507640.0,167560.0,0.0049,27.41,27.9,41.1,71.42,91.14
1507640.0,171720.0,0.0077,27.31,27.81,40.87,71.38,89.72
1507640.0,175880.0,0.0051,27.2,27.67,40.61,71.32,88.13
1507640.0,180040.0,0.0067,27.07,27.47,40.31,71.29,86.26
1507640.0,184200.0,0.0038,26.91,27.21,39.96,71.3,84.11
1507640.0,188360.0,0.0043,26.75,26.92,39.58,71.31,81.79
1507640.0,192520.0,0.0725,26.58,26.62,39.18,71.3,79.39
1507640.0,196680.0,0.0589,26.41,26.32,38.78,71.22,77.04
1507640.0,200840.0,0.1097,26.25,26.06,38.39,71.04,74.84
1507640.0,205000.0,0.1162,26.11,25.84,37.99,70.72,72.8
1507640.0,209160.0,0.0748,25.95,25.62,37.55,70.23,70.66
1507640.0,213320.0,0.1253,25.8,25.41,37.09,69.64,68.54
1507640.0,217480.0,0.2474,25.66,25.22,36.65,69.0,66.54
1507640.0,221640.0,0.209,25.54,25.06,36.25,68.4,64.82
1507640.0,225800.0,0.2199,25.44,24.94,35.92,67.88,63.5
1507640.0,229960.0,0.2307,25.39,24.87,35.71,67.52,62.71
1507640.0,234120.0,0.0876,25.38,24.86,35.62,67.3,62.57
1507640.0,238280.0,0.1563,25.41,24.9,35.63,67.19,62.97
1507640.0,242440.0,0.1594,25.46,24.97,35.72,67.14,63.74
1507640.0,246600.0,0.5297,25.53,25.07,35.84,67.13,64.72
1507640.0,250760.0,0.1157,25.6,25.17,35.96,67.11,65.75
1507640.0,254920.0,0.0964,25.67,25.25,36.07,67.06,66.64
1507640.0,259080.0,0.0682,25.72,25.31,36.13,66.95,67.31
1507640.0,263240.0,0.0704,25.76,25.36,36.2,66.85,67.96
1507640.0,267400.0,0.1557,25.81,25.42,36.27,66.75,68.6
1507640.0,271560.0,0.308,25.85,25.47,36.34,66.64,69.24
1507640.0,275720.0,0.0857,25.9,25.51,36.4,66.51,69.86
1507640.0,279880.0,0.281,25.94,25.55,36.45,66.35,70.46
1507640.0,284040.0,0.4177,25.98,25.58,36.47,66.14,71.04
1507640.0,288200.0,0.1226,26.01,25.58,36.46,65.93,71.44
1507640.0,292360.0,0.0924,26.02,25.55,36.41,65.72,71.65
1507640.0,296520.0,0.1409,26.04,25.51,36.34,65.49,71.85
1507640.0,300680.0,0.0764,26.06,25.49,36.28,65.2,72.19
1507640.0,304840.0,0.1955,26.11,25.52,36.26,64.84,72.83
1507640.0,309000.0,0.1989,26.19,25.62,36.28,64.38,73.91
1507640.0,313160.0,0.3241,26.31,25.83,36.39,63.76,75.72
1507640.0,317320.0,0.1214,26.52,26.19,36.59,62.87,78.55
1507640.0,321480.0,0.0976,26.76,26.62,36.85,61.84,81.99
1507640.0,325640.0,0.2129,27.01,27.08,37.12,60.82,85.53
1507640.0,329800.0,0.0978,27.24,27.51,37.37,59.92,88.68
1507640.0,333960.0,0.1436,27.4,27.83,37.55,59.28,90.95
1507640.0,338120.0,0.0921,27.46,27.99,37.62,59.01,91.85
1507640.0,342280.0,0.1709,27.41,27.96,37.56,59.2,91.1
1507640.0,346440.0,0.1683,27.27,27.79,37.42,59.74,89.07
1507640.0,350600.0,0.1515,27.07,27.54,37.21,60.51,86.26
1507640.0,354760.0,0.0706,26.84,27.24,36.98,61.38,83.15
1507640.0,358920.0,0.1308,26.64,26.97,36.75,62.19,80.24
1507640.0,363080.0,0.0874,26.48,26.76,36.55,62.8,78.01
1507640.0,367240.0,0.174,26.39,26.64,36.4,63.11,76.74
1507640.0,371400.0,0.0656,26.32,26.57,36.24,63.28,75.79
1507640.0,375560.0,0.0862,26.27,26.52,36.07,63.33,75.13
1507640.0,379720.0,0.207,26.25,26.5,35.92,63.28,74.81
1507640.0,383880.0,0.0327,26.25,26.51,35.82,63.15,74.88
1507640.0,388040.0,0.1726,26.29,26.54,35.78,62.94,75.4
1507640.0,392200.0,0.1795,26.37,26.6,35.84,62.67,76.43
1507640.0,396360.0,0.1484,26.51,26.73,36.03,62.21,78.49
1507640.0,400520.0,0.175,26.73,26.93,36.35,61.56,81.55
1507640.0,404680.0,0.0986,26.98,27.16,36.73,60.84,85.08
1507640.0,408840.0,0.0656,27.23,27.38,37.11,60.15,88.57
1503480.0,155080.0,0.0039,27.66,28.05,41.78,71.81,94.57
1503480.0,159240.0,0.0038,27.61,28.05,41.71,71.8,93.97
1503480.0,163400.0,0.0072,27.56,28.03,41.63,71.82,93.24
1503480.0,167560.0,0.0046,27.5,28.0,41.51,71.83,92.37
1503480.0,171720.0,0.0064,27.43,27.94,41.36,71.82,91.36
1503480.0,175880.0,0.0043,27.35,27.83,41.17,71.76,90.2
1503480.0,180040.0,0.0066,27.25,27.67,40.92,71.69,88.83
1503480.0,184200.0,0.005,27.14,27.47,40.63,71.61,87.26
1503480.0,188360.0,0.0079,27.01,27.24,40.31,71.52,85.55
1503480.0,192520.0,0.0061,26.89,26.99,39.97,71.39,83.75
1503480.0,196680.0,0.0925,26.75,26.75,39.61,71.22,81.9
1503480.0,200840.0,0.263,26.62,26.52,39.25,70.99,80.06
1503480.0,205000.0,0.1101,26.49,26.32,38.88,70.67,78.2
1503480.0,209160.0,0.1221,26.34,26.1,38.45,70.2,76.13
1503480.0,213320.0,0.0579,26.19,25.88,37.99,69.66,73.96
1503480.0,217480.0,0.0992,26.04,25.68,37.54,69.09,71.84
1503480.0,221640.0,0.1369,25.9,25.49,37.12,68.57,69.91
1503480.0,225800.0,0.2881,25.79,25.34,36.78,68.15,68.32
1503480.0,229960.0,0.0547,25.71,25.24,36.54,67.9,67.21
1503480.0,234120.0,0.1361,25.66,25.18,36.41,67.83,66.6
1503480.0,238280.0,0.0676,25.65,25.17,36.37,67.89,66.4
1503480.0,242440.0,0.1121,25.66,25.19,36.38,68.03,66.5
1503480.0,246600.0,0.1591,25.68,25.23,36.44,68.2,66.8
1503480.0,250760.0,0.0875,25.71,25.28,36.51,68.35,67.22
1503480.0,254920.0,0.0706,25.74,25.32,36.57,68.43,67.63
1503480.0,259080.0,0.125,25.77,25.35,36.6,68.4,68.02
1503480.0,263240.0,0.6105,25.8,25.4,36.66,68.33,68.54
1503480.0,267400.0,0.0583,25.85,25.45,36.73,68.24,69.16
1503480.0,271560.0,0.2921,25.9,25.5,36.8,68.11,69.84
1503480.0,275720.0,0.1524,25.94,25.55,36.86,67.96,70.51
1503480.0,279880.0,0.1458,25.99,25.59,36.91,67.78,71.13
1503480.0,284040.0,0.186,26.02,25.61,36.93,67.58,71.64
1503480.0,288200.0,0.1122,26.04,25.58,36.9,67.38,71.89
1503480.0,292360.0,0.1531,26.04,25.51,36.83,67.18,71.92
1503480.0,296520.0,0.0387,26.04,25.43,36.75,66.95,71.92
1503480.0,300680.0,0.1532,26.05,25.37,36.68,66.68,72.04
1503480.0,304840.0,0.27,26.08,25.36,36.64,66.32,72.48
1503480.0,309000.0,0.1061,26.15,25.43,36.66,65.87,73.4
1503480.0,313160.0,0.1175,26.27,25.62,36.75,65.25,75.06
1503480.0,317320.0,0.1855,26.46,25.95,36.94,64.39,77.72
1503480.0,321480.0,0.1489,26.69,26.36,37.19,63.4,80.96
1503480.0,325640.0,0.1034,26.93,26.81,37.46,62.4,84.35
1503480.0,329800.0,0.1068,27.15,27.23,37.7,61.5,87.42
1503480.0,333960.0,0.0658,27.31,27.56,37.88,60.82,89.74
1503480.0,338120.0,0.1691,27.39,27.75,37.95,60.45,90.85
1503480.0,342280.0,0.1622,27.37,27.79,37.91,60.45,90.56
1503480.0,346440.0,0.0777,27.27,27.71,37.78,60.73,89.19
1503480.0,350600.0,0.1401,27.13,27.57,37.6,61.2,87.16
1503480.0,354760.0,0.0961,26.97,27.38,37.39,61.74,84.87
1503480.0,358920.0,0.098,26.81,27.21,37.19,62.25,82.73
1503480.0,363080.0,0.0984,26.7,27.08,37.02,62.62,81.13
1503480.0,367240.0,0.0871,26.64,27.02,36.89,62.77,80.3
1503480.0,371400.0,0.2463,26.6,26.97,36.75,62.83,79.71
1503480.0,375560.0,0.1195,26.57,26.94,36.61,62.81,79.33
1503480.0,379720.0,0.0915,26.56,26.93,36.49,62.74,79.21
1503480.0,383880.0,0.1278,26.58,26.93,36.4,62.61,79.43
1503480.0,388040.0,0.0559,26.62,26.96,36.39,62.43,80.02
1503480.0,392200.0,0.0608,26.69,27.01,36.46,62.23,81.05
1503480.0,396360.0,0.1821,26.83,27.13,36.66,61.89,82.96
1503480.0,400520.0,0.1804,27.02,27.3,36.98,61.42,85.69
1503480.0,404680.0,0.0677,27.25,27.5,37.36,60.9,88.83
1503480.0,408840.0,0.0531,27.47,27.69,37.75,60.42,91.94
1499320.0,155080.0,0.0061,27.67,28.1,41.94,72.01,94.7
1499320.0,159240.0,0.0042,27.64,28.11,41.93,72.05,94.37
1499320.0,163400.0,0.0041,27.61,28.11,41.91,72.11,93.96
1499320.0,167560.0,0.0037,27.58,28.09,41.87,72.16,93.45
1499320.0,171720.0,0.0105,27.53,28.04,41.79,72.17,92.81
1499320.0,175880.0,0.0047,27.48,27.96,41.65,72.11,92.03
1499320.0,180040.0,0.0056,27.41,27.85,41.46,71.99,91.11
1499320.0,184200.0,0.004,27.34,27.7,41.23,71.84,90.08
1499320.0,188360.0,0.0043,27.25,27.52,40.97,71.66,88.92
1499320.0,192520.0,0.0053,27.16,27.33,40.68,71.46,87.64
1499320.0,196680.0,0.0629,27.06,27.14,40.37,71.22,86.26
1499320.0,200840.0,0.0652,26.96,26.95,40.04,70.96,84.76
1499320.0,205000.0,0.1829,26.84,26.76,39.69,70.63,83.1
1499320.0,209160.0,0.1291,26.7,26.55,39.28,70.2,81.13
1499320.0,213320.0,0.16,26.55,26.33,38.84,69.7,78.98
1499320.0,217480.0,0.123,26.39,26.11,38.39,69.2,76.8
1499320.0,221640.0,0.2213,26.24,25.91,37.97,68.76,74.74
1499320.0,225800.0,0.0922,26.12,25.73,37.62,68.44,72.95
1499320.0,229960.0,0.0957,26.02,25.6,37.36,68.28,71.59
1499320.0,234120.0,0.1489,25.95,25.52,37.2,68.33,70.6
1499320.0,238280.0,0.1959,25.9,25.46,37.1,68.55,69.88
1499320.0,242440.0,0.1502,25.86,25.43,37.06,68.85,69.4
1499320.0,246600.0,0.0549,25.84,25.42,37.06,69.19,69.11
1499320.0,250760.0,0.178,25.83,25.42,37.08,69.49,68.98
1499320.0,254920.0,0.189,25.83,25.43,37.09,69.68,68.98
1499320.0,259080.0,0.0384,25.84,25.44,37.1,69.73,69.11
1499320.0,263240.0,0.1257,25.87,25.48,37.15,69.7,69.51
1499320.0,267400.0,0.0128,25.91,25.53,37.21,69.62,70.11
1499320.0,271560.0,0.1974,25.96,25.58,37.28,69.49,70.81
1499320.0,275720.0,0.0894,26.01,25.63,37.35,69.33,71.51
1499320.0,279880.0,0.315,26.06,25.66,37.39,69.14,72.13
1499320.0,284040.0,0.3379,26.09,25.67,37.41,68.94,72.57
1499320.0,288200.0,0.2198,26.1,25.61,37.37,68.75,72.69
1499320.0,292360.0,0.0837,26.09,25.51,37.29,68.56,72.56
1499320.0,296520.0,0.1822,26.08,25.4,37.2,68.35,72.38
1499320.0,300680.0,0.2271,26.07,25.3,37.12,68.08,72.32
1499320.0,304840.0,0.1405,26.09,25.26,37.07,67.73,72.57
1499320.0,309000.0,0.1,26.14,25.3,37.07,67.29,73.32
1499320.0,313160.0,0.0914,26.25,25.46,37.15,66.69,74.82
1499320.0,317320.0,0.1469,26.42,25.76,37.32,65.87,77.25
1499320.0,321480.0,0.1604,26.64,26.15,37.56,64.93,80.24
1499320.0,325640.0,0.1057,26.86,26.57,37.81,63.98,83.39
1499320.0,329800.0,0.2022,27.07,26.97,38.03,63.09,86.32
1499320.0,333960.0,0.1143,27.23,27.3,38.2,62.38,88.61
1499320.0,338120.0,0.1297,27.32,27.52,38.28,61.93,89.87
1499320.0,342280.0,0.1152,27.33,27.61,38.24,61.75,89.97
1499320.0,346440.0,0.1835,27.27,27.62,38.13,61.78,89.2
1499320.0,350600.0,0.2091,27.18,27.58,37.97,61.95,87.89
1499320.0,354760.0,0.165,27.07,27.5,37.78,62.19,86.36
1499320.0,358920.0,0.0978,26.97,27.42,37.6,62.41,84.92
1499320.0,363080.0,0.227,26.9,27.37,37.46,62.55,83.91
1499320.0,367240.0,0.0901,26.87,27.35,37.35,62.56,83.48
1499320.0,371400.0,0.0928,26.85,27.33,37.23,62.53,83.2
1499320.0,375560.0,0.2268,26.84,27.32,37.11,62.45,83.07
1499320.0,379720.0,0.1915,26.84,27.31,37.01,62.36,83.15
1499320.0,383880.0,0.0463,26.87,27.31,36.95,62.23,83.48
1499320.0,388040.0,0.1056,26.91,27.33,36.95,62.1,84.12
1499320.0,392200.0,0.1363,26.99,27.37,37.04,61.95,85.14
1499320.0,396360.0,0.0801,27.11,27.47,37.24,61.74,86.87
1499320.0,400520.0,0.1212,27.28,27.62,37.57,61.45,89.26
1499320.0,404680.0,0.1119,27.47,27.78,37.94,61.14,91.99
1495160.0,155080.0,0.0022,27.68,28.15,42.1,72.18,94.93
1495160.0,159240.0,0.0028,27.68,28.16,42.14,72.25,94.83
1495160.0,163400.0,0.0074,27.66,28.17,42.17,72.33,94.67
1495160.0,167560.0,0.0077,27.65,28.16,42.18,72.39,94.44
1495160.0,171720.0,0.0064,27.62,28.13,42.15,72.41,94.1
1495160.0,175880.0,0.0056,27.59,28.07,42.06,72.34,93.62
1495160.0,180040.0,0.0027,27.55,27.99,41.92,72.19,93.07
1495160.0,184200.0,0.0048,27.51,27.88,41.74,72.0,92.45
1495160.0,188360.0,0.0042,27.45,27.75,41.53,71.77,91.73
1495160.0,192520.0,0.0029,27.39,27.61,41.28,71.52,90.88
1495160.0,196680.0,0.004,27.32,27.46,41.01,71.24,89.87
1495160.0,200840.0,0.0042,27.24,27.3,40.73,70.96,88.67
1495160.0,205000.0,0.0027,27.13,27.12,40.41,70.65,87.19
1495160.0,209160.0,0.0042,27.0,26.92,40.02,70.24,85.34
1495160.0,213320.0,0.0021,26.85,26.7,39.59,69.8,83.26
1495160.0,217480.0,0.0029,26.7,26.48,39.16,69.36,81.08
1495160.0,221640.0,0.1288,26.55,26.27,38.75,68.99,78.98
1495160.0,225800.0,0.3447,26.41,26.09,38.39,68.73,77.1
1495160.0,229960.0,0.1781,26.3,25.95,38.12,68.66,75.58
1495160.0,234120.0,0.0677,26.21,25.84,37.94,68.81,74.32
1495160.0,238280.0,0.0931,26.14,25.75,37.81,69.13,73.23
1495160.0,242440.0,0.4106,26.07,25.68,37.73,69.56,72.31
1495160.0,246600.0,0.558,26.02,25.64,37.68,70.02,71.58
1495160.0,250760.0,0.4321,25.98,25.6,37.65,70.43,71.04
1495160.0,254920.0,0.2224,25.96,25.58,37.63,70.71,70.72
1495160.0,259080.0,0.0858,25.95,25.58,37.63,70.82,70.67
1495160.0,263240.0,0.107,25.98,25.6,37.66,70.83,70.98
1495160.0,267400.0,0.1473,26.02,25.65,37.72,70.77,71.54
1495160.0,271560.0,0.1316,26.07,25.71,37.79,70.65,72.25
1495160.0,275720.0,0.262,26.12,25.76,37.86,70.49,72.97
1495160.0,279880.0,0.2409,26.16,25.78,37.91,70.31,73.58
1495160.0,284040.0,0.2335,26.19,25.78,37.91,70.12,73.96
1495160.0,288200.0,0.1173,26.19,25.7,37.87,69.94,73.98
1495160.0,292360.0,0.244,26.17,25.58,37.79,69.76,73.75
1495160.0,296520.0,0.107,26.15,25.44,37.69,69.55,73.44
1495160.0,300680.0,0.1072,26.14,25.32,37.59,69.28,73.24
1495160.0,304840.0,0.1036,26.15,25.25,37.53,68.95,73.36
1495160.0,309000.0,0.1479,26.19,25.26,37.52,68.51,73.96
1495160.0,313160.0,0.1774,26.28,25.4,37.59,67.94,75.28
1495160.0,317320.0,0.1437,26.44,25.67,37.75,67.18,77.45
1495160.0,321480.0,0.1205,26.63,26.02,37.96,66.3,80.15
1495160.0,325640.0,0.0771,26.84,26.4,38.18,65.4,83.03
1495160.0,329800.0,0.1022,27.03,26.78,38.39,64.56,85.74
1495160.0,333960.0,0.3813,27.18,27.11,38.55,63.84,87.94
1495160.0,338120.0,0.0818,27.28,27.34,38.61,63.32,89.26
1495160.0,342280.0,0.1968,27.31,27.47,38.58,63.0,89.65
1495160.0,346440.0,0.1848,27.29,27.55,38.48,62.82,89.35
1495160.0,350600.0,0.1137,27.23,27.59,38.33,62.73,88.61
1495160.0,354760.0,0.1146,27.17,27.6,38.16,62.71,87.69
1495160.0,358920.0,0.1424,27.11,27.6,38.0,62.69,86.83
1495160.0,363080.0,0.1306,27.07,27.61,37.87,62.65,86.3
1495160.0,367240.0,0.1134,27.06,27.63,37.78,62.54,86.2
1495160.0,371400.0,0.2153,27.06,27.63,37.68,62.42,86.19
1495160.0,375560.0,0.088,27.07,27.63,37.58,62.3,86.28
1495160.0,379720.0,0.1402,27.08,27.63,37.5,62.18,86.52
1495160.0,383880.0,0.1677,27.12,27.63,37.46,62.06,86.96
1495160.0,388040.0,0.1654,27.16,27.64,37.47,61.96,87.65
1495160.0,392200.0,0.2238,27.23,27.67,37.57,61.87,88.64
1495160.0,396360.0,0.2041,27.35,27.76,37.78,61.76,90.19
1495160.0,400520.0,0.1153,27.49,27.88,38.1,61.64,92.26
1495160.0,404680.0,0.1139,27.66,28.01,38.47,61.52,94.58
1491000.0,150920.0,0.0023,27.7,28.17,42.21,72.31,95.2
1491000.0,155080.0,0.0035,27.71,28.18,42.26,72.31,95.25
1491000.0,159240.0,0.0027,27.71,28.2,42.33,72.36,95.31
1491000.0,163400.0,0.0057,27.71,28.21,42.39,72.43,95.34
1491000.0,167560.0,0.0049,27.71,28.21,42.43,72.48,95.32
1491000.0,171720.0,0.0051,27.7,28.19,42.43,72.48,95.2
1491000.0,175880.0,0.0036,27.68,28.15,42.38,72.41,94.95
1491000.0,180040.0,0.0057,27.66,28.09,42.28,72.25,94.66
1491000.0,184200.0,0.0039,27.64,28.02,42.14,72.05,94.34
1491000.0,188360.0,0.0025,27.61,27.92,41.97,71.81,93.93
1491000.0,192520.0,0.0043,27.57,27.82,41.77,71.55,93.38
1491000.0,196680.0,0.0041,27.52,27.7,41.55,71.28,92.65
1491000.0,200840.0,0.0021,27.45,27.56,41.29,71.01,91.68
1491000.0,205000.0,0.0029,27.36,27.41,41.01,70.72,90.38
1491000.0,209160.0,0.004,27.24,27.22,40.65,70.36,88.69
1491000.0,213320.0,0.0038,27.1,27.02,40.25,69.96,86.73
1491000.0,217480.0,0.0038,26.95,26.8,39.84,69.57,84.66
1491000.0,221640.0,0.0037,26.8,26.6,39.45,69.26,82.61
1491000.0,225800.0,0.0074,26.67,26.42,39.11,69.06,80.74
1491000.0,229960.0,0.0061,26.56,26.27,38.84,69.04,79.18
1491000.0,234120.0,0.0027,26.46,26.15,38.65,69.25,77.8
1491000.0,238280.0,0.0058,26.37,26.05,38.5,69.64,76.5
1491000.0,242440.0,0.0064,26.29,25.96,38.39,70.13,75.33
1491000.0,246600.0,0.0026,26.22,25.89,38.31,70.65,74.33
1491000.0,250760.0,0.0044,26.16,25.84,38.25,71.12,73.56
1491000.0,254920.0,0.1491,26.12,25.8,38.22,71.45,73.05
1491000.0,259080.0,0.1336,26.11,25.79,38.2,71.61,72.88
1491000.0,263240.0,0.182,26.13,25.81,38.22,71.66,73.13
1491000.0,267400.0,0.6145,26.17,25.85,38.28,71.63,73.68
1491000.0,271560.0,0.1144,26.22,25.9,38.35,71.53,74.38
1491000.0,275720.0,0.15,26.27,25.95,38.42,71.4,75.1
1491000.0,279880.0,0.0715,26.31,25.97,38.46,71.23,75.69
1491000.0,284040.0,0.0776,26.34,25.96,38.47,71.06,76.04
1491000.0,288200.0,0.1273,26.33,25.87,38.42,70.88,76.01
1491000.0,292360.0,0.1846,26.31,25.74,38.34,70.7,75.73
1491000.0,296520.0,0.1304,26.29,25.59,38.23,70.48,75.37
1491000.0,300680.0,0.1956,26.27,25.45,38.14,70.21,75.11
1491000.0,304840.0,0.0859,26.27,25.36,38.07,69.88,75.13
1491000.0,309000.0,0.0849,26.31,25.36,38.05,69.46,75.6
1491000.0,313160.0,0.0335,26.39,25.47,38.1,68.91,76.75
1491000.0,317320.0,0.1946,26.52,25.7,38.23,68.22,78.64
1491000.0,321480.0,0.1501,26.69,26.01,38.41,67.42,81.0
1491000.0,325640.0,0.1737,26.87,26.35,38.61,66.59,83.55
1491000.0,329800.0,0.0573,27.04,26.7,38.79,65.8,85.97
1491000.0,333960.0,0.2645,27.19,27.0,38.92,65.1,87.98
1491000.0,338120.0,0.1042,27.28,27.23,38.97,64.54,89.27
1491000.0,342280.0,0.1734,27.32,27.39,38.94,64.12,89.79
1491000.0,346440.0,0.0679,27.32,27.52,38.83,63.79,89.78
1491000.0,350600.0,0.1116,27.29,27.61,38.69,63.53,89.42
1491000.0,354760.0,0.1377,27.25,27.68,38.53,63.31,88.91
1491000.0,358920.0,0.3028,27.22,27.74,38.38,63.12,88.45
1491000.0,363080.0,0.1393,27.21,27.79,38.26,62.94,88.24
1491000.0,367240.0,0.21,27.22,27.84,38.18,62.75,88.37
1491000.0,371400.0,0.5531,27.23,27.86,38.09,62.56,88.58
1491000.0,375560.0,0.1143,27.25,27.87,38.01,62.39,88.85
1491000.0,379720.0,0.0483,27.28,27.87,37.94,62.25,89.24
1491000.0,383880.0,0.1692,27.32,27.87,37.92,62.13,89.78
1491000.0,388040.0,0.0521,27.37,27.88,37.94,62.04,90.52
1491000.0,392200.0,0.1073,27.44,27.91,38.04,61.99,91.48
1491000.0,396360.0,0.0568,27.53,27.97,38.25,61.98,92.86
1491000.0,400520.0,0.1901,27.66,28.06,38.56,62.0,94.62
1491000.0,404680.0,0.099,27.8,28.17,38.93,62.04,96.58
1486840.0,150920.0,0.004,27.71,28.17,42.32,72.42,95.3
1486840.0,155080.0,0.0058,27.72,28.19,42.38,72.38,95.45
1486840.0,159240.0,0.0017,27.73,28.21,42.46,72.37,95.65
1486840.0,163400.0,0.0053,27.75,28.22,42.54,72.39,95.85
1486840.0,167560.0,0.0041,27.76,28.23,42.6,72.39,96.0
1486840.0,171720.0,0.0053,27.76,28.23,42.63,72.35,96.06
1486840.0,175880.0,0.0032,27.76,28.2,42.61,72.26,96.0
1486840.0,180040.0,0.0025,27.75,28.16,42.54,72.12,95.91
1486840.0,184200.0,0.0044,27.74,28.11,42.45,71.94,95.8
1486840.0,188360.0,0.0056,27.73,28.05,42.33,71.74,95.62
1486840.0,192520.0,0.0025,27.71,27.97,42.18,71.52,95.3
1486840.0,196680.0,0.0037,27.67,27.88,42.0,71.29,94.8
1486840.0,200840.0,0.0015,27.62,27.78,41.79,71.07,94.05
1486840.0,205000.0,0.0022,27.54,27.65,41.54,70.82,92.97
1486840.0,209160.0,0.0059,27.44,27.49,41.23,70.51,91.51
1486840.0,213320.0,0.0049,27.32,27.3,40.88,70.17,89.79
1486840.0,217480.0,0.0021,27.18,27.11,40.51,69.84,87.94
1486840.0,221640.0,0.003,27.05,26.93,40.16,69.58,86.09
1486840.0,225800.0,0.0033,26.93,26.76,39.84,69.44,84.36
1486840.0,229960.0,0.0023,26.82,26.62,39.6,69.45,82.89
1486840.0,234120.0,0.0026,26.73,26.5,39.4,69.69,81.5
1486840.0,238280.0,0.002,26.63,26.4,39.24,70.1,80.13
1486840.0,242440.0,0.0063,26.54,26.3,39.12,70.61,78.85
1486840.0,246600.0,0.0032,26.46,26.22,39.02,71.15,77.73
1486840.0,250760.0,0.0012,26.39,26.16,38.95,71.63,76.82
1486840.0,254920.0,0.0058,26.35,26.12,38.89,71.99,76.21
1486840.0,259080.0,0.0071,26.33,26.09,38.86,72.18,75.98
1486840.0,263240.0,0.1101,26.35,26.11,38.89,72.27,76.19
1486840.0,267400.0,0.1805,26.38,26.14,38.94,72.29,76.7
1486840.0,271560.0,0.1268,26.43,26.19,39.01,72.25,77.37
1486840.0,275720.0,0.147,26.48,26.23,39.07,72.15,78.06
1486840.0,279880.0,0.1537,26.52,26.24,39.11,72.03,78.63
1486840.0,284040.0,0.0931,26.54,26.22,39.12,71.87,78.94
1486840.0,288200.0,0.1849,26.54,26.13,39.07,71.7,78.9
1486840.0,292360.0,0.1433,26.52,26.0,38.98,71.5,78.64
1486840.0,296520.0,0.1126,26.5,25.84,38.88,71.26,78.31
1486840.0,300680.0,0.0968,26.48,25.7,38.79,70.97,78.05
1486840.0,304840.0,0.1382,26.48,25.6,38.71,70.63,78.01
1486840.0,309000.0,0.0941,26.5,25.58,38.68,70.22,78.37
1486840.0,313160.0,0.1173,26.57,25.67,38.71,69.72,79.28
1486840.0,317320.0,0.0949,26.68,25.85,38.81,69.11,80.79
1486840.0,321480.0,0.133,26.81,26.09,38.95,68.42,82.69
1486840.0,325640.0,0.2861,26.96,26.38,39.1,67.71,84.75
1486840.0,329800.0,0.0905,27.1,26.67,39.23,67.0,86.73
1486840.0,333960.0,0.1489,27.22,26.93,39.33,66.35,88.39
1486840.0,338120.0,0.204,27.3,27.14,39.35,65.79,89.51
1486840.0,342280.0,0.0762,27.33,27.31,39.3,65.3,90.04
1486840.0,346440.0,0.1944,27.34,27.47,39.18,64.86,90.16
1486840.0,350600.0,0.0879,27.33,27.61,39.03,64.45,90.03
1486840.0,354760.0,0.1281,27.32,27.73,38.87,64.08,89.8
1486840.0,358920.0,0.1407,27.3,27.83,38.72,63.75,89.6
1486840.0,363080.0,0.4135,27.3,27.92,38.6,63.46,89.61
1486840.0,367240.0,0.1859,27.32,27.98,38.53,63.2,89.9
1486840.0,371400.0,0.1871,27.35,28.02,38.45,62.96,90.26
1486840.0,375560.0,0.0825,27.38,28.03,38.37,62.76,90.68
1486840.0,379720.0,0.1593,27.42,28.03,38.32,62.59,91.19
1486840.0,383880.0,0.1098,27.46,28.03,38.31,62.47,91.82
1486840.0,388040.0,0.0571,27.51,28.03,38.35,62.4,92.57
1486840.0,392200.0,0.1926,27.58,28.05,38.45,62.4,93.48
1486840.0,396360.0,0.1412,27.66,28.1,38.66,62.49,94.65
1486840.0,400520.0,0.0757,27.76,28.16,38.95,62.66,96.07
1486840.0,404680.0,0.1867,27.88,28.23,39.3,62.88,97.63
1482680.0,150920.0,0.003,27.71,28.16,42.42,72.5,95.33
1482680.0,155080.0,0.0032,27.73,28.18,42.48,72.4,95.57
1482680.0,159240.0,0.0038,27.75,28.2,42.56,72.32,95.88
1482680.0,163400.0,0.0024,27.77,28.22,42.65,72.25,96.21
1482680.0,167560.0,0.0035,27.79,28.24,42.72,72.18,96.5
1482680.0,171720.0,0.0047,27.81,28.24,42.76,72.09,96.71
1482680.0,175880.0,0.0039,27.82,28.23,42.76,71.99,96.8
1482680.0,180040.0,0.0018,27.82,28.21,42.73,71.87,96.85
1482680.0,184200.0,0.0044,27.82,28.18,42.67,71.74,96.9
1482680.0,188360.0,0.0036,27.82,28.14,42.6,71.6,96.88
1482680.0,192520.0,0.0017,27.81,28.09,42.5,71.45,96.73
1482680.0,196680.0,0.0008,27.79,28.03,42.37,71.3,96.42
1482680.0,200840.0,0.0011,27.75,27.95,42.21,71.14,95.87
1482680.0,205000.0,0.0044,27.69,27.84,42.02,70.95,95.03
1482680.0,209160.0,0.0053,27.61,27.71,41.76,70.69,93.86
1482680.0,213320.0,0.0054,27.51,27.56,41.46,70.41,92.45
1482680.0,217480.0,0.003,27.4,27.41,41.15,70.14,90.92
1482680.0,221640.0,0.007,27.29,27.25,40.85,69.93,89.36
1482680.0,225800.0,0.0098,27.18,27.1,40.58,69.83,87.88
1482680.0,229960.0,0.0051,27.09,26.98,40.36,69.87,86.57
1482680.0,234120.0,0.0023,26.99,26.88,40.18,70.12,85.27
1482680.0,238280.0,0.004,26.9,26.78,40.02,70.52,83.94
1482680.0,242440.0,0.0011,26.81,26.69,39.88,71.01,82.65
1482680.0,246600.0,0.0011,26.73,26.61,39.77,71.53,81.5
1482680.0,250760.0,0.0048,26.66,26.54,39.68,72.0,80.56
1482680.0,254920.0,0.0042,26.61,26.49,39.62,72.36,79.91
1482680.0,259080.0,0.0039,26.59,26.46,39.59,72.58,79.66
1482680.0,263240.0,0.002,26.61,26.47,39.61,72.72,79.83
1482680.0,267400.0,0.0031,26.64,26.5,39.65,72.8,80.29
1482680.0,271560.0,0.1458,26.68,26.54,39.72,72.82,80.91
1482680.0,275720.0,0.1893,26.73,26.56,39.78,72.78,81.55
1482680.0,279880.0,0.421,26.77,26.57,39.82,72.7,82.08
1482680.0,284040.0,0.1488,26.79,26.54,39.82,72.58,82.37
1482680.0,288200.0,0.1432,26.79,26.45,39.77,72.41,82.36
1482680.0,292360.0,0.1153,26.77,26.32,39.69,72.18,82.17
1482680.0,296520.0,0.1253,26.75,26.17,39.6,71.91,81.91
1482680.0,300680.0,0.1196,26.74,26.04,39.5,71.59,81.69
1482680.0,304840.0,0.2103,26.74,25.93,39.42,71.24,81.64
1482680.0,309000.0,0.1194,26.75,25.9,39.38,70.84,81.87
1482680.0,313160.0,0.1299,26.8,25.94,39.38,70.4,82.51
1482680.0,317320.0,0.1127,26.87,26.07,39.44,69.9,83.58
1482680.0,321480.0,0.132,26.97,26.24,39.52,69.34,84.93
1482680.0,325640.0,0.0522,27.07,26.45,39.62,68.76,86.39
1482680.0,329800.0,0.1562,27.18,26.67,39.7,68.17,87.81
1482680.0,333960.0,0.1496,27.26,26.88,39.75,67.59,89.02
1482680.0,338120.0,0.1406,27.32,27.06,39.74,67.06,89.87
1482680.0,342280.0,0.3898,27.35,27.23,39.66,66.53,90.31
1482680.0,346440.0,0.0971,27.37,27.41,39.52,66.0,90.47
1482680.0,350600.0,0.0949,27.36,27.58,39.36,65.48,90.46
1482680.0,354760.0,0.151,27.36,27.74,39.19,64.98,90.4
1482680.0,358920.0,0.0937,27.36,27.88,39.03,64.54,90.38
1482680.0,363080.0,0.3335,27.37,27.99,38.91,64.16,90.53
1482680.0,367240.0,0.2053,27.4,28.07,38.83,63.85,90.9
1482680.0,371400.0,0.0704,27.43,28.11,38.76,63.57,91.37
1482680.0,375560.0,0.15,27.47,28.13,38.7,63.33,91.9
1482680.0,379720.0,0.1255,27.51,28.13,38.66,63.15,92.51
1482680.0,383880.0,0.1876,27.56,28.12,38.65,63.03,93.2
1482680.0,388040.0,0.1775,27.61,28.12,38.7,62.99,93.95
1482680.0,392200.0,0.1598,27.67,28.13,38.8,63.04,94.77
1482680.0,396360.0,0.3287,27.74,28.15,39.0,63.24,95.71
1482680.0,400520.0,0.3633,27.81,28.18,39.28,63.58,96.76
1482680.0,404680.0,0.1677,27.89,28.22,39.61,63.99,97.9
1478520.0,150920.0,0.002,27.71,28.13,42.5,72.56,95.32
1478520.0,155080.0,0.0022,27.73,28.15,42.56,72.39,95.63
1478520.0,159240.0,0.0021,27.76,28.18,42.63,72.23,96.03
1478520.0,163400.0,0.0025,27.79,28.2,42.71,72.07,96.45
1478520.0,167560.0,0.0017,27.82,28.23,42.78,71.92,96.85
1478520.0,171720.0,0.0022,27.84,28.24,42.83,71.79,97.18
1478520.0,175880.0,0.0031,27.86,28.24,42.85,71.67,97.38
1478520.0,180040.0,0.0027,27.87,28.23,42.85,71.58,97.54
1478520.0,184200.0,0.0035,27.88,28.22,42.84,71.51,97.69
1478520.0,188360.0,0.0027,27.89,28.2,42.81,71.44,97.78
1478520.0,192520.0,0.003,27.88,28.17,42.75,71.38,97.76
1478520.0,196680.0,0.0006,27.87,28.13,42.68,71.31,97.6
1478520.0,200840.0,0.0009,27.85,28.08,42.57,71.22,97.25
1478520.0,205000.0,0.0032,27.8,28.0,42.42,71.08,96.65
1478520.0,209160.0,0.0044,27.74,27.91,42.22,70.89,95.78
1478520.0,213320.0,0.0065,27.67,27.79,41.99,70.66,94.73
1478520.0,217480.0,0.0091,27.58,27.67,41.74,70.44,93.56
1478520.0,221640.0,0.0098,27.5,27.55,41.5,70.28,92.34
1478520.0,225800.0,0.0119,27.41,27.44,41.27,70.21,91.15
1478520.0,229960.0,0.0093,27.34,27.34,41.09,70.28,90.07
1478520.0,234120.0,0.0038,27.25,27.25,40.92,70.51,88.92
1478520.0,238280.0,0.0029,27.17,27.16,40.77,70.88,87.69
1478520.0,242440.0,0.0074,27.08,27.08,40.64,71.33,86.48
1478520.0,246600.0,0.0051,27.0,27.0,40.52,71.81,85.36
1478520.0,250760.0,0.0053,26.94,26.94,40.42,72.25,84.44
1478520.0,254920.0,0.011,26.89,26.89,40.36,72.6,83.81
1478520.0,259080.0,0.0097,26.87,26.86,40.32,72.83,83.56
1478520.0,263240.0,0.0099,26.88,26.86,40.33,73.02,83.71
1478520.0,267400.0,0.0135,26.91,26.88,40.38,73.16,84.12
1478520.0,271560.0,0.007,26.95,26.9,40.44,73.26,84.68
1478520.0,275720.0,0.009,26.99,26.92,40.49,73.29,85.26
1478520.0,279880.0,0.0888,27.03,26.92,40.53,73.27,85.74
1478520.0,284040.0,0.0686,27.05,26.88,40.52,73.17,86.0
1478520.0,288200.0,0.1361,27.05,26.8,40.48,73.0,86.03
1478520.0,292360.0,0.1327,27.04,26.68,40.41,72.75,85.93
1478520.0,296520.0,0.2398,27.03,26.54,40.32,72.44,85.78
1478520.0,300680.0,0.1426,27.02,26.41,40.24,72.1,85.64
1478520.0,304840.0,0.2001,27.02,26.31,40.16,71.73,85.58
1478520.0,309000.0,0.1593,27.03,26.26,40.1,71.35,85.7
1478520.0,313160.0,0.1395,27.05,26.27,40.07,70.98,86.06
1478520.0,317320.0,0.0782,27.09,26.33,40.08,70.59,86.66
1478520.0,321480.0,0.1207,27.15,26.43,40.11,70.17,87.42
1478520.0,325640.0,0.0928,27.21,26.56,40.15,69.74,88.25
1478520.0,329800.0,0.131,27.27,26.7,40.17,69.28,89.07
1478520.0,333960.0,0.1634,27.32,26.85,40.17,68.81,89.78
1478520.0,338120.0,0.1336,27.35,27.0,40.11,68.31,90.3
1478520.0,342280.0,0.1148,27.37,27.16,40.01,67.77,90.6
1478520.0,346440.0,0.1875,27.38,27.35,39.85,67.17,90.73
1478520.0,350600.0,0.1049,27.39,27.54,39.67,66.56,90.77
1478520.0,354760.0,0.148,27.39,27.73,39.49,65.97,90.81
1478520.0,358920.0,0.1827,27.4,27.9,39.32,65.44,90.9
1478520.0,363080.0,0.163,27.41,28.03,39.2,65.0,91.12
1478520.0,367240.0,0.1417,27.44,28.11,39.11,64.65,91.54
1478520.0,371400.0,0.1464,27.48,28.16,39.04,64.34,92.07
1478520.0,375560.0,0.1111,27.52,28.18,38.99,64.07,92.69
1478520.0,379720.0,0.1932,27.57,28.18,38.96,63.87,93.38
1478520.0,383880.0,0.1669,27.62,28.17,38.96,63.76,94.1
1478520.0,388040.0,0.0611,27.68,28.16,39.01,63.75,94.83
1478520.0,392200.0,0.1544,27.73,28.15,39.11,63.85,95.56
1478520.0,396360.0,0.4739,27.78,28.15,39.29,64.17,96.25
1478520.0,400520.0,0.1606,27.82,28.15,39.56,64.66,96.93
1474360.0,150920.0,0.0008,27.71,28.11,42.57,72.63,95.32
1474360.0,155080.0,0.0012,27.74,28.13,42.62,72.39,95.67
1474360.0,159240.0,0.0027,27.77,28.15,42.69,72.15,96.12
1474360.0,163400.0,0.0038,27.8,28.18,42.76,71.91,96.61
1474360.0,167560.0,0.0022,27.84,28.21,42.83,71.69,97.08
1474360.0,171720.0,0.0013,27.86,28.23,42.88,71.5,97.49
1474360.0,175880.0,0.0024,27.88,28.24,42.91,71.38,97.77
1474360.0,180040.0,0.0022,27.9,28.24,42.94,71.32,98.01
1474360.0,184200.0,0.003,27.92,28.24,42.96,71.3,98.23
1474360.0,188360.0,0.0039,27.93,28.24,42.96,71.31,98.39
1474360.0,192520.0,0.0029,27.94,28.23,42.95,71.33,98.48
1474360.0,196680.0,0.0019,27.93,28.21,42.92,71.34,98.44
1474360.0,200840.0,0.0025,27.92,28.17,42.86,71.31,98.26
1474360.0,205000.0,0.0017,27.89,28.13,42.76,71.23,97.88
1474360.0,209160.0,0.0044,27.85,28.06,42.62,71.08,97.32
1474360.0,213320.0,0.0023,27.8,27.99,42.45,70.91,96.62
1474360.0,217480.0,0.0037,27.75,27.9,42.26,70.74,95.81
1474360.0,221640.0,0.0056,27.68,27.82,42.08,70.62,94.94
1474360.0,225800.0,0.0079,27.62,27.73,41.9,70.57,94.07
1474360.0,229960.0,0.0134,27.56,27.66,41.75,70.64,93.22
1474360.0,234120.0,0.0075,27.49,27.59,41.61,70.86,92.25
1474360.0,238280.0,0.0091,27.41,27.51,41.47,71.19,91.17
1474360.0,242440.0,0.0111,27.34,27.44,41.33,71.59,90.06
1474360.0,246600.0,0.0059,27.26,27.38,41.22,72.01,89.03
1474360.0,250760.0,0.0072,27.2,27.32,41.12,72.41,88.17
1474360.0,254920.0,0.0114,27.16,27.27,41.05,72.74,87.59
1474360.0,259080.0,0.0081,27.14,27.24,41.02,72.98,87.36
1474360.0,263240.0,0.0058,27.15,27.24,41.03,73.21,87.48
1474360.0,267400.0,0.0095,27.18,27.25,41.07,73.42,87.83
1474360.0,271560.0,0.0079,27.21,27.26,41.12,73.58,88.32
1474360.0,275720.0,0.0069,27.25,27.27,41.17,73.69,88.84
1474360.0,279880.0,0.0079,27.28,27.26,41.2,73.72,89.26
1474360.0,284040.0,0.01,27.3,27.22,41.19,73.66,89.5
1474360.0,288200.0,0.0059,27.3,27.14,41.15,73.48,89.58
1474360.0,292360.0,0.215,27.3,27.04,41.09,73.21,89.58
1474360.0,296520.0,0.1132,27.3,26.91,41.02,72.88,89.54
1474360.0,300680.0,0.0895,27.29,26.8,40.93,72.51,89.48
1474360.0,304840.0,0.1299,27.29,26.7,40.86,72.13,89.43
1474360.0,309000.0,0.1829,27.29,26.63,40.79,71.78,89.45
1474360.0,313160.0,0.1976,27.3,26.61,40.74,71.48,89.54
1474360.0,317320.0,0.1469,27.31,26.61,40.7,71.2,89.69
1474360.0,321480.0,0.1514,27.32,26.64,40.68,70.92,89.89
1474360.0,325640.0,0.3333,27.34,26.69,40.66,70.64,90.11
1474360.0,329800.0,0.3063,27.36,26.76,40.62,70.32,90.35
1474360.0,333960.0,0.0905,27.37,26.85,40.56,69.95,90.58
1474360.0,338120.0,0.1959,27.39,26.96,40.48,69.51,90.77
1474360.0,342280.0,0.1056,27.4,27.11,40.34,68.96,90.9
1474360.0,346440.0,0.1861,27.4,27.3,40.16,68.33,90.97
1474360.0,350600.0,0.1678,27.4,27.51,39.97,67.65,91.02
1474360.0,354760.0,0.182,27.41,27.71,39.78,66.99,91.11
1474360.0,358920.0,0.1396,27.42,27.9,39.6,66.39,91.26
1474360.0,363080.0,0.1377,27.44,28.04,39.47,65.9,91.53
1474360.0,367240.0,0.1071,27.47,28.13,39.38,65.53,91.96
1474360.0,371400.0,0.1716,27.51,28.18,39.31,65.19,92.54
1474360.0,375560.0,0.1673,27.56,28.2,39.26,64.91,93.22
1474360.0,379720.0,0.1237,27.61,28.2,39.24,64.7,93.96
1474360.0,383880.0,0.1385,27.67,28.18,39.25,64.59,94.71
1474360.0,388040.0,0.1368,27.72,28.16,39.3,64.6,95.41
1474360.0,392200.0,0.2631,27.76,28.15,39.39,64.75,96.03
1474360.0,396360.0,0.1027,27.79,28.13,39.57,65.17,96.48
1474360.0,400520.0,0.2918,27.82,28.1,39.81,65.81,96.81
1470200.0,146760.0,0.0033,27.7,28.09,42.62,72.9,95.23
1470200.0,150920.0,0.0018,27.71,28.09,42.64,72.7,95.34
1470200.0,155080.0,0.003,27.74,28.1,42.68,72.42,95.7
1470200.0,159240.0,0.0016,27.77,28.13,42.74,72.11,96.18
1470200.0,163400.0,0.0026,27.81,28.16,42.8,71.81,96.7
1470200.0,167560.0,0.0019,27.85,28.19,42.86,71.54,97.22
1470200.0,171720.0,0.0018,27.88,28.21,42.92,71.33,97.67
1470200.0,175880.0,0.0019,27.9,28.23,42.96,71.2,98.01
1470200.0,180040.0,0.0013,27.92,28.24,43.0,71.16,98.3
1470200.0,184200.0,0.0042,27.94,28.25,43.05,71.18,98.57
1470200.0,188360.0,0.0022,27.96,28.26,43.08,71.25,98.8
1470200.0,192520.0,0.0033,27.97,28.26,43.11,71.33,98.96
1470200.0,196680.0,0.0021,27.97,28.26,43.12,71.4,99.03
1470200.0,200840.0,0.0014,27.97,28.25,43.09,71.42,98.99
1470200.0,205000.0,0.0039,27.96,28.22,43.04,71.38,98.81
1470200.0,209160.0,0.0021,27.94,28.19,42.94,71.27,98.52
1470200.0,213320.0,0.0044,27.91,28.14,42.83,71.14,98.12
1470200.0,217480.0,0.0024,27.88,28.09,42.69,71.0,97.63
1470200.0,221640.0,0.0056,27.84,28.03,42.56,70.91,97.08
1470200.0,225800.0,0.0096,27.79,27.98,42.42,70.88,96.48
1470200.0,229960.0,0.0043,27.75,27.93,42.31,70.96,95.85
1470200.0,234120.0,0.0082,27.69,27.87,42.19,71.15,95.06
1470200.0,238280.0,0.0093,27.63,27.81,42.06,71.44,94.13
1470200.0,242440.0,0.0083,27.56,27.75,41.93,71.78,93.15
1470200.0,246600.0,0.0088,27.49,27.7,41.82,72.15,92.21
1470200.0,250760.0,0.0086,27.43,27.65,41.72,72.51,91.43
1470200.0,254920.0,0.0101,27.4,27.6,41.65,72.81,90.9
1470200.0,259080.0,0.0044,27.38,27.58,41.62,73.07,90.7
1470200.0,263240.0,0.0085,27.39,27.57,41.63,73.33,90.8
1470200.0,267400.0,0.0096,27.41,27.57,41.67,73.59,91.1
1470200.0,271560.0,0.0093,27.44,27.58,41.72,73.81,91.52
1470200.0,275720.0,0.0074,27.47,27.58,41.76,73.97,91.96
1470200.0,279880.0,0.013,27.5,27.56,41.78,74.05,92.33
1470200.0,284040.0,0.0103,27.51,27.52,41.78,74.02,92.55
1470200.0,288200.0,0.0079,27.52,27.45,41.74,73.86,92.67
1470200.0,292360.0,0.0062,27.53,27.35,41.69,73.58,92.75
1470200.0,296520.0,0.0655,27.53,27.25,41.63,73.23,92.8
1470200.0,300680.0,0.206,27.53,27.14,41.55,72.85,92.81
1470200.0,304840.0,0.1819,27.53,27.05,41.47,72.48,92.77
1470200.0,309000.0,0.1228,27.52,26.97,41.4,72.16,92.7
1470200.0,313160.0,0.1304,27.51,26.92,41.32,71.92,92.56
1470200.0,317320.0,0.1567,27.5,26.88,41.25,71.75,92.34
1470200.0,321480.0,0.1678,27.48,26.85,41.19,71.6,92.05
1470200.0,325640.0,0.1193,27.46,26.83,41.11,71.45,91.76
1470200.0,329800.0,0.1154,27.44,26.84,41.03,71.26,91.5
1470200.0,333960.0,0.2017,27.42,26.88,40.93,70.99,91.31
1470200.0,338120.0,0.182,27.42,26.95,40.81,70.6,91.23
1470200.0,342280.0,0.0781,27.42,27.09,40.65,70.07,91.2
1470200.0,346440.0,0.1216,27.42,27.27,40.46,69.41,91.21
1470200.0,350600.0,0.1158,27.42,27.49,40.25,68.7,91.27
1470200.0,354760.0,0.1542,27.43,27.7,40.05,67.99,91.4
1470200.0,358920.0,0.096,27.45,27.9,39.88,67.35,91.6
1470200.0,363080.0,0.1499,27.47,28.04,39.74,66.83,91.9
1470200.0,367240.0,0.1459,27.5,28.13,39.65,66.44,92.33
1470200.0,371400.0,0.1072,27.54,28.18,39.58,66.08,92.94
1470200.0,375560.0,0.1059,27.59,28.2,39.54,65.78,93.66
1470200.0,379720.0,0.2581,27.65,28.2,39.52,65.56,94.44
1470200.0,383880.0,0.1747,27.7,28.18,39.53,65.45,95.2
1470200.0,388040.0,0.4204,27.75,28.16,39.58,65.48,95.87
1470200.0,392200.0,0.1002,27.79,28.13,39.67,65.67,96.39
1470200.0,396360.0,0.1363,27.8,28.09,39.83,66.16,96.63
1470200.0,400520.0,0.2066,27.8,28.04,40.05,66.93,96.65
1466040.0,146760.0,0.0022,27.71,28.08,42.7,73.0,95.29
1466040.0,150920.0,0.0014,27.72,28.08,42.71,72.78,95.41
1466040.0,155080.0,0.0029,27.74,28.09,42.75,72.49,95.76
1466040.0,159240.0,0.0025,27.78,28.12,42.8,72.17,96.23
1466040.0,163400.0,0.0009,27.81,28.14,42.85,71.85,96.75
1466040.0,167560.0,0.0028,27.85,28.17,42.91,71.56,97.28
1466040.0,171720.0,0.0024,27.88,28.2,42.96,71.33,97.75
1466040.0,175880.0,0.0013,27.91,28.22,43.01,71.2,98.12
1466040.0,180040.0,0.0015,27.93,28.23,43.07,71.17,98.45
1466040.0,184200.0,0.0016,27.96,28.25,43.12,71.21,98.76
1466040.0,188360.0,0.0004,27.98,28.27,43.18,71.3,99.05
1466040.0,192520.0,0.0026,27.99,28.29,43.23,71.41,99.28
1466040.0,196680.0,0.0031,28.0,28.3,43.26,71.5,99.44
1466040.0,200840.0,0.0019,28.01,28.3,43.26,71.55,99.52
1466040.0,205000.0,0.0036,28.01,28.29,43.24,71.53,99.49
1466040.0,209160.0,0.0028,28.0,28.27,43.18,71.44,99.4
1466040.0,213320.0,0.0012,27.99,28.25,43.1,71.33,99.23
1466040.0,217480.0,0.0078,27.97,28.22,43.01,71.21,98.98
1466040.0,221640.0,0.0068,27.95,28.19,42.91,71.13,98.67
1466040.0,225800.0,0.0066,27.92,28.16,42.81,71.11,98.28
1466040.0,229960.0,0.0093,27.89,28.12,42.72,71.19,97.81
1466040.0,234120.0,0.0094,27.84,28.08,42.62,71.36,97.16
1466040.0,238280.0,0.0095,27.78,28.03,42.51,71.62,96.35
1466040.0,242440.0,0.0105,27.72,27.98,42.39,71.92,95.47
1466040.0,246600.0,0.0088,27.66,27.93,42.28,72.25,94.63
1466040.0,250760.0,0.0175,27.61,27.88,42.19,72.57,93.91
1466040.0,254920.0,0.0097,27.58,27.85,42.12,72.86,93.43
1466040.0,259080.0,0.0139,27.56,27.82,42.1,73.12,93.24
1466040.0,263240.0,0.0165,27.57,27.81,42.1,73.4,93.32
1466040.0,267400.0,0.0196,27.59,27.81,42.14,73.69,93.58
1466040.0,271560.0,0.0139,27.61,27.81,42.18,73.95,93.93
1466040.0,275720.0,0.0166,27.64,27.8,42.22,74.16,94.31
1466040.0,279880.0,0.0086,27.66,27.79,42.24,74.28,94.63
1466040.0,284040.0,0.0064,27.67,27.75,42.24,74.28,94.81
1466040.0,288200.0,0.0061,27.68,27.68,42.21,74.13,94.95
1466040.0,292360.0,0.0032,27.69,27.6,42.16,73.86,95.08
1466040.0,296520.0,0.0021,27.7,27.51,42.1,73.52,95.18
1466040.0,300680.0,0.0017,27.7,27.41,42.04,73.15,95.22
1466040.0,304840.0,0.2043,27.7,27.32,41.96,72.8,95.18
1466040.0,309000.0,0.1208,27.69,27.25,41.88,72.52,95.04
1466040.0,313160.0,0.1651,27.67,27.18,41.79,72.34,94.74
1466040.0,317320.0,0.1139,27.63,27.11,41.7,72.25,94.25
1466040.0,321480.0,0.0073,27.59,27.03,41.6,72.21,93.63
1466040.0,325640.0,0.1905,27.54,26.97,41.49,72.17,92.98
1466040.0,329800.0,0.0099,27.5,26.93,41.37,72.07,92.37
1466040.0,333960.0,0.1763,27.47,26.93,41.24,71.89,91.9
1466040.0,338120.0,0.2241,27.45,26.98,41.1,71.56,91.63
1466040.0,342280.0,0.1504,27.44,27.1,40.93,71.04,91.52
1466040.0,346440.0,0.133,27.44,27.28,40.74,70.38,91.51
1466040.0,350600.0,0.1492,27.44,27.49,40.53,69.65,91.59
1466040.0,354760.0,0.2324,27.46,27.71,40.33,68.92,91.77
1466040.0,358920.0,0.2249,27.48,27.9,40.15,68.25,92.02
1466040.0,363080.0,0.2232,27.5,28.05,40.02,67.71,92.35
1466040.0,367240.0,0.2459,27.53,28.14,39.93,67.31,92.79
1466040.0,371400.0,0.0834,27.58,28.19,39.86,66.94,93.43
1466040.0,375560.0,0.4166,27.63,28.21,39.82,66.63,94.19
1466040.0,379720.0,0.1083,27.69,28.2,39.81,66.4,94.99
1466040.0,383880.0,0.1224,27.74,28.19,39.83,66.28,95.75
1466040.0,388040.0,0.8407,27.79,28.16,39.88,66.31,96.39
1466040.0,392200.0,0.3206,27.82,28.12,39.96,66.52,96.83
1466040.0,396360.0,0.2169,27.82,28.07,40.1,67.06,96.9
1466040.0,400520.0,0.1659,27.81,28.0,40.3,67.89,96.68
1461880.0,146760.0,0.0024,27.72,28.08,42.75,73.07,95.45
1461880.0,150920.0,0.0012,27.72,28.07,42.78,72.89,95.5
1461880.0,155080.0,0.0014,27.74,28.09,42.8,72.62,95.8
1461880.0,159240.0,0.0015,27.77,28.1,42.84,72.31,96.2
1461880.0,163400.0,0.0032,27.81,28.12,42.89,72.01,96.65
1461880.0,167560.0,0.001,27.84,28.15,42.94,71.73,97.12
1461880.0,171720.0,0.0019,27.87,28.17,42.98,71.52,97.55
1461880.0,175880.0,0.001,27.89,28.19,43.03,71.39,97.9
1461880.0,180040.0,0.0019,27.92,28.21,43.08,71.36,98.24
1461880.0,184200.0,0.0025,27.94,28.23,43.15,71.4,98.57
1461880.0,188360.0,0.0013,27.96,28.25,43.21,71.49,98.89
1461880.0,192520.0,0.0032,27.98,28.27,43.27,71.58,99.17
1461880.0,196680.0,0.0012,28.0,28.29,43.31,71.67,99.4
1461880.0,200840.0,0.0027,28.01,28.3,43.33,71.71,99.56
1461880.0,205000.0,0.0028,28.02,28.3,43.32,71.68,99.65
1461880.0,209160.0,0.002,28.02,28.3,43.29,71.59,99.71
1461880.0,213320.0,0.0037,28.02,28.29,43.24,71.47,99.71
1461880.0,217480.0,0.0031,28.02,28.28,43.18,71.36,99.65
1461880.0,221640.0,0.0061,28.01,28.27,43.12,71.27,99.52
1461880.0,225800.0,0.0071,27.99,28.25,43.04,71.24,99.31
1461880.0,229960.0,0.0127,27.97,28.23,42.97,71.3,98.99
1461880.0,234120.0,0.0117,27.93,28.2,42.89,71.45,98.47
1461880.0,238280.0,0.0077,27.89,28.16,42.79,71.67,97.79
1461880.0,242440.0,0.0099,27.83,28.12,42.69,71.94,97.04
1461880.0,246600.0,0.0119,27.78,28.07,42.6,72.23,96.3
1461880.0,250760.0,0.0085,27.74,28.03,42.51,72.52,95.67
1461880.0,254920.0,0.0089,27.7,28.0,42.46,72.79,95.24
1461880.0,259080.0,0.0155,27.69,27.98,42.43,73.05,95.07
1461880.0,263240.0,0.0149,27.7,27.97,42.44,73.34,95.12
1461880.0,267400.0,0.0147,27.71,27.97,42.47,73.65,95.32
1461880.0,271560.0,0.015,27.73,27.97,42.51,73.93,95.6
1461880.0,275720.0,0.008,27.75,27.96,42.55,74.17,95.9
1461880.0,279880.0,0.0088,27.77,27.94,42.57,74.32,96.15
1461880.0,284040.0,0.0066,27.78,27.91,42.56,74.35,96.29
1461880.0,288200.0,0.0069,27.79,27.85,42.53,74.24,96.4
1461880.0,292360.0,0.003,27.8,27.78,42.5,74.01,96.53
1461880.0,296520.0,0.0078,27.8,27.7,42.44,73.7,96.62
1461880.0,300680.0,0.0073,27.81,27.62,42.38,73.38,96.66
1461880.0,304840.0,0.008,27.8,27.53,42.31,73.08,96.6
1461880.0,309000.0,0.0042,27.79,27.46,42.23,72.84,96.4
1461880.0,313160.0,0.0037,27.76,27.39,42.13,72.72,96.01
1461880.0,317320.0,0.0077,27.71,27.3,42.02,72.71,95.36
1461880.0,321480.0,0.1799,27.66,27.2,41.9,72.74,94.56
1461880.0,325640.0,0.0878,27.6,27.12,41.78,72.78,93.72
1461880.0,329800.0,0.1573,27.54,27.06,41.64,72.77,92.93
1461880.0,333960.0,0.0026,27.5,27.04,41.5,72.65,92.31
1461880.0,338120.0,0.1933,27.47,27.07,41.35,72.36,91.96
1461880.0,342280.0,0.1161,27.46,27.17,41.18,71.88,91.82
1461880.0,346440.0,0.0868,27.46,27.34,41.0,71.25,91.83
1461880.0,350600.0,0.2225,27.47,27.53,40.8,70.53,91.96
1461880.0,354760.0,0.1294,27.49,27.73,40.61,69.81,92.2
1461880.0,358920.0,0.1313,27.51,27.92,40.45,69.14,92.51
1461880.0,363080.0,0.1049,27.54,28.06,40.32,68.6,92.89
1461880.0,367240.0,0.1107,27.57,28.14,40.23,68.2,93.35
1461880.0,371400.0,0.0715,27.62,28.18,40.17,67.83,94.0
1461880.0,375560.0,0.3084,27.67,28.2,40.14,67.5,94.78
1461880.0,379720.0,0.2192,27.73,28.2,40.13,67.25,95.6
1461880.0,383880.0,0.1573,27.78,28.19,40.14,67.12,96.35
1461880.0,388040.0,0.4259,27.83,28.16,40.19,67.13,96.97
1461880.0,392200.0,0.1215,27.86,28.12,40.26,67.33,97.36
1461880.0,396360.0,0.3051,27.85,28.07,40.38,67.86,97.33
1461880.0,400520.0,0.1388,27.83,27.98,40.56,68.68,96.96
1457720.0,146760.0,0.0025,27.73,28.09,42.81,73.15,95.62
1457720.0,150920.0,0.0012,27.73,28.07,42.83,73.01,95.61
1457720.0,155080.0,0.0018,27.74,28.08,42.85,72.77,95.8
1457720.0,159240.0,0.0014,27.76,28.09,42.87,72.52,96.08
1457720.0,163400.0,0.0011,27.79,28.1,42.9,72.26,96.4
1457720.0,167560.0,0.0028,27.81,28.12,42.93,72.02,96.75
1457720.0,171720.0,0.001,27.84,28.13,42.97,71.83,97.08
1457720.0,175880.0,0.0008,27.86,28.15,43.01,71.71,97.38
1457720.0,180040.0,0.0013,27.88,28.16,43.05,71.68,97.67
1457720.0,184200.0,0.0031,27.9,28.18,43.11,71.7,97.99
1457720.0,188360.0,0.0029,27.92,28.2,43.17,71.76,98.3
1457720.0,192520.0,0.0018,27.94,28.22,43.22,71.83,98.59
1457720.0,196680.0,0.0045,27.96,28.24,43.27,71.88,98.86
1457720.0,200840.0,0.0009,27.98,28.25,43.29,71.89,99.07
1457720.0,205000.0,0.0031,27.99,28.26,43.3,71.84,99.26
1457720.0,209160.0,0.0039,28.0,28.27,43.29,71.73,99.43
1457720.0,213320.0,0.0037,28.01,28.28,43.26,71.59,99.58
1457720.0,217480.0,0.0044,28.02,28.28,43.22,71.45,99.69
1457720.0,221640.0,0.0076,28.02,28.28,43.18,71.34,99.72
1457720.0,225800.0,0.0082,28.02,28.27,43.14,71.29,99.67
1457720.0,229960.0,0.0067,28.01,28.26,43.09,71.32,99.5
1457720.0,234120.0,0.0093,27.98,28.24,43.03,71.43,99.14
1457720.0,238280.0,0.0124,27.95,28.22,42.95,71.61,98.63
1457720.0,242440.0,0.0067,27.9,28.19,42.87,71.83,98.05
1457720.0,246600.0,0.0112,27.86,28.15,42.79,72.07,97.46
1457720.0,250760.0,0.0091,27.83,28.12,42.73,72.32,96.96
1457720.0,254920.0,0.014,27.8,28.1,42.69,72.57,96.6
1457720.0,259080.0,0.0113,27.79,28.09,42.67,72.81,96.46
1457720.0,263240.0,0.0092,27.79,28.08,42.68,73.11,96.48
1457720.0,267400.0,0.0072,27.8,28.08,42.71,73.42,96.61
1457720.0,271560.0,0.0126,27.82,28.08,42.75,73.72,96.8
1457720.0,275720.0,0.0113,27.83,28.07,42.78,73.98,97.01
1457720.0,279880.0,0.0079,27.84,28.06,42.8,74.16,97.17
1457720.0,284040.0,0.0095,27.85,28.02,42.79,74.23,97.24
1457720.0,288200.0,0.0051,27.85,27.98,42.77,74.16,97.32
1457720.0,292360.0,0.0109,27.86,27.92,42.73,73.99,97.4
1457720.0,296520.0,0.009,27.86,27.86,42.69,73.76,97.47
1457720.0,300680.0,0.0085,27.86,27.79,42.63,73.5,97.47
1457720.0,304840.0,0.0063,27.86,27.72,42.56,73.27,97.37
1457720.0,309000.0,0.0042,27.84,27.65,42.48,73.1,97.13
1457720.0,313160.0,0.0062,27.81,27.58,42.38,73.05,96.68
1457720.0,317320.0,0.0124,27.76,27.49,42.27,73.1,95.96
1457720.0,321480.0,0.0061,27.69,27.39,42.14,73.2,95.09
1457720.0,325640.0,0.0065,27.63,27.3,42.01,73.3,94.17
1457720.0,329800.0,0.0089,27.57,27.24,41.86,73.35,93.31
1457720.0,333960.0,0.003,27.52,27.2,41.72,73.29,92.64
1457720.0,338120.0,0.1567,27.49,27.22,41.57,73.07,92.25
1457720.0,342280.0,0.0076,27.48,27.3,41.42,72.65,92.11
1457720.0,346440.0,0.1591,27.48,27.43,41.24,72.08,92.14
1457720.0,350600.0,0.0125,27.5,27.59,41.07,71.43,92.3
1457720.0,354760.0,0.1395,27.51,27.77,40.9,70.76,92.57
1457720.0,358920.0,0.2451,27.54,27.92,40.75,70.14,92.92
1457720.0,363080.0,0.0572,27.57,28.04,40.63,69.63,93.31
1457720.0,367240.0,0.6981,27.6,28.11,40.55,69.24,93.78
1457720.0,371400.0,0.1931,27.65,28.15,40.5,68.87,94.44
1457720.0,375560.0,0.1373,27.7,28.17,40.46,68.54,95.21
1457720.0,379720.0,0.2903,27.76,28.17,40.45,68.27,96.02
1457720.0,383880.0,0.1333,27.81,28.16,40.47,68.11,96.76
1457720.0,388040.0,0.074,27.85,28.14,40.5,68.09,97.35
1457720.0,392200.0,0.204,27.88,28.1,40.56,68.25,97.69
1457720.0,396360.0,0.2189,27.87,28.05,40.67,68.71,97.61
1453560.0,150920.0,0.0012,27.74,28.08,42.88,73.13,95.72
1453560.0,155080.0,0.0023,27.74,28.07,42.88,72.95,95.79
1453560.0,159240.0,0.0026,27.75,28.07,42.89,72.75,95.91
1453560.0,163400.0,0.003,27.76,28.07,42.9,72.55,96.07
1453560.0,167560.0,0.0019,27.78,28.08,42.91,72.37,96.27
1453560.0,171720.0,0.0011,27.79,28.09,42.93,72.21,96.47
1453560.0,175880.0,0.0024,27.81,28.09,42.96,72.11,96.68
1453560.0,180040.0,0.0025,27.82,28.1,42.99,72.06,96.91
1453560.0,184200.0,0.003,27.84,28.12,43.04,72.06,97.18
1453560.0,188360.0,0.0031,27.86,28.13,43.08,72.08,97.46
1453560.0,192520.0,0.0036,27.88,28.15,43.13,72.11,97.74
1453560.0,196680.0,0.0015,27.9,28.16,43.16,72.12,98.01
1453560.0,200840.0,0.0036,27.92,28.17,43.19,72.09,98.27
1453560.0,205000.0,0.0021,27.94,28.19,43.2,72.0,98.51
1453560.0,209160.0,0.0013,27.96,28.2,43.2,71.86,98.78
1453560.0,213320.0,0.0032,27.98,28.22,43.19,71.69,99.05
1453560.0,217480.0,0.0055,27.99,28.23,43.18,71.52,99.29
1453560.0,221640.0,0.0036,28.01,28.24,43.16,71.37,99.47
1453560.0,225800.0,0.0071,28.01,28.25,43.13,71.29,99.56
1453560.0,229960.0,0.0102,28.01,28.25,43.1,71.28,99.53
1453560.0,234120.0,0.0069,28.0,28.24,43.06,71.35,99.34
1453560.0,238280.0,0.0103,27.97,28.23,43.01,71.47,99.02
1453560.0,242440.0,0.0065,27.95,28.21,42.96,71.64,98.62
1453560.0,246600.0,0.0108,27.92,28.19,42.91,71.84,98.21
1453560.0,250760.0,0.012,27.89,28.17,42.87,72.05,97.85
1453560.0,254920.0,0.012,27.87,28.16,42.84,72.26,97.59
1453560.0,259080.0,0.0061,27.86,28.15,42.83,72.49,97.48
1453560.0,263240.0,0.0088,27.86,28.15,42.85,72.77,97.47
1453560.0,267400.0,0.0102,27.87,28.15,42.87,73.08,97.53
1453560.0,271560.0,0.0078,27.87,28.15,42.91,73.39,97.62
1453560.0,275720.0,0.0083,27.88,28.14,42.94,73.66,97.72
1453560.0,279880.0,0.0062,27.89,28.13,42.95,73.87,97.79
1453560.0,284040.0,0.0008,27.89,28.11,42.94,73.98,97.8
1453560.0,288200.0,0.0073,27.89,28.08,42.92,73.97,97.81
1453560.0,292360.0,0.0079,27.89,28.04,42.89,73.87,97.84
1453560.0,296520.0,0.0046,27.89,27.99,42.85,73.71,97.85
1453560.0,300680.0,0.0042,27.89,27.93,42.8,73.54,97.8
1453560.0,304840.0,0.0077,27.88,27.88,42.74,73.4,97.66
1453560.0,309000.0,0.0085,27.86,27.82,42.66,73.31,97.39
1453560.0,313160.0,0.0083,27.82,27.76,42.57,73.31,96.92
1453560.0,317320.0,0.0096,27.77,27.68,42.45,73.42,96.2
1453560.0,321480.0,0.0091,27.71,27.59,42.32,73.57,95.33
1453560.0,325640.0,0.0146,27.65,27.51,42.19,73.73,94.42
1453560.0,329800.0,0.0074,27.59,27.44,42.04,73.83,93.58
1453560.0,333960.0,0.0118,27.54,27.4,41.9,73.83,92.91
1453560.0,338120.0,0.0048,27.51,27.4,41.77,73.68,92.54
1453560.0,342280.0,0.0078,27.5,27.46,41.63,73.34,92.41
1453560.0,346440.0,0.0057,27.51,27.55,41.47,72.86,92.45
1453560.0,350600.0,0.0033,27.52,27.67,41.32,72.3,92.63
1453560.0,354760.0,0.0023,27.54,27.8,41.18,71.72,92.92
1453560.0,358920.0,0.0042,27.56,27.92,41.05,71.17,93.28
1453560.0,363080.0,0.0064,27.59,28.01,40.95,70.71,93.67
1453560.0,367240.0,0.0027,27.63,28.06,40.88,70.35,94.13
1453560.0,371400.0,0.0041,27.67,28.09,40.83,69.99,94.77
1453560.0,375560.0,0.0055,27.73,28.11,40.79,69.66,95.53
1453560.0,379720.0,0.01,27.78,28.12,40.78,69.38,96.31
1453560.0,383880.0,0.0098,27.83,28.11,40.79,69.19,97.02
1453560.0,388040.0,0.0032,27.87,28.1,40.81,69.12,97.58
1453560.0,392200.0,0.0047,27.89,28.07,40.86,69.21,97.89
1453560.0,396360.0,0.0326,27.89,28.02,40.94,69.57,97.79
1449400.0,167560.0,0.0016,27.74,28.04,42.89,72.73,95.77
1449400.0,171720.0,0.0031,27.75,28.04,42.9,72.62,95.84
1449400.0,175880.0,0.0015,27.75,28.04,42.91,72.53,95.94
1449400.0,180040.0,0.0019,27.77,28.04,42.92,72.47,96.1
1449400.0,184200.0,0.0031,27.78,28.05,42.95,72.44,96.3
1449400.0,188360.0,0.0031,27.8,28.05,42.98,72.42,96.54
1449400.0,192520.0,0.002,27.82,28.06,43.01,72.4,96.79
1449400.0,196680.0,0.0023,27.83,28.07,43.04,72.36,97.06
1449400.0,200840.0,0.0015,27.85,28.09,43.06,72.29,97.33
1449400.0,205000.0,0.0016,27.87,28.1,43.07,72.16,97.61
1449400.0,209160.0,0.0023,27.9,28.12,43.08,71.99,97.95
1449400.0,213320.0,0.0012,27.92,28.14,43.08,71.78,98.31
1449400.0,217480.0,0.004,27.95,28.16,43.08,71.57,98.65
1449400.0,221640.0,0.0023,27.97,28.19,43.08,71.4,98.95
1449400.0,225800.0,0.0097,27.98,28.2,43.07,71.27,99.17
1449400.0,229960.0,0.0102,27.99,28.21,43.07,71.23,99.27
1449400.0,234120.0,0.0092,27.99,28.21,43.05,71.25,99.23
1449400.0,238280.0,0.0115,27.98,28.21,43.02,71.33,99.09
1449400.0,242440.0,0.0108,27.96,28.2,42.99,71.44,98.88
1449400.0,246600.0,0.012,27.95,28.19,42.97,71.59,98.65
1449400.0,250760.0,0.0075,27.93,28.19,42.94,71.76,98.44
1449400.0,254920.0,0.0106,27.92,28.18,42.93,71.95,98.28
1449400.0,259080.0,0.0101,27.91,28.18,42.93,72.15,98.19
1449400.0,263240.0,0.0089,27.91,28.18,42.95,72.42,98.15
1449400.0,267400.0,0.0062,27.91,28.19,42.98,72.72,98.14
1449400.0,271560.0,0.008,27.91,28.19,43.01,73.02,98.14
1449400.0,275720.0,0.0098,27.91,28.19,43.03,73.3,98.14
1449400.0,279880.0,0.0086,27.91,28.19,43.05,73.52,98.11
1449400.0,284040.0,0.0045,27.9,28.17,43.04,73.67,98.05
1449400.0,288200.0,0.0057,27.9,28.15,43.02,73.71,98.0
1449400.0,292360.0,0.0042,27.9,28.12,43.0,73.69,97.97
1449400.0,296520.0,0.0078,27.9,28.09,42.96,73.62,97.92
1449400.0,300680.0,0.007,27.89,28.05,42.91,73.53,97.82
1449400.0,304840.0,0.0091,27.88,28.01,42.86,73.47,97.64
1449400.0,309000.0,0.0062,27.86,27.97,42.78,73.45,97.35
1449400.0,313160.0,0.0038,27.82,27.92,42.69,73.52,96.89
1449400.0,317320.0,0.0062,27.77,27.85,42.59,73.67,96.21
1449400.0,321480.0,0.0067,27.72,27.78,42.46,73.86,95.4
1449400.0,325640.0,0.0045,27.66,27.71,42.33,74.05,94.55
1449400.0,329800.0,0.0017,27.6,27.65,42.19,74.2,93.78
1449400.0,333960.0,0.0013,27.56,27.61,42.06,74.25,93.17
1449400.0,338120.0,0.0025,27.53,27.6,41.94,74.16,92.83
1449400.0,342280.0,0.0055,27.53,27.63,41.82,73.91,92.72
1449400.0,346440.0,0.0058,27.53,27.68,41.69,73.54,92.78
1449400.0,350600.0,0.0021,27.54,27.76,41.56,73.09,92.97
1449400.0,354760.0,0.0019,27.56,27.84,41.44,72.62,93.26
1449400.0,358920.0,0.0063,27.59,27.91,41.34,72.16,93.61
1449400.0,363080.0,0.0086,27.62,27.97,41.25,71.77,94.0
1449400.0,367240.0,0.0137,27.65,28.0,41.19,71.44,94.44
1449400.0,371400.0,0.0052,27.69,28.03,41.15,71.1,95.06
1449400.0,375560.0,0.0199,27.74,28.05,41.11,70.77,95.78
1449400.0,379720.0,0.0094,27.8,28.06,41.1,70.48,96.52
1449400.0,383880.0,0.0179,27.84,28.06,41.1,70.25,97.19
1449400.0,388040.0,0.0179,27.88,28.05,41.11,70.13,97.71
1449400.0,392200.0,0.0188,27.9,28.03,41.14,70.14,98.0
1449400.0,396360.0,0.0106,27.89,27.98,41.2,70.38,97.9
1445240.0,188360.0,0.0041,27.74,27.98,42.89,72.74,95.72
1445240.0,192520.0,0.0028,27.75,27.99,42.91,72.67,95.95
1445240.0,196680.0,0.0027,27.77,27.99,42.92,72.59,96.19
1445240.0,200840.0,0.0036,27.79,28.0,42.94,72.48,96.46
1445240.0,205000.0,0.006,27.81,28.02,42.95,72.32,96.76
1445240.0,209160.0,0.0044,27.84,28.04,42.96,72.11,97.15
1445240.0,213320.0,0.0047,27.87,28.07,42.97,71.88,97.57
1445240.0,217480.0,0.0092,27.9,28.1,42.99,71.64,97.99
1445240.0,221640.0,0.0063,27.93,28.12,43.0,71.43,98.38
1445240.0,225800.0,0.0122,27.95,28.15,43.01,71.28,98.69
1445240.0,229960.0,0.0058,27.96,28.16,43.01,71.2,98.88
1445240.0,234120.0,0.0061,27.97,28.17,43.01,71.19,98.98
1445240.0,238280.0,0.0074,27.97,28.18,43.01,71.22,98.99
1445240.0,242440.0,0.0045,27.97,28.18,43.0,71.29,98.95
1445240.0,246600.0,0.011,27.96,28.18,43.0,71.4,98.88
1445240.0,250760.0,0.0087,27.96,28.19,42.99,71.53,98.79
1445240.0,254920.0,0.0108,27.95,28.19,42.99,71.69,98.71
1445240.0,259080.0,0.0064,27.95,28.19,43.0,71.87,98.65
1445240.0,263240.0,0.0064,27.94,28.2,43.02,72.11,98.58
1445240.0,267400.0,0.0077,27.94,28.21,43.05,72.4,98.51
1445240.0,271560.0,0.005,27.93,28.21,43.07,72.69,98.43
1445240.0,275720.0,0.0061,27.93,28.22,43.09,72.97,98.34
1445240.0,279880.0,0.0041,27.92,28.22,43.1,73.2,98.23
1445240.0,284040.0,0.0075,27.91,28.21,43.1,73.37,98.11
1445240.0,288200.0,0.0068,27.9,28.2,43.08,73.46,98.01
1445240.0,292360.0,0.0059,27.9,28.19,43.06,73.5,97.92
1445240.0,296520.0,0.0082,27.89,28.17,43.03,73.5,97.82
1445240.0,300680.0,0.0039,27.88,28.15,42.98,73.5,97.68
1445240.0,304840.0,0.0046,27.86,28.12,42.93,73.51,97.47
1445240.0,309000.0,0.0057,27.84,28.09,42.87,73.56,97.18
1445240.0,313160.0,0.0018,27.81,28.06,42.78,73.67,96.75
1445240.0,317320.0,0.0038,27.77,28.01,42.68,73.85,96.13
1445240.0,321480.0,0.008,27.72,27.95,42.56,74.07,95.4
1445240.0,325640.0,0.0039,27.66,27.9,42.44,74.28,94.66
1445240.0,329800.0,0.0009,27.61,27.85,42.31,74.45,93.98
1445240.0,333960.0,0.0027,27.58,27.81,42.19,74.54,93.45
1445240.0,338120.0,0.0018,27.56,27.79,42.09,74.51,93.16
1445240.0,342280.0,0.0035,27.55,27.79,41.98,74.35,93.08
1445240.0,346440.0,0.0109,27.56,27.81,41.88,74.08,93.15
1445240.0,350600.0,0.0087,27.57,27.84,41.78,73.75,93.34
1445240.0,354760.0,0.0138,27.59,27.88,41.69,73.39,93.62
1445240.0,358920.0,0.0107,27.61,27.91,41.61,73.03,93.97
1445240.0,363080.0,0.0128,27.64,27.94,41.54,72.7,94.34
1445240.0,367240.0,0.0167,27.67,27.95,41.49,72.41,94.76
1445240.0,371400.0,0.0233,27.71,27.97,41.44,72.09,95.34
1445240.0,375560.0,0.0176,27.76,27.99,41.42,71.77,96.02
1445240.0,379720.0,0.0095,27.81,28.0,41.4,71.47,96.71
1445240.0,383880.0,0.0105,27.85,28.01,41.39,71.21,97.34
1445240.0,388040.0,0.0139,27.89,28.0,41.39,71.04,97.83
1445240.0,392200.0,0.0189,27.91,27.99,41.41,70.98,98.09
1445240.0,396360.0,0.0359,27.9,27.95,41.45,71.11,98.0
1441080.0,209160.0,0.003,27.8,27.98,42.89,72.25,96.57
1441080.0,213320.0,0.0066,27.83,28.01,42.91,72.0,97.03
1441080.0,217480.0,0.0051,27.87,28.05,42.93,71.75,97.49
1441080.0,242440.0,0.0072,27.97,28.17,43.02,71.25,98.95
1441080.0,246600.0,0.0051,27.97,28.18,43.03,71.33,98.98
1441080.0,250760.0,0.0105,27.97,28.19,43.04,71.43,98.98
1441080.0,254920.0,0.0043,27.97,28.19,43.05,71.55,98.96
1441080.0,259080.0,0.0077,27.97,28.2,43.06,71.71,98.92
1441080.0,263240.0,0.0089,27.96,28.21,43.08,71.94,98.83
1441080.0,267400.0,0.007,27.95,28.22,43.1,72.2,98.71
1441080.0,271560.0,0.0037,27.94,28.23,43.12,72.47,98.57
1441080.0,275720.0,0.0069,27.93,28.24,43.14,72.74,98.41
1441080.0,279880.0,0.007,27.92,28.24,43.14,72.97,98.25
1441080.0,284040.0,0.0081,27.91,28.24,43.14,73.15,98.09
1441080.0,288200.0,0.0067,27.9,28.24,43.12,73.27,97.96
1441080.0,292360.0,0.0064,27.89,28.23,43.1,73.35,97.83
1441080.0,296520.0,0.0052,27.88,28.23,43.07,73.41,97.7
1441080.0,300680.0,0.0127,27.87,28.22,43.03,73.46,97.53
1441080.0,304840.0,0.0057,27.85,28.21,42.99,73.53,97.32
1441080.0,309000.0,0.0029,27.83,28.19,42.93,73.62,97.04
1441080.0,313160.0,0.0032,27.8,28.16,42.85,73.76,96.64
1441080.0,317320.0,0.0029,27.77,28.13,42.76,73.96,96.09
1441080.0,321480.0,0.0066,27.72,28.09,42.65,74.18,95.46
1441080.0,325640.0,0.0018,27.67,28.05,42.53,74.41,94.81
1441080.0,329800.0,0.0009,27.63,28.01,42.42,74.59,94.23
1441080.0,333960.0,0.0013,27.6,27.97,42.31,74.71,93.78
1441080.0,338120.0,0.0081,27.58,27.95,42.22,74.72,93.54
1441080.0,342280.0,0.0075,27.58,27.93,42.13,74.63,93.49
1441080.0,346440.0,0.0106,27.59,27.92,42.05,74.46,93.58
1441080.0,350600.0,0.0166,27.6,27.91,41.97,74.22,93.77
1441080.0,354760.0,0.0149,27.62,27.91,41.9,73.96,94.04
1441080.0,358920.0,0.0179,27.64,27.91,41.84,73.68,94.37
1441080.0,363080.0,0.017,27.67,27.91,41.79,73.42,94.72
1441080.0,367240.0,0.0122,27.7,27.91,41.74,73.16,95.12
1441080.0,371400.0,0.0115,27.74,27.93,41.71,72.87,95.67
1441080.0,375560.0,0.0138,27.78,27.94,41.68,72.55,96.3
1441080.0,379720.0,0.0133,27.83,27.96,41.66,72.25,96.94
1441080.0,383880.0,0.0134,27.87,27.97,41.65,71.98,97.53
1441080.0,388040.0,0.0203,27.9,27.97,41.65,71.77,97.98
1441080.0,392200.0,0.0372,27.92,27.96,41.65,71.65,98.22
1441080.0,396360.0,0.0241,27.91,27.93,41.68,71.68,98.14
1436920.0,263240.0,0.0103,27.94,28.21,43.09,72.1,98.57
1436920.0,267400.0,0.0112,27.93,28.21,43.1,72.3,98.45
1436920.0,271560.0,0.0075,27.92,28.22,43.11,72.51,98.32
1436920.0,275720.0,0.0068,27.91,28.23,43.12,72.71,98.19
1436920.0,279880.0,0.0057,27.91,28.24,43.13,72.92,98.06
1436920.0,284040.0,0.0078,27.9,28.24,43.13,73.1,97.93
1436920.0,288200.0,0.0048,27.89,28.24,43.1,73.18,97.77
1436920.0,292360.0,0.0053,27.87,28.24,43.07,73.27,97.62
1436920.0,296520.0,0.0039,27.86,28.24,43.04,73.35,97.46
1436920.0,300680.0,0.0023,27.85,28.23,43.01,73.43,97.31
1436920.0,304840.0,0.0095,27.84,28.23,42.97,73.52,97.15
1436920.0,309000.0,0.0037,27.83,28.23,42.94,73.61,96.99
1436920.0,313160.0,0.0046,27.8,28.21,42.87,73.75,96.63
1436920.0,317320.0,0.0075,27.77,28.18,42.77,73.9,96.19
1436920.0,321480.0,0.0063,27.74,28.15,42.68,74.06,95.75
1436920.0,325640.0,0.0038,27.71,28.12,42.59,74.23,95.3
1436920.0,329800.0,0.0143,27.68,28.09,42.5,74.39,94.86
1436920.0,333960.0,0.0054,27.65,28.06,42.4,74.55,94.42
1436920.0,338120.0,0.0073,27.62,28.03,42.32,74.65,94.11
1436920.0,342280.0,0.0148,27.64,28.01,42.26,74.48,94.3
1436920.0,346440.0,0.0061,27.65,27.99,42.2,74.32,94.49
1436920.0,350600.0,0.0111,27.67,27.97,42.15,74.16,94.68
1436920.0,354760.0,0.0125,27.68,27.95,42.09,74.0,94.88
1436920.0,358920.0,0.0169,27.69,27.93,42.04,73.84,95.07
1436920.0,363080.0,0.0143,27.71,27.91,41.98,73.68,95.26
1436920.0,367240.0,0.0139,27.73,27.91,41.95,73.46,95.65
1436920.0,371400.0,0.0247,27.77,27.92,41.94,73.21,96.12
1436920.0,375560.0,0.0152,27.8,27.93,41.92,72.96,96.6
1436920.0,379720.0,0.024,27.84,27.93,41.9,72.71,97.08
1436920.0,383880.0,0.0268,27.87,27.94,41.89,72.46,97.55
1436920.0,388040.0,0.0222,27.9,27.95,41.87,72.22,98.03
1436920.0,392200.0,0.0312,27.93,27.95,41.86,72.02,98.39
1432760.0,284040.0,0.0055,27.86,28.21,43.07,73.19,97.48
1432760.0,288200.0,0.0075,27.86,28.21,43.04,73.23,97.39
1432760.0,292360.0,0.006,27.85,28.21,43.01,73.28,97.29
1432760.0,296520.0,0.0069,27.84,28.21,42.98,73.33,97.2
1432760.0,300680.0,0.0049,27.84,28.21,42.95,73.38,97.11
1432760.0,304840.0,0.0082,27.83,28.21,42.92,73.42,97.02
1432760.0,313160.0,0.0051,27.81,28.19,42.83,73.57,96.65
1432760.0,317320.0,0.0068,27.78,28.17,42.75,73.69,96.31
1432760.0,321480.0,0.0065,27.76,28.14,42.67,73.8,95.98
1432760.0,325640.0,0.0107,27.73,28.12,42.59,73.92,95.64
1432760.0,329800.0,0.0078,27.71,28.09,42.51,74.04,95.3
1432760.0,333960.0,0.0083,27.68,28.07,42.43,74.16,94.96
1432760.0,338120.0,0.0012,27.67,28.04,42.36,74.22,94.73
1432760.0,342280.0,0.0043,27.68,28.03,42.31,74.07,94.92
1432760.0,346440.0,0.0086,27.7,28.01,42.26,73.92,95.11
1432760.0,350600.0,0.0078,27.71,27.99,42.21,73.78,95.3
1432760.0,354760.0,0.0055,27.72,27.97,42.17,73.63,95.49
1432760.0,358920.0,0.0132,27.74,27.96,42.12,73.48,95.68
1432760.0,363080.0,0.014,27.75,27.94,42.07,73.34,95.87
1432760.0,367240.0,0.0179,27.78,27.94,42.05,73.13,96.23
1432760.0,371400.0,0.0176,27.81,27.94,42.04,72.91,96.66
1432760.0,375560.0,0.0185,27.84,27.95,42.03,72.68,97.09
1432760.0,379720.0,0.0175,27.87,27.96,42.02,72.45,97.52
1432760.0,383880.0,0.0215,27.9,27.96,42.01,72.22,97.96
1432760.0,388040.0,0.024,27.93,27.97,42.0,71.99,98.39
1432760.0,392200.0,0.0374,27.95,27.97,42.0,71.82,98.71
1428600.0,300680.0,0.0041,27.82,28.18,42.9,73.32,96.92
1428600.0,304840.0,0.0055,27.82,28.18,42.87,73.33,96.89
1428600.0,333960.0,0.0086,27.72,28.08,42.46,73.76,95.5
1428600.0,338120.0,0.0016,27.71,28.06,42.4,73.79,95.35
1428600.0,342280.0,0.0008,27.73,28.04,42.36,73.66,95.54
1428600.0,346440.0,0.0075,27.74,28.03,42.32,73.53,95.73
1428600.0,350600.0,0.0132,27.75,28.01,42.28,73.4,95.92
1428600.0,354760.0,0.0022,27.77,27.99,42.24,73.26,96.11
1428600.0,358920.0,0.0122,27.78,27.98,42.2,73.13,96.3
1428600.0,363080.0,0.012,27.79,27.96,42.16,73.0,96.49
1428600.0,367240.0,0.0128,27.82,27.96,42.14,72.81,96.81
1428600.0,371400.0,0.0166,27.84,27.97,42.14,72.6,97.2
1428600.0,375560.0,0.0224,27.87,27.97,42.14,72.4,97.59
1428600.0,379720.0,0.0183,27.9,27.98,42.14,72.19,97.97
1428600.0,383880.0,0.0271,27.93,27.98,42.13,71.98,98.36
1428600.0,388040.0,0.0256,27.95,27.99,42.13,71.78,98.75
1428600.0,392200.0,0.0305,27.98,27.99,42.13,71.62,99.04
1424440.0,354760.0,0.0148,27.81,28.02,42.31,72.9,96.73
1424440.0,358920.0,0.0083,27.82,28.0,42.28,72.78,96.91
1424440.0,363080.0,0.0093,27.84,27.99,42.25,72.66,97.1
1424440.0,367240.0,0.0163,27.86,27.99,42.24,72.49,97.4
1424440.0,371400.0,0.015,27.88,27.99,42.24,72.3,97.74
1424440.0,375560.0,0.0139,27.91,28.0,42.25,72.12,98.08
1424440.0,379720.0,0.0302,27.93,28.0,42.25,71.93,98.42
1424440.0,383880.0,0.0288,27.96,28.0,42.25,71.74,98.77
1424440.0,388040.0,0.0204,27.98,28.01,42.26,71.56,99.11
1424440.0,392200.0,0.0243,28.0,28.01,42.26,71.42,99.36
1420280.0,375560.0,0.0147,27.94,28.02,42.36,71.84,98.57
1420280.0,379720.0,0.0218,27.96,28.02,42.37,71.67,98.87
1420280.0,383880.0,0.0169,27.98,28.03,42.38,71.5,99.17
1420280.0,388040.0,0.0165,28.01,28.03,42.39,71.34,99.47
1420280.0,392200.0,0.0203,28.02,28.03,42.4,71.23,99.68
