Latitud,Longitud,Velocidad_mm_amo,Velocidad_EW_mm_amo,Velocidad_UP_mm_amo,Deform_Asc_20250101_20250113_mm,Deform_Asc_20250125_20250206_mm,Deform_Asc_20250206_20250218_mm,Deform_Asc_20250218_20250302_mm,Deform_Asc_20250302_20250314_mm,Deform_Asc_20250314_20250326_mm,Deform_Asc_20250326_20250407_mm,Deform_Asc_20250407_20250419_mm,Deform_Asc_20250419_20250501_mm,Deform_Asc_20250501_20250513_mm,Deform_Asc_20250513_20250525_mm,Deform_Asc_20250525_20250606_mm,Deform_Asc_20250606_20250618_mm,Deform_Asc_20250618_20250630_mm,Deform_Asc_20250817_20250829_mm,Deform_Asc_20250829_20250910_mm,Deform_Asc_20250910_20250922_mm,Deform_Asc_20250922_20251004_mm,Deform_Asc_20251004_20251016_mm,Deform_Asc_20251016_20251028_mm,Deform_Asc_20251028_20251109_mm,Deform_Asc_20251109_20251121_mm,Deform_Asc_20251121_20251203_mm,Deform_Asc_20251203_20251215_mm,Deform_Desc_20251024_20251105_mm,Deform_Desc_20251105_20251129_mm,Deform_Desc_20251129_20251211_mm,Deform_Desc_20251211_20251223_mm
14.005,-89.7161,45.32,-187.44,76.59,-0.96,8.19,-2.57,-5.56,-12.09,9.58,-17.06,14.43,13.77,0.78,-2.06,-7.67,-21.29,3.29,3.64,13.82,-3.99,4.66,-1.74,6.92,7.64,-0.0,4.53,1.56,7.6,-2.31,3.35,1.58
14.005,-89.7153,21.6,-628.31,102.93,5.25,6.5,-1.05,-4.96,-10.48,14.48,-16.34,12.4,-2.98,6.62,1.67,-6.84,-5.75,-9.63,8.96,-10.2,-1.65,4.34,7.97,-8.0,-9.9,2.38,-10.26,1.26,3.42,-2.31,2.33,2.13
14.005,-89.7146,-9.13,-500.0,50.85,3.26,7.19,-0.45,-4.22,-11.5,11.48,-16.13,14.5,-11.65,-13.47,0.12,3.38,-4.26,-0.74,4.14,-3.58,-8.6,-6.8,3.43,3.01,-0.0,-10.58,0.43,-0.19,6.99,-9.46,3.44,1.75
14.005,-89.7138,-1.56,415.91,-53.11,-0.59,6.2,-1.11,-5.0,-9.52,12.3,-15.9,13.7,-14.75,-7.97,-0.2,4.03,-6.52,-0.63,-2.37,9.1,-3.36,3.78,-1.21,15.93,10.64,-3.99,3.32,3.25,4.2,-4.45,1.44,0.89
14.005,-89.7131,-20.31,649.32,-104.05,-1.0,5.65,0.64,-5.39,-8.15,12.2,-15.55,14.4,-5.17,-15.69,-1.3,1.1,-4.63,-1.04,-1.6,-0.0,-3.39,5.73,4.35,16.7,1.16,-2.46,2.45,7.87,4.09,-6.05,1.57,-0.84
14.005,-89.7124,-22.0,574.01,-96.77,-1.24,6.0,-0.26,-4.89,-8.24,11.93,-15.48,13.63,-0.47,-0.0,0.54,9.07,-4.06,1.5,3.47,-0.0,-13.9,4.81,-8.81,-0.68,-0.65,3.55,-0.47,-2.1,1.39,-5.65,0.4,2.85
14.005,-89.7116,-132.66,2782.25,-499.84,2.19,5.35,-0.6,-4.47,-8.85,11.96,-13.08,13.06,-0.0,-13.35,-2.09,4.52,-0.0,-0.1,-1.21,-16.66,-4.14,7.71,-5.66,15.2,-9.7,7.25,-2.95,4.05,1.39,-19.16,0.92,-0.37
14.005,-89.7109,18.9,-427.74,75.09,0.66,4.9,1.02,-4.53,-7.6,11.34,-11.57,12.8,-0.0,-4.0,-1.58,-6.11,-22.58,6.19,-3.44,5.46,-4.45,-4.53,-0.77,18.8,-3.87,2.92,-11.31,4.18,6.05,-1.57,0.36,0.29
14.005,-89.7101,10.05,1266.61,-144.43,-5.71,4.62,0.12,-5.08,-8.05,9.42,-11.53,12.56,8.49,18.35,-3.01,-3.04,-3.81,1.47,-5.0,-3.41,-7.45,15.48,12.59,-0.0,7.52,6.27,-4.7,-5.66,3.98,-1.57,0.36,0.29
14.005,-89.7094,-15.67,1051.36,-148.26,-0.4,3.23,-2.32,-2.78,-8.37,8.83,-10.06,12.75,12.25,-6.82,-1.25,8.67,-16.23,4.45,-4.46,-3.9,-10.66,17.46,-1.0,7.09,1.69,8.44,0.15,-1.96,5.44,-5.78,0.07,0.22
14.0051,-89.7087,-20.1,1358.43,-191.43,-0.18,1.71,-0.66,-3.37,-8.5,7.82,-9.98,11.66,0.84,-18.93,-1.23,4.14,-3.74,12.33,27.47,-5.33,-0.55,6.64,-15.23,-0.0,1.93,6.36,-1.02,-0.03,5.54,-6.51,0.72,-0.91
14.0051,-89.7079,11.12,507.58,-49.54,1.54,3.29,-0.26,-5.38,-8.55,6.97,-8.97,11.61,2.6,-10.56,-1.72,11.31,-4.14,1.97,13.3,-10.9,-6.91,-2.11,-5.59,21.67,1.21,7.66,-5.06,-1.23,5.54,-5.92,2.21,2.98
14.0051,-89.7072,14.15,-412.06,67.6,-3.3,1.68,-1.19,-3.88,-9.33,6.39,-8.08,11.11,10.93,-27.79,-1.36,8.42,-5.28,2.59,7.53,5.99,-11.86,-5.15,3.97,-0.0,1.65,-3.97,-17.16,2.05,11.01,-8.02,2.64,0.77
14.0051,-89.7064,-13.52,-398.04,33.2,-4.54,2.84,-1.18,-3.37,-9.16,5.76,-7.06,10.57,11.64,-22.32,-1.41,0.49,-9.35,4.87,-4.79,-7.46,-5.09,3.29,0.88,-8.61,-0.13,8.3,-8.32,-0.58,4.34,-5.75,1.01,0.18
14.0051,-89.7057,-45.14,2067.64,-308.77,-1.58,3.27,-1.47,-3.8,-9.29,5.03,-5.33,10.99,22.97,-12.22,-0.95,-5.38,-3.3,6.97,5.34,-5.1,-6.07,5.3,3.9,-5.0,3.36,13.72,16.59,4.18,7.34,-10.6,0.63,-1.35
14.0051,-89.705,16.77,606.29,-55.1,-0.23,0.97,2.03,-3.56,-8.17,4.12,-6.61,10.03,14.06,-15.59,0.48,-8.49,1.58,0.25,-1.03,-2.75,17.39,8.77,-3.19,0.07,1.98,2.43,10.92,4.19,4.48,-1.97,0.63,1.18
14.0051,-89.7042,-18.61,1537.11,-211.96,-4.71,0.78,2.45,-3.54,-9.37,3.09,-4.83,10.11,28.04,-0.0,0.78,12.06,-1.74,-5.84,-2.94,-0.0,-10.78,1.96,2.06,9.88,1.05,0.49,-0.75,2.75,1.33,-6.32,3.09,-0.09
14.0051,-89.7035,-19.47,1649.49,-226.91,-4.22,1.84,0.51,-3.53,-8.09,3.23,-5.04,9.7,22.76,-0.0,-0.84,-8.81,3.98,1.0,-2.12,21.06,-3.42,-2.45,9.51,-5.16,2.01,4.83,-14.01,4.27,1.51,-6.32,2.55,0.39
14.0051,-89.7027,3.56,1349.31,-162.63,-1.97,1.29,1.16,-3.48,-8.03,2.17,-4.71,10.12,24.12,-8.58,0.26,-4.34,5.02,6.14,-12.32,14.09,-5.17,0.02,8.55,4.1,-0.26,-0.76,3.2,3.83,5.16,-4.61,2.31,-0.67
14.0051,-89.702,-53.85,1604.45,-262.05,-0.82,-1.75,1.76,-4.66,-7.78,2.55,-2.69,10.28,11.37,-15.04,-1.42,23.57,11.32,1.15,-13.74,0.77,-9.21,-4.37,-1.87,-0.0,-9.88,4.57,-9.97,4.68,5.03,-10.71,0.7,-0.79
14.0051,-89.7013,-64.98,1393.53,-249.16,-0.01,-0.58,2.13,-3.92,-6.97,2.79,-3.4,10.13,11.58,-5.76,-1.95,-6.11,-7.89,0.77,-10.3,16.63,-19.53,1.94,-0.77,12.75,-7.11,14.06,-10.56,0.14,2.63,-11.1,0.7,-0.15
14.0051,-89.7005,-32.08,-72.23,-28.98,-1.38,-1.47,2.05,-5.12,-8.07,3.45,-2.98,9.2,3.03,-5.5,-1.06,7.13,-12.09,-1.46,-6.87,2.78,-20.16,3.82,-7.28,0.21,-7.95,5.69,0.89,3.51,2.63,-6.95,0.38,0.72
14.0052,-89.6998,14.01,-2530.87,329.72,-1.87,-0.32,1.5,-4.93,-7.75,1.09,-2.97,9.69,-6.98,-14.14,0.34,2.2,-19.37,0.09,-27.07,-2.44,-18.39,-0.71,-7.34,8.54,-2.23,9.21,8.02,3.24,4.95,-3.17,2.47,-0.99
14.0052,-89.699,-35.0,355.04,-85.31,-0.95,-2.14,2.29,-5.72,-8.16,0.1,-1.87,8.82,8.47,-16.42,0.7,1.98,-18.83,9.52,-15.26,-0.24,5.4,-5.73,4.96,7.11,-4.42,2.2,4.55,4.71,-2.6,-1.63,-1.74,-0.45
14.0052,-89.6983,33.82,-855.78,145.91,-1.56,-2.42,2.83,-3.85,-7.09,1.04,-3.6,9.37,6.12,-10.56,-1.86,1.53,-20.42,0.8,1.3,7.59,-7.04,8.16,-3.96,-0.17,-1.67,4.13,2.6,5.15,4.98,2.55,-2.1,0.8
14.0052,-89.6976,46.59,210.1,29.07,-3.98,-1.91,2.35,-5.24,-7.38,-0.65,-2.1,9.76,21.57,-2.86,-1.9,4.48,-19.05,6.83,-9.08,2.13,-5.96,21.78,-3.29,4.88,0.27,21.97,0.36,3.51,5.7,2.55,-0.79,0.96
14.0052,-89.6968,-5.25,16.73,-8.28,-2.49,-2.95,3.25,-4.31,-6.46,0.1,-3.51,10.17,11.66,-7.36,-0.47,2.65,-10.92,5.09,-3.11,2.65,-11.88,-6.53,-5.75,8.18,-4.15,4.08,-0.62,4.44,-2.22,-0.05,-0.85,2.0
14.0052,-89.6961,-11.69,131.03,-30.05,-0.91,-2.98,3.34,-4.5,-6.98,1.06,-4.33,9.82,9.88,-0.0,-1.12,2.31,-5.24,1.01,-5.24,2.56,-8.24,-0.28,-2.93,1.46,-6.78,4.01,1.92,6.84,-0.9,-3.11,-0.78,4.24
14.0052,-89.6953,5.46,-307.23,44.52,-2.83,-3.65,3.63,-4.9,-6.01,2.55,-4.43,9.35,11.95,4.06,-3.62,-9.69,-2.68,3.31,-11.58,-2.42,-17.67,3.52,5.59,1.48,-2.2,3.47,-0.0,5.13,-0.57,-0.61,-0.78,3.43
14.0052,-89.6946,-2.28,302.96,-40.23,-3.54,-4.28,3.2,-4.59,-7.24,2.27,-3.19,10.36,9.34,-0.0,-1.39,0.78,-16.09,6.47,6.35,3.7,-5.7,-2.98,-0.46,9.54,-5.16,-0.24,-0.08,5.19,-0.57,-1.59,-1.63,4.49
14.0052,-89.6939,3.49,720.76,-85.2,-1.92,-4.54,3.97,-3.48,-5.73,1.72,-2.67,9.38,-0.0,-16.09,-0.65,-2.15,-10.28,1.38,11.45,7.44,7.83,0.51,-2.18,11.03,-2.3,4.89,-3.63,4.12,1.75,-1.59,-2.46,4.49
14.0052,-89.6931,4.04,516.41,-59.24,-1.01,-4.67,4.28,-4.68,-6.44,2.18,-4.57,9.11,12.64,-13.94,-3.32,2.65,-4.35,6.42,1.0,2.33,3.49,-11.32,0.67,11.6,-2.95,4.78,1.25,3.06,-3.16,1.03,-0.82,2.6
14.0052,-89.6924,24.43,1121.05,-110.09,-2.61,-5.33,3.15,-5.82,-6.89,3.42,-3.25,9.29,15.59,6.06,-2.3,6.45,-3.17,1.39,1.78,0.29,0.22,-4.42,-0.16,22.53,-6.6,5.49,2.6,3.48,1.04,-1.14,-0.04,5.35
14.0052,-89.6916,29.04,-268.26,67.61,-1.45,-6.63,3.65,-5.61,-5.76,3.37,-4.33,9.16,-2.05,-1.81,0.17,-1.14,-7.99,3.08,-1.57,-0.58,0.73,0.89,-1.54,14.03,-0.62,3.8,-1.33,3.48,-0.85,2.14,-0.34,3.28
14.0053,-89.6909,9.96,-184.18,34.63,0.01,-7.11,3.0,-5.24,-6.56,3.62,-4.65,7.83,-6.4,-2.34,-0.18,-3.03,-6.1,-2.67,9.54,-0.39,8.46,-3.78,-2.12,-0.83,-4.69,7.81,-2.29,2.97,-0.69,0.54,-0.1,1.2
14.0053,-89.6902,36.48,-630.09,121.32,-1.32,-7.99,5.14,-4.89,-5.89,4.35,-5.32,7.84,-3.83,6.72,-0.49,-5.69,1.32,4.13,1.5,-1.53,-11.67,4.33,-2.03,0.34,-3.32,2.53,-2.72,1.3,-5.23,4.74,0.1,4.78
14.0053,-89.6894,15.79,-61.46,26.3,-1.25,-7.61,3.78,-3.89,-6.86,4.68,-4.99,8.32,-0.0,1.17,1.46,-5.02,-4.5,0.77,2.85,-3.14,-0.5,-3.46,2.46,0.53,-6.74,6.57,-2.11,2.52,-2.48,1.38,-0.35,3.58
14.0053,-89.6887,-5.09,1695.75,-216.46,-0.68,-7.86,6.24,-4.28,-7.04,4.54,-4.9,7.56,22.07,0.51,0.52,4.98,-1.4,3.73,2.76,-0.55,0.06,-1.96,0.17,5.61,-1.33,5.27,-1.34,2.63,-1.15,-1.56,-1.42,4.08
14.0053,-89.6879,-9.34,1119.95,-150.06,-1.01,-7.22,4.44,-2.57,-7.83,5.17,-4.96,7.95,8.38,12.35,0.35,-0.07,-10.71,6.21,-5.23,0.5,-1.76,6.34,-0.88,0.72,-2.19,2.91,3.14,1.61,-1.15,-0.59,-1.42,1.37
14.0053,-89.6872,15.29,542.94,-49.31,-0.34,-8.88,4.56,-2.43,-7.47,5.13,-5.04,7.61,23.52,3.19,0.32,-0.11,-9.28,5.63,-6.62,1.53,-1.15,-0.48,-0.76,-0.18,-3.07,2.95,-1.36,3.55,-1.71,0.97,-1.19,4.65
14.0053,-89.6865,16.61,-239.57,49.4,0.27,-7.63,5.6,-3.12,-8.25,6.09,-4.34,8.08,19.52,-6.93,1.09,1.77,-13.82,3.57,1.85,-1.19,-13.17,-1.9,0.09,-0.59,-0.76,1.45,-3.62,1.33,-4.31,0.97,0.75,4.65
14.0053,-89.6857,75.81,-1493.25,275.15,2.15,-8.78,5.9,-1.49,-9.06,4.57,-3.86,6.49,22.75,-19.16,0.78,-0.39,-9.88,3.0,-1.15,1.73,-4.45,-1.23,4.96,-6.15,1.2,-0.32,0.35,2.65,-3.38,9.57,-0.38,4.21
14.0053,-89.685,-1.99,438.64,-56.84,2.28,-10.59,5.73,-1.04,-9.36,4.16,-3.79,6.75,19.69,-0.0,1.9,4.33,-4.81,-0.23,-1.03,0.59,-3.81,-3.99,3.82,-6.37,-1.68,2.54,-1.62,0.98,-3.44,0.09,-1.9,4.81
14.0053,-89.6842,-17.32,951.73,-138.75,1.01,-9.57,5.81,-1.25,-8.72,4.08,-4.0,5.67,-0.0,-5.66,0.96,-0.46,-6.4,4.97,-4.51,4.01,4.89,2.8,6.8,-0.71,-2.43,1.43,-3.51,1.85,-7.87,-1.09,0.36,4.35
14.0053,-89.6835,-9.12,364.87,-56.14,0.54,-10.22,6.4,-1.55,-8.01,3.28,-3.75,4.84,-0.0,0.69,0.53,-1.48,-16.3,6.43,0.91,-5.47,7.81,-1.89,-1.08,0.86,-0.91,4.51,-1.67,1.08,-7.87,0.13,0.33,4.04
14.0053,-89.6828,-16.47,1682.34,-228.59,0.4,-9.45,4.96,-2.07,-7.85,3.64,-2.29,6.01,-0.0,8.75,2.06,2.82,-9.92,8.42,-0.3,-3.34,14.7,-2.63,1.78,2.14,-0.16,1.49,-0.72,5.15,-8.49,-0.31,0.08,4.04
14.0054,-89.682,-7.83,1401.94,-183.55,2.21,-8.93,6.32,-0.84,-6.76,2.49,-1.98,5.75,-0.0,-7.01,-0.51,-4.49,13.19,13.44,5.63,-4.92,2.24,1.01,0.46,-3.08,1.05,-1.25,0.08,2.64,-7.53,-0.6,0.08,5.46
14.0054,-89.6813,-11.32,1220.92,-165.2,1.11,-10.61,6.47,-1.75,-8.63,3.26,-2.07,3.99,16.63,-10.29,1.49,10.3,-4.09,5.11,2.06,-0.44,-0.43,2.25,0.73,-4.3,1.72,-0.53,-0.95,2.16,-6.63,-0.6,-0.9,5.2
14.0054,-89.6805,-33.35,1024.65,-166.91,1.42,-9.99,6.16,-1.48,-8.81,3.36,-2.05,4.2,-0.0,-10.33,1.26,-7.18,-0.23,6.54,2.7,-0.1,0.14,0.29,4.34,-2.23,2.06,-1.75,-1.66,3.66,-6.35,-4.14,-0.77,5.67
14.0054,-89.6798,-23.61,1850.44,-258.12,1.01,-9.32,6.57,-1.34,-9.19,2.51,-0.73,4.17,12.96,11.26,1.9,2.94,-3.62,7.93,0.07,-2.61,-2.0,-1.5,4.68,-2.91,1.54,0.03,-0.01,2.28,-4.92,-3.81,0.48,3.77
14.0054,-89.6791,-5.46,-381.9,41.05,1.94,-9.89,6.48,0.08,-9.79,3.81,-0.53,4.24,3.12,-0.0,2.33,4.03,-4.82,10.49,-2.46,-6.81,-9.49,-4.73,-4.34,-10.11,1.98,-3.93,0.25,3.78,-10.07,0.59,0.71,5.44
14.0054,-89.6783,-70.62,1164.95,-228.58,0.98,-11.61,6.84,-0.31,-8.71,3.44,-0.51,4.04,12.33,-19.27,3.17,5.3,-13.15,4.44,-0.81,-1.48,-6.05,-1.12,-3.84,-1.68,-0.61,2.99,-0.16,0.69,-10.07,-7.63,0.71,4.35
14.0054,-89.6776,-52.87,368.03,-108.41,-0.31,-9.31,7.77,-3.14,-8.61,3.32,-1.74,3.74,-1.2,-25.96,1.42,-4.39,-21.2,5.87,11.7,10.36,-1.9,0.12,-0.44,6.48,-7.46,-9.0,-1.2,6.23,-15.36,-0.55,-0.71,4.07
14.0054,-89.6768,-2.37,349.89,-46.36,3.56,-10.21,5.44,-1.25,-9.28,2.86,-0.91,3.97,9.11,-0.03,1.37,0.9,-21.25,6.89,7.5,-2.77,0.85,0.97,3.92,-5.65,-0.56,-2.69,2.09,0.49,-7.0,2.84,-1.62,2.54
14.0054,-89.6761,-1.37,278.35,-36.28,-1.66,-11.25,5.37,-1.96,-8.84,4.17,-0.93,3.89,-9.25,-0.0,1.28,2.28,-2.75,7.97,7.08,3.58,-6.8,10.28,1.65,-2.21,-3.48,-4.69,0.32,0.86,-10.58,5.47,-2.17,3.1
14.0054,-89.6754,21.98,-588.22,99.28,3.17,-9.75,6.01,-2.81,-9.32,3.29,-0.7,3.92,1.18,-21.57,0.08,-4.25,-5.96,8.7,6.38,10.79,-11.5,-1.98,1.38,-6.97,12.62,5.58,-0.36,2.45,-8.68,5.89,-1.64,5.01
14.0054,-89.6746,-0.26,-2311.85,287.65,0.75,-11.56,6.23,-4.18,-7.67,4.38,-1.19,3.6,-7.4,-27.58,2.01,-18.08,-12.03,5.07,-1.34,1.97,-6.64,-5.73,2.84,-11.57,1.46,1.83,-6.96,1.44,-6.18,3.04,-1.91,2.5
14.0054,-89.6739,-8.01,-1670.49,198.62,2.0,-11.46,7.28,-3.46,-9.32,4.34,-0.74,4.53,-8.28,-32.31,-2.65,-4.53,0.75,7.38,-5.01,-6.24,-0.95,-2.52,2.72,-6.98,-3.17,-7.36,-6.6,1.07,-9.96,4.37,-2.12,2.85
14.0054,-89.6731,9.4,-1819.21,237.82,0.9,-11.12,5.8,-3.63,-8.68,4.18,-0.74,4.33,14.93,-50.22,0.78,4.03,-6.93,6.63,-2.22,0.22,-7.85,-4.91,-7.49,-2.97,0.19,-2.9,-7.21,0.75,-8.6,2.32,0.75,4.64
14.0055,-89.6724,54.51,-2339.27,356.11,0.03,-10.04,3.71,-5.52,-8.62,4.68,-1.44,3.98,-0.0,-35.07,-0.35,0.17,-2.35,3.05,2.66,2.9,-17.33,-4.59,-1.05,7.6,3.01,-3.35,-5.11,3.05,-10.4,11.28,-0.44,3.48
14.0055,-89.6717,-22.02,-493.66,35.45,-1.03,-10.76,1.96,-4.59,-8.49,4.49,-1.33,4.37,0.36,-37.7,0.03,-1.65,-2.2,7.05,-2.74,1.74,-6.39,4.22,2.28,2.77,1.67,-2.43,3.82,2.5,-11.13,3.83,-2.44,2.51
14.0055,-89.6709,7.13,-2155.09,277.15,0.21,-11.35,3.46,-4.63,-8.09,3.54,-3.3,3.57,-13.82,-51.16,-0.15,2.69,1.74,6.36,2.45,1.93,-4.14,-4.83,-1.19,-3.98,0.45,-2.71,0.0,1.42,-7.77,5.92,-1.3,0.26
14.0055,-89.6702,-37.8,-225.1,-16.71,1.24,-13.09,4.12,-4.29,-8.5,4.56,-2.57,4.22,-9.42,-46.59,-0.93,25.68,-13.66,6.44,15.16,-0.28,-5.8,-10.92,1.33,8.73,0.72,-7.43,-3.19,-4.1,-9.08,0.79,-3.29,3.21
14.0055,-89.6694,11.66,-2258.05,295.46,-1.1,-13.33,3.64,-7.71,-8.38,3.46,-1.5,5.28,-5.47,-44.17,-1.37,11.83,-12.74,6.62,-6.72,-5.81,0.04,-7.52,4.79,3.85,-0.39,-4.36,-1.93,-2.86,-9.6,6.47,-2.22,3.76
14.0055,-89.6687,-47.02,-711.86,33.09,-1.42,-10.9,3.34,-6.73,-6.33,4.42,-3.63,3.93,-5.47,-38.31,-1.88,-2.44,-7.65,7.4,6.8,-2.58,-0.33,-2.57,-2.16,-5.35,4.78,-8.81,-0.04,0.32,-13.43,1.7,-2.89,3.47
14.0055,-89.668,21.71,-1515.73,214.85,-1.08,-11.94,2.89,-6.91,-6.85,4.48,-2.78,5.39,8.41,-32.86,-1.62,-7.03,-7.52,5.52,12.88,-3.25,-4.96,-0.6,0.0,-0.72,-3.26,-0.07,-1.95,-1.32,-10.98,9.68,-3.46,3.93
14.0055,-89.6672,-1.05,-2209.99,274.56,-3.95,-12.34,1.13,-6.08,-6.61,3.81,-4.35,4.63,16.84,-28.6,-2.79,-6.15,-16.82,5.81,-5.95,-4.17,-6.89,-8.26,-1.73,-11.62,2.02,-2.64,1.56,-0.38,-10.78,6.13,-3.46,4.56
14.0055,-89.6657,-26.75,-1259.74,125.57,-1.53,-10.85,1.16,-3.38,-7.65,5.97,-4.99,6.42,-0.0,-36.05,-2.77,-4.76,1.94,5.62,4.64,-4.74,-6.42,-10.45,-1.8,-19.7,4.51,-7.3,3.52,0.6,-12.71,2.89,-2.01,3.97
14.0055,-89.6643,-27.86,-268.57,0.52,-0.51,-12.29,3.4,-7.04,-6.65,5.1,-6.48,4.17,-0.16,-28.24,-2.01,-0.99,-8.68,9.1,-3.22,-1.89,-7.18,14.08,12.58,-2.59,1.17,-6.1,3.57,-0.97,-12.79,3.02,-2.27,3.94
14.0056,-89.6635,-1.98,-1420.23,175.07,-0.96,-13.19,-0.13,-4.37,-4.8,7.52,-5.77,4.39,-8.65,-27.82,-3.29,9.34,-11.56,4.52,2.71,-3.46,-3.69,1.97,-3.02,-5.42,0.83,-3.95,4.87,-0.74,-12.12,4.47,-1.15,5.02
14.0056,-89.6628,-12.94,-550.47,53.43,-0.3,-13.4,1.14,-1.85,-5.01,4.87,-6.48,4.4,17.05,-0.0,-3.55,-11.67,-10.44,3.69,3.5,-2.72,-4.83,2.31,-6.52,-4.41,0.97,-4.41,4.15,-1.57,-12.16,4.25,-1.33,3.15
14.0056,-89.6613,4.44,-1148.85,148.86,-0.57,-12.57,2.09,-1.89,-5.41,9.37,-2.38,5.3,1.0,-22.68,-1.3,-0.0,-13.5,5.83,-2.32,-2.52,-5.67,7.89,0.22,-6.26,-0.73,-4.45,3.07,0.09,-12.81,6.2,-0.32,2.92
14.0056,-89.6606,-2.89,-1643.06,201.99,-0.6,-12.5,0.77,1.26,-4.4,7.63,9.6,5.56,-7.2,-19.18,-5.96,-12.37,-12.13,0.31,5.6,-5.5,-4.9,-1.71,-2.84,-6.81,-0.14,-2.85,2.79,0.09,-12.81,4.54,-0.09,3.73
14.0056,-89.6598,-0.49,-1531.5,190.92,-1.47,-15.25,1.83,2.16,-4.31,9.28,-4.39,5.55,-14.84,-19.18,-5.85,-1.05,-8.27,11.24,-6.98,-2.47,-2.03,-0.6,-3.0,-10.18,6.44,-3.61,3.68,1.39,-11.83,4.5,0.53,2.35
14.0056,-89.6591,-6.74,-31.69,-4.02,1.15,-17.28,0.06,0.47,-4.41,10.39,-6.89,7.04,0.7,-10.59,1.68,4.58,-17.45,8.89,5.84,-4.12,-10.45,6.49,-2.31,0.98,3.21,0.74,2.74,-1.75,-12.55,4.12,0.53,2.35
14.0056,-89.6583,-14.49,-253.24,14.49,-2.37,-15.11,0.53,2.27,-4.09,6.55,-3.46,5.71,3.22,-0.0,3.04,-0.93,-6.31,0.77,2.46,-7.46,-2.57,-11.77,0.56,0.96,1.29,-1.43,4.54,-0.82,-12.4,2.77,1.43,1.32
14.0056,-89.6576,-10.4,-193.38,11.86,-0.11,-16.82,0.16,-2.73,-4.09,7.4,-0.37,6.52,5.84,-30.79,-3.37,11.92,-0.95,0.97,7.5,-12.63,-6.41,7.55,-0.75,-4.32,7.1,-6.05,5.14,-1.03,-13.26,4.17,0.56,2.13
14.0056,-89.6569,-2.55,-202.26,22.29,1.74,-16.75,1.83,0.78,-3.57,6.82,-6.06,5.83,-1.82,-28.62,-1.96,11.96,-12.39,6.1,-1.71,8.75,2.27,10.63,-2.89,-6.85,4.9,-4.46,3.57,0.08,-10.95,4.17,1.57,-0.17
14.0056,-89.6561,13.91,-1807.51,242.73,0.7,-19.36,3.37,0.48,-4.07,7.73,-6.96,5.18,-0.0,-38.84,-3.16,0.16,-12.3,4.86,4.55,3.64,-6.44,0.83,-4.01,-7.27,3.33,-4.4,3.2,-0.11,-11.13,6.05,1.84,0.16
14.0056,-89.6554,18.01,-1546.07,214.91,-0.01,-17.04,2.68,1.14,-4.04,5.24,-5.9,5.7,14.03,-38.84,-0.86,5.45,-12.44,4.71,-0.5,-0.0,-0.42,-0.22,-3.69,-5.97,0.11,-7.65,3.44,0.24,-12.21,6.62,1.62,1.62
14.0057,-89.6546,7.65,-797.81,108.97,-0.85,-17.53,1.22,1.35,-3.93,6.34,-5.18,5.11,15.46,-28.81,0.49,4.86,-10.58,4.42,5.06,-2.55,-4.96,-4.74,-3.44,1.41,0.52,-5.68,2.5,2.93,-13.07,5.73,2.76,-0.15
14.0057,-89.6539,8.58,-1175.44,157.38,1.57,-17.78,0.29,1.81,-3.04,6.19,-6.18,4.42,15.89,-31.39,-2.7,3.71,-8.96,3.75,2.86,-5.33,-6.14,2.31,-2.99,-1.94,-1.92,-5.6,2.26,1.78,-10.43,5.11,2.25,-0.92
14.0042,-89.716,18.35,-53.23,28.21,0.47,9.91,-2.0,-3.73,-10.47,11.27,-14.26,15.86,19.53,1.61,1.12,-4.08,-15.66,0.21,2.2,0.84,-5.76,6.73,-1.34,-12.19,-12.04,10.62,-11.09,-5.81,1.52,-1.36,1.42,3.26
14.0043,-89.7153,-14.66,198.25,-41.74,0.56,6.37,-0.56,-5.89,-9.34,11.51,-16.64,14.84,12.0,5.43,0.76,-6.46,-23.16,-0.29,4.67,-12.39,-17.43,9.19,17.32,-1.74,1.44,-3.03,-5.33,4.27,3.97,-8.65,3.57,2.16
14.0043,-89.7146,84.31,-2262.76,378.41,0.93,7.43,0.19,-3.92,-8.01,9.71,-16.56,14.71,-8.08,-6.12,0.57,1.36,-18.82,4.48,3.15,-7.83,-9.08,7.25,5.56,-0.53,-7.72,-0.35,-6.13,9.47,5.57,8.19,1.05,-1.77
14.0043,-89.7138,0.64,815.94,-99.83,2.52,5.67,-0.24,-4.98,-8.72,11.56,-15.42,15.06,-6.27,-10.75,1.2,13.97,-0.61,-0.36,2.08,-6.41,-1.65,5.06,4.09,23.64,1.26,-17.83,-4.28,-0.39,4.5,-4.83,1.78,1.25
14.0043,-89.7131,0.3,601.35,-73.79,1.99,6.49,-0.81,-5.18,-8.06,12.1,-16.15,13.02,-7.42,-12.04,-2.43,4.23,-6.02,1.45,4.64,6.66,-0.02,1.79,-0.0,19.79,-1.46,3.09,-6.13,-2.52,4.5,-4.82,3.04,-0.89
14.0043,-89.7123,-4.3,1142.09,-145.92,0.3,5.95,-1.47,-4.13,-8.9,12.0,-14.58,13.78,-7.1,13.07,-0.79,4.33,3.76,3.54,-0.15,-0.63,0.3,7.92,-6.0,-5.45,-3.72,5.27,-8.61,4.29,7.14,-4.67,0.79,-1.55
14.0043,-89.7116,-132.31,3633.73,-604.45,0.8,6.52,-0.44,-4.74,-9.09,9.97,-13.77,13.88,1.37,0.56,-0.67,3.74,-4.74,-0.8,0.79,3.26,5.0,3.75,1.75,1.57,-4.74,2.21,-1.19,4.26,2.75,-18.8,0.38,-1.55
14.0043,-89.7109,-112.46,2412.64,-430.45,1.81,7.27,-0.21,-4.52,-7.61,11.93,-12.98,13.02,-0.0,-0.0,-0.07,-2.64,-0.0,1.0,3.31,-2.29,12.8,6.33,-2.87,6.33,-1.28,4.02,-7.29,9.05,6.87,-18.8,0.38,-1.34
14.0043,-89.7101,-29.7,667.39,-117.42,0.14,5.06,0.88,-3.05,-8.71,9.42,-12.8,12.7,-8.59,-0.0,-0.54,-6.42,-9.86,7.78,2.91,-3.01,-11.19,10.04,-3.89,24.76,-6.09,7.78,-1.36,9.76,2.69,-6.83,1.13,0.45
14.0043,-89.7094,-16.98,928.83,-134.68,7.39,4.65,-0.92,-3.38,-7.45,9.9,-10.2,11.84,-4.48,5.43,-3.03,3.08,-23.16,3.92,-4.93,-2.97,-3.2,15.6,2.62,4.7,10.79,12.06,-0.97,-0.25,-0.3,-2.39,1.38,-1.71
14.0043,-89.7086,43.92,-972.93,171.98,-1.95,3.79,-0.68,-3.19,-8.1,6.66,-9.95,11.45,7.23,-0.0,-1.15,12.59,-18.59,2.29,5.28,-8.41,-9.47,5.81,-9.65,6.48,0.01,2.1,-4.38,3.32,2.13,3.21,0.73,0.97
14.0043,-89.7079,30.38,-272.05,69.47,-6.27,4.45,0.22,-1.62,-8.36,6.76,-8.8,11.11,17.16,-24.96,-1.84,-0.0,-13.39,-5.85,-0.0,-8.86,-4.51,7.33,-8.25,22.03,3.79,9.98,-5.86,3.6,4.68,-3.44,4.21,0.97
14.0043,-89.7072,54.01,-360.94,108.37,1.89,2.26,-0.08,-2.36,-10.37,6.18,-8.55,10.54,3.69,-21.59,-2.16,-0.0,-12.07,1.82,21.7,10.74,-5.86,2.28,1.68,15.6,-8.77,8.83,3.66,1.65,10.77,-3.82,2.19,3.73
14.0044,-89.7064,22.72,-205.9,52.27,2.31,2.13,-0.65,-4.36,-9.03,5.79,-7.99,11.13,10.99,-22.7,-0.99,3.85,-7.65,2.97,7.51,-2.75,1.46,7.51,-6.08,5.28,-7.09,3.81,-6.15,2.76,4.65,-1.51,2.26,-1.05
14.0044,-89.7057,31.08,515.4,-26.95,-3.57,3.99,-2.04,-3.86,-9.53,5.97,-7.25,10.91,17.5,-13.63,-0.89,-4.6,-3.38,6.8,5.81,2.51,-4.98,8.63,9.66,-0.0,0.46,3.46,3.38,2.52,7.36,-1.51,1.36,-0.46
14.0044,-89.7049,-36.68,1486.84,-227.06,-2.83,0.94,3.24,-4.22,-7.64,4.88,-5.21,9.94,5.63,-28.48,-0.49,5.05,5.49,-9.05,5.98,8.37,-2.45,-0.33,10.21,5.5,0.69,1.57,13.52,4.11,3.04,-7.07,0.41,-0.52
14.0044,-89.7042,-54.7,1395.7,-237.12,-0.07,1.76,1.51,-2.98,-9.43,3.78,-5.5,9.96,24.58,-20.54,-0.97,8.8,-6.97,5.19,0.15,-18.95,-3.77,14.22,-13.86,10.82,-10.09,3.46,2.72,3.56,2.93,-7.87,-0.62,-1.72
14.0044,-89.7035,-17.51,800.17,-119.6,-0.92,0.36,0.13,-3.31,-7.85,3.09,-4.87,9.86,22.47,-7.49,-0.8,-6.23,1.96,3.01,4.16,-14.51,-6.52,3.22,-9.53,11.59,-1.74,3.59,-4.8,5.07,5.31,-6.87,1.93,-1.38
14.0044,-89.7027,20.75,351.81,-18.98,0.63,0.93,0.03,-4.67,-8.35,2.36,-3.97,10.0,11.46,-3.02,-0.97,3.77,-1.3,1.51,-5.06,10.86,-4.93,-4.55,2.2,1.8,1.17,-12.09,10.72,1.79,5.91,-3.0,2.29,-0.33
14.0044,-89.702,-22.82,584.95,-99.3,-3.53,1.51,2.8,-4.27,-8.61,0.58,-3.93,10.2,3.2,-12.12,-1.11,10.8,-2.79,6.99,-7.2,-2.47,1.94,-4.34,-1.81,-7.66,-7.8,5.38,13.59,2.23,3.41,-4.92,0.14,-1.0
14.0044,-89.7012,-19.67,-130.51,-7.11,-1.54,0.41,2.87,-6.21,-7.98,1.23,-3.83,9.7,-0.0,-16.22,-0.69,-2.03,6.38,4.1,-21.37,-4.48,-6.6,4.72,0.02,4.55,-2.15,2.98,-6.43,4.32,-0.33,-0.6,0.89,-4.82
14.0044,-89.7005,-42.34,-272.31,-16.35,-1.91,-0.57,1.7,-4.75,-8.3,2.3,-4.62,9.3,-4.85,-18.49,-0.3,-0.89,-8.32,-2.69,-1.98,3.0,-27.69,14.51,3.31,10.03,-5.07,-4.74,-8.8,3.59,-0.33,-6.1,0.89,-0.46
14.0044,-89.6998,18.18,-416.94,73.08,-1.2,-0.55,1.59,-4.61,-7.28,0.5,-2.82,9.01,7.59,4.5,-4.16,1.88,-5.06,5.32,-8.18,-15.45,2.8,-5.01,7.39,7.68,-21.71,5.71,-1.73,4.32,6.06,-3.35,1.21,1.52
14.0044,-89.699,46.71,-1176.76,200.84,-1.68,-1.42,0.05,-4.31,-6.97,0.28,-1.2,9.95,-6.25,2.74,0.78,-3.01,-0.0,9.26,-0.0,-2.01,-2.78,-18.56,-0.97,5.97,-1.27,1.74,1.48,3.46,2.64,1.8,2.05,1.52
14.0044,-89.6983,42.98,-824.85,152.91,-3.05,-1.37,-0.17,-5.17,-6.76,0.58,-2.99,8.28,-1.55,7.11,-1.22,-4.23,-23.74,-1.82,-0.0,-10.14,-6.37,4.91,3.89,17.17,-1.93,4.36,3.42,3.01,5.85,2.08,-1.18,1.72
14.0045,-89.6975,71.4,-422.81,136.75,-0.89,-2.12,1.92,-5.46,-6.94,0.15,-1.35,9.72,18.43,-10.78,-1.38,-3.83,-19.6,-0.2,-3.84,10.28,-3.91,18.05,11.77,13.1,-4.34,8.92,8.49,3.0,1.79,6.47,-0.11,3.38
14.0045,-89.6968,82.68,-1001.77,221.79,-0.38,-2.49,2.35,-4.67,-7.36,0.82,-3.77,9.22,19.78,-10.78,-1.66,-11.19,-0.0,3.62,-1.5,5.71,9.53,1.82,-5.48,2.8,-7.11,5.09,1.51,2.86,5.53,6.78,-0.44,1.94
14.0045,-89.6961,13.07,561.36,-54.07,0.38,-2.94,3.25,-3.46,-6.93,1.16,-2.69,10.16,13.32,-4.56,-3.55,-6.5,-2.37,4.79,2.16,4.0,2.55,7.92,-12.95,8.82,-8.43,4.18,3.71,5.18,6.63,-0.86,-3.71,2.8
14.0045,-89.6953,22.6,-393.95,75.53,-2.25,-3.82,2.65,-5.51,-6.23,3.34,-2.26,9.61,5.63,-2.86,-1.99,1.82,-8.02,4.81,-3.92,-5.06,-4.5,2.16,-6.27,8.9,-5.69,2.95,1.12,3.43,6.63,-0.15,-3.71,3.63
14.0045,-89.6946,-13.69,770.42,-111.64,-1.35,-4.73,3.02,-3.76,-5.68,1.63,-2.64,8.98,3.14,11.71,-1.38,-2.66,-5.01,2.45,-17.41,9.18,2.9,-10.07,0.73,5.61,-3.51,4.88,11.54,3.04,-1.27,-0.15,-3.86,3.63
14.0045,-89.6938,-25.79,1086.67,-165.17,-0.88,-4.15,3.91,-5.28,-7.46,1.77,-2.97,9.14,-2.35,5.93,-0.98,0.96,-10.78,0.87,-2.7,8.17,-5.53,5.54,4.38,7.04,-3.62,7.73,-9.9,5.84,-2.45,-1.61,-2.57,2.31
14.0045,-89.6931,16.7,505.84,-42.95,-2.33,-4.67,2.42,-4.37,-6.79,2.56,-3.35,8.92,12.07,-2.0,-1.96,4.16,2.47,4.05,-1.3,0.71,7.07,-8.95,-0.75,-4.45,-1.5,3.04,-3.34,2.75,0.02,-0.88,0.05,4.0
14.0045,-89.6924,19.0,1312.02,-140.18,-1.62,-7.27,4.38,-4.63,-6.66,2.21,-4.4,8.7,18.93,1.04,-0.98,-0.62,-4.16,6.83,5.8,-5.4,18.37,-9.91,-1.39,13.96,-1.81,6.84,2.72,5.85,0.02,0.75,-1.29,3.72
14.0045,-89.6916,41.0,-449.88,104.27,-1.77,-6.61,3.33,-4.93,-5.73,2.72,-4.93,8.34,0.13,7.19,0.14,-2.13,-11.78,0.62,-0.03,-2.37,4.67,-3.52,2.51,10.2,-0.37,7.28,-4.87,1.63,1.17,3.2,-0.15,1.66
14.0045,-89.6909,27.08,148.82,13.57,-1.14,-5.75,4.12,-4.64,-6.11,1.83,-4.56,7.97,13.71,-12.62,-0.33,0.1,-2.46,4.51,2.6,1.42,6.86,1.35,-1.9,2.06,-3.91,0.78,-2.47,1.71,-0.25,1.75,-0.22,2.73
14.0045,-89.6901,-19.08,138.61,-39.76,-1.08,-8.3,4.35,-4.71,-6.37,3.75,-3.93,8.58,8.04,-0.0,0.74,-0.73,-7.18,2.97,-0.5,-13.4,-4.17,1.12,-0.38,2.31,-1.23,11.04,-3.83,0.0,0.09,-3.91,-0.96,2.73
14.0045,-89.6894,50.06,-807.46,159.4,0.26,-5.63,4.18,-3.56,-6.56,3.47,-4.79,6.92,-7.87,4.3,0.19,-3.2,-6.74,1.87,1.93,0.54,-0.93,-1.29,3.14,3.94,-1.43,8.69,-0.54,2.25,-3.07,5.91,0.61,2.87
14.0046,-89.6887,5.1,1268.69,-151.4,-1.15,-8.76,4.45,-3.65,-6.76,3.38,-4.48,7.86,2.16,13.72,-0.4,3.73,-8.98,5.1,10.35,-0.58,2.98,1.83,-0.85,3.79,-0.52,7.97,-12.34,2.27,-3.49,0.11,0.61,2.96
14.0046,-89.6879,-0.08,-0.24,-0.06,-0.29,-8.26,5.6,-3.24,-7.18,4.47,-4.57,7.72,-3.12,-0.66,-0.57,-1.05,-18.19,5.82,-1.51,2.06,1.54,4.47,-1.6,3.24,-2.02,3.87,1.02,1.05,-1.18,-0.14,-1.46,2.96
14.0046,-89.6872,-21.75,1465.42,-207.66,0.39,-8.62,4.51,-2.83,-7.69,4.1,-3.09,6.69,16.56,-3.84,0.18,-0.74,-3.96,0.4,7.14,-0.64,4.29,2.24,-0.23,-1.03,0.46,1.08,-2.38,2.01,-1.31,-4.96,-0.24,4.44
14.0046,-89.6864,2.38,490.44,-58.08,0.49,-7.63,5.68,-2.06,-7.34,4.74,-3.37,7.88,17.59,2.53,0.99,1.7,-9.44,-4.12,-2.13,0.17,-5.75,-0.5,1.65,3.89,-1.81,0.83,-3.7,2.48,-6.45,0.64,-0.21,5.73
14.0046,-89.6857,-24.27,637.21,-107.86,2.03,-8.65,6.11,-2.21,-7.42,3.84,-3.85,6.66,12.62,-16.69,1.61,-3.53,-5.72,5.91,2.44,-1.53,-4.14,-1.22,1.99,0.65,1.43,-0.76,1.09,2.67,-2.81,-3.77,-1.28,4.79
14.0046,-89.685,16.36,-596.18,93.42,1.33,-11.81,5.72,-0.64,-8.34,4.67,-2.54,6.37,3.75,-0.0,0.24,2.69,-8.52,5.05,-4.1,1.1,1.02,-2.05,-0.71,-11.86,-1.24,3.09,-3.13,3.28,-3.62,2.45,-1.11,3.92
14.0046,-89.6842,-6.28,84.76,-17.96,0.74,-11.23,5.83,-2.88,-7.5,3.78,-3.3,6.0,-7.61,-0.0,0.71,-1.27,-5.87,3.86,-0.34,1.42,-0.94,2.58,2.17,12.2,-2.82,1.52,-3.89,1.32,-3.62,-0.33,0.24,1.2
14.0046,-89.6835,-2.46,528.91,-68.64,-0.03,-9.48,6.13,-2.53,-8.05,3.78,-2.69,6.34,0.97,-0.0,0.77,-2.24,-6.56,10.98,3.89,2.0,1.71,1.18,2.43,-0.47,-0.17,-0.47,-0.47,2.59,-3.89,-0.14,0.73,1.2
14.0046,-89.6827,-26.22,732.41,-122.06,2.57,-8.95,5.96,-0.38,-7.15,3.66,-2.21,6.34,7.82,-11.82,-0.35,-1.15,-13.77,5.02,3.36,-0.19,1.62,-0.57,1.29,0.66,1.24,0.96,3.55,2.25,-8.33,-0.19,0.73,0.41
14.0046,-89.682,-24.95,1344.24,-196.64,2.56,-7.86,7.49,-0.95,-7.67,4.35,-1.88,5.78,14.7,-9.34,0.59,0.99,0.77,4.98,0.84,-3.23,-0.11,-0.95,1.75,-0.76,-0.59,-1.08,3.11,2.72,-7.44,-0.19,-1.2,2.74
14.0046,-89.6813,-22.49,1357.35,-195.38,2.92,-9.82,6.92,-0.57,-8.45,3.07,-1.81,4.03,24.35,-0.0,1.61,-2.66,-4.24,5.79,1.88,-2.07,2.03,1.43,-2.5,-0.41,1.16,-0.05,2.14,3.35,-6.58,-0.31,-2.05,3.94
14.0046,-89.6805,-59.29,1202.06,-219.68,1.56,-10.09,7.01,-1.48,-9.21,2.69,-1.29,4.39,-11.95,-1.67,2.55,-0.95,-3.69,5.71,1.75,-0.25,-0.45,-0.37,-0.92,-2.33,1.87,-0.71,-0.71,2.17,-8.33,-5.99,-0.3,4.36
14.0047,-89.6798,-52.28,1852.73,-292.35,0.86,-8.66,7.55,0.46,-9.45,1.83,-0.76,4.3,6.31,3.08,1.81,0.33,-4.16,5.74,2.17,-0.88,-5.76,0.47,9.39,-5.7,-2.19,-0.36,0.17,3.67,-11.69,-2.62,0.55,2.35
14.0047,-89.679,-20.48,577.92,-96.14,-0.02,-9.44,7.06,-1.12,-9.9,2.56,-1.18,4.46,-4.97,2.76,2.52,2.78,-8.43,5.16,0.22,-1.38,-0.89,-3.38,2.23,-2.4,0.84,-0.8,0.26,3.06,-11.69,1.93,0.02,2.62
14.0047,-89.6783,-50.9,230.15,-88.9,1.57,-10.03,6.8,-0.95,-9.11,3.08,-0.32,4.72,-10.43,-18.35,2.49,1.62,-13.5,3.5,2.21,-5.1,-1.71,-3.09,11.11,-2.87,0.22,1.62,-2.01,2.52,-10.76,-1.61,-1.51,2.93
14.0047,-89.6776,11.38,-499.19,75.61,-0.7,-12.41,5.44,-4.17,-8.78,3.41,-0.46,4.6,7.5,-7.81,1.21,0.23,-11.75,0.11,-1.3,-5.85,-9.47,0.78,7.82,2.01,12.31,-2.6,-1.27,4.11,-12.11,6.19,-0.32,3.46
14.0047,-89.6768,12.95,151.55,-3.53,1.97,-9.53,5.2,-2.67,-9.29,2.82,-0.39,4.45,-0.0,-5.34,2.39,0.18,-10.34,7.4,4.99,-2.51,6.21,4.13,2.44,-7.8,-5.4,-2.65,1.4,1.39,-7.08,2.49,-0.85,5.8
14.0047,-89.6761,57.49,-1563.43,262.73,0.25,-8.57,6.34,-4.16,-8.64,3.46,-0.87,3.82,-0.0,-0.57,1.58,-7.07,-5.43,6.15,4.1,0.56,-6.46,-6.53,3.76,-15.31,-4.77,-4.6,-1.96,6.06,-1.54,5.27,-0.22,4.6
14.0047,-89.6753,24.85,-1291.13,190.22,1.06,-10.5,5.21,-3.32,-8.13,3.63,-0.9,3.6,-5.43,-29.53,0.78,-0.9,-4.39,3.18,11.85,2.27,-10.53,-0.74,0.05,-6.83,16.06,2.86,-8.71,1.69,-0.56,3.34,-1.3,0.99
14.0047,-89.6746,-9.14,-64.09,-2.84,1.25,-11.3,3.86,-2.65,-7.69,3.69,-1.27,3.87,-7.14,-30.9,0.67,13.68,-10.83,5.72,-0.05,-0.86,7.35,9.65,5.79,-6.87,3.12,-1.82,2.4,-4.57,-6.51,0.64,-1.07,3.82
14.0047,-89.6739,-50.01,-1171.32,86.68,-0.34,-11.51,5.0,-3.87,-8.64,4.31,-0.9,4.29,-0.0,-41.9,0.47,-6.45,-17.1,6.28,8.04,-8.96,1.35,-11.82,5.65,-16.04,0.36,-4.38,-2.59,-0.71,-12.39,1.22,-3.39,3.31
14.0047,-89.6731,-32.7,282.04,-73.88,2.51,-9.55,5.82,-3.72,-8.91,3.76,-1.33,4.05,-0.0,-32.09,-0.31,1.49,-0.47,8.64,4.18,-0.98,-6.03,-1.69,2.41,2.64,3.71,-4.92,-8.03,0.55,-11.08,1.18,-0.89,2.17
14.0047,-89.6724,-11.78,-1600.38,185.49,1.1,-9.59,5.26,-5.48,-8.2,3.48,-1.02,4.56,1.03,-41.25,-0.52,1.37,-10.48,7.31,-2.7,-10.64,-4.44,4.36,-2.42,-5.65,0.39,-2.0,5.76,3.76,-9.07,3.02,-1.34,2.48
14.0047,-89.6716,-24.49,-146.99,-10.69,-1.9,-10.76,3.95,-4.48,-8.31,4.89,-0.19,5.13,-7.34,-0.0,-0.9,-7.99,-12.84,7.11,0.09,-1.99,-3.9,8.04,4.33,-0.83,2.46,-1.53,2.65,2.56,-8.64,1.87,-2.23,2.47
14.0048,-89.6709,-6.23,269.04,-40.92,0.07,-10.24,4.72,-6.35,-7.27,4.15,-2.07,4.86,-3.4,-0.0,-1.5,-0.6,-7.91,6.7,4.4,0.63,-4.17,2.03,5.13,9.87,3.64,-1.49,3.66,0.39,-8.36,4.95,-2.37,1.29
14.0048,-89.6702,-13.19,-435.72,38.71,-0.67,-11.63,3.9,-5.83,-7.32,4.39,-2.27,4.37,5.77,-42.68,-1.36,-0.0,-0.0,7.14,6.44,4.49,-5.21,-2.7,3.52,5.56,1.38,-10.4,2.19,3.21,-10.11,4.68,-2.71,2.54
14.0048,-89.6694,-18.94,-1502.9,165.0,-1.23,-9.58,2.34,-5.45,-9.03,4.45,-1.47,5.12,-0.0,-55.14,-0.95,-0.0,-17.49,7.81,-0.35,0.81,-0.39,-4.83,5.4,7.74,-0.0,-6.07,-1.77,0.14,-10.11,2.22,-1.79,3.99
14.0048,-89.6687,17.72,-1245.03,176.31,-2.11,-10.19,2.17,-7.35,-6.6,5.62,-3.26,3.64,-0.0,-29.42,-1.65,-4.39,-0.0,7.21,4.7,-5.7,-3.08,0.1,-5.81,1.89,2.01,-2.8,2.61,2.15,-6.31,4.63,-1.79,4.27
14.0048,-89.6679,24.63,-1913.1,267.89,-3.45,-11.69,2.19,-6.19,-6.81,4.75,-2.87,4.82,12.53,-25.57,-1.66,-2.04,-20.69,8.16,-5.52,-0.84,1.27,-2.21,-2.33,-3.87,-1.78,-0.65,2.71,-1.83,-7.75,7.12,-2.53,4.27
14.0048,-89.6672,-29.07,-1370.0,136.52,-3.57,-13.36,2.53,-6.02,-6.66,6.28,-3.49,4.45,7.96,-40.94,-2.36,-0.01,-9.33,7.41,-2.2,-2.73,-3.32,-14.73,-3.14,-3.24,4.15,-4.99,5.01,1.32,-10.93,2.71,-3.05,3.59
14.0048,-89.6665,-19.75,-1120.29,116.43,-1.04,-11.01,2.56,-7.49,-6.38,4.2,-2.96,4.02,13.64,-44.43,-2.77,6.34,-16.13,7.45,5.11,-4.11,-3.03,-3.04,-0.73,-7.52,4.13,-7.06,1.7,0.72,-10.8,4.73,-4.06,3.7
14.0048,-89.6657,-6.65,-791.49,90.93,-0.9,-10.12,2.94,-3.64,-6.11,4.15,-6.15,7.03,21.44,-42.68,-1.49,4.9,-0.02,9.57,-1.88,-3.15,-5.04,-10.84,-4.31,2.91,-3.14,-7.79,3.96,0.54,-11.19,4.73,-2.38,4.55
14.0048,-89.665,-49.99,649.2,-140.32,-2.55,-11.35,1.0,-1.93,-5.63,4.84,-3.89,5.92,12.53,-0.0,-3.97,-0.7,-7.09,4.25,-3.06,-3.02,-5.07,3.68,0.34,-6.29,0.2,-5.58,4.99,-0.77,-12.26,0.45,-3.17,4.23
14.0048,-89.6642,-17.25,-183.6,2.48,-0.99,-12.58,0.43,-4.03,-6.19,7.67,-2.52,5.42,12.38,-0.0,-3.81,-1.68,-14.51,3.8,-1.52,-3.53,-5.96,3.91,1.96,-2.08,2.07,-5.32,3.86,-0.63,-12.09,3.5,-2.12,4.76
14.0048,-89.6635,-13.6,-345.22,27.0,-1.21,-10.73,1.84,-6.07,-6.58,5.85,-5.6,5.18,-1.95,-0.0,-2.65,-9.68,-3.17,10.24,3.54,-4.06,-10.37,5.15,-0.2,0.09,1.8,0.0,5.23,0.2,-11.57,3.74,-1.56,3.74
14.0048,-89.6628,-28.16,134.45,-50.18,-0.1,-11.83,0.25,-11.84,-3.26,7.88,-6.43,5.86,-8.6,-0.0,-3.67,0.92,-3.52,3.91,6.6,-4.79,-1.21,6.75,1.4,-2.38,0.38,-4.1,5.15,0.19,-12.65,2.47,-1.51,3.63
14.0048,-89.662,15.56,-761.92,113.67,-0.64,-12.15,0.93,-4.28,-3.37,8.02,-7.87,4.58,-0.0,-0.0,-4.21,-10.59,-21.91,-2.54,-1.37,-3.35,-3.44,-4.23,-6.19,-9.18,0.67,-2.8,4.1,-3.28,-12.65,8.8,-1.62,3.04
14.0049,-89.6613,-9.25,-179.08,11.42,-0.08,-12.72,1.81,-1.32,-4.09,6.23,-1.83,3.42,3.56,-0.0,0.36,-0.0,-13.46,17.77,-0.49,-2.54,-2.98,-3.75,-3.05,-7.78,1.6,-4.83,3.53,-0.98,-12.25,5.53,-1.21,1.83
14.0049,-89.6605,9.72,-1618.85,213.9,0.23,-12.1,1.99,-1.44,-1.1,8.03,-2.33,4.4,2.18,-4.1,-3.75,-20.39,-11.67,-1.24,1.18,-3.77,-6.78,-0.88,-1.95,-1.4,3.24,-5.94,4.64,1.34,-11.48,6.52,-1.21,3.71
14.0049,-89.6598,-2.38,-531.73,63.67,0.1,-13.5,2.36,-4.25,-4.28,7.81,0.35,2.91,1.86,-7.32,-1.4,-9.98,-9.67,15.72,-1.31,-7.41,-3.58,0.36,-2.6,-2.14,3.23,-3.05,2.9,-1.4,-9.34,3.39,-1.02,3.71
14.0049,-89.6591,-3.56,62.65,-12.05,0.62,-16.93,1.69,-3.94,-4.34,8.04,-5.75,3.56,-6.94,5.14,-0.22,3.54,-8.36,5.94,5.6,-6.33,-5.36,8.07,0.37,-4.48,-0.06,-5.6,6.88,-1.03,-12.65,4.21,0.98,2.44
14.0049,-89.6583,-8.84,-338.42,31.85,-0.49,-14.24,0.46,-2.96,-3.14,9.14,-3.56,5.94,0.91,-22.09,2.67,-1.05,-12.91,5.08,-0.71,3.21,-1.61,6.57,-1.61,-5.89,3.53,-0.04,4.2,0.04,-12.07,4.21,-0.04,2.18
14.0049,-89.6576,-5.73,-957.54,113.0,1.44,-15.04,0.48,0.59,-3.68,8.04,5.57,5.99,8.44,-33.24,0.14,7.56,-14.94,2.51,0.6,-8.14,-7.43,1.89,-4.92,-2.81,4.05,-5.55,1.88,-2.15,-11.35,3.7,0.35,2.39
14.0049,-89.6568,11.71,-1541.48,206.78,-0.27,-17.18,1.08,-0.35,-4.09,7.89,-10.24,5.65,-3.68,-25.91,-2.67,15.9,-11.18,4.52,2.78,-14.6,-5.17,2.95,-0.14,-5.92,5.32,-5.47,4.16,-1.01,-8.29,4.76,0.44,1.16
14.0049,-89.6561,13.83,-1560.06,211.66,0.29,-17.38,2.46,3.78,-3.57,7.0,-7.53,4.24,-0.0,-33.62,-1.51,-0.0,-12.89,4.64,2.36,2.5,-8.91,1.52,-1.04,-0.6,2.6,-3.91,4.1,-0.04,-10.15,5.29,1.55,0.96
14.0049,-89.6554,-11.38,-959.47,106.61,-0.34,-17.05,0.51,3.1,-2.81,6.17,-5.96,3.4,11.84,-34.93,-1.18,-6.44,-12.5,4.37,7.26,3.92,-6.66,2.65,-4.43,-0.24,-2.99,-4.12,3.04,0.67,-12.44,2.37,1.54,2.62
14.0049,-89.6546,-13.41,-231.57,13.08,1.69,-18.0,0.71,3.19,-3.26,5.18,-9.48,6.54,13.97,-27.74,-0.3,-0.9,-7.05,2.22,5.01,7.18,1.14,-0.53,-2.37,-8.23,-0.35,-8.11,3.32,-0.85,-12.55,3.45,1.45,0.49
14.0049,-89.6539,11.26,-281.38,48.6,1.97,-16.48,-1.78,1.58,-3.48,6.25,-6.48,4.91,12.5,-0.0,-2.82,9.94,-12.46,4.68,5.36,-8.0,-2.4,2.42,-2.16,-2.81,1.7,-4.16,3.73,0.56,-10.05,5.04,1.49,0.73
14.0035,-89.716,-43.44,1342.45,-216.66,-2.88,8.12,-0.74,-5.84,-10.17,10.22,-15.45,15.39,6.86,-1.99,-0.95,13.05,-19.65,1.1,-1.51,0.53,3.82,3.64,-5.2,-6.79,-3.85,-0.0,12.86,14.47,3.37,-11.92,3.53,1.89
14.0035,-89.7153,-48.18,2686.55,-387.91,-2.47,8.51,-2.4,-4.95,-9.86,9.55,-16.89,14.25,16.09,-0.0,0.14,5.2,-8.24,4.15,4.15,3.41,5.02,18.86,6.35,0.08,-0.56,5.48,-6.77,0.1,3.79,-10.1,1.89,-0.31
14.0035,-89.7146,-11.59,-308.71,24.37,0.24,6.81,0.12,-5.54,-10.06,11.16,-17.06,12.63,3.76,-5.84,0.26,-7.23,-20.26,7.39,7.64,-2.06,-16.54,4.24,-10.09,11.15,-3.56,0.82,2.14,2.37,3.79,-6.07,2.26,0.64
14.0036,-89.7138,21.21,-191.64,48.66,1.97,6.42,-0.13,-5.18,-9.48,11.61,-16.27,14.02,4.78,-4.62,-0.52,6.85,-4.77,-0.7,-2.14,-2.67,2.2,2.4,-10.82,10.4,-14.74,4.25,-3.36,-3.37,4.25,-2.81,2.82,1.23
14.0036,-89.7131,-22.6,718.18,-115.23,-0.58,6.17,-1.08,-5.51,-8.03,10.82,-14.99,13.62,-8.2,9.04,-0.77,3.11,-5.11,-2.49,4.39,-2.05,-3.32,0.87,-2.57,-2.57,-5.0,8.63,-7.02,5.51,9.35,-11.67,2.82,0.85
14.0036,-89.7123,-64.23,2270.57,-355.84,-3.88,5.52,-1.29,-6.21,-7.47,11.45,-14.86,13.88,0.56,1.04,0.56,2.33,-8.29,-1.2,3.46,-1.61,-0.55,6.87,6.31,9.78,8.34,-0.55,-10.3,0.3,-4.17,-6.43,0.54,0.1
14.0036,-89.7116,-24.94,680.39,-113.38,-2.42,5.81,-0.16,-5.69,-8.11,10.97,-14.32,13.58,-4.75,11.18,0.24,-7.22,0.32,4.97,-4.75,-9.12,-1.49,7.94,4.77,-2.88,-12.4,-3.04,-5.85,2.09,2.92,-6.43,2.0,-0.66
14.0036,-89.7109,-56.63,1447.27,-245.42,-1.45,6.81,-0.83,-3.43,-7.26,11.21,-13.16,12.48,4.5,-17.01,-0.46,-13.15,-0.0,8.52,-0.51,-0.81,7.41,6.1,-2.31,-5.42,3.72,4.39,-6.03,5.2,3.97,-10.28,0.05,0.6
14.0036,-89.7101,-21.29,1203.23,-173.61,-1.51,3.96,-2.07,-4.27,-7.71,9.96,-11.06,12.08,8.92,-8.04,-0.62,0.02,-17.95,4.84,12.3,13.68,-8.95,5.73,1.77,0.83,-3.91,1.23,-5.96,2.19,5.24,-7.81,2.25,-0.33
14.0036,-89.7094,-37.93,979.7,-165.7,4.21,6.72,-2.52,-3.5,-7.72,9.17,-10.42,11.98,-8.2,4.57,0.47,-7.09,-1.09,0.69,1.97,-3.42,-8.9,11.07,-8.48,2.22,-4.61,12.45,1.48,5.62,3.2,-8.53,1.8,-0.24
14.0036,-89.7086,-36.64,940.16,-159.32,-1.7,4.36,-1.55,-3.52,-8.06,8.34,-10.75,11.37,2.44,-2.84,-1.15,15.49,-21.34,1.35,-6.83,-2.3,-0.79,5.3,0.3,8.98,-5.7,2.03,-3.38,2.36,3.2,-8.49,1.8,-0.24
14.0036,-89.7079,-31.14,596.46,-110.42,-1.38,4.04,-1.15,-2.42,-6.97,6.96,-9.42,11.38,-1.18,-13.45,-1.77,7.26,-14.46,1.96,9.05,-7.21,-3.4,14.14,-11.19,1.75,3.09,-5.95,1.9,7.41,6.68,-10.71,1.63,1.23
14.0036,-89.7072,-37.98,1748.72,-260.81,-0.93,2.49,-3.3,-3.06,-8.31,6.33,-7.97,10.87,7.26,-3.58,-1.99,12.07,-10.24,-0.68,18.33,2.21,-2.99,-8.26,-5.08,6.85,-9.89,10.67,-1.5,17.83,5.12,-10.71,2.16,0.36
14.0036,-89.7064,4.52,-239.66,34.94,-1.51,2.7,-1.44,-4.17,-9.91,4.76,-8.74,10.51,5.19,-21.78,-0.38,-0.0,-10.98,-3.62,14.28,1.21,-6.29,4.66,3.56,1.47,-4.59,2.8,4.64,7.95,3.13,-4.77,2.23,2.14
14.0036,-89.7057,21.25,259.19,-6.91,0.89,1.87,-0.46,-3.65,-8.41,4.93,-6.83,10.51,18.02,-26.78,0.0,10.42,-9.86,12.02,5.47,-5.11,-1.77,8.06,2.42,-0.0,-10.81,12.37,-11.11,2.74,3.05,-2.88,4.17,-0.1
14.0037,-89.7049,-45.68,1585.8,-249.91,-1.38,1.96,0.01,-2.1,-9.21,4.04,-6.03,10.52,26.19,-20.58,-0.11,-4.22,0.51,0.77,-2.04,6.56,0.4,5.68,-2.72,-5.83,2.62,-4.03,2.2,0.64,5.25,-11.88,3.02,-0.7
14.0037,-89.7042,-55.45,2223.85,-340.35,0.83,2.8,-0.58,-2.1,-9.04,4.03,-4.87,10.46,8.17,-6.86,-0.64,-6.56,6.53,2.26,-5.44,-8.98,2.06,9.45,10.69,15.46,-0.66,1.74,0.48,6.18,5.75,-10.9,0.03,-0.64
14.0037,-89.7035,31.75,-411.92,88.43,-0.63,1.36,-0.02,-2.31,-9.49,2.73,-4.15,10.22,18.99,-6.37,-0.69,-8.23,-4.47,5.61,2.03,-5.63,-3.67,-0.0,-7.11,6.5,-3.34,-3.44,0.58,3.44,8.63,-2.11,2.18,-2.1
14.0037,-89.7027,-30.22,1018.56,-161.64,3.94,-0.41,-1.58,-2.68,-7.92,2.69,-3.02,9.69,4.8,3.51,-0.87,-5.34,-1.15,4.88,3.16,1.77,-7.01,-8.95,-8.69,22.74,-14.76,-1.12,4.55,-2.67,2.86,-4.9,-0.01,-2.1
14.0037,-89.702,-18.45,1050.9,-151.75,-4.55,0.14,1.18,-4.6,-7.67,1.69,-3.31,9.0,-0.0,3.26,-2.12,-3.04,-5.9,6.62,-5.06,11.34,-14.43,1.61,0.38,16.97,-8.43,6.67,0.15,1.76,4.47,-6.55,1.13,0.15
14.0037,-89.7012,-16.8,1668.58,-226.22,-4.17,-0.28,1.66,-5.21,-7.76,1.0,-4.09,9.98,-0.02,-2.05,-1.3,-0.49,-3.64,1.36,-0.02,12.63,3.45,5.5,-2.76,16.73,4.32,7.96,2.44,2.25,9.14,-9.63,1.13,1.05
14.0037,-89.7005,4.46,-403.04,55.13,-1.45,-0.75,0.82,-4.92,-7.62,1.03,-3.58,9.99,-1.62,1.09,0.57,-3.26,-10.64,4.08,-2.79,-0.54,-6.77,2.78,-11.28,9.6,-2.12,2.01,-5.91,2.99,7.86,-4.37,0.55,-0.73
14.0037,-89.6998,-2.7,564.02,-72.97,-1.68,0.36,2.8,-5.08,-6.49,-0.89,-4.47,9.2,13.0,-8.24,-0.8,0.19,-0.14,12.36,-0.0,-11.36,-1.92,13.27,-5.57,1.62,-13.44,1.17,-3.47,4.51,2.12,-3.38,1.59,0.45
14.0037,-89.699,-25.74,470.33,-88.63,-0.26,-1.96,-0.09,-4.73,-7.72,-0.03,-3.59,8.66,12.51,5.76,-1.23,-0.17,-11.54,0.33,-12.48,1.0,-10.64,5.02,-3.52,3.93,3.17,0.93,-1.47,3.82,2.1,-3.38,-3.06,2.4
14.0037,-89.6983,46.11,-669.33,137.35,-2.21,-2.44,1.46,-5.0,-6.58,0.36,-2.48,9.16,0.24,-0.0,-1.51,-0.72,2.74,10.06,10.69,-11.54,-7.48,-6.24,3.93,4.08,-3.4,5.81,3.49,1.86,3.96,2.52,-1.01,3.66
14.0037,-89.6975,4.76,267.96,-27.55,-1.4,-1.06,1.82,-4.45,-6.8,2.06,-2.4,11.0,4.67,-2.1,-0.41,0.64,-0.14,-2.1,-4.75,-0.0,-18.15,7.11,3.05,2.11,8.06,3.18,2.49,2.5,0.8,-0.44,-1.82,3.74
14.0037,-89.6968,41.1,-1490.18,233.11,-4.13,-2.26,0.84,-4.08,-6.94,1.01,-2.37,9.68,20.17,-6.42,-1.23,-0.69,-21.5,2.88,0.62,-4.44,-11.65,-0.88,-5.73,0.15,-2.43,-0.73,-6.28,-0.57,4.68,3.34,-2.18,1.94
14.0037,-89.6961,29.2,-1231.77,187.08,-2.46,-1.2,2.57,-3.81,-6.67,2.04,-1.62,9.56,14.73,-13.31,1.09,-2.57,-19.18,0.97,-10.0,-3.44,-4.2,2.61,0.2,1.82,-2.24,-1.84,5.57,3.58,4.68,1.45,-2.37,2.61
14.0038,-89.6953,19.03,146.21,4.39,-3.86,-2.87,2.43,-4.92,-6.4,0.81,-3.08,9.61,17.05,6.2,-3.69,-1.97,-6.44,1.62,-4.3,-9.7,-0.89,10.32,-1.91,6.85,-2.31,-9.29,3.39,1.87,2.3,1.45,-2.37,2.61
14.0038,-89.6946,64.92,-2073.56,333.68,-2.37,-4.56,2.12,-6.2,-6.67,0.95,-2.93,9.19,8.88,1.51,-0.73,-3.39,-16.17,4.02,-11.68,6.41,-12.07,-0.65,7.67,-13.0,-7.39,-1.55,-1.46,3.6,-0.3,8.17,-1.84,3.4
14.0038,-89.6938,-49.57,767.23,-153.7,-0.84,-4.21,2.14,-4.83,-5.13,0.63,-3.13,8.44,-0.0,5.3,-2.51,4.83,-29.57,-1.58,-9.75,3.77,12.51,-5.47,-3.31,0.55,-3.36,10.04,-0.3,4.83,-4.81,-5.13,-1.13,3.25
14.0038,-89.6931,-58.96,1208.01,-219.45,1.42,-4.68,3.17,-4.57,-5.87,4.3,-3.67,8.46,24.91,6.75,-1.6,-2.31,0.29,3.56,-0.0,-2.48,10.56,-3.31,-11.77,-8.89,-2.48,2.06,-15.51,0.45,-4.81,-5.87,-0.81,1.62
14.0038,-89.6924,39.57,-594.07,120.45,-1.0,-6.62,4.77,-3.51,-6.34,3.36,-4.64,8.79,-0.0,5.97,0.17,2.02,-6.04,2.22,-4.22,-13.86,14.01,1.7,-5.08,-10.06,-2.51,4.32,-9.32,6.17,1.7,3.06,-0.54,1.62
14.0038,-89.6916,51.43,-1023.15,187.69,-1.96,-7.7,4.19,-4.4,-7.4,3.17,-5.63,8.99,8.87,-0.0,1.55,0.6,-2.93,3.73,-0.78,-8.44,4.54,-3.54,-1.98,-1.07,-2.65,6.62,-3.43,1.94,0.74,4.46,-1.2,4.08
14.0038,-89.6909,25.71,-840.89,134.7,-2.57,-6.28,4.11,-3.71,-6.73,1.46,-4.19,7.9,3.36,-0.0,-1.68,-1.44,-7.08,-1.47,1.1,0.38,1.9,-0.83,-1.67,-3.88,-2.31,7.07,-0.43,3.89,1.23,0.93,-0.38,2.45
14.0038,-89.6901,36.95,-449.17,99.42,-0.98,-8.67,5.0,-2.49,-6.41,4.35,-3.23,7.45,-2.28,8.29,0.52,-1.91,1.05,-2.79,-7.35,-0.65,-4.4,-2.04,1.37,3.64,-1.28,14.78,-4.21,4.64,0.95,1.16,0.91,3.07
14.0038,-89.6894,43.63,-678.21,135.75,-2.17,-9.24,3.9,-2.94,-6.81,3.87,-3.96,7.39,7.94,7.87,-1.51,-0.92,-8.62,3.03,-6.16,-2.85,0.62,-1.76,0.01,-1.81,-1.13,4.7,-0.73,0.71,0.87,1.68,0.91,3.91
14.0038,-89.6887,11.22,-263.07,45.91,-1.12,-9.15,4.56,-2.68,-7.21,4.13,-4.18,7.44,-5.49,4.19,-1.36,0.2,-8.21,4.0,-6.0,3.04,0.6,-1.84,-2.05,1.43,-3.47,6.27,-1.92,2.87,-0.92,0.05,-0.41,3.23
14.0038,-89.6879,-4.68,928.23,-120.74,0.66,-7.94,5.1,-2.42,-7.15,4.52,-2.68,6.72,0.61,6.11,-0.83,-1.88,-1.16,4.89,1.1,2.9,2.49,0.47,1.41,-0.31,-2.81,-1.29,-4.59,4.21,-2.12,-1.61,-0.14,3.29
14.0038,-89.6872,22.0,664.23,-56.43,-0.09,-6.44,6.03,-2.04,-7.19,2.54,-1.86,6.12,9.43,7.22,0.13,-0.25,-6.56,0.99,1.99,2.53,-0.8,2.19,3.26,3.87,-1.27,4.57,-2.06,2.45,0.24,-1.63,1.32,4.74
14.0039,-89.6864,6.78,219.3,-19.2,0.65,-7.09,6.45,-1.15,-6.91,2.2,-2.16,6.23,-0.44,-0.15,-1.33,0.45,-4.06,5.96,-2.15,-1.08,0.99,-1.92,0.02,2.2,-2.48,5.07,-2.76,4.21,-2.19,-0.16,-0.66,4.32
14.0039,-89.6857,8.16,475.66,-49.42,0.06,-7.73,5.93,-0.64,-7.41,2.55,-3.11,6.27,8.92,1.25,-1.97,0.78,-5.27,5.6,-0.06,0.46,-2.69,-0.49,0.81,2.44,-3.53,3.9,-1.68,2.53,-1.61,-0.31,-0.36,3.7
14.0039,-89.685,4.74,115.13,-8.69,0.83,-9.29,5.38,-1.45,-7.32,3.66,-2.77,6.2,5.45,-0.0,-0.57,-0.05,-13.64,3.39,1.45,4.96,0.73,-1.94,1.75,7.35,-1.5,5.59,-3.93,2.95,-1.61,-0.26,-1.54,4.52
14.0039,-89.6842,-3.9,952.68,-122.97,1.13,-9.48,5.26,-2.3,-7.57,4.41,-2.1,6.05,-5.3,7.2,1.08,-0.24,4.66,2.71,-1.33,0.74,-1.14,1.39,2.79,3.6,-2.03,4.63,-4.04,4.67,-4.67,0.4,-1.54,4.52
14.0039,-89.6835,9.53,561.72,-58.52,1.25,-8.24,7.04,-2.37,-7.7,5.12,-1.09,5.74,-0.0,-0.0,-1.0,-0.73,-9.87,5.25,0.54,2.23,-0.5,-0.56,-2.81,4.65,-1.83,0.49,-1.86,1.55,-4.42,0.4,-0.41,5.55
14.0039,-89.6827,-40.12,1937.0,-288.22,1.7,-9.84,6.66,-0.8,-8.04,3.12,-1.53,4.54,3.55,-5.77,-1.93,2.06,8.16,6.12,0.32,-1.0,-0.09,5.23,1.5,4.69,1.77,2.35,-3.63,5.95,-6.26,-2.15,-2.7,3.84
14.0039,-89.682,-22.05,1358.26,-194.94,0.91,-9.71,5.81,-1.39,-8.46,3.25,-2.18,4.51,7.81,-9.13,1.44,-1.02,-6.81,4.53,13.08,-1.19,1.18,1.0,3.78,4.73,2.89,0.49,-0.73,4.38,-8.08,-0.15,-1.31,4.36
14.0039,-89.6813,-12.85,669.66,-98.47,3.38,-10.31,5.78,-0.42,-9.24,2.74,-1.19,4.22,20.65,-0.0,-0.55,-2.61,-9.66,5.11,0.55,-1.33,0.64,-0.59,-1.17,0.11,3.12,1.52,0.88,3.74,-6.94,-0.26,-0.42,4.11
14.0039,-89.6805,-29.36,1477.11,-218.44,1.88,-10.91,7.31,-0.41,-8.06,1.7,-0.56,4.41,16.73,1.49,-0.96,4.69,-12.8,5.22,2.87,2.44,-3.57,0.27,-0.6,-4.29,3.35,2.35,0.01,4.34,-10.83,1.83,-1.44,2.41
14.0039,-89.6798,-49.32,1364.91,-228.16,2.02,-9.46,6.56,-0.26,-8.05,1.38,-0.5,5.11,-0.0,-2.43,1.58,1.6,-8.15,5.61,2.42,-0.92,-5.95,-2.71,3.67,-2.03,0.74,-1.35,0.22,2.12,-11.73,-1.91,0.09,2.79
14.0039,-89.679,-98.57,2967.24,-485.84,0.74,-10.66,6.51,-0.15,-8.3,2.01,0.78,5.34,-0.0,6.6,1.58,-1.78,0.02,2.48,0.98,-3.19,-1.38,-1.66,9.09,-5.37,2.99,1.58,-2.95,2.61,-11.73,-7.97,0.09,1.71
14.0039,-89.6783,-36.53,-578.14,28.69,1.57,-9.64,6.54,-2.08,-7.21,1.77,0.56,4.82,-10.22,-23.17,1.24,-3.37,-19.2,4.61,1.6,-3.53,1.19,-0.45,2.54,1.03,3.18,-1.72,-3.99,0.48,-10.11,0.77,-1.54,1.71
14.004,-89.6776,13.46,-346.06,59.01,-1.02,-10.01,7.09,-0.67,-7.81,0.82,-0.74,4.55,-0.86,-0.0,2.33,-0.23,-8.83,1.95,4.98,3.97,1.46,-3.85,2.88,-0.34,-4.79,-0.48,0.87,-2.45,-4.1,0.86,1.16,2.48
14.004,-89.6768,3.08,617.55,-73.22,-2.54,-10.2,6.46,-4.03,-7.68,2.25,0.3,4.53,15.02,-13.74,2.59,3.15,0.32,7.15,2.79,3.49,-1.4,-3.82,-1.29,-3.56,2.35,-4.14,-0.66,-0.03,-8.56,3.84,-2.88,6.15
14.004,-89.6761,1.06,325.53,-39.28,-1.88,-7.1,5.24,-1.36,-8.38,3.33,-0.38,3.86,10.96,-9.36,1.16,-5.7,-4.24,7.76,2.8,0.72,12.48,-1.88,-1.74,-9.25,2.9,-7.1,-10.91,-1.74,-5.68,1.61,-1.94,5.12
14.004,-89.6753,9.46,-1186.74,158.98,-1.3,-9.76,6.75,-2.41,-9.27,3.01,-0.69,4.09,-8.1,-22.75,1.26,-1.82,-16.31,7.39,-1.05,5.69,2.07,1.18,-0.37,-3.04,2.17,-3.76,1.04,0.71,-5.91,4.77,-3.02,3.58
14.004,-89.6746,3.5,-72.94,13.23,0.41,-10.83,4.49,-2.15,-7.61,3.27,-1.14,4.05,-3.06,-17.69,0.09,8.22,-21.29,6.54,8.28,-5.03,8.72,8.05,-3.2,3.1,3.47,-2.24,8.2,1.99,-10.38,4.77,-1.02,3.89
14.004,-89.6739,-37.04,1141.87,-186.12,1.16,-10.73,4.97,-3.42,-8.54,3.32,-0.9,5.0,8.18,-24.83,0.33,3.47,-1.57,5.43,4.26,-4.48,0.55,-2.01,1.83,4.83,6.85,2.95,15.25,1.62,-11.44,1.76,-1.84,2.13
14.004,-89.6731,-1.42,143.58,-19.57,-0.35,-10.83,3.66,-3.84,-9.04,3.33,-0.82,3.75,3.4,-13.7,-0.7,-1.84,11.71,5.52,1.39,7.19,-2.5,-2.02,-0.69,-10.09,2.66,-11.37,-2.25,2.66,-13.26,7.34,-1.8,2.73
14.004,-89.6724,-30.17,-823.12,66.84,3.28,-11.37,3.72,-4.51,-8.36,3.64,-1.56,4.24,-5.51,-24.36,-0.79,4.53,-15.0,5.6,1.29,-6.37,-6.5,-2.62,0.23,0.96,2.46,-4.39,3.24,2.13,-9.35,0.23,-0.95,2.85
14.004,-89.6716,-13.49,-1292.98,145.18,-0.94,-11.49,3.62,-6.01,-8.31,4.09,-0.47,4.21,-3.33,-24.21,-2.01,-1.06,-18.75,6.24,2.57,-2.23,-5.17,-4.04,5.58,-4.32,0.59,-1.61,1.1,1.67,-9.55,3.19,-1.57,2.81
14.004,-89.6709,-23.65,-376.13,18.88,-0.55,-9.32,2.78,-4.6,-8.43,4.52,-1.65,4.9,-8.9,-0.0,-0.26,-12.64,-5.67,5.87,-3.86,-0.64,-2.15,1.1,1.77,1.69,2.12,2.93,5.43,3.56,-9.21,2.73,-2.07,1.66
14.004,-89.6702,-6.27,-268.43,26.04,0.43,-10.48,2.4,-4.0,-7.71,4.43,-3.93,4.23,-0.0,-27.88,-1.49,-0.0,10.26,8.18,0.64,-10.3,-5.1,3.72,0.25,-4.6,2.97,4.09,1.68,0.83,-9.77,6.26,-4.0,3.2
14.004,-89.6694,-26.79,-1102.98,105.82,-2.04,-11.15,1.78,-5.24,-8.71,3.8,-3.51,4.14,-0.0,-0.0,-0.41,10.69,-5.99,8.47,-5.31,-1.58,-1.71,0.38,-1.17,-4.71,3.45,-0.58,9.35,1.52,-8.54,2.64,-4.0,3.35
14.0041,-89.6687,-17.7,-342.21,21.71,-1.45,-10.62,1.9,-4.6,-5.87,4.15,-4.09,5.12,15.75,-29.53,-2.1,2.05,-15.68,8.37,4.6,-6.42,-2.74,-1.68,1.7,0.53,1.81,1.32,0.16,1.6,-6.97,1.04,-1.83,3.15
14.0041,-89.6679,-13.55,-703.86,71.76,-0.35,-10.32,2.28,-5.85,-8.11,3.17,-3.91,6.35,-7.89,-34.43,-1.92,10.27,-9.14,7.59,18.44,-1.53,-5.08,-3.45,1.9,-7.32,0.06,-8.42,4.14,-1.69,-10.0,2.99,-1.34,3.2
14.0041,-89.6672,-28.01,-914.4,80.91,-0.2,-11.17,1.61,-4.16,-7.1,3.58,-2.58,6.61,6.75,-21.32,-1.99,1.0,-16.39,8.04,-1.89,-4.59,-4.31,-5.32,3.77,-10.66,-2.67,-11.08,1.36,2.94,-10.44,2.99,-3.41,3.53
14.0041,-89.6665,-7.13,-1258.43,148.62,-0.57,-12.86,1.57,-1.7,-6.57,4.54,-6.24,6.27,-2.49,-38.67,-2.49,8.92,-11.4,7.16,3.81,-3.13,-3.83,-6.53,-1.73,0.34,1.51,4.22,5.37,-0.13,-11.41,5.32,-2.43,3.87
14.0041,-89.6657,-14.44,-1373.79,154.39,-0.28,-10.86,0.46,-4.35,-5.78,4.35,-6.47,4.97,16.94,-50.92,-0.92,3.46,-5.92,7.62,-3.43,-3.72,-4.92,-6.32,0.33,-1.25,-2.08,-6.04,6.09,0.09,-11.78,5.36,-2.82,3.09
14.0041,-89.665,21.39,-2111.39,288.99,-1.49,-11.16,0.28,-4.74,-8.11,4.63,-3.2,3.11,22.47,-46.42,-2.82,1.36,-12.39,13.38,-2.45,-3.16,-3.83,0.38,-15.62,-0.31,0.58,-6.66,3.42,-1.03,-11.63,9.06,-2.06,3.67
14.0041,-89.6642,-15.67,181.67,-41.26,-1.87,-12.08,0.22,-4.35,-6.18,5.27,-5.08,6.26,13.17,-0.0,-3.41,1.39,-4.43,7.55,10.14,-4.18,-4.62,-6.45,-5.25,-4.69,4.06,-10.14,3.62,0.02,-11.21,3.16,-1.79,4.37
14.0041,-89.6635,-4.92,-1336.56,161.13,-1.64,-11.13,0.85,-4.12,-6.02,3.77,-6.46,3.66,12.6,-38.61,-1.83,-0.69,-7.8,8.66,-3.46,-3.15,-3.85,7.79,-1.6,-12.56,0.94,-1.94,4.43,-0.04,-13.32,6.42,-2.24,4.21
14.0041,-89.6628,-8.21,-2040.78,245.23,-1.1,-12.39,-1.24,-3.67,-3.59,7.59,-4.8,2.4,6.29,-38.61,-4.59,-1.84,-12.0,5.76,0.1,-4.31,-5.76,-0.43,-5.74,-6.17,0.57,-9.87,4.71,-0.02,-13.32,5.86,-2.05,4.11
14.0041,-89.662,-3.82,-1226.62,148.75,-0.42,-12.16,0.84,-3.07,-4.38,8.02,-5.62,5.01,6.11,-28.64,-2.8,0.75,-7.22,4.15,-2.6,-2.43,-4.94,-2.62,1.83,-4.5,-1.84,-4.61,4.88,-0.24,-12.42,6.21,-2.05,3.55
14.0041,-89.6613,-10.11,-920.77,103.1,-0.2,-12.37,0.36,-4.28,-6.4,9.98,-4.07,3.6,10.19,-17.79,-5.99,-15.74,-8.94,10.35,-0.4,-3.04,-3.14,1.55,5.02,-7.62,-0.68,-5.9,3.6,1.87,-14.01,6.33,-2.03,3.55
14.0041,-89.6605,1.79,-190.62,25.95,0.45,-13.0,-1.04,-3.87,-3.95,8.47,-0.72,4.69,-7.22,-15.34,-2.65,4.75,-10.45,22.88,2.46,-5.03,-5.29,-0.28,10.7,-8.45,-1.56,-1.83,3.12,0.63,-10.35,4.92,-0.45,2.35
14.0042,-89.6598,9.04,-2135.88,277.78,-0.93,-13.99,0.54,-2.91,-4.59,8.93,-5.09,3.54,-10.47,-10.49,-3.84,-5.73,-18.75,2.88,0.87,-5.73,5.05,-8.23,-0.2,-4.79,-2.78,-1.34,2.55,-3.46,-11.84,6.3,-0.18,2.83
14.0042,-89.6591,5.99,-1529.63,198.4,-1.68,-15.2,0.42,-2.43,-3.32,10.48,-3.98,4.74,-15.55,-0.0,-2.54,0.97,-13.05,0.03,-0.29,1.54,-3.49,2.31,-1.01,-10.42,1.36,-4.71,6.15,-1.91,-12.07,6.3,-0.29,2.53
14.0042,-89.6583,-1.31,-575.03,70.37,-3.66,-16.59,0.65,-1.89,-2.55,8.0,-5.99,3.65,14.8,-17.4,-6.69,-3.37,-3.85,12.12,-13.43,-4.3,-3.86,6.25,-1.08,0.41,2.81,-3.76,4.91,1.06,-12.36,4.71,0.39,2.81
14.0042,-89.6576,-10.1,-653.69,69.8,0.16,-16.11,-1.94,1.1,-3.61,7.83,-7.96,3.61,-2.17,-20.25,-4.07,10.42,-11.19,6.9,1.98,-6.84,-6.07,7.73,0.39,-5.38,2.11,-4.62,5.86,-1.6,-12.13,3.82,-0.22,3.01
14.0042,-89.6568,-3.4,-942.93,113.96,-0.4,-15.39,0.91,0.58,-3.05,6.93,-10.22,4.69,-9.74,-26.29,-4.47,11.22,-9.64,4.78,7.3,-5.04,0.68,5.56,-4.16,-4.02,3.82,-4.63,4.11,-0.74,-9.89,3.53,0.16,2.03
14.0042,-89.6561,8.3,-970.46,131.3,1.39,-15.78,-0.43,1.14,-2.6,7.4,-11.01,4.5,-0.0,-33.31,-1.27,11.07,-11.44,4.23,3.98,-1.13,-3.85,2.54,-2.12,0.47,5.1,-5.87,3.61,-0.18,-10.32,4.53,1.24,1.77
14.0042,-89.6554,17.47,-283.67,56.24,1.82,-16.13,-1.2,0.38,-3.67,6.58,-4.2,5.22,3.59,-35.04,-2.16,12.11,-9.73,2.28,6.83,15.62,1.99,4.6,-3.31,1.27,4.09,-5.22,3.9,0.72,-10.32,6.07,1.53,0.75
14.0042,-89.6546,8.33,-1278.56,169.96,1.2,-15.91,0.84,0.56,-3.58,6.21,-6.47,1.58,13.07,-31.82,-0.12,-0.17,-9.06,3.39,-1.15,-1.96,-0.1,-0.17,-1.51,-1.38,-0.48,-4.06,4.65,-0.97,-12.47,6.21,1.47,0.77
14.0042,-89.6539,36.91,-867.84,152.47,1.52,-15.94,1.96,1.75,-2.99,7.25,-6.15,5.14,5.87,-0.0,-1.26,4.68,-9.55,3.49,2.7,2.01,-5.53,1.58,-0.06,-4.0,1.33,-3.12,3.12,1.35,-10.37,8.48,1.75,0.77
14.0028,-89.716,46.73,-412.32,105.95,1.96,8.64,-1.88,-5.08,-11.39,10.75,-16.77,14.1,4.68,10.41,-1.64,6.3,-0.44,0.71,-6.7,-12.47,-5.49,-0.97,13.18,-12.29,16.15,-4.06,-8.76,4.86,5.78,0.67,2.34,0.39
14.0028,-89.7153,-11.38,1175.05,-158.22,1.92,5.75,-0.07,-5.88,-9.88,10.91,-18.12,13.63,18.43,-3.85,-0.26,3.53,-3.64,1.1,4.91,-7.62,-8.73,14.58,-2.68,6.28,-2.62,-0.0,-1.43,1.09,4.6,-8.23,3.6,1.53
14.0028,-89.7145,-28.25,1504.46,-218.75,1.21,7.3,-1.94,-6.4,-9.46,12.52,-17.07,13.09,21.57,-17.99,0.06,10.08,-16.84,11.78,-2.81,2.17,-6.28,10.08,-0.73,-1.43,-1.28,14.66,-2.04,11.88,2.11,-8.24,1.52,3.54
14.0028,-89.7138,-17.62,667.26,-103.05,-0.18,7.16,-1.36,-6.5,-8.49,11.78,-16.26,13.38,-7.26,-1.48,-0.27,-0.79,-6.92,-2.19,9.55,7.17,-7.6,4.84,-6.5,-2.37,-1.78,17.22,-2.8,10.36,2.58,-5.85,1.52,1.29
14.0028,-89.7131,-31.06,663.29,-118.45,-0.47,6.81,-2.35,-6.17,-8.27,11.76,-15.82,13.27,-3.03,-5.21,-1.42,-1.11,-6.09,2.64,-7.49,1.62,-7.21,11.09,0.62,0.48,2.41,5.11,-1.46,6.65,2.6,-5.85,1.4,-1.75
14.0028,-89.7123,-53.91,1762.51,-281.0,-2.04,5.73,-1.08,-5.67,-7.98,11.54,-14.42,13.17,7.14,1.45,-0.56,6.08,-18.02,-0.72,6.62,4.81,-6.0,0.49,6.8,-0.52,-2.34,1.01,-1.04,4.71,0.02,-8.83,1.77,0.28
14.0029,-89.7116,-25.35,1117.28,-167.73,-3.92,4.86,-2.01,-4.83,-7.82,11.3,-13.96,12.15,3.66,0.34,-1.08,4.41,-5.09,1.81,9.52,-1.13,-5.22,1.41,-2.42,0.7,-6.49,1.81,-6.06,4.69,7.97,-8.7,1.4,-1.25
14.0029,-89.7108,-18.89,-23.35,-19.43,-1.93,5.48,-0.16,-4.41,-8.79,11.04,-12.13,11.33,-13.87,2.49,-0.48,2.42,-17.42,3.12,1.33,-10.88,-3.34,7.28,7.25,-4.2,-0.19,1.43,-7.47,6.68,5.23,-7.04,1.05,0.87
14.0029,-89.7101,-17.06,-223.58,7.44,-2.97,4.21,-0.88,-4.77,-8.42,9.52,-12.09,12.36,2.65,-15.96,-0.65,5.2,-25.36,3.7,2.11,1.18,-4.15,4.74,-2.39,0.07,-5.84,6.01,-5.08,1.5,4.43,-5.67,1.06,-0.27
14.0029,-89.7094,-14.6,553.47,-85.55,-11.7,4.42,-1.03,-5.07,-7.5,8.73,-10.33,12.03,-4.07,1.26,0.28,-0.0,-0.0,-6.19,4.59,-2.85,-6.89,-10.71,4.66,-5.3,-15.54,-5.61,-6.93,0.27,4.43,-5.53,0.51,0.78
14.0029,-89.7086,-27.69,326.94,-73.05,-2.02,4.61,-0.84,-1.17,-8.21,8.42,-9.94,11.51,5.55,-4.81,-1.09,4.37,-7.34,5.08,-0.19,-3.65,3.98,4.04,-22.87,-7.63,-13.5,1.6,-4.38,0.32,3.4,-5.58,0.51,-1.28
14.0029,-89.7079,5.09,143.66,-11.72,-9.19,2.79,0.1,-2.05,-7.22,7.64,-9.03,11.1,1.44,-19.09,1.39,12.0,-3.87,5.46,3.76,-0.63,4.55,-8.4,-3.64,-2.0,-10.06,-0.0,7.48,4.69,7.13,-6.51,1.93,1.58
14.0029,-89.7071,-4.81,1078.12,-138.81,-8.24,5.7,-1.98,-2.92,-7.61,5.09,-9.28,11.09,11.64,-10.68,-0.63,10.48,-1.75,4.08,1.09,1.81,-2.54,-4.64,0.08,1.26,2.17,14.08,-6.28,3.89,7.22,-6.83,0.62,1.65
14.0029,-89.7064,-2.89,476.79,-62.3,-1.79,1.14,-1.1,-6.17,-9.17,4.95,-8.04,10.75,15.05,-13.66,-0.8,-0.02,3.26,0.95,-0.71,-4.09,-0.25,3.89,0.27,2.43,-8.04,7.62,-4.68,4.4,7.53,-5.84,0.58,0.18
14.0029,-89.7057,89.08,-1359.2,273.14,-0.64,3.82,-0.58,-3.49,-8.44,5.55,-7.68,10.62,-0.17,-15.71,0.16,-2.12,-0.64,-4.04,9.8,-5.75,-2.06,4.54,15.65,7.07,-9.28,16.02,-5.08,3.21,3.78,6.99,2.46,0.57
14.0029,-89.7049,98.86,-483.33,176.52,-1.88,4.89,0.0,-3.28,-7.22,5.2,-6.29,10.6,12.3,-5.06,-0.3,-0.08,-6.69,4.96,18.3,-0.0,1.24,4.95,2.96,-4.06,3.27,2.27,-3.44,0.69,6.89,8.38,0.8,-0.34
14.0029,-89.7042,-41.16,1392.69,-220.74,-2.65,4.44,-0.37,-2.84,-8.9,4.24,-4.58,10.09,8.02,-13.04,-0.59,4.27,-9.88,4.02,5.48,1.39,0.12,-5.64,17.47,-4.48,-3.28,-0.78,-4.17,0.01,8.74,-10.85,0.13,-0.72
14.0029,-89.7034,-8.75,6.03,-11.09,-4.67,0.81,-0.63,-4.56,-8.6,1.56,-5.23,9.24,14.56,-8.07,0.57,-4.21,4.0,-6.99,5.34,-12.51,-9.11,6.25,-0.76,-1.67,-1.37,-4.02,0.24,3.15,5.69,-7.74,3.17,-0.15
14.003,-89.7027,-4.17,1107.17,-141.81,-3.67,0.43,-0.13,-4.38,-8.74,1.04,-4.0,9.16,4.54,7.38,-0.27,-3.45,-3.43,3.21,4.01,-0.0,-6.67,12.91,-0.0,11.73,-2.69,-7.97,3.47,0.22,7.86,-4.66,1.07,-3.51
14.003,-89.702,30.8,159.49,16.68,-6.54,0.68,1.11,-4.8,-7.27,0.79,-3.53,9.04,12.44,-0.0,-1.62,-8.4,-5.82,8.09,-10.17,-0.0,3.96,4.72,13.94,13.15,6.73,0.24,-3.66,3.4,3.01,4.48,-2.41,-0.34
14.003,-89.7012,8.53,-281.37,44.88,-3.87,0.77,1.49,-4.16,-8.27,1.42,-3.66,10.03,-0.0,-11.88,-1.8,-7.98,-5.91,-0.45,0.04,-7.91,-4.32,-0.79,14.66,8.7,-4.23,7.14,8.6,3.43,5.27,-2.0,-0.7,0.76
14.003,-89.7005,13.84,-750.13,109.15,-4.7,0.71,1.02,-3.56,-7.51,1.23,-2.89,9.54,-1.77,-12.36,-0.3,0.75,-4.91,-8.46,-8.09,7.5,-8.32,2.44,6.2,2.15,1.68,2.0,-1.34,2.79,9.24,-4.05,0.6,-0.69
14.003,-89.6997,-7.08,1205.11,-157.46,-1.71,0.59,0.37,-3.05,-8.18,0.65,-2.9,9.23,3.82,-0.0,-0.72,2.04,-1.69,14.8,-3.57,-0.94,4.73,0.51,7.28,0.65,9.46,-1.57,-0.23,3.56,3.97,-4.05,-0.16,1.32
14.003,-89.699,-4.49,1237.01,-158.38,-1.2,-0.98,0.69,-5.0,-6.37,1.21,-2.37,8.64,9.79,-0.0,-0.38,13.61,-3.43,4.17,-3.04,-0.0,-8.64,-2.83,6.24,14.92,-1.86,19.1,-1.29,2.59,2.59,-2.04,-0.57,0.63
14.003,-89.6983,-5.17,-702.82,80.88,-2.48,-1.59,-0.13,-4.36,-7.14,0.68,-2.22,8.57,6.85,-22.66,-0.36,1.93,3.77,-2.84,-0.36,-12.29,-7.93,0.76,-2.94,-4.24,-2.9,12.32,-6.05,2.9,2.94,-2.65,-0.52,1.08
14.003,-89.6975,44.17,-870.84,160.02,-2.09,-2.5,1.47,-4.55,-6.86,0.04,-2.03,8.68,-0.0,-18.99,-0.72,-5.0,2.12,8.35,9.74,1.07,-11.79,2.6,-0.43,11.53,-8.13,-6.27,-15.88,3.51,1.22,4.91,-0.85,1.75
14.003,-89.6968,15.34,-727.51,108.22,-3.65,-2.9,2.08,-4.37,-6.64,0.17,-1.55,9.32,11.4,-4.58,-2.47,3.26,-5.84,3.25,-14.9,-11.97,2.09,-3.52,-3.72,-1.33,3.58,1.55,-0.66,1.77,2.58,-1.01,-0.99,3.91
14.003,-89.696,17.22,-989.81,142.94,-3.41,-3.21,0.68,-4.12,-6.42,1.09,-1.5,9.53,3.35,-0.0,-1.74,-0.37,-1.83,9.58,-8.25,-15.15,3.43,0.85,1.02,-3.93,-10.5,-9.54,-2.88,3.83,2.83,-1.01,-0.99,3.91
14.003,-89.6953,13.66,-1850.66,245.38,-2.28,-3.18,2.34,-4.25,-6.3,0.87,-2.91,9.09,-0.0,-3.4,-1.82,-11.88,-7.88,-2.57,-5.8,-20.91,-2.12,0.9,1.36,-5.59,-6.89,-2.69,-2.83,2.54,1.56,0.62,-2.64,4.04
14.003,-89.6946,18.36,-485.22,81.83,-1.96,-4.18,2.11,-5.06,-6.55,0.91,-3.0,8.99,21.4,4.53,-1.61,-3.42,-11.34,1.84,-7.76,-5.46,-7.99,1.88,-1.99,-1.96,-2.66,5.42,-9.1,2.9,3.78,1.04,-3.65,3.43
14.0031,-89.6938,-14.15,-709.97,71.24,-0.98,-5.31,2.55,-4.64,-5.09,0.64,-2.71,8.72,14.78,-0.69,-1.78,0.2,-17.95,4.43,-23.5,-5.38,-0.0,-6.84,1.1,-11.59,0.71,4.19,-0.7,1.13,-3.12,-0.73,-2.39,4.2
14.0031,-89.6931,15.54,-517.19,82.48,-0.91,-5.03,2.97,-4.03,-5.36,1.02,-2.51,8.82,15.48,-8.83,-2.33,-1.06,-3.07,2.4,-0.0,0.05,1.94,-5.92,-0.57,1.64,-3.42,1.11,-2.46,3.05,-3.12,4.53,-2.39,1.84
14.0031,-89.6923,19.19,217.25,-4.24,-1.87,-5.91,1.78,-4.24,-6.68,1.88,-3.34,9.29,28.41,-9.15,0.58,1.56,-2.02,-0.73,-2.95,-10.56,4.69,0.45,2.09,5.23,-3.87,-1.49,-10.5,2.5,-0.51,1.72,0.34,0.37
14.0031,-89.6916,4.9,-59.15,13.13,-1.92,-5.02,3.64,-4.39,-6.92,0.12,-4.65,8.71,18.98,-0.0,-0.63,-2.95,-8.23,11.59,-8.22,-7.93,-0.03,0.29,0.61,-1.26,-2.7,5.31,0.18,3.68,-1.17,0.02,-0.63,2.16
14.0031,-89.6909,-8.69,1572.72,-205.31,-1.21,-6.09,2.5,-4.71,-5.83,3.06,-3.87,7.84,29.05,4.1,-2.58,0.59,-3.17,3.46,-0.55,-2.68,2.82,3.38,-3.8,3.83,-2.83,4.15,-3.46,3.13,-2.34,0.02,-1.76,2.01
14.0031,-89.6901,1.73,141.54,-15.5,0.14,-7.06,3.83,-3.76,-5.77,2.66,-3.71,7.62,17.16,-20.51,0.45,0.86,-6.33,6.4,-3.02,-4.16,0.75,0.78,-0.98,7.16,-3.01,2.54,-1.23,3.77,-3.19,-1.9,2.34,2.28
14.0031,-89.6894,-22.31,1431.42,-203.98,-0.44,-8.84,3.32,-2.39,-6.58,2.65,-3.28,7.46,8.41,-8.81,-1.35,0.08,6.2,4.65,2.34,0.64,4.81,-1.01,-1.1,3.62,-0.8,6.07,-2.41,1.6,-2.73,-1.52,-1.42,1.46
14.0031,-89.6886,3.82,-8.16,5.53,-0.54,-9.37,4.17,-2.55,-6.98,4.4,-4.06,7.91,-0.0,-10.27,0.25,-1.31,-2.72,-2.27,3.5,-0.84,-1.93,-3.31,0.72,14.62,-3.96,-4.44,-6.28,2.27,-1.43,0.37,-0.95,2.19
14.0031,-89.6879,3.82,641.88,-75.14,-1.02,-9.28,4.52,-1.76,-6.37,3.56,-4.53,7.19,7.39,-0.0,0.3,-1.71,-4.33,4.89,2.06,1.2,12.73,1.56,-0.98,0.33,-3.53,7.24,-5.78,3.87,-4.12,-0.8,1.9,2.69
14.0031,-89.6872,-19.77,2416.17,-323.32,1.72,-8.62,5.22,-1.53,-6.64,4.96,-2.98,7.72,17.28,6.02,-0.22,2.26,-1.87,4.67,11.47,-0.61,0.98,4.79,2.84,5.56,-4.32,-1.06,-4.67,4.43,-1.5,-1.73,-3.12,3.98
14.0031,-89.6864,-0.99,894.02,-112.17,0.84,-10.87,5.78,-3.14,-6.87,3.37,-2.34,6.39,6.11,-2.9,-0.5,3.81,0.31,5.32,6.98,1.59,-5.84,-2.19,2.64,0.39,-5.33,4.71,1.55,2.74,-3.14,-0.32,-0.17,3.12
14.0031,-89.6857,-3.21,1164.89,-148.46,0.65,-8.89,5.85,-1.76,-7.72,4.05,-1.83,6.75,18.8,-7.64,0.52,-0.38,-5.55,5.96,-0.73,0.63,2.77,1.49,4.85,4.97,-2.69,2.67,-2.49,3.07,-3.14,0.93,-1.81,2.93
14.0032,-89.6849,1.19,147.57,-16.93,0.83,-9.36,5.33,-1.45,-8.19,4.16,-1.87,5.98,6.23,-17.49,-0.45,-1.0,-4.8,3.87,0.11,4.17,0.54,-0.06,0.31,5.26,-0.93,2.05,-0.47,2.77,-3.66,1.77,-1.81,2.93
14.0032,-89.6842,0.33,1351.06,-167.45,1.42,-10.17,6.05,-1.3,-8.25,2.16,-1.74,4.66,17.03,-0.0,0.97,-0.86,0.57,4.68,6.4,8.6,0.65,-0.84,1.59,6.93,-3.76,3.5,-1.15,4.41,-5.11,1.77,-2.46,5.22
14.0032,-89.6835,3.36,976.11,-117.3,1.78,-9.02,6.22,-0.57,-8.9,4.04,-1.01,5.63,13.51,-7.7,0.25,1.75,1.05,5.82,1.78,1.82,3.93,-3.5,1.35,-0.91,-0.82,1.27,-2.22,4.98,-5.69,0.45,-0.76,6.08
14.0032,-89.6827,-12.76,1088.5,-150.38,2.49,-8.99,5.72,-0.48,-7.79,3.66,-0.8,5.34,-0.0,-8.71,0.54,0.65,-1.08,5.54,0.7,5.21,2.45,-0.87,1.76,0.12,-1.39,2.64,-0.09,5.0,-7.32,0.41,-0.38,3.46
14.0032,-89.682,-3.71,382.36,-51.92,1.2,-9.67,6.5,-2.33,-7.78,2.67,-1.98,4.89,-0.0,-9.48,0.77,-0.4,-5.64,5.89,0.42,-2.53,8.04,-0.73,-0.87,-0.99,-0.98,2.09,-0.42,3.12,-4.67,-0.29,0.29,2.87
14.0032,-89.6812,-44.98,1772.31,-273.59,1.47,-9.52,6.31,-1.27,-8.0,1.87,-1.36,4.24,13.07,6.63,0.04,2.28,-3.71,4.82,1.72,-0.36,-4.15,-4.29,2.65,-5.42,0.31,1.4,-1.8,4.51,-12.02,-1.12,0.2,2.76
14.0032,-89.6805,-125.32,3246.4,-552.04,1.68,-10.88,5.88,-2.41,-8.18,1.84,-0.84,4.63,-0.0,6.85,1.5,-2.52,-17.12,4.41,-2.94,-0.16,13.17,4.85,0.99,-4.57,2.18,1.97,-0.39,4.41,-21.31,-2.08,-2.02,-0.86
14.0032,-89.6798,-76.92,2737.05,-431.48,2.22,-11.17,6.89,-1.13,-7.12,1.37,-0.9,3.93,-0.0,14.75,0.14,6.94,-7.01,0.94,1.69,3.81,0.83,-0.88,0.03,-1.19,-0.42,-3.02,-0.68,2.49,-16.31,-0.8,-2.02,2.84
14.0032,-89.679,-78.47,1261.11,-249.79,0.67,-11.44,7.63,-0.12,-8.62,2.46,0.61,4.97,-0.0,-6.42,1.65,-2.02,-8.63,3.23,-2.72,-1.77,-3.87,-4.84,0.87,-4.99,0.69,-2.05,-2.48,2.84,-11.17,-5.54,-0.57,2.84
14.0032,-89.6783,-13.47,96.28,-27.93,2.45,-9.61,6.45,-1.99,-7.01,1.53,1.03,4.37,4.41,-11.15,1.08,0.45,-8.56,4.18,-1.46,-7.06,1.03,3.81,4.43,-0.48,-2.68,-4.35,-3.0,0.74,-9.42,3.09,-1.32,2.23
14.0032,-89.6775,-12.81,-848.43,90.42,-1.4,-10.75,3.99,-2.11,-7.88,1.02,0.42,4.61,2.29,-0.0,0.7,1.92,-20.75,3.31,2.22,1.37,-5.5,-9.42,5.15,-5.83,-9.01,-5.34,-1.91,7.91,-8.33,0.35,-0.38,4.47
14.0032,-89.6768,2.24,-168.63,23.65,1.78,-10.62,4.38,-2.0,-6.98,1.72,-0.0,4.2,5.87,-0.0,1.74,7.12,-7.57,4.04,-0.77,-4.69,-1.32,-0.13,-2.31,-4.44,-2.3,0.88,-0.93,1.16,-0.59,0.33,-2.35,2.85
14.0032,-89.6761,-41.02,650.36,-129.55,1.46,-11.05,5.6,-2.23,-8.13,1.93,-0.67,3.98,17.55,-9.31,1.04,-4.45,-8.23,4.46,-4.43,-1.14,-3.32,-0.91,3.01,-6.0,-0.19,-0.17,-3.51,-1.14,-9.42,0.33,-2.9,3.24
14.0033,-89.6753,-43.53,662.18,-134.01,-1.04,-9.64,3.64,-2.73,-8.25,2.66,-0.39,4.18,13.22,-10.75,0.3,3.03,-14.72,6.41,-3.32,-1.97,0.75,-2.03,-4.89,-2.3,2.58,-0.75,-0.77,3.66,-15.66,3.01,-0.7,1.29
14.0033,-89.6746,-13.31,515.45,-79.96,-1.52,-11.39,4.81,-3.38,-9.18,2.91,0.2,5.43,17.6,-21.88,0.44,4.22,-22.52,6.13,14.66,-1.34,7.24,-1.76,-5.74,7.02,3.29,-6.32,-1.14,3.48,-17.02,6.97,-0.86,3.23
14.0033,-89.6738,-60.65,2109.83,-334.66,-2.7,-9.14,4.64,-2.32,-7.54,3.2,-0.88,4.13,0.34,-7.51,-0.6,16.31,-4.28,6.14,2.3,-1.39,2.23,-5.7,5.38,6.65,-0.44,5.77,-10.59,1.57,-12.02,-0.36,-2.41,1.99
14.0033,-89.6731,-70.64,619.07,-160.81,0.16,-11.11,3.86,-3.7,-7.44,2.85,-0.34,4.22,-10.9,-5.04,-0.13,-0.61,-6.61,6.02,1.47,-4.74,-3.82,-4.1,3.04,-5.02,1.03,-9.03,-1.45,0.99,-14.45,0.47,-3.58,2.72
14.0033,-89.6724,-21.49,367.83,-71.3,1.09,-9.8,3.88,-4.07,-7.52,4.16,0.38,4.12,-3.05,-5.44,-0.32,0.54,-2.1,7.01,3.11,2.45,-5.28,-2.19,3.12,-15.29,-1.13,2.73,3.06,0.79,-10.33,3.72,-3.63,4.24
14.0033,-89.6716,-37.82,347.36,-88.1,0.03,-10.06,2.86,-4.42,-8.17,3.82,-2.54,2.73,8.07,-23.15,-0.13,-6.59,-0.97,5.28,10.26,-2.78,-8.15,1.05,8.38,-4.23,0.36,-3.99,-2.32,2.11,-10.33,1.57,-2.46,2.3
14.0033,-89.6709,-40.47,468.86,-106.4,-1.98,-9.88,2.22,-4.84,-7.75,4.88,-1.85,4.99,8.87,-35.26,-0.27,-3.82,2.97,6.17,-0.12,8.49,-1.87,-2.75,2.98,-2.12,1.94,-4.34,5.3,-1.93,-11.07,1.47,-2.23,2.28
14.0033,-89.6701,-27.69,417.84,-84.91,-2.28,-11.56,2.82,-3.71,-7.77,5.14,-1.61,4.59,12.87,-29.57,-0.99,-0.0,-1.17,7.62,10.07,-5.15,-3.85,2.84,2.04,1.11,1.14,-14.02,3.4,0.99,-9.12,1.87,-2.12,2.28
14.0033,-89.6694,-9.43,-1242.12,143.74,-1.5,-11.43,2.1,-5.33,-7.85,3.92,-3.44,2.89,-6.16,-33.3,-1.17,0.04,-7.38,7.68,3.84,0.53,-1.06,-3.1,5.3,-7.74,2.32,-4.07,-2.6,1.14,-8.87,4.87,-3.26,2.84
14.0033,-89.6687,-1.3,-1330.75,164.46,-1.76,-9.94,2.08,-4.57,-6.4,4.63,-3.63,4.68,-5.64,-47.77,-1.94,10.47,-5.24,8.8,-0.07,0.1,-1.08,-1.09,1.28,-3.91,2.72,0.66,-2.89,1.77,-11.02,6.39,-2.01,2.44
14.0033,-89.6679,7.81,-1139.93,151.47,-0.94,-11.17,-0.15,-5.14,-8.73,3.76,-1.94,4.83,-2.3,-22.42,-2.79,-7.71,-0.0,9.5,6.5,-1.92,-2.91,-7.3,1.23,-2.75,3.22,-2.5,0.45,0.84,-10.8,6.39,-1.39,3.37
14.0033,-89.6672,20.2,-2266.54,306.77,-2.02,-11.35,0.15,-4.43,-6.88,3.34,-3.96,5.95,4.48,-17.31,-1.8,-5.75,-22.08,7.75,4.09,-3.13,-3.28,-5.81,-3.3,-6.61,0.76,-13.97,1.52,0.25,-8.8,7.53,-2.56,3.96
14.0034,-89.6664,-34.64,-652.88,40.43,-0.25,-11.58,0.99,-4.47,-7.23,5.36,-5.91,4.61,2.27,-35.34,-1.83,13.22,-4.84,7.0,-5.01,-3.28,-2.69,-6.61,-4.11,-2.68,-0.16,-3.93,3.21,-0.75,-10.94,0.85,-2.01,4.18
14.0034,-89.6657,2.22,-1666.59,210.68,-2.64,-10.86,0.44,-4.69,-6.49,4.79,-2.93,3.84,12.25,-56.91,-2.54,4.84,-8.84,7.64,12.07,-3.51,-3.65,-4.29,5.16,-4.97,-5.23,-14.05,6.09,-0.79,-9.8,5.08,-1.87,3.98
14.0034,-89.665,-4.76,-824.53,97.31,-3.24,-10.0,-1.37,-2.59,-7.19,4.23,-2.51,3.82,7.61,-34.56,-1.72,2.67,-8.0,7.23,4.92,-3.9,-5.84,3.27,-2.34,-3.0,5.92,-1.06,4.28,-0.02,-10.32,5.59,-2.74,3.37
14.0034,-89.6642,-14.0,-658.84,65.69,-1.45,-11.79,0.77,-12.93,-6.41,5.34,-5.33,3.4,17.41,-30.96,-2.24,4.65,-16.08,5.53,-4.59,-3.37,-4.26,8.73,-1.79,2.6,2.92,5.23,5.08,1.01,-10.32,3.7,-2.44,4.02
14.0034,-89.6635,16.67,-2244.04,300.06,-1.26,-12.97,1.81,-0.24,-3.59,6.02,-2.67,3.25,5.28,-36.56,-3.23,-11.59,-11.07,8.16,10.58,-4.88,-5.09,-1.87,-2.38,-12.37,-0.96,-2.75,2.44,-1.02,-10.68,8.52,-2.44,3.2
14.0034,-89.6627,-20.76,-1327.17,141.2,-1.68,-11.5,-0.91,3.12,-6.73,6.79,-8.22,2.08,7.24,-33.48,-4.44,4.37,-17.38,4.58,5.9,-3.28,-5.16,-5.47,0.18,-2.83,0.26,-10.28,3.58,-1.52,-13.19,4.26,-1.57,3.2
14.0034,-89.662,3.21,-2433.08,307.83,-1.65,-12.14,0.88,-0.98,-5.38,6.73,-2.5,2.77,-7.34,-33.48,-3.08,-12.38,-20.4,4.6,6.1,-3.69,-3.93,-1.68,1.09,-4.51,0.2,8.83,4.4,2.16,-12.52,7.1,-1.79,3.48
14.0034,-89.6613,6.59,-2710.21,346.53,-0.11,-13.21,1.06,-1.65,-5.33,8.53,-3.86,4.0,-7.11,-22.27,-2.12,-19.81,-24.71,8.89,0.58,-4.7,-5.42,0.41,2.13,-6.99,0.86,-0.63,3.56,-0.75,-14.0,8.16,-1.41,3.4
14.0034,-89.6605,15.16,-1049.66,149.19,1.1,-12.81,-2.39,-0.27,-3.51,7.64,-3.53,3.79,11.36,-4.45,2.94,-6.33,-12.4,10.8,-2.89,-3.21,-1.95,-8.94,0.91,-18.71,-2.58,-2.59,4.43,-0.07,-13.23,8.16,-1.34,4.48
14.0034,-89.6598,-1.82,155.9,-21.65,0.11,-14.32,0.57,5.25,-3.17,8.83,-4.57,4.43,2.38,-17.31,0.3,10.06,-9.07,12.21,1.14,-6.63,-2.34,0.11,1.41,-4.33,3.78,2.05,-0.32,-0.57,-10.72,6.24,-1.64,1.6
14.0034,-89.659,5.9,-39.82,11.98,-1.69,-16.01,0.78,1.37,-2.43,9.95,-3.41,4.44,5.14,-22.56,0.37,2.79,-11.78,10.73,5.27,1.09,-4.67,8.06,5.08,-3.22,-5.68,-2.33,7.09,-0.27,-9.27,5.77,-0.76,1.27
14.0034,-89.6583,-16.12,41.6,-24.32,-3.51,-13.55,0.27,-1.47,-3.24,8.6,-5.7,3.41,-0.0,-15.37,-0.97,-0.36,-15.13,14.6,3.83,-5.31,-4.85,6.82,-3.68,-2.21,2.37,1.21,5.26,-0.43,-12.16,3.8,-0.51,2.24
14.0035,-89.6576,-1.58,-243.37,28.57,-0.03,-15.94,-0.12,-1.74,-2.92,8.3,-0.73,2.92,-9.41,-19.39,-4.24,16.81,-9.51,4.92,3.13,-2.38,-1.71,5.61,-0.65,0.35,5.08,-4.47,4.2,-1.1,-10.97,5.64,-0.68,1.37
14.0035,-89.6568,-7.38,-277.53,25.97,-0.42,-16.16,-2.79,0.52,-2.96,8.11,-8.11,5.03,7.21,-18.63,-1.25,9.13,-11.41,9.62,4.25,-7.76,-4.01,2.59,-3.05,-4.75,3.4,-5.82,5.61,-1.29,-10.97,3.86,0.1,1.86
14.0035,-89.6561,-3.63,-164.35,16.26,-0.09,-15.29,0.21,1.4,-2.88,7.52,-9.48,5.08,13.38,-18.63,1.05,9.57,-13.91,3.82,-3.3,-2.67,-6.03,5.51,-0.13,2.63,2.83,-4.1,5.0,-0.89,-11.38,5.3,0.41,0.18
14.0035,-89.6553,17.69,-1569.13,217.4,1.45,-14.98,-0.48,2.79,-2.83,8.17,-4.71,2.79,1.07,-39.89,-2.67,2.8,-9.43,3.67,5.04,-0.62,-2.79,2.54,-1.46,-1.5,4.93,-1.84,4.15,1.17,-10.96,6.62,0.41,2.42
14.0035,-89.6546,21.84,20.07,23.4,1.76,-15.61,-0.13,1.55,-3.64,6.23,-3.17,2.48,7.65,-22.07,-1.22,8.13,-8.37,5.21,1.54,16.15,1.93,2.87,-1.64,-0.1,2.89,-3.02,4.03,-1.18,-9.35,6.44,0.48,1.84
14.0035,-89.6539,10.0,-481.92,72.22,-0.66,-15.48,1.77,1.44,-3.37,7.27,-5.68,2.22,11.49,-28.11,-0.41,7.11,-7.97,5.44,3.13,0.12,-7.14,5.46,0.92,-2.37,3.57,-2.4,2.85,-0.33,-12.16,6.44,0.83,1.51
14.0021,-89.716,51.17,-626.55,137.59,2.24,6.96,-3.14,-5.65,-9.75,11.5,-17.2,14.18,-5.29,17.46,-2.71,0.05,-8.07,-4.32,-6.93,4.71,-4.01,4.52,6.02,0.1,-3.94,2.84,7.55,-1.91,2.81,1.27,3.38,1.99
14.0021,-89.7153,10.06,182.52,-10.62,-1.39,10.39,-3.67,-3.62,-7.82,7.51,-16.97,12.55,11.5,-1.97,-1.39,0.94,-7.09,0.71,-3.74,-0.47,-9.11,-0.09,2.06,2.89,1.36,12.72,2.96,4.38,4.63,-6.07,3.38,3.12
14.0021,-89.7145,4.35,738.25,-85.84,0.93,9.25,-0.82,-4.96,-8.41,12.63,-16.92,14.06,11.78,5.28,-1.15,3.48,-1.96,4.39,1.77,-4.09,-9.16,-2.67,1.07,3.68,-4.48,-0.0,-6.85,2.79,4.46,-6.07,2.69,3.03
14.0021,-89.7138,-2.97,385.98,-51.09,-1.21,9.08,-1.32,-5.75,-8.26,9.99,-16.01,14.04,10.51,-19.59,-0.65,-1.08,-8.44,5.09,-2.9,-3.71,-9.83,6.83,8.05,15.54,9.14,2.98,-7.45,1.84,6.51,-5.45,1.44,-0.06
14.0021,-89.7131,-30.8,1572.8,-230.27,-0.07,5.8,-1.61,-5.86,-7.84,11.7,-15.41,12.94,-4.75,4.95,-0.45,-0.77,-6.01,0.22,-2.14,6.19,-1.78,6.51,3.16,14.32,-0.55,7.43,-2.2,3.76,3.31,-7.66,0.73,1.81
14.0021,-89.7123,3.53,-141.69,21.63,-3.56,7.42,-1.21,-7.05,-8.28,11.56,-14.14,11.83,-2.96,-2.07,-0.05,1.76,-13.18,4.61,-8.63,0.66,-2.7,7.21,9.86,-3.46,-6.43,2.44,-8.18,6.49,8.46,-7.7,2.35,1.79
14.0021,-89.7116,-70.38,1378.36,-253.1,2.35,5.77,-3.07,-5.83,-7.83,9.39,-13.41,12.12,-7.15,-14.05,-0.46,12.63,3.44,2.03,9.54,-2.06,-10.95,0.77,-10.1,1.6,2.32,-8.6,-7.06,-1.49,4.41,-13.12,1.95,-1.1
14.0021,-89.7108,-42.24,1156.97,-192.6,0.62,4.64,-1.11,-4.73,-8.8,11.32,-12.91,11.98,-6.84,-0.51,-0.37,5.95,3.27,2.04,1.14,-3.32,-18.41,7.72,6.53,2.59,-5.83,3.68,-9.21,-3.37,4.41,-10.3,2.71,-0.63
14.0021,-89.7101,-37.03,275.57,-77.74,-1.58,5.4,-1.8,-5.14,-7.57,11.02,-11.79,10.01,-10.11,-9.0,-1.55,26.51,-29.63,3.8,-7.85,-0.39,-3.84,6.13,-7.28,6.63,3.41,1.01,-11.5,2.42,2.36,-7.58,2.1,-1.01
14.0022,-89.7094,-14.93,609.12,-92.8,-13.37,4.8,-1.61,-3.14,-8.65,8.94,-10.88,11.07,-7.09,-19.37,-0.58,17.31,-4.44,-2.61,1.27,4.87,-0.58,4.49,-1.89,-1.14,15.25,-3.51,-4.52,2.14,7.06,-7.58,2.1,-1.01
14.0022,-89.7086,-51.49,778.22,-156.87,-1.55,6.04,-0.12,-2.11,-7.41,8.77,-9.36,11.2,-2.44,-15.75,1.23,17.25,-4.89,-2.98,-2.17,-4.45,-3.53,-1.99,-12.44,2.94,6.16,-6.73,-4.49,-1.11,0.67,-8.81,1.42,0.37
14.0022,-89.7079,-40.24,1127.19,-186.69,-2.9,7.45,-1.24,-3.51,-7.31,7.04,-9.0,10.43,-4.34,-9.36,-1.51,10.71,-7.92,5.39,7.37,-8.99,8.65,7.22,-18.32,-6.05,-0.0,11.96,-3.53,1.32,4.03,-8.55,0.74,-0.18
14.0022,-89.7071,32.31,281.93,3.35,4.25,4.05,0.74,-3.26,-8.66,5.46,-9.3,10.53,6.63,-11.14,-1.38,-12.6,7.85,12.37,2.52,-4.08,9.21,5.19,-1.36,-3.51,-1.27,13.82,-3.32,4.22,7.57,-1.14,1.06,-0.52
14.0022,-89.7064,-27.94,755.03,-126.25,-2.69,5.1,-1.99,-5.4,-7.75,5.21,-8.18,10.47,22.2,-9.66,-0.48,-5.45,-6.09,1.65,-1.39,-10.2,1.77,0.61,5.22,13.2,-11.69,-0.0,-13.44,2.67,7.57,-9.89,1.78,-0.46
14.0022,-89.7057,85.87,-837.51,204.9,3.85,4.34,-1.62,-2.47,-8.87,5.04,-7.35,10.79,26.83,-13.32,-0.23,-3.34,-1.61,-1.89,3.92,-12.56,11.41,5.24,-0.52,16.08,-6.69,-7.02,-6.19,2.54,6.24,8.06,1.32,-2.82
14.0022,-89.7049,-18.05,1440.98,-199.36,-3.25,3.28,-3.22,-1.25,-8.49,5.36,-6.52,10.08,15.49,-0.0,-0.17,-6.94,2.22,2.15,-0.0,7.62,3.61,20.96,11.1,-0.95,-6.23,1.85,7.18,1.94,3.4,-5.32,2.54,-2.82
14.0022,-89.7042,16.22,891.27,-90.97,-2.27,1.46,0.7,-5.89,-8.17,3.15,-4.84,9.32,14.49,-1.42,-0.56,-0.27,1.44,-0.81,17.86,-9.48,-11.1,4.76,20.71,-5.23,-7.21,5.14,-0.83,3.76,6.77,-6.14,2.54,2.89
14.0022,-89.7034,2.48,645.4,-76.84,-3.1,0.96,-1.72,-4.65,-8.09,2.84,-4.93,8.6,5.48,0.33,-0.41,-4.36,-5.24,10.67,13.21,-1.89,-7.75,1.01,-0.0,3.99,-3.37,-5.46,-0.88,5.96,5.49,-5.97,1.97,1.58
14.0022,-89.7027,-31.43,1527.78,-226.01,-1.82,2.28,0.67,-5.03,-7.15,2.05,-4.46,8.72,16.79,5.0,-2.1,2.87,-5.88,-2.65,4.96,-3.54,-19.56,15.18,-0.0,15.53,-9.91,-5.92,6.12,7.71,3.21,-5.97,0.24,-1.17
14.0022,-89.702,-67.55,1338.11,-245.27,-1.79,1.77,-0.74,-4.86,-6.96,2.64,-4.46,9.46,11.81,-6.61,1.13,-11.47,-7.28,-4.39,1.49,-2.85,3.67,1.47,-0.0,2.12,-5.99,0.64,7.24,7.11,0.87,-7.17,-2.19,-1.09
14.0022,-89.7012,-16.97,229.37,-48.42,-0.39,1.61,1.54,-4.68,-7.49,1.3,-1.88,9.13,7.99,-7.35,-1.38,-7.51,-4.67,-3.87,-2.12,-12.24,7.16,11.93,2.52,5.45,-6.34,3.26,-17.47,3.0,5.59,-5.07,0.02,-1.34
14.0023,-89.7005,-27.1,36.65,-36.56,-3.36,1.7,-0.17,-3.42,-7.16,0.77,-3.39,9.35,-2.69,-1.17,-1.98,-2.05,-7.46,6.02,-2.69,-14.44,-0.65,5.0,0.57,3.56,-5.7,-4.93,-11.22,4.7,2.05,-4.04,-1.2,0.26
14.0023,-89.6997,-12.99,1680.68,-223.29,-0.54,-2.59,1.12,-4.05,-7.88,0.6,-3.99,8.9,3.51,7.57,-0.66,0.01,3.07,5.96,4.23,0.74,-1.11,9.94,-1.05,1.23,-1.41,1.24,3.44,2.95,4.74,-3.91,-1.36,0.72
14.0023,-89.699,5.7,284.67,-28.49,-0.26,-0.82,-0.55,-5.27,-6.57,0.29,-2.31,8.82,19.61,-14.52,0.11,-2.95,-6.04,0.17,9.52,-4.27,-3.0,1.82,4.0,5.29,-2.65,-4.1,-3.79,2.15,1.79,0.37,-1.05,0.43
14.0023,-89.6983,21.67,271.05,-7.93,-1.69,-2.05,-0.57,-5.05,-6.38,0.66,-1.7,8.86,14.01,-10.07,-2.61,3.02,-1.98,4.79,-2.36,-11.84,7.26,-6.75,1.41,15.17,-2.68,11.72,8.91,2.35,0.37,3.81,-2.65,2.31
14.0023,-89.6975,7.56,-360.22,53.53,-3.25,-2.51,0.71,-3.28,-6.32,0.18,-1.98,9.12,-0.0,-17.4,-2.9,-8.03,-1.72,2.11,0.29,-12.14,0.55,7.73,-0.9,21.47,-4.53,7.21,-14.17,2.37,2.03,0.33,-2.05,2.24
14.0023,-89.6968,18.44,-156.78,41.21,-1.51,-2.08,1.46,-4.04,-5.96,0.37,-2.1,8.84,11.92,12.7,-1.14,-4.18,-2.18,-1.16,-9.03,-6.94,-0.71,-1.99,-1.12,4.95,-8.81,-0.27,0.07,3.34,3.83,0.33,-1.77,2.24
14.0023,-89.696,-21.39,-228.91,3.06,-1.53,-3.13,0.39,-4.63,-6.12,1.28,-1.95,9.1,22.62,-0.0,-2.25,-1.12,-2.36,1.03,-9.17,-16.81,-0.68,-6.86,-3.74,-6.23,-8.72,10.51,0.23,2.14,1.15,-3.85,-1.69,2.77
14.0023,-89.6953,40.92,-1287.65,207.87,-2.39,-4.21,2.31,-4.07,-6.52,1.64,-2.73,8.27,-0.0,-15.63,-1.36,1.79,-11.13,1.64,-0.0,-12.08,4.67,0.88,-6.12,-3.18,-2.01,3.45,-4.7,2.82,0.67,4.84,-1.55,2.38
14.0023,-89.6946,-23.89,287.28,-63.84,-2.23,-4.62,2.29,-4.81,-6.93,1.09,-3.02,9.05,25.24,-0.76,-1.47,0.41,-11.17,1.99,-16.53,-3.83,-8.57,1.5,-0.51,6.42,-5.01,-5.37,-2.41,2.88,-3.11,-0.68,-2.33,1.98
14.0023,-89.6938,-38.71,1225.29,-197.6,-2.74,-4.71,1.65,-5.68,-5.99,0.68,-2.56,8.19,28.75,-0.0,-2.38,-0.5,-8.86,4.64,-2.65,-6.42,-0.44,9.62,-0.04,-0.0,-5.22,0.71,-5.36,2.29,-3.11,-1.72,-2.78,0.93
14.0023,-89.6931,-26.28,235.35,-60.25,-2.52,-4.98,2.02,-3.76,-4.97,1.23,-3.11,9.27,20.91,-1.29,-2.58,-0.9,-11.72,4.8,-16.89,-14.96,3.92,-0.56,-2.0,5.66,-1.55,3.2,-9.5,2.15,-2.86,-1.04,-2.05,1.11
14.0023,-89.6923,-19.46,1340.08,-189.14,-2.25,-5.27,3.5,-3.85,-4.84,2.09,-4.07,7.27,34.13,-0.44,-1.08,1.01,-6.02,-6.85,-0.83,-3.68,3.41,-1.99,2.09,12.95,-8.02,-4.67,-5.76,3.29,-2.59,-1.04,-0.75,0.23
14.0024,-89.6916,13.23,475.72,-43.33,-1.63,-5.25,1.87,-4.18,-4.49,2.39,-3.06,7.3,35.28,-0.0,-0.8,-1.09,-9.89,-1.05,-8.96,1.13,1.8,-4.4,0.02,15.33,-3.94,12.86,-4.91,2.26,-0.32,1.95,-1.76,1.73
14.0024,-89.6909,26.66,235.27,2.36,-1.74,-8.15,4.68,-4.31,-4.94,1.59,-3.33,7.85,23.58,-0.0,-2.06,0.14,-5.9,0.74,-4.43,2.52,3.51,-0.57,-0.28,6.51,-4.06,18.16,-5.97,3.71,4.73,0.13,-1.34,1.88
14.0024,-89.6901,-2.68,183.99,-26.0,-1.54,-7.82,3.51,-3.76,-5.09,2.77,-3.76,8.35,9.58,-16.82,-1.75,2.72,-3.33,5.22,-1.69,-5.76,2.0,4.49,0.34,2.38,-4.9,4.7,-4.62,0.62,1.15,-0.49,-3.27,2.97
14.0024,-89.6894,-2.37,712.9,-91.25,-1.59,-9.93,3.54,-2.93,-7.02,2.11,-3.76,6.39,20.1,-10.63,-1.19,-2.76,-4.17,3.95,4.33,1.39,3.06,-0.17,2.16,2.97,-5.6,2.83,-3.83,1.87,-3.74,1.99,-1.6,1.36
14.0024,-89.6886,3.5,305.46,-33.76,-2.37,-9.46,3.47,-2.86,-7.53,2.82,-3.54,6.24,16.38,-9.92,-1.04,-0.93,-4.5,6.09,-5.02,-1.1,2.61,0.9,0.78,3.76,-3.6,6.27,-5.43,2.2,-3.74,0.8,-0.2,2.63
14.0024,-89.6879,-17.51,1198.31,-169.43,1.19,-8.81,4.47,-1.67,-6.25,3.22,-3.3,6.59,21.91,-15.03,-0.17,-0.97,-2.49,2.91,2.18,-2.1,2.63,2.43,2.9,2.12,-2.34,5.35,0.25,2.28,-3.98,-0.55,-1.61,2.6
14.0024,-89.6872,-31.41,1148.95,-179.78,1.58,-8.29,4.06,-2.02,-7.82,3.28,-2.61,5.29,-0.0,-6.12,0.58,0.77,-5.56,2.77,7.25,-1.88,1.81,0.88,1.45,-0.14,-1.6,3.66,-5.08,1.48,-3.67,-1.52,-3.46,3.77
14.0024,-89.6864,-7.51,954.22,-127.35,0.63,-10.06,4.9,-2.65,-7.68,3.97,-1.37,6.59,-0.0,-0.0,-0.29,-2.01,3.97,3.29,1.31,1.92,-3.06,-0.25,1.98,1.27,-2.13,0.41,0.75,1.78,-3.24,0.1,-1.27,2.77
14.0024,-89.6857,12.65,-269.46,48.42,-0.33,-7.85,5.14,-2.2,-7.18,2.79,-2.03,6.01,-4.35,-20.95,0.14,-1.21,9.0,5.67,0.14,0.96,-0.97,-0.39,0.78,1.03,-1.68,1.79,-1.07,1.74,-2.42,1.67,-1.27,3.91
14.0024,-89.6849,1.24,-432.66,55.2,-0.07,-8.96,4.48,-2.5,-8.21,3.23,-1.69,6.74,1.75,-24.59,-0.61,-1.21,-1.59,2.86,-1.26,-1.56,-0.67,1.2,3.44,1.56,-1.86,5.33,-1.59,3.38,-3.2,1.57,-1.68,2.82
14.0024,-89.6842,-3.3,667.38,-86.82,1.27,-10.25,5.55,-1.75,-8.23,3.44,-1.62,5.73,5.97,-10.59,0.26,-1.54,-4.31,3.82,-2.44,13.03,-0.07,-1.14,4.15,5.36,-1.99,2.64,-1.59,2.57,-5.79,1.63,-1.98,4.83
14.0024,-89.6835,-20.59,551.43,-92.88,1.75,-8.0,5.99,-0.87,-7.73,2.13,-1.05,5.32,13.13,-10.88,0.95,-6.89,-2.78,4.07,-2.63,1.73,-2.28,-0.82,-1.16,1.0,-1.25,3.21,-1.03,1.51,-6.62,-0.76,-2.04,5.82
14.0025,-89.6827,-29.92,668.21,-118.46,1.31,-8.52,5.8,-1.01,-7.48,2.91,-0.77,5.1,3.21,-7.58,0.54,-7.38,-4.49,5.89,0.08,1.19,0.53,-1.8,0.55,0.14,-1.03,1.13,0.62,1.78,-5.56,-1.47,-1.81,3.31
14.0025,-89.682,-24.51,1070.37,-162.05,1.27,-8.74,6.11,-1.42,-7.09,4.14,-0.55,5.29,27.08,-17.21,0.55,0.58,-4.33,6.49,0.73,-2.0,-8.67,-0.99,0.53,2.21,-0.38,0.7,-0.79,3.33,-6.22,-0.48,-2.57,4.74
14.0025,-89.6812,-9.64,898.61,-123.13,0.88,-10.26,7.0,-2.32,-7.94,1.83,-0.04,5.01,23.84,-6.17,0.73,0.65,-4.74,4.4,1.16,-0.41,-3.68,-1.1,-0.25,-3.04,-3.94,2.86,1.9,-0.65,-6.22,0.89,-0.28,2.25
14.0025,-89.6805,-65.78,1076.12,-211.68,1.52,-11.06,6.11,-1.42,-7.65,1.35,0.44,4.92,1.84,-8.83,0.41,-0.71,-7.42,3.69,-0.83,-5.92,-0.39,-0.04,-2.38,2.34,0.39,-0.79,2.89,1.24,-18.2,1.78,-0.28,0.45
14.0025,-89.6798,-67.4,2433.07,-382.39,-0.78,-9.8,7.1,-0.67,-9.69,1.99,-0.62,5.04,14.62,17.84,1.64,-4.38,-6.74,5.13,1.51,-5.62,0.2,1.72,-0.39,-4.85,1.12,-0.63,-1.14,0.94,-17.69,2.33,-1.51,0.45
14.0025,-89.679,-47.37,800.01,-155.59,1.02,-11.55,5.45,0.31,-8.86,1.33,1.24,4.87,-0.0,-0.0,1.24,2.83,-5.1,5.12,-1.22,-2.96,1.35,2.28,3.47,-3.62,1.5,-1.74,-0.75,0.49,-11.88,-0.69,-0.49,2.47
14.0025,-89.6783,-24.68,915.86,-143.18,0.43,-11.16,5.65,-0.98,-8.01,1.19,0.45,4.5,-3.46,-0.0,0.61,5.69,0.52,4.55,2.27,-2.62,0.2,-2.54,4.16,4.43,3.55,-0.5,-1.11,1.8,-9.96,2.12,-2.0,3.14
14.0025,-89.6775,-13.92,422.65,-69.08,1.65,-10.2,4.99,-2.55,-8.22,0.46,0.57,3.88,10.01,-11.07,0.54,2.26,-10.85,4.98,-0.73,3.5,1.82,1.06,4.22,-1.45,-4.28,-3.61,-0.87,-0.45,-9.62,2.12,-1.49,4.49
14.0025,-89.6768,-34.78,220.09,-68.57,1.43,-9.21,4.34,-3.33,-9.22,1.56,0.36,4.39,2.16,-0.0,0.67,0.09,-11.44,4.56,0.78,0.45,-3.69,-6.74,-1.27,4.92,0.28,-1.57,-0.64,0.25,-12.6,1.44,-2.48,5.65
14.0025,-89.6761,-64.31,1252.22,-232.05,0.77,-10.49,4.95,-1.75,-8.75,1.42,-0.08,3.37,10.04,0.26,0.78,-4.39,-18.02,6.84,6.71,-1.73,-1.37,-0.7,1.81,-7.1,-2.73,-2.65,0.74,-0.38,-18.13,2.32,-1.99,2.48
14.0025,-89.6753,-57.87,1607.18,-268.65,0.81,-11.42,3.3,-2.99,-8.27,1.98,-0.11,4.77,-0.0,-3.0,1.63,-2.87,-11.62,6.69,2.44,-0.88,-0.38,1.01,6.02,7.25,0.32,-3.36,2.53,-2.88,-16.06,1.67,-1.51,2.15
14.0025,-89.6746,-61.21,1348.42,-240.42,-3.24,-13.04,5.07,-1.13,-6.99,3.47,0.0,4.5,3.38,-13.64,0.8,8.39,-0.47,5.99,0.15,-12.08,-6.62,-2.95,0.24,3.37,3.75,11.12,-1.93,2.26,-13.99,2.5,-4.22,1.98
14.0026,-89.6738,-39.27,1142.45,-188.82,-0.02,-12.51,4.31,-2.05,-7.47,3.58,-0.59,4.72,-0.0,-6.93,0.0,10.22,-12.09,5.84,3.91,-6.76,-3.02,3.3,8.46,-2.8,-8.65,3.8,1.68,1.53,-12.28,1.69,-1.14,1.86
14.0026,-89.6731,-49.75,682.59,-143.97,-2.77,-10.62,3.02,-3.24,-9.59,4.13,0.5,4.06,-9.21,-0.66,0.45,-1.7,-1.72,6.63,-5.06,-0.2,-3.19,0.17,2.53,-2.62,2.57,-3.58,-6.65,-1.09,-12.18,2.16,-3.43,2.13
14.0026,-89.6724,-33.78,132.98,-56.59,-0.45,-8.54,3.0,-2.56,-7.77,4.5,0.99,4.35,-19.9,-7.46,0.11,-1.82,-8.68,6.6,5.52,13.46,-6.18,-1.72,4.1,-15.37,3.76,-5.6,2.15,0.45,-13.11,4.31,-3.73,3.61
14.0026,-89.6716,-58.71,968.85,-190.3,-1.96,-9.19,3.62,-2.51,-7.57,4.33,-1.93,3.55,4.78,-12.2,-0.09,3.67,-7.3,3.35,-8.5,4.99,-4.72,3.16,3.22,-4.44,4.06,-2.83,-0.92,1.07,-12.39,1.03,-3.73,2.69
14.0026,-89.6709,-47.31,692.07,-142.32,-1.17,-8.33,2.72,-4.08,-7.11,4.3,-1.74,3.24,13.83,-25.15,-0.0,-5.59,-4.37,7.35,4.53,1.66,-1.12,1.24,-6.73,-1.09,2.42,-2.68,1.79,0.49,-11.52,1.49,-3.7,3.56
14.0026,-89.6701,-22.09,1321.85,-190.99,-2.64,-10.35,2.27,-3.32,-7.83,4.82,-2.97,3.45,18.19,-0.0,-1.77,-0.0,-2.17,7.75,4.68,7.97,-4.97,2.02,1.85,1.08,1.62,-3.72,2.4,-1.75,-10.26,4.16,-3.52,3.15
14.0026,-89.6694,-25.26,690.62,-116.06,-1.55,-9.79,1.94,-2.88,-7.67,3.52,-3.03,3.09,25.21,-27.42,-0.75,-0.0,-4.73,8.25,6.06,-4.35,-4.38,2.98,4.71,-1.99,3.11,-2.6,2.38,0.45,-10.15,4.16,-3.02,1.48
14.0026,-89.6687,-31.55,844.58,-142.73,-3.48,-10.38,2.65,-3.64,-6.11,4.89,-2.07,3.36,16.09,-24.38,-3.24,8.98,0.37,7.88,5.79,2.67,-5.19,-3.51,2.48,-14.25,2.15,-2.19,3.99,-0.16,-11.94,3.2,-2.0,2.01
14.0026,-89.6679,-1.38,393.19,-50.68,-5.28,-9.63,-0.02,-4.07,-6.83,5.36,-2.94,4.95,4.77,-0.0,-2.43,3.85,4.9,7.81,9.64,-2.32,-5.64,0.87,1.4,-8.46,0.54,-4.94,2.8,-0.28,-9.34,5.34,-2.0,2.54
14.0026,-89.6672,-26.26,494.03,-92.77,-1.63,-12.23,0.69,-5.14,-5.24,3.65,-0.63,6.3,-0.0,-30.66,-3.13,2.87,-4.82,8.42,17.36,-2.56,-3.53,0.14,-3.34,2.4,4.36,3.02,0.32,-2.11,-8.25,0.32,-1.55,3.58
14.0026,-89.6664,-46.36,135.13,-71.81,-1.35,-12.35,0.95,-3.65,-5.75,5.81,-5.58,3.33,15.57,-23.33,-2.1,-3.51,-5.64,6.02,0.73,-3.56,-3.08,-3.17,-3.06,0.72,0.57,-5.61,1.74,0.7,-10.5,-0.64,-1.7,3.19
14.0026,-89.6657,-41.3,-968.03,71.9,-1.29,-9.67,0.6,-4.7,-5.4,4.73,-3.12,5.94,9.15,-33.23,-2.12,0.05,-18.37,6.8,-2.62,-3.6,-4.2,-5.56,-3.76,-2.35,3.57,-5.09,-0.49,1.03,-10.26,0.24,-2.59,3.96
14.0026,-89.665,67.19,-2397.73,379.01,-1.37,-11.76,-0.92,-3.65,-5.76,4.28,-3.11,5.51,19.06,-36.68,-1.7,0.67,-1.87,-5.76,0.17,-3.8,-4.25,2.54,-3.34,4.8,3.64,0.23,2.17,-0.21,-10.26,14.98,-2.22,3.13
14.0027,-89.6642,-29.4,360.2,-79.83,-0.46,-12.25,-0.24,-1.75,-4.39,6.67,-1.81,4.5,16.89,-33.97,-2.88,-3.03,7.41,11.04,2.13,-3.95,-5.55,1.52,-1.03,-8.06,5.65,-5.61,1.6,-0.33,-8.88,1.02,-2.22,3.29
14.0027,-89.6635,43.22,-1278.94,210.98,0.03,-11.77,0.72,-1.34,-3.72,5.04,2.16,1.95,18.96,-28.08,-5.08,-0.26,-0.0,5.9,-0.83,-4.13,-4.19,-4.54,-0.51,-3.75,9.12,1.47,2.31,-0.33,-9.63,11.5,-2.48,3.29
14.0027,-89.6627,55.73,-3266.51,474.15,-3.26,-11.55,-0.17,2.96,-5.42,6.09,-4.34,3.05,-6.38,-32.88,-4.65,-8.15,-14.35,2.36,10.79,-4.84,-2.92,5.02,2.46,-4.58,-10.38,-3.36,5.18,0.36,-11.39,14.52,-2.56,2.99
14.0027,-89.662,-0.37,-761.63,94.72,-0.42,-12.65,1.03,4.99,-3.73,8.23,-3.82,2.56,11.43,-13.89,-5.16,-1.85,-15.05,3.86,7.9,-4.77,-4.9,1.44,-4.39,-6.57,-0.35,-7.46,4.28,1.18,-12.48,8.18,-3.56,3.62
14.0027,-89.6613,6.89,-1482.63,193.46,0.16,-12.59,2.58,3.62,-4.07,8.58,-6.07,1.09,-3.81,-13.89,-3.02,-14.19,-0.0,7.86,-2.11,-4.57,-4.76,-2.13,-0.36,-4.64,-1.68,-4.65,4.8,-1.09,-12.48,8.18,-1.91,2.7
14.0027,-89.6605,18.75,-686.6,108.06,0.28,-15.59,0.26,-1.56,-3.69,6.78,-3.75,4.0,0.44,-2.05,-1.11,-9.39,-0.0,4.23,7.64,0.69,-8.88,-3.34,0.51,-7.16,4.91,-3.14,3.57,0.08,-9.0,7.87,-1.67,1.9
14.0027,-89.6598,-20.09,1108.09,-162.36,0.42,-13.57,0.15,5.29,-1.72,7.67,-2.14,4.09,12.52,-0.38,-0.85,-2.67,-14.13,13.62,-2.25,-2.72,-4.79,7.52,2.41,1.06,-0.18,0.26,3.06,-2.26,-11.58,5.16,-2.85,2.17
14.0027,-89.659,-5.77,580.3,-79.4,-0.99,-13.85,-0.17,3.37,-2.38,7.72,-2.54,3.38,-0.0,-12.21,-2.91,6.25,-11.01,8.79,2.34,0.08,-7.07,14.84,0.47,0.04,5.33,-4.1,-0.35,-1.01,-11.27,6.49,-2.19,1.8
14.0027,-89.6583,-8.56,605.96,-85.94,-2.19,-14.8,-0.92,0.39,-3.24,10.48,-2.7,4.12,-2.71,-13.38,1.72,18.83,-5.81,-5.14,0.67,-3.55,-4.47,13.07,2.27,0.18,5.52,0.13,4.41,0.69,-11.25,4.82,-1.29,2.58
14.0027,-89.6576,-4.24,142.67,-22.88,-2.04,-14.76,-0.6,-0.82,-2.94,8.97,1.78,5.02,-7.09,-14.33,0.39,10.97,-9.68,6.02,-2.41,2.89,-6.26,8.37,0.7,-1.98,3.71,-2.73,6.05,0.29,-11.25,5.11,-0.38,1.63
14.0027,-89.6568,4.48,576.87,-66.87,-1.83,-15.36,-1.56,0.5,-2.3,8.79,3.15,4.17,-3.3,-8.07,0.28,14.12,-12.71,5.45,3.66,2.83,-3.83,5.41,0.15,4.03,3.24,-3.52,3.6,-0.56,-11.17,6.81,-1.17,1.83
14.0027,-89.6561,15.16,-478.9,77.91,-0.4,-15.96,0.36,2.14,-2.87,7.65,-5.93,3.41,-0.0,-8.07,-1.75,3.72,-11.32,4.04,4.03,-0.36,-4.79,0.97,-2.95,-0.64,5.35,-1.68,0.28,-1.22,-10.63,7.13,-0.71,2.44
14.0028,-89.6553,4.09,-391.85,53.9,1.29,-13.97,-0.16,1.43,-2.98,7.32,-3.46,3.53,3.89,-28.0,-1.33,6.97,-9.9,6.93,8.28,-4.27,-2.11,6.59,0.31,0.26,1.37,-4.77,-0.4,-0.64,-10.58,6.28,-0.31,0.64
14.0028,-89.6546,11.32,-942.3,131.4,1.97,-14.09,0.89,1.14,-2.67,7.13,-3.64,1.81,-3.56,-27.07,0.31,7.87,-9.88,2.83,-0.37,5.28,-3.49,1.66,-1.21,1.55,4.89,-3.87,3.03,-0.19,-10.19,6.28,0.06,1.3
14.0028,-89.6539,16.14,-475.76,78.72,0.3,-15.19,1.33,0.39,-2.77,6.88,-5.45,3.5,0.13,-11.99,1.11,3.5,-10.63,4.82,4.41,1.99,-5.17,5.52,-1.13,-0.89,4.44,-4.07,2.42,-0.2,-10.09,7.5,-0.08,0.4
14.0014,-89.716,-34.67,1798.93,-262.51,1.69,8.3,-0.77,-6.0,-9.92,12.77,-15.44,13.4,6.98,-1.03,-2.9,6.05,1.72,1.79,1.13,-8.4,-8.94,9.03,-4.05,23.22,2.7,1.92,-6.87,3.3,2.54,-9.43,2.63,2.03
14.0014,-89.7153,6.83,1021.33,-117.77,-1.56,7.29,-0.74,-4.55,-10.56,12.41,-17.38,13.57,9.07,17.36,-1.43,2.54,-2.35,0.34,10.52,-19.4,-2.98,4.83,-7.42,10.06,-0.1,7.33,-2.57,1.25,6.41,-6.6,1.88,3.78
14.0014,-89.7145,-36.5,1379.46,-213.08,2.45,7.36,-1.22,-4.26,-8.84,11.64,-16.47,13.6,25.41,0.24,-3.09,0.5,-10.6,-1.87,7.56,-14.44,-0.88,4.15,1.93,3.47,-2.46,-2.91,-7.83,1.71,-3.55,-7.7,3.68,3.4
14.0014,-89.7138,55.74,543.23,-1.16,-1.26,7.13,-1.66,-5.21,-7.66,11.74,-15.05,12.93,20.11,-5.85,-1.95,10.14,0.51,3.0,2.1,-0.98,-11.76,-1.28,17.91,2.49,-0.73,8.4,5.43,5.79,4.18,2.95,2.18,0.45
14.0014,-89.7131,-36.76,417.62,-94.88,3.04,6.05,-1.63,-5.65,-7.72,10.18,-14.91,12.58,8.98,-0.0,-2.04,1.9,-13.34,0.32,-7.09,-0.25,-6.43,2.95,-1.23,4.36,-7.39,15.95,-8.79,3.06,3.27,-8.22,1.11,0.85
14.0014,-89.7123,-59.85,386.67,-118.34,-5.6,7.57,-1.82,-5.71,-8.48,10.67,-13.78,11.38,-3.34,-0.0,-2.2,-2.36,-13.75,-0.01,-5.14,10.48,-2.18,5.04,-5.04,-5.27,-10.24,0.75,-2.31,4.51,3.27,-10.67,0.81,0.15
14.0014,-89.7116,-16.38,-420.08,32.47,-3.17,8.4,0.32,-5.05,-7.99,10.15,-12.6,11.66,-8.25,-0.0,-2.48,2.44,-5.49,1.61,-13.43,-2.32,-2.31,8.04,-1.77,0.26,-11.11,-2.96,-0.22,20.17,-0.31,-3.56,2.95,-1.58
14.0014,-89.7108,19.37,86.03,12.26,-4.54,8.33,1.31,-5.51,-7.98,8.19,-12.18,11.71,4.47,-0.0,-0.76,12.53,4.28,1.3,8.69,-9.84,0.87,2.16,-2.2,-4.95,-9.99,-11.31,-5.77,10.08,1.77,-0.43,2.31,0.14
14.0014,-89.7101,34.82,-557.18,109.86,-1.31,5.24,-1.11,-5.47,-7.72,8.4,-12.11,10.92,-1.36,-1.8,-1.1,-1.24,0.92,3.23,8.66,-8.61,-9.93,12.97,-0.8,-4.69,-6.01,-2.36,-2.44,-2.44,5.53,-0.43,2.31,-0.32
14.0014,-89.7094,-14.27,-384.52,30.6,-2.61,5.18,0.95,-4.87,-8.1,8.92,-10.66,11.12,-13.32,-7.98,-1.23,-0.0,-21.2,-2.4,14.94,6.53,-9.2,3.74,-7.25,4.17,-9.42,10.44,-0.92,0.25,1.88,-5.88,2.44,1.29
14.0014,-89.7086,-12.77,-516.76,48.69,1.92,5.33,-1.31,-3.69,-8.14,7.81,-9.61,10.56,-19.09,-1.86,-0.62,-0.0,-8.83,1.67,1.42,-0.18,-1.07,3.49,-14.41,10.6,-10.89,-0.0,-6.01,-2.31,4.82,-8.49,4.22,0.05
14.0014,-89.7079,39.71,-55.8,53.79,-1.33,3.71,-0.43,-4.54,-6.78,6.43,-9.1,10.61,0.36,-4.81,-1.51,6.59,-1.57,0.84,1.62,10.17,-6.76,12.3,-1.84,4.22,-12.95,-0.0,-2.54,2.11,2.65,1.09,2.56,0.46
14.0015,-89.7071,18.82,-1511.53,208.87,-3.35,3.88,-1.9,-3.62,-8.34,6.43,-9.12,9.44,-4.09,-0.0,-1.59,-10.05,-2.4,-4.06,-8.29,-6.49,-7.25,6.79,2.27,5.95,-19.16,18.53,1.49,2.11,4.71,-1.68,0.85,0.78
14.0015,-89.7064,-20.7,-324.4,15.61,-4.79,4.21,0.23,-5.47,-6.86,5.77,-8.49,10.07,23.37,-0.0,-1.01,0.93,-18.19,-4.44,-14.44,-14.08,-3.13,8.47,1.44,8.29,-7.97,6.25,-14.2,1.74,3.26,-6.07,0.85,0.78
14.0015,-89.7057,-8.81,785.93,-107.49,4.97,3.03,-2.31,-3.59,-7.46,5.19,-7.83,9.69,17.66,-13.03,-0.32,-7.28,-1.47,0.78,-0.0,-4.35,-7.06,6.34,1.62,9.76,2.24,-3.42,-3.31,-2.82,6.46,-6.8,1.75,0.02
14.0015,-89.7049,-4.88,928.68,-120.5,1.45,2.65,-1.33,-3.09,-7.36,4.9,-6.14,10.1,-0.0,9.35,-1.07,-4.13,4.86,-10.37,-0.0,11.26,-2.81,10.38,-2.78,7.28,-2.61,1.17,-2.15,3.78,6.96,-6.8,2.8,-1.36
14.0015,-89.7042,-33.64,1885.96,-272.79,-2.76,1.67,-2.55,-3.71,-7.79,3.88,-4.99,9.58,0.23,-3.28,-0.66,0.41,-7.9,3.07,11.92,12.89,-2.49,12.87,5.31,8.46,-7.3,-10.23,-4.51,3.55,5.13,-7.35,1.2,-2.77
14.0015,-89.7034,-9.21,563.39,-80.52,-4.46,1.69,-0.59,-4.05,-7.57,1.52,-5.82,8.69,-5.96,-1.78,-1.3,-1.57,-9.54,0.48,13.06,-0.0,-3.07,11.96,-3.03,5.37,-1.24,-1.41,4.94,5.55,3.77,-3.41,0.35,-1.13
14.0015,-89.7027,-37.79,218.3,-71.63,-1.52,0.76,1.21,-5.0,-6.81,2.27,-3.76,9.23,-8.28,1.0,-0.9,7.73,-2.83,-13.28,-0.73,0.97,-19.85,1.22,-2.04,6.21,-0.67,-0.32,6.81,4.13,1.71,-5.59,0.67,-2.26
14.0015,-89.702,-45.06,676.94,-136.95,-2.65,2.71,-0.84,-6.24,-6.64,3.13,-4.24,8.97,3.44,-1.5,0.31,0.41,-6.26,-3.49,-5.18,-9.59,-5.42,-1.2,-0.0,14.61,-2.23,-1.4,4.42,1.27,4.2,-7.15,-0.07,-2.69
14.0015,-89.7012,-0.62,-196.82,23.61,-0.93,0.93,-0.76,-4.32,-7.59,1.37,-3.23,9.16,0.94,-14.07,-1.99,-8.05,-2.11,3.99,6.3,-10.25,3.15,5.54,-5.7,9.38,-1.38,0.19,-2.54,2.36,11.19,-4.83,-1.28,-1.9
14.0015,-89.7005,36.79,-732.88,134.14,-1.53,1.75,-0.59,-3.94,-7.35,0.77,-3.4,9.18,11.22,4.96,-2.22,-2.13,-1.23,4.5,-4.46,-17.63,-4.64,6.23,-4.81,6.69,-2.6,-6.63,-6.08,5.29,11.19,-2.58,-0.13,1.15
14.0015,-89.6997,-4.49,112.63,-19.24,-2.13,0.03,-0.17,-5.04,-7.74,1.44,-3.09,8.79,-9.92,12.05,-3.14,1.05,-7.53,-7.94,7.05,3.77,-7.23,7.07,1.33,-0.0,-3.05,-3.97,-1.39,4.05,5.15,-2.62,-1.56,0.31
14.0015,-89.699,22.84,-150.15,45.58,-0.73,-1.91,-1.39,-4.93,-7.15,1.63,-2.85,8.12,24.79,-0.0,-3.2,1.79,-3.12,-4.79,4.45,8.72,-7.13,3.23,5.71,-11.57,-8.45,-3.64,-14.1,5.5,2.59,1.69,-1.41,1.86
14.0016,-89.6983,-7.32,529.11,-74.13,-2.25,-0.97,0.53,-3.01,-6.25,1.05,-2.93,8.31,24.01,-0.0,-1.98,2.59,-5.19,-2.14,1.21,-1.95,9.2,-8.52,-7.86,2.17,3.49,-12.02,2.17,2.14,2.77,-1.12,-2.8,1.78
14.0016,-89.6975,-11.41,1286.58,-172.75,-1.3,-1.71,-0.36,-4.3,-5.92,1.32,-1.31,8.41,25.14,-0.0,-1.47,-2.29,-5.13,11.92,-4.05,1.48,-9.49,3.6,2.06,22.4,-5.22,-5.01,-2.51,2.01,0.69,-1.12,-1.74,1.35
14.0016,-89.6968,-3.72,-235.13,24.71,-1.6,-3.48,1.06,-3.61,-4.92,0.26,-1.22,8.88,-0.0,5.86,-1.84,0.01,-1.15,-8.97,-13.1,-4.27,-1.2,-0.77,9.68,-3.38,-1.42,-12.19,-3.81,3.82,1.91,-1.57,-1.99,2.89
14.0016,-89.696,-107.75,1955.94,-369.6,-1.96,-2.94,1.03,-4.26,-5.06,0.7,-2.22,7.88,23.63,1.36,-0.85,-0.12,-17.45,0.65,-13.07,-0.0,-8.89,-8.4,0.79,-0.11,0.15,5.76,1.7,4.15,1.32,-15.25,-1.96,2.76
14.0016,-89.6953,10.88,-729.71,103.25,-1.96,-3.73,1.24,-4.73,-4.93,-0.33,-1.34,7.57,36.11,9.88,-2.69,-0.68,-3.87,1.21,-0.0,12.89,-2.4,-10.7,-0.68,-11.31,-6.95,4.15,-0.83,3.09,5.02,-1.7,-1.76,2.47
14.0016,-89.6946,25.67,-1267.31,187.35,-1.81,-4.42,1.75,-4.38,-5.14,0.04,-2.87,8.72,21.05,-0.0,-1.42,-6.16,-4.42,0.14,-19.96,-3.87,-1.67,3.59,-6.67,-2.56,-3.19,3.48,-0.75,1.93,5.02,0.65,-1.29,0.99
14.0016,-89.6938,40.87,-666.79,130.95,-2.44,-3.67,1.36,-3.34,-6.55,0.8,-2.36,8.41,34.79,-15.96,-1.71,-2.05,-7.65,1.68,-3.27,7.55,-9.64,0.9,-1.79,-2.59,-7.92,0.9,-3.67,1.55,4.04,3.24,-1.29,0.99
14.0016,-89.6931,26.2,-182.99,53.66,-0.73,-4.76,1.78,-4.33,-5.62,0.35,-2.34,7.79,25.07,-6.36,-2.69,-1.46,0.39,3.01,-6.29,-9.92,10.82,-5.24,-2.87,7.03,-3.25,-9.06,-7.29,3.64,0.62,3.24,-1.24,1.05
14.0016,-89.6923,-9.29,830.6,-113.95,-1.08,-5.24,2.5,-3.71,-4.97,0.31,-2.68,7.98,34.11,-12.75,-1.77,-1.42,-2.81,-1.17,-7.27,1.6,-0.34,-2.9,-4.6,10.15,0.95,7.66,-5.45,2.6,-2.22,0.32,-1.31,0.86
14.0016,-89.6916,-6.15,-397.68,42.03,-2.34,-6.79,2.74,-3.81,-5.54,1.61,-2.96,7.33,19.37,-7.64,-2.96,-2.02,-6.14,0.41,-2.86,-12.9,-4.09,-2.32,3.03,-1.09,-1.38,-0.39,-13.48,1.71,-1.72,-0.7,-0.01,0.68
14.0016,-89.6909,-4.5,1048.0,-135.28,-1.79,-7.6,3.59,-3.67,-5.39,2.09,-2.93,7.26,-0.0,-0.0,-2.37,-1.64,-6.46,1.14,-1.77,-3.24,5.91,-1.47,0.18,12.0,-1.85,6.39,-9.71,2.49,-0.04,-0.42,-1.42,0.9
14.0016,-89.6901,10.33,-170.45,33.36,-1.88,-8.4,2.97,-3.06,-5.47,2.75,-3.25,6.71,-0.0,-12.29,-0.83,-1.5,-2.72,1.59,-3.63,-1.03,2.52,3.34,1.12,2.26,-2.3,6.68,-4.84,3.37,-0.81,1.59,-1.53,1.84
14.0017,-89.6894,8.03,-293.46,45.9,-1.4,-8.63,3.24,-2.92,-6.26,2.38,-2.72,6.8,-0.0,-7.73,-1.65,-1.33,-5.53,1.37,-2.62,-1.77,-0.16,-0.24,-0.36,3.34,-2.59,5.78,-2.73,1.71,-1.35,1.01,-0.5,1.25
14.0017,-89.6886,-1.42,1315.22,-164.86,-0.84,-9.91,3.93,-2.96,-7.13,3.7,-2.46,6.46,22.25,2.7,-0.93,-1.15,-1.52,2.93,0.41,-0.46,2.81,1.7,0.05,2.39,-1.92,3.94,-0.36,2.78,-1.61,-0.1,-0.3,0.95
14.0017,-89.6879,-0.43,913.7,-113.9,0.12,-9.69,4.53,-1.38,-6.52,2.33,-2.26,6.13,14.41,-3.28,0.06,-0.56,1.55,5.87,-2.83,-0.6,0.76,1.48,2.19,2.46,-3.68,1.81,-3.23,2.53,-2.29,0.06,-0.3,1.7
14.0017,-89.6872,-17.13,604.61,-95.32,0.47,-10.87,4.41,-0.96,-7.45,3.72,-3.66,6.29,11.6,-12.22,-1.71,1.28,-2.08,5.08,1.47,-0.24,-3.26,0.16,-1.05,-0.34,-3.38,5.67,-2.66,1.32,-3.25,-0.22,-1.39,1.19
14.0017,-89.6864,-20.31,1146.05,-166.31,0.78,-10.5,6.21,-1.85,-7.67,3.39,-2.45,6.52,21.98,-1.14,-0.2,-0.12,-12.34,3.69,4.28,-2.37,-1.86,2.02,3.41,-2.07,-3.42,2.6,-4.21,1.2,-4.31,0.01,-2.25,2.73
14.0017,-89.6857,3.05,-143.79,21.47,1.58,-8.39,4.51,-2.75,-6.88,2.75,-1.21,5.38,-0.0,-14.71,0.57,0.34,-4.31,3.84,0.95,1.4,-1.82,-0.7,1.09,-3.26,-2.68,1.53,-3.39,1.14,0.27,0.07,-2.13,3.03
14.0017,-89.6849,7.78,-67.81,17.63,0.7,-9.83,4.03,-1.52,-8.15,2.25,-1.22,4.53,15.66,-18.55,-0.09,-2.42,0.87,2.4,-4.3,1.51,-1.16,-2.06,3.98,2.47,-2.13,3.99,-2.65,2.19,-2.11,0.07,-0.7,4.45
14.0017,-89.6842,-15.01,919.07,-131.93,1.77,-9.24,4.34,-2.16,-7.22,3.16,-0.62,5.22,13.18,-0.0,1.04,-1.4,-3.08,7.33,-3.57,3.23,0.25,-2.99,3.06,3.54,-0.05,0.97,-1.84,1.04,-3.43,-1.19,-1.14,3.36
14.0017,-89.6835,-45.37,1578.26,-249.78,1.46,-6.69,5.77,-2.12,-7.48,3.61,-0.77,4.86,13.76,-8.69,0.15,-0.89,0.23,5.36,2.57,-0.82,0.53,-2.63,-0.66,-1.62,-1.46,2.16,-2.12,0.57,-4.92,-3.49,-1.52,2.36
14.0017,-89.6827,-15.49,686.89,-103.69,1.56,-8.41,5.42,-1.45,-7.53,3.55,0.02,4.4,16.91,-18.72,-0.35,2.63,-5.62,5.02,0.02,-2.29,-0.09,1.12,-1.1,4.53,-0.01,2.53,-1.71,0.31,-6.03,1.02,-1.72,2.96
14.0017,-89.682,-20.48,1501.99,-210.93,2.54,-10.38,6.08,-1.18,-8.12,4.18,0.67,4.6,17.51,-13.22,0.56,-2.12,8.79,3.82,1.97,1.87,-0.98,-1.77,2.6,-0.26,2.44,0.68,1.48,1.87,-5.91,-0.16,-1.72,3.69
14.0017,-89.6812,-13.74,146.4,-34.46,2.34,-7.74,6.0,-1.37,-9.31,3.05,-0.41,4.62,10.75,-11.89,0.8,-2.25,-1.38,4.34,-4.18,-2.53,-1.25,1.0,0.85,-6.04,-7.46,-0.99,3.21,3.6,-5.11,1.13,-1.15,1.23
14.0018,-89.6805,-34.06,-64.41,-32.31,2.71,-11.29,4.24,0.63,-8.67,2.29,0.39,4.62,-3.17,-19.46,0.88,-0.49,-8.88,5.25,-2.91,-1.73,-2.0,0.33,4.7,-4.99,0.59,-0.93,1.55,2.02,-9.78,1.02,-1.83,2.71
14.0018,-89.6798,-51.74,1263.71,-218.41,-0.44,-10.39,4.95,-1.52,-9.48,0.68,0.9,4.46,11.79,-0.0,1.12,0.09,-5.14,2.85,-2.7,-0.68,-0.49,-0.09,5.27,0.81,-1.54,-1.87,0.65,0.91,-12.01,0.56,-1.42,1.07
14.0018,-89.679,-42.83,900.28,-162.69,0.96,-10.36,6.03,-1.88,-8.8,1.55,1.12,3.91,-1.5,8.98,-0.75,-3.25,-8.8,4.72,-0.24,-1.97,-0.23,-1.46,-0.35,-4.69,2.01,-0.02,-1.75,1.35,-10.95,0.56,-1.83,2.61
14.0018,-89.6783,-32.36,1024.06,-165.72,1.75,-10.37,5.08,-2.26,-8.09,1.05,1.13,3.91,-0.0,6.39,1.42,-7.6,-3.95,4.79,-0.17,-1.07,-2.26,-2.88,3.0,1.36,-0.68,0.56,-2.91,4.75,-12.28,2.12,-0.94,2.36
14.0018,-89.6775,-1.25,651.94,-82.61,-1.9,-10.71,5.47,-2.52,-7.46,0.24,0.61,3.51,12.62,-1.06,-0.09,-4.99,-2.47,5.17,2.28,5.22,0.9,1.67,-2.46,-2.12,-3.85,-0.12,-0.02,5.89,-5.37,0.93,-0.58,3.75
14.0018,-89.6768,-52.41,1648.73,-267.27,1.52,-11.32,4.63,-3.11,-7.49,0.39,0.18,3.52,6.03,-1.57,0.5,-5.75,2.68,5.19,7.37,-0.98,-0.95,-0.79,6.43,-11.75,1.69,0.59,4.16,2.41,-11.02,-0.73,-2.19,3.34
14.0018,-89.6761,-58.84,1665.16,-276.97,1.43,-10.14,5.24,-3.03,-8.04,1.22,1.16,4.49,-2.95,-7.98,1.36,9.25,-10.08,5.2,8.74,-2.76,3.77,0.45,3.19,-1.47,-1.0,-0.84,0.39,0.39,-15.46,1.15,-1.45,2.23
14.0018,-89.6753,-46.53,1561.02,-249.47,-0.32,-12.42,4.68,-1.89,-8.22,1.91,0.49,3.43,4.78,-0.06,-0.23,-0.4,-4.67,6.02,5.02,-0.02,-2.98,-0.89,0.93,12.93,-5.79,-1.61,-2.74,6.17,-14.76,1.41,-0.7,2.74
14.0018,-89.6746,-49.65,592.4,-132.58,-0.76,-9.54,4.19,-0.56,-7.45,3.33,-0.9,5.0,-8.48,-15.27,-0.55,8.63,-8.79,7.8,-1.43,-0.74,2.82,-8.48,2.39,-4.1,7.32,-5.17,-0.55,2.84,-14.76,2.32,-2.76,3.65
14.0018,-89.6738,-34.01,315.69,-79.6,-1.3,-10.23,3.6,-2.27,-8.2,3.99,-0.98,3.92,-0.84,-0.0,-0.21,-1.55,-7.57,4.65,3.12,-1.27,-2.04,1.89,4.03,-7.7,3.74,-8.96,1.57,1.4,-14.31,5.37,-3.38,2.52
14.0018,-89.6731,-23.81,-99.68,-15.78,0.17,-9.55,3.67,-2.57,-9.47,4.14,1.66,3.68,-0.0,-0.0,0.19,-4.52,-7.46,6.31,15.85,5.29,-2.5,-0.65,2.2,3.89,6.03,-9.25,1.04,1.71,-11.04,4.4,-3.38,3.1
14.0018,-89.6724,-63.07,467.97,-133.02,-4.57,-8.16,2.34,-3.53,-7.74,4.23,0.25,1.89,-7.53,-0.0,-1.62,-6.06,-5.6,2.74,-3.25,2.14,2.14,0.32,-0.07,-0.51,6.42,-11.92,-0.06,1.18,-12.73,0.09,-3.29,3.1
14.0019,-89.6716,-25.38,-1450.48,150.72,-2.55,-7.07,3.69,-3.22,-8.65,4.35,-0.8,3.57,-6.57,-18.45,0.89,-10.66,-12.79,1.6,-7.21,3.59,-15.13,1.6,1.19,-2.96,2.8,-5.75,7.42,-0.75,-10.83,3.93,-2.88,2.53
14.0019,-89.6709,-55.9,-377.01,-19.23,-2.18,-9.82,3.2,-2.99,-7.35,4.5,-1.55,2.04,-11.34,-0.0,-0.36,-19.61,-2.79,6.19,9.7,-19.01,-2.8,0.93,3.1,-4.08,1.77,-2.28,0.52,-0.24,-13.06,2.39,-4.85,3.57
14.0019,-89.6701,-40.37,408.89,-98.81,-4.07,-9.82,3.21,-1.85,-6.94,4.21,-3.16,2.78,5.58,-0.0,-1.26,-27.68,-0.51,6.89,5.66,8.38,-4.63,-0.95,6.26,0.54,0.85,-4.4,0.0,0.25,-10.89,2.39,-3.66,2.99
14.0019,-89.6694,-30.71,1806.44,-261.65,-2.21,-9.78,2.64,-2.2,-6.11,3.75,-2.72,3.0,31.06,-0.0,-0.11,-5.14,-0.91,8.34,5.22,0.04,0.11,1.16,0.82,-1.75,4.52,-2.97,3.25,-0.33,-8.74,0.58,-2.26,3.87
14.0019,-89.6687,-7.94,1124.63,-149.68,-1.29,-10.38,2.16,0.14,-6.8,5.24,-2.69,1.98,28.1,-0.0,-0.46,3.54,-3.91,8.93,5.35,-2.34,-6.12,-2.95,-0.31,0.52,4.41,-1.66,3.25,0.75,-10.48,5.47,-2.22,2.47
14.0019,-89.6679,-11.36,765.54,-108.96,-2.1,-11.27,0.84,-1.64,-6.06,6.38,-1.79,3.7,4.65,-0.0,-0.12,2.38,3.02,8.04,3.01,-3.68,-4.02,5.95,-1.89,-0.56,4.51,-3.9,4.12,0.52,-10.04,5.38,-3.27,3.01
14.0019,-89.6672,-19.86,-1243.95,131.69,-5.02,-11.13,1.11,-3.05,-7.28,5.78,-6.85,3.64,4.65,-35.2,-1.94,0.81,-13.36,8.53,0.26,-3.67,-5.37,-3.78,3.95,-3.87,3.06,-4.73,3.84,1.99,-10.49,3.33,-1.98,3.04
14.0019,-89.6664,-36.43,-1037.78,86.34,-1.49,-9.14,1.06,-3.44,-6.76,5.26,-4.5,2.88,-1.87,-30.93,-1.82,0.91,-17.69,5.62,-5.33,-1.84,-1.71,-2.39,-0.82,2.51,8.07,-6.21,3.63,2.23,-10.49,1.33,-2.34,3.2
14.0019,-89.6657,-35.12,182.25,-64.38,-2.83,-10.07,0.68,-1.9,-6.49,5.22,-3.5,6.51,14.6,-21.65,-3.16,5.39,-11.56,8.85,5.46,-4.01,-3.32,-6.34,-0.15,-6.98,-0.29,-7.5,2.19,0.78,-11.84,2.4,-2.34,3.08
14.0019,-89.665,-0.0,-163.21,20.37,-2.56,-11.41,1.16,-1.76,-5.29,4.99,-4.94,4.55,9.4,-21.92,-0.58,13.38,-4.44,6.51,0.66,-4.69,-3.34,-5.47,-3.32,1.65,3.2,0.97,2.44,-0.36,-6.67,4.08,-2.51,3.08
14.0019,-89.6642,-20.9,-301.91,12.93,-1.48,-11.35,0.77,-1.78,-5.76,4.37,-5.14,5.37,3.43,-22.6,-2.0,9.76,-4.91,8.27,-8.81,-3.13,-5.34,-0.15,1.67,-1.97,3.35,-5.49,4.03,-0.15,-9.18,3.52,-3.26,3.03
14.0019,-89.6635,18.21,-735.97,113.51,-1.18,-11.97,0.39,-1.12,-5.41,4.57,-2.65,4.47,-7.83,-0.0,-3.1,1.88,0.46,7.07,2.8,-4.34,-4.83,2.38,3.54,-2.15,2.01,-6.28,3.75,-0.49,-10.85,9.89,-3.08,2.61
14.002,-89.6627,21.32,-1692.21,236.67,-2.57,-10.73,1.24,12.16,-3.67,5.66,-3.42,3.53,-0.0,-25.53,-3.38,-7.58,-15.49,4.3,2.38,-5.04,-3.14,-2.76,2.05,-2.52,5.04,-3.51,4.55,0.15,-10.87,9.89,-2.67,2.71
14.002,-89.662,7.18,-1558.44,203.24,0.45,-12.11,0.1,-2.01,-4.98,7.61,-5.16,3.23,-0.47,-11.7,-4.32,-3.55,-14.4,9.13,9.87,-3.62,-6.23,-4.45,-7.2,-11.43,1.51,-9.71,5.75,-0.66,-11.4,8.37,-3.1,3.26
14.002,-89.6613,70.36,-2275.19,367.76,-0.77,-10.9,2.1,4.88,-2.31,6.47,-3.01,3.93,-8.99,-0.42,0.34,-10.63,-8.19,11.97,7.81,-2.2,-4.65,-14.1,3.24,-5.43,-13.76,-1.09,5.06,0.77,-0.69,9.09,-1.89,3.35
14.002,-89.6605,31.87,-356.45,82.35,0.56,-12.19,2.91,2.69,-2.02,6.99,-3.64,3.01,-0.0,6.19,-2.26,-11.4,1.09,6.39,8.31,-1.14,-4.41,-5.48,-1.17,-4.77,2.52,-6.0,3.82,-0.62,-10.65,10.23,-2.1,3.42
14.002,-89.6598,-39.12,1998.79,-296.28,-0.77,-14.13,-0.63,2.41,-0.5,7.55,-4.73,3.89,-1.5,6.19,-5.9,4.61,-2.32,18.89,1.16,-1.19,-6.0,14.13,1.44,-0.89,-2.12,-3.99,1.92,-0.84,-11.4,2.95,-3.38,2.3
14.002,-89.659,-11.08,87.36,-24.06,0.89,-13.74,-2.22,-1.62,-2.31,7.62,-2.77,3.27,-0.0,-12.39,4.41,-2.49,-15.9,4.99,3.28,-1.59,-4.87,10.46,-0.3,-3.79,8.13,-0.92,2.49,-2.31,-11.4,5.74,-2.83,3.13
14.002,-89.6583,-13.45,-449.99,40.33,-1.77,-15.07,-1.66,1.09,-2.84,7.79,-4.84,3.98,4.74,-5.81,-7.16,-0.4,-13.83,-3.35,7.08,-3.61,-6.96,10.03,-2.8,-7.83,7.29,-4.47,5.73,-0.87,-10.75,5.44,-2.15,1.27
14.002,-89.6576,6.7,1122.74,-132.5,0.42,-12.9,0.69,1.16,-2.96,8.39,-2.71,4.05,-0.0,2.18,1.04,11.87,-12.97,4.99,18.12,-3.25,-2.18,9.15,-1.32,-8.45,0.43,-3.63,5.64,-0.14,-10.65,7.56,-2.15,2.14
14.002,-89.6568,-5.45,470.8,-65.37,-0.43,-14.71,-0.0,1.11,-2.42,7.83,1.62,1.97,11.6,-18.98,-1.64,12.07,-13.74,4.84,5.56,-2.9,0.86,4.55,-0.2,-0.46,3.42,-4.53,2.65,-0.89,-8.94,5.62,-2.47,1.28
14.002,-89.6561,7.22,947.89,-110.06,2.07,-14.5,-1.08,2.72,-2.4,6.88,-6.17,2.62,13.98,-4.12,1.24,8.74,-8.59,4.51,10.21,1.35,-2.56,6.26,-3.07,1.2,4.57,-5.31,-0.1,-0.25,-9.2,5.62,-0.87,2.01
14.002,-89.6553,4.82,-31.79,9.7,1.55,-15.34,0.34,1.43,-2.77,7.06,-3.75,2.45,-0.0,-23.16,-1.01,8.65,-10.28,5.77,10.29,0.02,-3.94,5.21,-1.63,2.65,3.19,-4.64,2.41,-0.25,-9.55,5.24,-0.61,2.07
14.002,-89.6546,31.1,-688.35,123.07,2.35,-14.68,0.1,1.35,-2.91,7.08,-2.23,1.86,1.21,-16.98,0.39,5.99,-9.4,7.52,1.92,1.29,-4.16,4.66,-0.55,2.02,4.82,-4.41,3.38,0.15,-10.04,9.65,-0.47,0.83
14.002,-89.6539,23.7,-666.58,111.58,1.45,-14.78,1.22,1.02,-2.34,5.75,-4.04,1.79,4.68,-17.1,0.88,4.25,-8.61,6.29,2.26,0.65,-4.6,6.27,-1.5,-1.97,4.22,-4.54,2.0,0.71,-8.51,8.37,-1.33,1.02
14.0006,-89.716,-13.87,290.24,-52.13,0.29,8.94,-0.82,-6.19,-10.31,12.61,-17.18,11.91,6.49,-10.65,-3.57,3.93,-10.94,2.88,-5.97,4.79,-13.34,9.57,1.03,7.52,5.48,-3.56,-2.6,1.94,3.96,-7.13,1.9,2.56
14.0006,-89.7153,-9.06,232.55,-39.34,0.45,7.68,-1.71,-4.82,-7.59,13.17,-16.86,11.92,-2.2,5.07,-4.64,-4.29,6.82,1.54,-4.57,-6.45,-11.95,3.35,4.09,1.23,-0.22,3.06,-6.69,1.86,3.99,-6.77,3.02,1.2
14.0007,-89.7145,-44.93,1041.57,-181.38,0.12,8.04,-1.46,-5.47,-7.41,11.64,-17.01,11.04,8.79,-2.95,-3.61,1.89,-5.39,4.31,-4.53,-3.5,-0.64,-7.03,1.08,1.26,-4.47,11.88,-1.73,-0.69,3.26,-11.45,2.02,3.3
14.0007,-89.7138,38.98,-1431.62,222.47,-0.03,7.81,0.12,-5.83,-7.33,12.32,-15.86,12.87,17.26,-0.0,-4.4,-1.22,-4.63,-0.04,-3.42,-7.78,-12.0,-0.53,-9.1,-3.2,-4.16,7.17,-6.4,4.27,4.55,-1.73,3.58,2.11
14.0007,-89.713,66.05,-1195.21,225.32,1.25,6.86,-1.22,-5.68,-7.79,11.64,-14.61,11.19,0.65,-0.0,-3.62,6.28,-5.26,2.34,-4.22,9.53,-4.36,1.85,5.8,1.47,-9.79,-4.82,-1.61,1.6,4.4,2.96,2.05,2.8
14.0007,-89.7123,-98.57,2838.44,-466.36,4.6,5.61,-0.31,-5.88,-8.36,11.67,-13.29,11.79,4.65,-12.46,-2.79,5.95,-1.27,0.02,-11.93,3.02,7.02,18.53,-3.46,6.33,0.7,2.97,-1.53,10.75,3.16,-18.2,3.16,0.59
14.0007,-89.7116,-18.79,43.49,-27.56,-1.49,8.05,-1.17,-5.09,-7.42,10.54,-12.99,11.37,4.99,-0.0,-1.25,-0.51,-1.67,3.99,-25.32,-0.07,-3.68,3.93,4.51,15.24,-2.35,-10.76,-5.63,-2.85,1.76,-6.94,3.68,0.35
14.0007,-89.7108,-10.78,1240.68,-165.77,-7.99,5.54,0.79,-6.7,-8.12,11.12,-12.79,10.7,-0.59,4.48,-0.94,21.89,-8.9,2.61,-0.47,-1.44,-5.73,-1.26,8.41,-0.0,-3.32,8.13,-4.56,12.81,7.69,-6.94,1.85,-1.28
14.0007,-89.7101,-16.3,1729.39,-232.61,0.14,5.7,-1.5,-6.89,-6.5,9.08,-10.55,10.21,3.88,7.05,-2.19,7.94,-17.73,0.49,-0.0,-6.88,-3.45,-0.39,9.29,1.88,-1.72,3.99,5.88,4.09,9.64,-12.18,4.71,-0.02
14.0007,-89.7093,-54.54,2885.22,-420.44,1.06,7.67,-0.85,-4.09,-8.24,9.39,-10.19,10.57,4.16,3.42,-1.6,-0.18,-6.24,-0.51,16.72,1.24,0.5,5.75,8.04,8.42,0.82,14.34,-4.73,1.95,3.46,-10.22,2.34,-2.08
14.0007,-89.7086,27.22,46.23,26.44,-4.83,5.23,0.56,-3.79,-7.85,6.88,-9.99,10.17,1.1,0.6,-1.73,3.67,-3.95,2.48,9.17,-5.95,-2.49,-8.05,1.25,3.44,-0.0,11.87,-1.96,0.52,6.17,-2.84,2.08,1.58
14.0007,-89.7079,15.03,-208.06,43.44,6.97,3.96,-2.08,-5.1,-7.79,6.37,-9.91,9.55,5.77,3.74,-1.78,3.46,-0.22,1.8,-4.58,-0.14,-1.58,0.96,-14.57,9.67,-18.89,-0.0,-3.77,4.1,6.17,-4.6,3.79,-1.07
14.0007,-89.7071,-19.38,932.6,-138.04,-1.2,1.17,-1.08,-4.06,-7.5,5.61,-9.29,9.82,7.13,-3.42,-0.44,7.28,-7.7,4.51,-6.62,3.95,-2.13,6.58,0.83,0.65,-15.01,8.47,4.66,3.53,4.09,-7.66,3.4,-1.07
14.0007,-89.7064,-55.05,200.99,-89.85,0.67,2.79,0.19,-2.82,-7.26,4.69,-7.3,9.92,7.39,-0.0,-1.07,-7.74,-8.75,-6.28,-16.17,-1.37,-0.7,7.52,3.17,6.35,-19.33,0.29,7.83,3.76,2.92,-12.61,3.87,-0.28
14.0008,-89.7056,-28.69,878.98,-142.46,-4.15,3.92,0.1,-4.48,-6.7,4.86,-6.69,8.85,20.38,-12.59,-0.53,-5.04,-16.68,-1.64,-0.0,-8.21,-1.16,6.39,5.78,12.85,-0.29,3.67,-0.36,4.21,5.83,-6.78,-0.3,-0.79
14.0008,-89.7049,-5.47,482.91,-66.13,2.08,2.9,0.06,-3.53,-8.28,4.38,-5.65,8.46,4.7,-6.38,-1.05,-3.38,-3.97,-2.81,-0.0,21.95,-1.69,-4.4,1.11,1.95,-12.1,1.76,-1.71,6.63,5.37,-7.01,3.08,0.15
14.0008,-89.7042,-6.53,2021.65,-257.52,-1.69,0.53,-1.73,-3.06,-7.98,3.24,-5.37,8.25,15.82,5.45,-0.89,-1.83,-1.52,3.95,-9.67,23.1,10.84,-2.02,4.09,12.33,-13.48,0.49,9.66,1.29,3.44,-4.45,0.5,1.54
14.0008,-89.7034,-37.93,1332.16,-209.45,-2.56,4.43,-1.31,-4.38,-6.5,2.97,-4.94,8.26,-5.47,-4.34,-1.2,-10.7,1.51,4.39,-0.0,16.02,-0.0,10.08,2.56,-3.34,4.69,-4.2,0.11,5.42,2.0,-7.05,1.34,-1.05
14.0008,-89.7027,-63.79,610.97,-150.9,-4.43,2.83,-1.92,-3.48,-7.17,3.09,-4.41,8.46,-2.32,-0.0,-1.55,0.31,-6.61,8.56,-19.63,-0.0,-0.22,2.59,-0.3,3.07,-5.8,-0.76,-5.87,3.04,1.44,-5.58,-2.86,-2.39
14.0008,-89.7019,-19.45,-468.2,34.9,-3.78,2.13,-0.64,-4.03,-7.61,2.1,-3.47,7.98,10.59,-2.2,-1.59,-12.79,-11.13,-1.86,-0.8,-2.28,-2.25,3.38,-16.19,-2.1,-3.21,4.21,-1.0,3.75,1.44,-5.06,3.39,-2.75
14.0008,-89.7012,-35.76,-62.07,-34.58,2.75,2.53,-0.79,-4.15,-6.91,1.76,-3.37,8.52,-13.93,-9.79,-2.76,-0.79,-1.57,-3.09,4.77,-10.04,2.92,3.23,-14.52,4.31,5.67,3.78,-4.49,2.67,2.87,-5.51,-0.91,-0.54
14.0008,-89.7005,-48.66,1147.7,-199.47,-0.3,0.82,-3.61,-3.12,-6.89,0.69,-2.91,8.54,-6.01,-8.05,-3.73,-9.36,-2.64,2.91,-3.5,0.96,11.1,10.74,7.14,-0.0,2.78,2.63,-3.29,3.7,3.72,-4.74,-4.27,-0.54
14.0008,-89.6997,-47.37,1568.86,-250.07,-3.97,0.04,-0.9,-4.72,-6.85,0.16,-2.08,9.36,-16.87,6.64,-2.43,-3.3,-9.17,1.88,-2.37,2.4,2.05,15.88,5.55,19.51,0.69,-3.97,2.79,4.73,3.28,-4.7,-4.27,0.21
14.0008,-89.699,15.63,-279.17,53.02,0.68,0.06,0.21,-3.57,-6.2,0.46,-2.81,8.62,14.65,-7.26,-1.57,-4.34,-5.95,2.25,-3.22,-3.01,1.18,-1.72,2.88,-8.59,6.96,-5.34,4.0,5.47,3.82,0.48,-1.51,1.14
14.0008,-89.6982,-20.47,56.67,-31.22,-1.62,-0.39,-0.44,-3.11,-6.05,2.54,-2.61,8.95,16.23,-4.82,-1.04,-12.19,-1.55,4.09,-19.42,1.39,7.58,1.5,-1.83,-9.01,-0.1,-14.07,-1.68,3.84,-0.28,-2.38,-1.18,1.68
14.0008,-89.6975,-9.42,666.54,-93.64,-1.1,-0.87,0.14,-3.13,-4.99,1.01,-2.5,7.92,21.5,-1.91,-1.56,-16.13,0.31,4.04,-12.27,6.59,6.93,3.53,0.41,-5.95,0.01,-0.5,-5.63,1.86,2.14,-2.38,-1.38,1.98
14.0009,-89.6968,-39.34,-13.4,-44.85,-2.58,-2.01,0.82,-2.62,-3.04,-0.53,-0.98,8.48,-0.0,-26.63,-0.69,-4.21,1.02,3.73,-15.18,-9.2,0.98,5.19,4.21,2.2,-6.29,2.11,-1.21,3.53,-0.21,-4.07,-1.87,1.14
14.0009,-89.696,-30.06,1561.86,-228.95,-2.44,-3.13,1.58,-4.33,-4.43,-0.51,-2.0,7.45,38.05,-1.98,-2.62,-3.71,-9.18,4.51,4.42,-3.55,0.52,-12.36,1.42,1.75,3.57,1.11,-2.78,3.91,2.42,-5.22,-1.52,1.77
14.0009,-89.6953,14.03,408.17,-33.96,-2.59,-3.49,0.32,-3.94,-5.53,-1.05,-0.94,8.26,27.7,6.4,-1.73,-2.8,-5.28,0.41,-6.7,4.03,-6.9,-11.56,1.58,11.36,-5.27,2.65,-0.24,4.02,2.42,0.5,-0.86,0.93
14.0009,-89.6945,45.03,-1115.74,191.46,-2.16,-4.26,0.77,-3.68,-5.35,-0.79,-2.35,6.26,16.56,0.58,-1.25,-2.54,-9.35,0.35,-9.37,0.33,-8.94,-6.35,-1.18,15.26,-3.0,-1.31,1.21,3.62,2.37,4.61,-0.86,0.93
14.0009,-89.6938,45.73,-622.0,131.14,-2.02,-4.05,1.98,-3.38,-5.19,0.38,-2.27,8.26,9.14,7.07,-2.28,-2.27,-13.54,2.31,-2.87,4.17,-1.99,2.45,-2.86,2.25,-2.36,2.96,-1.4,1.54,1.23,4.61,-0.38,1.44
14.0009,-89.6931,30.77,-101.0,48.91,-3.82,-5.0,1.62,-3.79,-5.38,1.27,-2.22,7.41,28.42,-0.0,-2.28,-2.2,-3.63,1.25,-5.41,5.26,-0.58,-7.6,3.47,0.69,-0.91,5.67,-3.52,2.39,-0.03,3.34,-0.21,1.09
14.0009,-89.6923,-27.37,1502.68,-218.63,-2.19,-3.94,2.07,-3.96,-5.4,1.32,-3.1,7.02,-0.0,-0.0,-2.66,-3.09,-4.06,1.06,-3.53,-9.7,2.18,-3.51,3.26,-2.76,-1.25,7.01,-3.13,0.94,-3.95,-1.17,-0.95,0.63
14.0009,-89.6916,-2.64,567.09,-73.43,-0.95,-5.92,3.36,-3.35,-4.66,1.01,-3.09,6.98,26.29,-13.28,-1.25,-0.65,-1.53,2.7,-2.31,-2.41,-1.02,-1.24,0.89,2.54,-2.94,6.01,-6.21,1.5,-1.64,0.33,-1.39,1.95
14.0009,-89.6908,-21.76,1571.16,-220.56,-1.75,-7.57,3.78,-2.89,-4.92,1.99,-1.47,6.51,30.87,1.57,-2.19,0.51,-2.83,0.91,-5.37,-3.3,3.06,-2.63,1.84,-1.84,-1.93,7.76,3.79,1.87,-1.64,-0.52,-2.44,0.53
14.0009,-89.6901,-4.18,549.42,-73.09,-2.25,-7.81,3.87,-3.01,-5.58,1.08,-2.33,6.71,22.16,-17.75,0.3,-0.97,-2.33,4.24,-4.39,-0.94,2.81,1.5,0.92,2.85,-3.54,5.42,-2.54,2.16,-1.93,1.17,-1.58,0.6
14.0009,-89.6894,-12.46,-331.41,26.38,-1.47,-8.74,3.85,-3.18,-5.54,0.92,-2.09,6.97,0.57,-27.13,-0.05,-2.68,-2.28,4.13,-2.03,-0.89,2.51,1.24,0.94,1.19,-2.38,4.38,-1.57,1.21,-1.67,-0.81,-1.7,1.99
14.0009,-89.6886,-4.95,209.88,-31.9,-0.28,-8.78,4.67,-2.72,-5.39,2.17,-2.76,6.34,17.44,-21.22,-0.66,1.58,-3.16,2.74,-2.61,-0.8,1.71,-0.53,0.49,1.35,-3.13,4.67,-2.96,0.98,-1.69,-0.58,-0.23,1.04
14.0009,-89.6879,-10.44,1529.86,-202.21,-0.03,-9.37,4.62,-1.3,-6.34,3.0,-2.17,6.74,29.53,-1.82,-0.59,-0.27,-2.68,4.9,-0.77,-1.56,1.15,0.47,1.11,2.3,-2.84,4.09,-3.56,1.03,-2.05,-1.24,-0.83,2.33
14.001,-89.6871,5.19,-194.23,30.25,0.5,-9.97,4.83,-1.26,-7.35,2.36,-2.11,6.13,18.77,-25.24,-1.67,-0.61,-5.3,5.15,0.17,-1.73,-0.46,0.29,1.88,1.39,-3.28,1.87,-2.94,1.22,-2.33,0.76,-0.49,2.42
14.001,-89.6864,-14.34,814.67,-118.11,-0.11,-10.36,4.69,0.11,-7.47,3.06,-1.94,6.01,24.18,-22.98,-0.25,-1.09,-1.23,4.39,3.44,-0.85,-0.61,0.12,3.4,0.93,-3.45,2.32,-2.84,1.3,-2.51,0.29,-2.83,2.69
14.001,-89.6857,-2.31,26.75,-6.05,1.75,-9.5,4.46,-2.05,-7.51,3.74,-1.04,4.87,21.75,-31.92,0.08,-0.8,-4.09,3.9,0.83,-2.15,0.43,0.04,3.51,3.2,-2.3,2.92,-3.53,0.81,-2.64,0.29,-1.16,3.08
14.001,-89.6849,-2.63,-432.8,50.64,1.02,-9.2,3.99,-1.52,-8.44,2.98,-1.46,5.21,6.6,-30.37,-0.19,-1.82,-3.43,4.38,-0.41,2.06,0.29,-0.67,3.29,1.37,-2.4,1.91,-2.33,1.05,-2.82,0.28,-1.14,3.18
14.001,-89.6842,-16.19,327.68,-59.86,1.25,-9.97,4.36,-1.55,-7.96,3.16,-1.23,4.78,-0.0,-15.85,0.12,-1.47,-2.15,5.25,-2.09,-0.91,0.88,-0.95,4.02,1.65,-2.04,2.62,-2.52,2.04,-4.26,-0.28,-1.62,3.28
14.001,-89.6834,-28.87,1278.02,-192.94,2.4,-9.2,4.85,-1.51,-8.04,2.66,-1.56,4.98,-0.0,-0.4,0.24,-1.39,0.64,4.28,-1.02,1.01,3.38,-1.86,3.09,-1.93,-2.79,5.62,-2.91,3.32,-4.91,-1.25,-1.51,2.51
14.001,-89.6827,-5.08,-427.11,47.06,-1.78,-11.15,3.8,-1.95,-7.6,2.93,-0.22,4.66,-7.98,-15.06,-0.42,-2.99,-0.97,5.68,-4.98,1.11,1.41,0.2,1.32,0.37,0.36,1.19,-1.15,0.32,-5.11,1.86,-1.24,2.41
14.001,-89.682,-19.99,295.85,-60.43,0.74,-9.97,5.06,-1.91,-8.69,3.79,-0.83,4.47,2.41,-6.63,-1.54,-1.73,-1.05,2.84,-3.57,-1.99,-2.5,1.83,1.78,-2.17,1.49,2.09,-1.93,1.87,-5.11,-1.58,-0.75,4.1
14.001,-89.6812,-25.47,284.65,-65.53,1.68,-10.51,5.47,-1.08,-8.73,1.86,0.08,4.13,16.79,-19.49,0.25,1.2,-11.82,2.44,-2.74,0.41,0.56,-0.85,4.4,-4.58,-0.15,-0.44,-0.04,2.85,-4.83,-2.2,-0.02,2.4
14.001,-89.6805,41.47,-1320.38,213.26,1.44,-10.12,4.75,0.72,-8.28,0.79,0.52,4.25,-0.0,-13.7,-0.62,1.44,-5.5,3.02,-4.06,-1.84,-3.11,-2.56,1.92,0.06,-2.59,0.39,-0.8,0.6,6.02,0.38,-0.5,2.57
14.001,-89.6797,-67.52,1452.57,-260.58,-0.11,-11.87,5.32,-0.49,-9.98,0.66,1.42,4.13,17.71,-0.0,0.98,-11.59,-3.73,5.24,-2.59,-0.26,2.66,-2.06,3.65,-1.91,-1.69,-0.61,-1.16,1.42,-15.66,0.38,-1.59,2.04
14.001,-89.679,-61.89,2138.77,-339.31,1.36,-9.64,5.63,-2.72,-8.7,1.47,1.05,4.04,21.11,2.92,1.99,-1.73,-6.74,5.06,-0.32,-1.62,-0.39,-1.74,5.54,-4.89,-0.8,-0.15,-0.48,-0.9,-12.89,-0.6,-1.71,2.2
14.0011,-89.6783,-54.79,1239.3,-219.05,1.29,-9.18,5.13,-2.75,-6.63,0.69,0.7,4.13,-0.0,-7.32,0.12,-4.53,-4.72,5.17,1.1,1.18,3.03,-0.98,1.93,-4.23,1.24,-3.04,-1.47,-2.27,-11.92,-0.22,-1.17,1.29
14.0011,-89.6775,-29.39,582.73,-107.32,0.1,-9.94,5.26,-2.2,-10.1,0.21,0.23,3.73,-0.0,-3.17,1.21,-4.27,-1.81,5.17,-1.66,-2.48,-0.37,-2.6,3.07,0.27,-4.37,-1.75,-1.03,3.21,-12.52,2.0,0.16,1.98
14.0011,-89.6768,-59.05,897.27,-181.6,1.58,-9.65,6.25,-1.47,-8.83,1.9,0.59,3.13,-0.63,-6.65,-0.06,-3.39,-2.99,4.87,-0.01,-1.67,1.18,-1.43,-0.64,1.1,-6.02,-7.03,-0.06,0.55,-12.41,0.16,-1.51,0.8
14.0011,-89.676,-51.09,927.42,-175.95,-1.11,-10.66,5.94,-2.82,-8.91,2.16,0.74,4.32,6.69,-13.26,0.8,0.68,-6.13,5.08,2.71,-0.38,1.27,-1.03,2.13,-9.69,-0.25,-2.32,-3.34,1.52,-13.82,2.95,-3.47,2.46
14.0011,-89.6753,-68.5,811.03,-182.1,-0.77,-10.36,4.13,-2.77,-5.73,2.6,0.99,3.43,-2.12,-10.09,-0.12,-0.95,-5.75,3.51,-4.08,4.37,-1.96,-13.18,3.27,-0.8,2.37,-0.98,-3.29,5.74,-13.82,1.19,-4.48,3.03
14.0011,-89.6746,-31.21,711.44,-125.56,0.81,-9.8,3.18,-1.38,-7.29,3.5,0.84,3.99,13.09,-13.32,-0.27,-1.66,-12.26,5.47,-2.81,5.27,-2.1,-1.21,4.24,1.13,2.1,0.88,-3.2,2.44,-8.56,2.47,-4.48,3.85
14.0011,-89.6738,13.09,-44.74,21.08,-0.27,-10.86,2.42,-2.14,-8.55,3.5,0.66,3.86,-0.0,-5.36,-0.94,-4.25,5.37,7.93,2.07,-2.1,-3.17,1.88,1.84,-8.46,-0.27,-5.2,0.67,1.48,-12.36,10.64,-4.31,3.85
14.0011,-89.6731,-9.12,-642.42,69.23,-2.79,-8.69,2.03,-2.87,-9.26,4.52,1.72,3.57,12.04,-0.0,0.76,-6.34,-5.63,3.29,1.33,-9.27,-11.94,-3.46,0.75,-3.15,2.22,-4.52,-0.16,0.17,-10.81,7.25,-4.11,2.59
14.0011,-89.6723,-49.4,-616.4,18.29,-0.98,-10.3,4.6,-1.66,-9.29,2.87,-0.88,3.87,-10.6,-16.41,-0.02,-15.82,-8.5,4.58,2.77,-5.16,-0.14,0.87,1.74,-4.72,0.2,-7.52,3.74,2.33,-9.9,1.54,-4.25,2.34
14.0011,-89.6716,-62.15,618.24,-150.67,-1.67,-9.32,3.05,-1.86,-8.15,2.71,-1.55,2.42,-2.23,-14.02,0.68,-12.18,-7.06,5.6,15.48,0.42,7.1,-7.05,4.75,-14.74,-7.8,-1.98,4.16,2.27,-13.06,1.54,-3.57,1.68
14.0011,-89.6709,-34.16,-668.09,42.81,-1.56,-10.11,1.83,-3.25,-7.47,3.93,-2.89,3.43,6.13,-26.06,-0.72,-2.73,-12.72,5.29,4.91,-5.19,-5.26,0.34,-2.23,-5.52,0.05,-3.11,2.42,0.11,-12.28,3.96,-3.5,3.07
14.0011,-89.6701,-68.33,1564.06,-275.96,-2.67,-7.87,2.5,-4.65,-7.41,6.48,-2.38,2.84,-2.06,-0.0,-1.06,3.58,-4.54,6.2,6.12,7.22,-9.85,-1.26,9.61,-4.18,3.83,-5.28,-1.34,-0.25,-10.88,-1.84,-3.55,3.72
14.0012,-89.6694,-41.96,587.88,-123.02,-3.01,-9.7,5.55,-2.97,-6.25,6.22,-2.07,2.75,13.59,-27.86,-1.18,-13.08,-2.49,6.41,5.76,1.08,0.52,2.22,1.17,-0.18,3.71,-2.86,1.29,-0.37,-10.19,1.23,-2.34,1.88
14.0012,-89.6686,-13.08,-604.08,59.84,-2.27,-10.86,2.07,0.46,-5.84,7.16,-3.3,2.05,-0.0,-26.13,-2.42,3.8,-9.18,5.85,0.53,-3.74,-2.98,-1.05,0.05,-3.09,3.55,-5.73,2.52,0.94,-11.68,6.0,-3.12,3.19
14.0012,-89.6679,-24.7,437.61,-83.86,0.36,-9.51,2.24,-2.49,-6.03,4.08,-4.09,2.62,19.76,-26.92,-0.79,1.65,-3.63,6.42,6.77,-2.05,-2.31,-1.61,-1.52,-0.59,3.9,-7.94,2.92,2.43,-11.68,3.51,-2.44,3.73
14.0012,-89.6672,-33.0,119.8,-54.05,-2.32,-12.27,0.3,-1.84,-6.34,8.08,-2.37,3.87,13.22,-30.87,-1.29,8.29,-5.01,9.43,-1.31,-3.58,-3.45,-0.69,-5.88,-6.97,2.05,-2.5,3.21,3.11,-10.51,2.91,-3.09,2.58
14.0012,-89.6664,-28.25,-177.45,-11.34,1.24,-9.98,3.64,-3.52,-5.86,5.13,-2.12,3.44,7.96,-39.48,-0.78,-1.97,0.65,8.83,2.99,-4.18,-4.18,-2.41,1.07,-0.79,6.54,-2.36,4.26,0.98,-11.32,4.04,-3.09,2.58
14.0012,-89.6657,71.69,-2458.48,391.83,-3.47,-7.99,1.92,-3.89,-6.16,6.62,-7.12,2.24,-0.0,-12.52,-2.35,4.47,-14.48,5.4,6.26,-4.31,-3.29,-2.9,-1.93,-8.06,1.36,-10.14,4.84,1.24,-9.11,15.58,-2.62,2.75
14.0012,-89.6649,19.87,-1191.26,172.28,-1.88,-11.58,0.89,-1.77,-5.06,6.04,-5.78,1.24,-3.3,-10.94,-1.49,1.12,-9.17,7.12,16.15,-4.79,-2.83,-3.22,-6.03,-5.91,1.03,-10.5,2.25,0.26,-9.75,10.23,-3.66,2.24
14.0012,-89.6642,54.63,-2115.06,328.87,-0.91,-10.97,0.96,-1.86,-5.28,5.84,-1.09,2.08,-3.37,-14.27,-2.27,4.79,-14.61,3.28,13.12,-4.53,-4.62,-3.8,-3.61,-3.67,2.57,-7.0,2.32,0.12,-10.91,14.69,-3.24,3.22
14.0012,-89.6635,-0.98,305.2,-39.28,-1.08,-11.29,-0.51,1.61,-4.16,4.52,-6.7,3.46,4.43,-0.0,-1.42,6.32,-5.78,8.54,21.83,-4.48,-8.39,-3.91,-6.48,-6.54,3.49,6.27,4.16,3.36,-9.27,6.75,-3.3,2.32
14.0012,-89.6627,72.1,-1337.46,252.54,-2.16,-9.62,1.46,-1.33,-2.98,6.65,-3.42,5.58,-0.0,-24.72,-3.38,0.72,-1.75,1.21,9.22,-4.99,-3.54,1.63,15.32,8.01,0.69,-0.44,4.83,0.59,-13.2,18.26,-3.17,3.4
14.0012,-89.662,-6.94,-1136.55,133.77,0.6,-11.59,2.36,-1.35,-6.02,5.37,-0.7,8.8,-6.28,-21.4,-2.75,-1.77,-18.72,9.0,5.13,-4.65,-13.15,6.76,-0.56,2.19,0.81,-4.4,4.27,0.52,-14.15,8.66,-3.14,2.56
14.0012,-89.6612,6.37,-754.59,101.85,-0.8,-10.97,1.54,2.9,-2.59,5.77,-1.84,0.42,-0.0,-13.22,-1.32,-8.69,-15.71,7.77,3.83,-1.2,-1.66,-0.0,8.51,-5.75,-1.82,-3.02,3.55,0.19,-10.16,8.88,-3.51,1.57
14.0013,-89.6605,-2.52,-1006.36,122.79,-1.29,-10.46,-0.23,0.32,-2.79,6.22,-2.88,0.48,12.33,-15.13,-1.75,-23.99,-7.12,6.78,15.09,-10.77,-5.67,-9.47,4.31,-0.68,-0.87,-3.61,13.93,0.65,-10.28,7.07,-2.81,1.68
14.0013,-89.6598,-36.41,-235.66,-13.71,-0.03,-13.74,2.03,0.2,-1.03,8.22,-3.69,0.85,6.98,-9.25,-8.77,-20.74,-3.95,22.5,1.78,-4.98,1.6,-19.07,3.08,-3.45,-1.52,-14.07,7.43,0.95,-11.07,3.96,-3.17,0.58
14.0013,-89.659,-24.16,-87.23,-17.74,0.75,-11.83,1.27,1.87,-2.82,7.86,-3.39,1.3,-6.22,-5.27,-0.44,-5.95,-8.79,2.74,1.49,0.79,-3.07,1.57,-2.04,-2.47,5.79,-3.55,5.62,-0.97,-11.83,6.2,-4.15,1.89
14.0013,-89.6583,-12.48,-10.12,-13.53,1.58,-12.0,-1.06,2.85,-2.42,6.54,-3.71,3.39,-1.98,-20.61,-7.15,12.31,-8.97,10.95,4.38,0.03,-3.54,1.0,0.1,-5.37,4.27,-5.02,5.37,-0.82,-14.12,7.57,-2.18,1.57
14.0013,-89.6575,0.59,1259.29,-156.82,1.65,-12.84,0.8,1.93,-2.43,5.86,0.92,4.4,13.57,-7.7,4.91,6.57,-9.68,4.67,9.06,-0.74,-3.46,7.5,0.08,-0.86,5.16,-2.66,4.56,-0.95,-11.63,7.57,-2.05,1.68
14.0013,-89.6568,16.99,1277.02,-139.62,-0.43,-14.31,-0.22,2.79,-2.04,6.88,-1.19,2.85,17.91,-7.7,0.19,20.45,-8.75,6.34,4.53,1.49,0.38,4.52,-1.47,-2.89,6.49,-2.2,3.89,0.53,-9.33,7.81,-1.31,1.42
14.0013,-89.6561,30.09,-45.31,41.36,-1.68,-14.71,0.11,3.24,-2.54,6.93,-2.06,2.07,8.72,-0.0,-1.75,12.93,-9.47,6.42,1.98,0.72,-4.24,1.89,0.79,1.39,6.49,-4.23,2.93,0.63,-8.43,8.77,-1.67,2.39
14.0013,-89.6553,38.82,159.63,26.06,1.28,-13.4,1.73,0.13,-2.3,6.61,-2.6,2.81,17.85,-0.0,-0.28,9.23,-10.32,6.48,4.2,-0.28,-2.95,2.49,-0.12,7.77,3.33,-1.64,3.45,0.59,-8.61,9.55,-0.77,1.86
14.0013,-89.6546,33.51,-69.38,48.43,-0.2,-13.74,0.7,0.11,-2.19,7.01,-2.61,1.22,-0.0,-0.0,-0.76,7.75,-9.67,5.53,4.46,0.35,-4.42,5.57,0.58,-1.02,5.34,-3.63,5.04,-0.51,-9.25,9.38,-0.35,0.92
14.0013,-89.6538,21.05,118.04,10.19,0.88,-13.18,-0.09,-0.62,-2.36,6.37,-3.01,2.31,4.63,-3.49,2.71,6.57,-8.39,7.12,3.61,0.28,-5.95,6.2,0.22,-1.61,3.67,-4.55,3.72,0.14,-9.25,8.7,-1.0,0.2
13.9999,-89.716,-9.48,-5.16,-10.55,-0.23,5.95,-0.27,-5.02,-8.42,11.75,-16.08,11.69,-2.44,8.17,-3.53,2.69,-6.43,1.34,-2.22,-9.63,-24.86,4.33,7.37,-0.6,14.01,2.38,-3.4,-3.6,8.09,-9.95,3.08,2.17
13.9999,-89.7153,10.47,-311.65,50.75,1.28,8.44,-0.84,-4.93,-8.84,12.15,-16.28,12.05,-7.44,9.64,-2.09,4.96,-12.78,-0.35,-2.42,-6.71,-3.73,8.47,-2.24,2.13,-0.9,-1.41,-6.28,0.34,7.04,-6.64,3.76,1.13
13.9999,-89.7145,-0.67,1166.08,-144.48,-1.22,6.83,-1.31,-5.12,-9.12,13.91,-16.02,11.64,15.32,3.44,-3.53,7.82,-6.74,3.45,-0.41,-4.64,-6.67,7.91,-0.24,-2.0,8.1,13.87,-6.42,0.89,7.04,-10.53,4.68,3.82
13.9999,-89.7138,-22.95,463.88,-84.27,2.29,7.16,-0.9,-5.35,-7.96,12.15,-15.46,11.64,13.78,-6.17,-3.55,-1.4,-7.47,1.6,-6.47,3.73,-14.83,4.4,-6.22,11.14,-10.52,18.01,-3.97,-0.85,3.55,-8.61,3.53,0.74
13.9999,-89.713,18.99,-1.26,22.57,-3.47,7.32,0.31,-8.86,-7.64,12.55,-14.4,11.27,16.28,-3.2,-4.04,3.76,2.87,-1.27,-25.05,7.68,-7.62,7.82,0.57,7.89,0.12,-1.73,-4.91,1.84,4.83,-4.53,3.53,2.02
14.0,-89.7123,42.26,-944.76,166.38,-1.49,6.22,-1.8,-5.25,-8.26,10.65,-13.22,10.99,3.92,5.66,-2.57,8.09,-8.21,-0.08,-16.62,-1.13,-10.84,-0.33,-4.79,9.0,7.64,4.78,-2.47,-6.53,5.54,-0.32,0.73,3.73
14.0,-89.7116,17.94,-473.55,79.58,2.48,5.71,-0.56,-4.45,-7.34,8.08,-12.56,10.36,5.31,-0.94,-1.36,3.15,-10.56,1.62,-9.5,0.39,-6.41,9.89,-7.51,-0.0,3.36,2.5,-7.12,3.43,3.63,-3.79,4.35,0.36
14.0,-89.7108,12.1,-792.59,112.04,-2.48,7.51,-0.01,-5.07,-7.1,8.6,-11.21,10.67,9.5,-17.64,-2.37,-0.0,-3.59,2.54,-10.23,-1.95,-14.85,4.88,1.51,-5.76,6.04,12.59,-4.11,-6.45,9.78,-7.54,3.53,0.23
14.0,-89.7101,-19.71,152.29,-42.06,2.69,6.63,0.31,-6.27,-7.4,8.47,-10.34,9.8,11.96,4.01,-1.98,-0.51,-2.57,0.85,-0.0,1.7,-7.84,7.28,4.85,5.72,7.33,6.18,-5.2,6.32,4.97,-8.81,3.3,0.58
14.0,-89.7093,0.73,34.82,-3.43,-1.95,6.12,-1.51,-2.26,-7.07,8.46,-10.25,10.22,-7.81,4.81,-2.14,9.26,-11.36,-3.81,2.76,6.59,-8.77,3.2,12.56,-17.15,-0.71,-5.55,-6.28,2.07,6.59,-6.92,3.32,0.24
14.0,-89.7086,19.97,-1205.61,172.38,-2.93,6.75,-1.4,-4.26,-6.08,7.92,-10.14,9.63,-5.19,-11.81,-1.25,4.48,-8.04,-10.01,-0.69,-2.69,-10.06,7.6,-1.99,-3.63,12.28,-0.0,-3.31,-1.19,6.59,-3.79,1.81,1.57
14.0,-89.7079,8.05,213.52,-16.86,0.64,4.8,-0.36,-4.69,-6.47,7.61,-8.93,9.6,-8.98,-1.87,-2.35,7.92,-8.2,1.37,5.62,9.67,-12.94,8.88,-2.41,-1.73,-0.88,2.01,2.26,4.8,4.86,-5.05,2.67,1.32
14.0,-89.7071,-22.05,878.32,-134.49,-0.81,4.07,2.46,-5.75,-6.33,5.29,-8.54,9.89,-0.0,0.24,-2.96,10.31,-7.67,-8.53,3.27,7.68,-5.37,7.8,-5.58,-6.88,-7.65,8.17,-0.16,3.46,6.49,-9.57,2.66,0.25
14.0,-89.7064,-62.16,293.82,-109.71,-0.72,2.21,-0.55,-2.78,-6.78,4.78,-7.45,8.87,5.82,-8.26,-0.75,-0.22,-7.28,-4.32,-4.26,-7.07,-3.27,2.47,-13.22,2.99,-13.36,6.16,-3.61,2.14,2.27,-11.29,2.23,-0.99
14.0,-89.7056,4.43,-112.1,19.08,-0.23,2.52,-0.0,-4.37,-7.51,4.38,-6.17,8.77,-0.0,-6.76,-1.83,6.73,-3.63,-0.85,0.6,-2.66,-7.76,2.64,-15.43,6.42,5.95,4.23,-8.22,0.98,3.68,-4.87,3.34,0.14
14.0,-89.7049,-50.88,954.69,-178.05,-1.67,2.76,-0.85,-4.22,-6.52,3.51,-5.5,8.27,-0.0,-2.21,-2.1,-4.92,-5.55,4.51,-8.95,-13.76,8.01,11.75,5.54,-3.27,-5.15,-3.01,-5.18,3.88,3.55,-9.07,0.62,-1.1
14.0,-89.7042,-34.85,1958.32,-283.15,1.76,1.32,-0.38,-5.69,-7.46,3.99,-5.59,8.02,10.75,0.81,-2.65,-8.56,-4.85,5.09,-3.65,11.74,15.85,0.83,1.15,7.25,-5.15,10.03,-2.55,0.4,3.55,-7.11,0.82,-1.05
14.0001,-89.7034,11.33,501.64,-48.61,-1.27,1.54,-0.92,-4.56,-6.84,2.66,-4.92,7.51,-7.57,-0.0,-0.82,11.94,-0.1,-0.25,-6.92,5.32,11.89,7.05,4.36,-7.95,8.45,2.76,1.0,4.16,4.41,-2.38,1.98,-1.14
14.0001,-89.7027,-21.64,-289.98,10.28,0.42,2.47,-1.43,-4.77,-6.88,2.17,-4.47,7.93,-4.32,-0.0,-1.52,2.25,14.28,6.33,-0.0,6.53,-2.08,12.14,1.0,5.56,-2.59,1.7,-2.33,4.83,3.31,-3.98,0.82,-3.05
14.0001,-89.7019,-42.39,520.44,-114.43,-6.21,2.05,-3.6,-4.11,-7.3,1.72,-3.19,8.11,-2.74,-0.0,-4.03,-8.88,8.64,5.36,-14.49,-1.1,-4.5,8.88,5.76,2.6,-3.02,2.6,-2.72,3.5,3.43,-6.64,0.82,-3.45
14.0001,-89.7012,-12.64,-713.16,73.25,-1.55,1.83,-0.65,-3.23,-7.1,1.75,-2.08,7.15,-10.52,-9.24,-1.58,-6.19,-4.12,4.04,-0.0,-6.85,0.9,-8.66,-8.17,-7.35,0.73,13.44,-3.27,5.25,3.58,-4.79,1.68,-1.25
14.0001,-89.7005,-23.82,1241.3,-181.68,-1.61,-0.64,-2.31,-4.62,-3.71,0.88,-3.76,8.46,2.11,4.65,-3.1,2.69,-1.48,-2.1,3.12,-7.24,14.53,2.38,-1.07,0.01,-1.68,2.61,-1.91,4.01,-1.46,-0.98,-0.9,-0.96
14.0001,-89.6997,-18.08,-77.8,-11.75,-4.22,1.91,0.18,-4.44,-6.19,-0.1,-2.91,7.93,7.66,0.91,-2.99,-1.46,-18.72,2.62,3.95,-7.78,7.42,-2.75,-3.94,-7.98,-1.56,-1.22,-5.67,5.7,1.52,-4.64,0.61,1.23
14.0001,-89.699,-46.78,1421.49,-231.18,-1.7,-1.07,0.81,-2.98,-5.45,0.81,-1.63,7.76,13.53,4.15,-2.75,-1.28,-2.8,0.95,-2.78,-3.1,1.26,3.73,1.62,-16.08,-4.73,12.27,-4.45,2.99,4.06,-7.33,-1.76,0.27
14.0001,-89.6982,11.13,-672.4,96.37,-0.46,0.08,-0.62,-3.38,-4.52,1.33,-2.37,7.86,12.74,-16.01,-0.48,-6.9,-4.19,-1.76,-8.77,10.1,-1.0,4.28,-0.78,-8.98,-4.91,0.55,-8.69,4.82,0.35,1.94,-0.75,0.17
14.0001,-89.6975,-0.87,-662.42,80.96,-1.86,-1.29,1.0,-3.44,-4.26,2.58,-2.36,8.16,21.32,-26.27,-4.55,-5.87,-6.24,0.26,-9.26,0.84,-0.47,3.26,2.95,-1.67,-8.31,-0.23,-3.3,2.64,-0.46,2.46,-1.84,-0.92
14.0001,-89.6968,-5.86,-1348.89,160.06,-1.01,-2.72,1.88,-4.49,-3.95,1.87,-1.76,9.31,15.11,-23.68,-2.69,-19.63,3.75,1.44,-10.89,5.76,-8.68,-10.13,-1.59,-13.22,-6.69,7.77,1.97,3.34,3.58,-1.22,-2.28,0.65
14.0001,-89.696,-24.0,2097.23,-288.07,-1.73,-2.8,1.64,-3.92,-4.25,0.97,-1.61,8.76,29.32,-0.53,-0.36,1.81,-5.28,0.55,6.7,9.49,-11.57,10.99,1.49,0.08,-4.36,-0.51,-7.61,2.18,1.84,-2.76,-1.43,-0.49
14.0001,-89.6953,-19.15,1647.92,-226.74,-3.31,-2.84,0.89,-4.15,-3.4,1.33,-1.32,8.17,27.76,10.7,-0.69,-0.13,-8.53,1.65,-10.59,6.03,-3.48,-4.79,9.36,3.8,-5.11,0.22,4.3,2.11,-0.47,-1.59,-1.43,0.96
14.0002,-89.6945,-16.26,818.27,-120.59,-1.99,-3.3,1.8,-3.72,-4.91,-0.51,-1.13,7.55,14.74,-0.04,-1.41,-3.17,4.52,-3.42,-21.98,3.89,6.33,7.11,2.45,1.5,-5.8,3.41,-0.46,2.28,-0.06,-1.59,-1.4,0.96
14.0002,-89.6938,5.79,1552.08,-185.45,-2.98,-3.94,3.59,-3.7,-3.54,-0.28,-2.53,7.33,33.3,-0.0,-1.55,-3.91,1.18,-0.56,8.49,-2.9,15.19,1.78,2.28,0.6,-5.3,7.78,-1.83,0.96,-0.28,0.45,-0.26,0.82
14.0002,-89.6931,23.77,-245.17,58.49,-3.78,-4.96,3.72,-4.28,-4.23,0.61,-2.44,6.7,43.23,-14.99,-0.59,-0.52,-12.74,2.9,-8.11,-6.29,-8.44,3.11,0.12,6.36,-1.39,1.34,-3.1,0.73,7.13,-1.35,-0.34,0.19
14.0002,-89.6923,-3.74,1307.83,-166.53,-2.57,-5.64,3.91,-3.5,-4.57,1.14,-2.69,5.82,38.52,3.31,-1.94,-1.3,-5.17,1.51,-7.64,-3.04,2.03,-2.83,2.98,4.26,-1.88,7.1,-0.79,-0.13,-1.01,0.61,-0.86,-0.18
14.0002,-89.6916,-1.42,404.45,-51.82,-1.62,-5.59,2.58,-3.18,-3.75,1.03,-1.85,6.34,-0.0,7.71,-1.91,-2.58,-2.12,0.08,-3.19,-7.14,4.13,1.38,-0.44,3.51,-3.21,3.7,-3.53,-2.16,-1.01,0.5,-1.02,0.78
14.0002,-89.6908,-9.57,1007.51,-136.25,-2.13,-6.45,3.82,-2.86,-3.26,0.37,-2.09,5.92,36.37,-19.02,-1.25,1.86,-1.75,0.41,-7.45,-1.87,4.21,2.75,0.84,2.99,-3.73,6.74,-1.35,2.37,-1.49,0.48,-1.02,-0.63
14.0002,-89.6901,-14.3,1212.57,-167.29,-2.2,-6.37,3.79,-3.36,-4.1,1.79,-1.82,5.88,24.38,-6.38,-0.3,-1.31,-1.39,2.88,-4.88,-0.62,3.84,0.7,1.01,1.79,-1.81,5.04,-1.92,0.17,-0.71,-0.22,-2.38,0.7
14.0002,-89.6894,0.11,209.28,-25.83,-1.55,-7.61,3.44,-3.11,-5.06,1.37,-2.08,6.54,26.48,-25.15,0.2,-1.45,-1.0,2.62,-3.16,-0.12,1.32,-0.22,0.62,0.27,-3.12,3.66,-2.68,0.56,-2.44,0.96,-0.54,0.93
14.0002,-89.6886,-2.28,-459.96,54.37,-0.64,-7.99,4.2,-2.95,-4.96,1.8,-1.97,6.58,12.34,-34.39,-0.14,-0.03,-2.74,3.23,-2.48,-0.65,2.42,-0.51,0.76,0.08,-2.63,3.08,-3.46,0.48,-2.51,1.34,-1.02,0.58
14.0002,-89.6879,16.91,868.73,-87.79,-0.6,-8.47,4.71,-2.54,-5.88,2.26,-2.23,5.97,36.6,-0.0,-0.25,-0.44,-1.2,4.97,-0.89,-0.64,1.75,-0.13,-0.2,1.05,-3.29,2.95,-2.52,0.52,-1.42,2.54,-0.26,0.7
14.0002,-89.6871,-2.53,131.26,-19.29,0.44,-9.03,4.53,-0.71,-7.01,2.36,-1.8,5.91,22.96,-28.3,0.22,-1.49,-3.87,5.11,-0.2,-1.27,0.93,0.27,1.12,1.1,-2.76,2.79,-3.73,0.94,-3.1,1.61,-1.71,1.97
14.0002,-89.6864,-10.88,625.67,-90.54,1.29,-8.73,4.31,-1.29,-7.36,3.76,-0.49,5.86,21.82,-23.35,-0.61,-0.82,-1.18,3.95,0.55,-0.78,0.76,0.87,2.37,1.81,-3.2,1.87,-2.89,0.47,-1.98,0.63,-3.13,2.86
14.0003,-89.6857,0.97,-276.11,35.43,1.34,-8.76,4.63,-0.67,-7.44,2.61,-1.62,5.47,-0.89,-14.97,0.19,-1.85,-2.96,3.36,0.26,-0.79,-0.0,0.16,2.08,1.85,-1.81,1.0,-2.48,0.28,-2.2,0.63,-1.23,2.9
14.0003,-89.6849,-17.05,7.89,-21.16,1.17,-8.72,4.36,-1.02,-7.59,2.21,-1.08,5.54,-8.2,-0.0,-0.32,-1.43,-3.48,3.99,-0.59,0.0,-0.32,-0.78,2.05,1.09,-1.75,2.81,-1.16,-0.25,-3.29,-0.93,-2.07,3.92
14.0003,-89.6842,-8.29,807.54,-110.12,1.7,-8.8,5.16,-1.52,-7.67,2.31,-0.89,4.84,11.36,-3.36,0.23,-0.62,-3.1,5.45,-2.14,-0.26,0.67,-1.14,4.28,2.18,-2.57,2.93,-1.47,0.5,-2.88,-0.56,-1.21,3.56
14.0003,-89.6834,-2.76,817.25,-104.8,1.22,-9.74,4.94,-1.7,-8.21,2.82,-1.06,4.79,-0.0,-0.0,0.03,-2.26,-0.24,4.65,-2.6,4.18,1.65,-2.64,3.91,0.89,-2.25,1.06,-1.97,2.26,-2.88,-0.14,-0.9,3.67
14.0003,-89.6827,-17.29,912.82,-133.89,0.15,-11.33,4.89,-1.74,-9.19,2.24,-1.02,3.91,9.38,4.75,0.11,-2.47,-5.39,3.74,-1.42,1.24,2.77,-0.99,2.97,-0.95,-1.02,1.62,-1.74,-0.31,-4.55,-0.29,-0.74,2.09
14.0003,-89.682,-20.76,913.35,-138.09,1.5,-10.91,6.15,-1.46,-8.76,2.98,-0.84,4.65,24.03,-15.36,-0.55,0.29,-3.17,3.66,-3.26,1.44,-0.72,-1.83,3.65,0.96,-3.94,2.68,2.28,2.36,-4.28,-1.31,-0.88,2.94
14.0003,-89.6812,-16.42,386.94,-67.54,0.34,-10.18,5.35,-0.98,-9.11,1.31,-0.2,4.48,15.28,-12.28,0.02,-2.73,-4.16,6.22,-2.31,0.39,-2.06,-2.77,2.93,-2.2,-2.43,0.86,-0.8,2.52,-4.13,-1.31,-0.38,2.94
14.0003,-89.6805,-1.11,-359.13,43.34,-0.67,-9.83,5.06,-0.54,-8.73,0.99,1.04,4.61,-0.0,-9.21,-1.33,2.28,-7.01,2.46,-1.2,-2.31,-1.21,-4.35,1.68,-2.51,-0.45,-1.38,-5.31,0.2,-2.58,0.14,-0.33,2.16
14.0003,-89.6797,-129.89,2952.82,-520.98,-0.46,-11.31,4.2,-0.72,-9.38,0.19,1.06,4.11,-0.0,-0.0,-0.48,3.25,-1.32,4.88,-1.52,-1.64,0.44,-1.73,3.65,-8.27,-1.58,-1.38,1.23,-0.81,-22.4,-2.64,-2.56,1.59
14.0003,-89.679,-69.42,997.92,-206.31,-0.69,-9.42,4.57,-1.55,-8.47,0.87,1.27,3.49,-1.96,-3.11,-0.53,-0.08,-17.12,5.44,1.12,-0.6,1.52,-3.29,1.9,0.21,-1.91,-0.8,0.34,-2.07,-12.55,-1.46,-2.26,2.57
14.0003,-89.6783,-73.44,2010.95,-337.12,-0.68,-10.08,4.09,-2.15,-7.89,0.96,1.32,3.28,-0.0,2.07,0.13,-2.09,-3.48,4.3,-0.01,1.41,3.46,0.07,4.33,-4.18,-2.75,-2.54,-1.37,1.04,-13.89,-0.25,-2.91,1.97
14.0003,-89.6775,-44.9,1364.51,-222.95,-0.45,-10.47,2.48,-2.43,-7.49,1.23,0.63,3.22,2.46,5.24,0.35,-1.02,-3.01,4.63,1.94,1.27,4.48,-1.06,1.17,-6.75,-3.39,-1.34,-0.45,-1.0,-13.89,2.96,-2.5,2.46
14.0003,-89.6768,-29.69,1015.53,-161.55,-0.47,-9.87,2.7,-2.23,-6.55,2.53,0.47,3.58,16.06,-0.0,0.59,3.07,-6.42,3.9,-3.19,2.53,-0.49,1.92,1.45,-1.19,-1.01,0.03,-3.02,-0.46,-7.24,2.47,-3.92,2.01
14.0004,-89.676,-55.52,589.83,-139.17,0.0,-9.5,2.76,-1.53,-7.8,1.91,-0.19,4.16,1.3,-6.9,0.82,-1.58,-5.09,3.48,2.21,-2.07,-3.69,-5.71,-1.8,-9.35,1.37,-0.89,2.34,2.17,-11.4,0.11,-2.67,2.61
14.0004,-89.6753,-41.66,-32.91,-45.24,-1.06,-8.28,4.83,-2.39,-6.76,2.88,2.64,3.52,-8.01,-18.17,-0.28,-0.28,-4.99,4.47,-0.56,-1.41,-2.22,-3.09,-2.41,0.42,0.99,-1.61,-1.32,0.11,-13.21,3.09,-2.67,2.61
14.0004,-89.6746,-25.21,816.11,-131.49,-0.22,-10.25,4.13,-2.14,-7.46,2.15,0.68,3.45,-2.98,0.4,-0.43,0.61,3.81,8.08,-1.04,-8.04,0.78,2.72,3.59,-5.85,4.18,-4.81,-2.5,1.44,-8.84,3.08,-3.58,3.21
14.0004,-89.6738,1.85,404.62,-48.2,-1.15,-9.86,2.37,-2.61,-8.93,3.01,-0.26,4.16,15.45,-4.38,-0.62,6.32,-1.84,7.75,-2.14,-4.34,1.73,-7.86,1.71,-4.27,3.48,-4.71,-1.46,0.55,-11.63,8.18,-3.56,3.65
14.0004,-89.6731,16.14,-62.36,26.89,-0.94,-8.24,1.22,-0.56,-9.8,5.81,1.39,4.12,-0.0,3.44,-1.83,-4.9,-13.65,6.04,-1.48,3.75,4.39,0.78,2.14,-1.02,4.29,-8.43,1.2,1.02,-9.45,8.18,-2.42,2.87
14.0004,-89.6723,-1.32,-778.78,95.47,-2.4,-11.63,1.98,-1.44,-7.87,3.34,-0.45,3.82,1.59,-16.88,-1.01,-6.33,-1.96,3.98,-5.89,-1.46,4.21,0.3,7.37,-2.75,0.53,-16.59,1.86,0.17,-8.78,6.47,-2.95,1.87
14.0004,-89.6716,-38.73,519.27,-110.59,-2.41,-10.6,1.35,-2.55,-7.88,4.04,-1.25,2.64,0.77,-21.03,0.27,3.06,2.62,5.04,6.22,-11.61,7.12,-0.47,9.04,-16.04,-1.32,-0.83,3.97,5.17,-12.87,4.54,-3.33,1.46
14.0004,-89.6709,-43.54,315.5,-90.91,-2.66,-9.41,1.1,-2.77,-7.11,3.69,-3.58,1.67,2.02,-13.67,-0.67,-7.06,-3.83,7.97,3.18,-3.14,3.07,-7.76,1.03,9.23,-2.31,-7.33,-2.12,3.17,-9.17,2.34,-3.6,0.57
14.0004,-89.6701,-30.06,-146.92,-17.3,-2.85,-8.84,1.99,-2.54,-7.38,4.65,-3.63,1.24,18.14,-13.67,-0.11,-6.5,-6.02,5.6,1.76,-15.2,0.14,-7.01,3.68,1.16,-0.15,-11.27,2.53,0.74,-10.92,3.65,-2.32,1.33
14.0004,-89.6694,-65.42,797.46,-176.95,-4.12,-9.65,5.6,-0.99,-8.43,3.59,-1.57,1.67,-4.84,-0.0,-0.81,1.57,3.8,7.05,6.01,-1.27,-13.71,-11.69,0.95,4.84,-2.17,-10.48,2.17,1.55,-11.62,-0.83,-1.55,0.39
14.0004,-89.6686,-37.43,-854.49,62.23,-4.1,-10.75,-0.92,-3.21,-6.48,5.98,1.95,0.4,6.6,-32.27,-3.35,-1.51,-8.35,4.31,-4.21,-4.23,4.1,-1.74,1.91,-11.52,0.34,-8.34,1.04,0.38,-11.62,1.77,-2.14,3.35
14.0004,-89.6679,-24.07,-449.58,27.56,-2.38,-9.72,0.85,-1.71,-4.16,1.93,-0.53,4.44,6.39,-37.59,-1.29,7.5,-2.51,3.79,7.39,-0.82,-4.8,3.49,2.42,-16.04,2.03,-17.4,0.06,0.64,-11.19,3.58,-2.14,2.87
14.0005,-89.6672,-32.89,737.35,-130.97,0.94,-8.9,1.14,-0.82,-2.55,4.54,-1.99,4.24,19.11,-42.3,0.86,14.0,1.58,11.0,-0.27,-6.51,-4.79,4.97,1.42,-7.49,4.37,-11.57,2.86,1.03,-10.2,1.87,-2.26,2.87
14.0005,-89.6664,0.07,-397.88,49.74,-4.8,-9.25,-0.84,-3.89,-4.95,6.22,-3.81,0.95,4.94,-36.89,-0.58,4.18,11.75,4.13,12.35,-4.66,3.05,-3.86,-1.0,-6.83,0.19,-8.19,4.45,2.93,-9.83,7.27,-2.76,1.54
14.0005,-89.6657,-68.25,622.82,-158.62,-3.18,-8.6,2.91,0.03,-6.93,6.07,-4.79,4.49,13.56,-35.93,-2.36,-4.32,-1.64,4.85,0.57,-3.13,-3.99,-0.04,-3.14,7.45,4.16,-3.88,2.37,0.27,-9.65,-3.55,-2.35,3.51
14.0005,-89.6649,28.68,-2271.19,317.53,-0.21,-8.12,0.67,-3.15,-7.12,3.54,0.22,0.88,-5.87,-35.93,-1.48,3.48,-10.02,2.44,15.45,-3.25,-3.12,-1.79,-4.81,-6.7,1.92,-17.09,15.0,1.03,-9.92,10.81,-3.03,2.58
14.0005,-89.6642,1.8,-1434.76,181.28,0.02,-7.2,1.05,-5.09,-6.49,4.73,-2.67,1.2,-6.38,-24.59,-1.4,-0.85,-6.44,5.07,9.86,-5.08,-5.35,-3.6,0.07,-1.52,8.92,-15.24,0.29,-0.73,-11.04,8.98,-4.14,2.43
14.0005,-89.6635,-8.84,-706.4,77.75,0.46,-10.63,-2.27,-2.19,-4.42,4.51,0.63,4.97,-3.59,-30.22,-3.47,10.3,-11.57,3.09,10.82,-4.42,-4.18,-4.22,-0.77,0.44,4.26,2.25,4.75,2.37,-10.33,6.55,-2.76,1.19
14.0005,-89.6627,-66.3,2400.16,-378.41,0.44,-13.24,2.71,-4.08,-4.67,11.22,2.65,1.89,6.26,-23.83,2.97,2.49,-16.82,9.48,23.78,-3.25,0.83,5.12,4.19,4.02,6.25,5.96,3.07,0.82,-11.61,-1.92,-3.67,5.28
14.0005,-89.662,-3.53,1150.61,-147.94,-3.77,-13.49,0.51,-0.95,-3.74,6.12,4.58,0.76,-2.26,-18.11,-3.07,7.7,-4.69,8.03,25.08,-0.44,9.5,-5.83,3.42,6.41,0.26,-5.54,6.75,4.31,-9.62,6.06,-2.83,2.6
14.0005,-89.6612,32.04,-512.91,102.08,-2.09,-11.86,-1.36,-4.23,-3.75,7.76,-1.93,1.05,-0.0,0.49,-5.45,-4.03,-7.06,6.71,11.83,-8.81,-0.61,3.08,1.78,5.5,3.07,-13.46,5.16,2.94,-7.18,11.08,-3.48,0.6
14.0005,-89.6605,-2.48,70.98,-11.81,-0.95,-11.2,-0.82,-3.56,-2.06,7.31,1.55,-0.03,11.44,-0.0,-2.13,-12.17,-15.97,16.6,21.6,-4.15,-5.3,-6.73,4.48,-6.11,2.82,-12.08,18.86,0.13,-10.22,5.97,-2.09,2.53
14.0005,-89.6598,-1.02,475.21,-60.62,-0.32,-10.97,1.46,1.79,-2.14,6.14,-4.78,1.82,8.84,-0.0,2.33,6.58,-10.1,6.32,23.68,-3.94,-5.56,-10.59,0.26,-3.37,2.72,-11.97,10.48,2.12,-10.63,8.02,-3.17,1.44
14.0005,-89.659,0.43,280.16,-34.52,-1.59,-10.87,1.52,3.01,0.06,4.89,-0.17,0.15,8.63,-8.87,-5.48,-2.66,-1.55,1.31,12.48,-2.61,-2.95,5.87,-2.86,-5.82,4.59,-1.41,6.5,-3.88,-10.33,7.99,-3.16,1.45
14.0006,-89.6583,3.76,306.05,-33.82,1.74,-11.09,-0.85,2.64,-2.41,6.8,-2.26,0.96,13.61,-12.99,-5.27,6.47,-15.87,8.13,9.43,1.13,-2.03,-3.33,1.87,-4.06,5.32,6.86,5.09,2.58,-10.94,7.99,-2.68,2.08
14.0006,-89.6575,-1.13,-582.63,71.54,0.57,-12.23,2.52,1.85,-2.59,5.48,-0.37,1.84,2.05,-12.65,-5.0,2.36,-22.72,5.3,-1.07,-1.3,7.44,6.21,-0.97,-4.97,4.45,-5.39,5.67,0.0,-9.13,7.21,-3.03,0.83
14.0006,-89.6568,6.24,738.41,-84.98,1.45,-13.7,-0.26,0.66,-2.1,6.54,-3.44,2.19,24.5,-12.65,0.88,5.41,-11.57,8.51,0.71,1.17,-1.35,2.74,-2.8,3.99,8.73,-3.39,2.57,-0.27,-8.83,8.16,-2.76,0.1
14.0006,-89.6561,27.44,686.55,-53.36,-0.13,-13.67,0.31,0.36,-2.58,6.57,0.49,1.85,36.25,-7.89,-1.62,6.94,-9.35,9.2,-6.94,-0.85,-1.99,7.08,-1.3,3.78,1.29,-5.65,8.18,-0.14,-7.96,9.24,-1.93,0.92
14.0006,-89.6553,25.56,-68.17,38.85,1.41,-12.52,1.25,1.57,-2.31,6.71,-5.2,0.72,-0.0,-1.52,0.15,8.53,-9.86,5.51,5.62,-0.99,-3.62,1.2,-1.15,-1.16,2.59,-2.17,5.36,-0.01,-8.14,8.62,-1.35,0.84
14.0006,-89.6546,29.81,682.61,-50.09,1.15,-12.6,1.17,0.26,-2.38,6.22,-2.32,0.31,16.74,8.93,-1.15,7.08,-11.52,7.14,5.83,1.71,-3.77,6.52,-0.34,-3.83,4.63,-5.45,4.7,0.46,-8.14,9.22,-1.93,1.72
14.0006,-89.6538,28.1,545.88,-35.02,1.39,-13.63,-0.36,-0.28,-2.22,5.7,-3.58,2.3,16.11,0.8,2.61,6.24,-9.14,6.72,5.09,1.62,-2.85,3.54,-0.42,1.13,3.4,-3.85,1.85,0.13,-8.98,9.81,-2.14,1.53
13.9992,-89.716,-17.91,971.33,-140.78,6.33,7.74,-0.94,-6.82,-9.34,13.77,-15.98,10.85,1.65,8.79,-2.03,4.51,-1.41,0.46,-2.16,1.91,-8.99,1.54,-1.81,-0.71,-0.99,10.31,-3.77,-0.03,1.53,-8.44,3.91,3.3
13.9992,-89.7152,-5.6,248.23,-37.19,5.03,7.15,0.32,-5.12,-9.75,13.67,-16.56,11.88,-0.0,-13.04,-3.7,4.36,8.89,2.28,-2.17,-18.05,-6.26,5.99,-3.27,10.84,2.25,3.74,-5.32,-5.15,6.6,-8.32,2.14,3.3
13.9992,-89.7145,-19.79,120.2,-38.17,-1.58,7.75,0.34,-5.03,-9.16,12.76,-15.57,11.81,-0.0,-6.22,-3.25,7.37,-9.5,5.22,-3.96,-6.8,-16.33,5.69,-0.75,13.02,-9.69,-0.76,-14.5,4.27,6.21,-9.39,2.14,2.22
13.9992,-89.7138,-8.28,81.09,-19.77,2.0,7.51,-0.6,-6.95,-7.77,11.24,-15.55,10.81,3.08,-1.19,-1.39,-5.18,-0.63,-12.49,-8.58,14.72,-3.58,5.21,-7.82,2.61,3.9,2.79,-0.71,-1.32,6.49,-9.39,2.79,3.54
13.9992,-89.713,-47.34,1582.82,-251.0,4.26,6.72,-0.63,-3.63,-7.38,11.22,-13.98,10.83,12.57,-7.06,-4.5,-1.06,-7.39,0.62,3.19,8.13,-7.13,15.41,3.86,-12.86,5.17,-6.48,-1.86,4.15,3.56,-12.44,2.4,3.42
13.9992,-89.7123,4.04,207.11,-20.77,1.43,4.58,-0.78,-7.93,-7.42,9.68,-12.82,10.25,15.25,-3.49,-3.34,-0.04,-18.55,1.08,-0.0,17.39,4.65,14.35,4.65,7.65,13.47,-4.5,-2.38,-9.21,4.86,-6.08,2.8,2.26
13.9992,-89.7115,34.92,-783.03,137.79,-0.35,4.41,-0.14,-4.61,-9.47,10.52,-12.41,10.01,-2.65,-0.0,-4.1,6.07,-10.02,1.47,-4.06,-0.43,5.15,10.62,-4.95,3.8,1.62,-6.58,-3.12,7.0,3.69,-1.92,3.58,2.22
13.9992,-89.7108,-47.26,-117.63,-41.3,0.03,5.12,0.73,-5.59,-8.41,8.76,-11.96,10.27,6.03,-10.97,-1.6,9.68,-6.71,0.18,-18.47,-4.31,-6.61,-0.44,-3.62,-11.23,-4.97,-0.0,-1.59,12.42,-2.32,-9.43,3.81,2.21
13.9993,-89.7101,-10.09,-762.6,82.17,2.91,5.09,-0.14,-6.91,-7.28,8.95,-11.68,10.19,4.43,-15.72,-1.66,-11.95,2.47,-2.33,3.05,-4.59,-4.24,3.19,-3.84,4.2,-16.02,-7.29,-3.72,-0.79,5.37,-8.68,4.16,0.78
13.9993,-89.7093,-14.53,125.45,-32.64,0.77,4.9,-0.86,-6.48,-8.23,9.86,-10.37,10.06,-3.25,-7.82,-1.62,0.77,-6.72,7.67,-2.52,-0.88,-4.18,6.12,2.99,-2.81,-3.6,1.16,-3.61,-15.32,4.22,-6.29,1.86,0.44
13.9993,-89.7086,-20.71,-73.29,-15.41,1.61,7.47,-0.47,-3.74,-7.18,8.64,-8.97,9.43,3.44,-3.48,-1.0,-3.38,-13.29,4.06,-11.67,-6.36,-4.75,9.53,2.93,2.68,-5.81,-0.0,-4.95,-1.54,5.27,-7.25,1.86,-0.57
13.9993,-89.7078,-38.59,936.88,-161.23,3.45,6.72,-0.47,-5.18,-6.81,6.72,-8.37,8.96,-20.43,-0.35,-1.22,8.37,6.62,5.97,-10.88,-3.07,-3.29,6.71,-2.31,4.45,-3.07,7.64,-3.41,0.69,9.82,-13.56,2.94,-0.54
13.9993,-89.7071,-18.63,-440.75,32.41,0.62,4.61,-0.1,-5.3,-6.73,5.53,-8.32,9.87,-6.44,-16.93,-2.67,8.21,-6.95,3.87,0.37,-15.39,-6.97,6.46,-9.05,4.76,-3.55,16.79,-8.46,1.01,6.33,-9.23,3.85,-1.24
13.9993,-89.7064,-29.17,-206.48,-8.96,1.82,4.76,-1.66,-5.99,-6.84,5.59,-6.76,8.7,-7.19,-6.45,-1.08,-1.8,-5.06,-4.82,7.72,-5.34,2.19,3.08,-7.95,-13.16,0.28,0.02,-5.25,-0.53,6.84,-6.87,-0.6,-1.48
13.9993,-89.7056,-60.55,1747.44,-287.35,0.1,3.49,0.78,-4.81,-7.62,3.86,-7.72,8.28,16.03,-24.0,-1.49,2.81,7.07,3.93,2.63,-6.4,7.05,-2.45,-6.5,4.7,2.86,1.03,0.78,3.61,6.84,-13.63,2.13,-1.38
13.9993,-89.7049,-44.65,1567.36,-246.37,-0.5,4.27,-1.37,-5.08,-7.05,3.43,-5.91,7.52,1.57,-15.33,-1.52,-2.19,-2.16,3.87,11.9,-5.02,13.65,5.85,0.62,-4.14,-0.15,9.96,0.9,3.01,2.7,-6.8,-0.03,-1.69
13.9993,-89.7041,-77.79,2008.46,-340.07,-5.0,3.21,0.56,-5.05,-7.02,2.69,-5.45,7.98,1.77,-2.76,-2.58,4.13,-0.32,2.28,-0.0,15.71,4.03,-8.4,0.42,11.31,7.23,-4.56,0.59,4.22,-2.36,-7.84,-0.31,-1.69
13.9993,-89.7034,-18.57,93.99,-33.56,-3.31,1.06,-0.12,-4.16,-6.62,1.62,-4.45,7.52,-0.0,-5.5,-1.67,-5.9,1.14,-4.91,-7.39,9.24,-4.09,5.28,-1.32,-9.38,-2.75,3.94,-2.43,1.06,2.09,-4.04,0.66,-0.7
13.9993,-89.7027,-64.14,547.11,-143.41,-1.84,-0.15,-0.47,-2.73,-7.32,1.57,-4.07,7.47,-0.0,-19.39,-1.83,-7.32,2.2,-1.9,-7.7,10.97,-4.02,2.2,-1.97,-4.86,-4.37,-2.55,-6.38,1.19,2.33,-7.11,-1.24,-3.28
13.9993,-89.7019,-35.75,638.47,-121.18,2.39,1.56,-1.69,-4.66,-5.58,1.71,-3.23,7.69,-0.0,-0.0,-2.77,0.05,-11.8,4.33,-15.17,4.23,7.93,4.71,-0.99,-5.96,-6.45,12.05,-1.84,3.53,2.29,-5.55,0.74,-2.46
13.9994,-89.7012,-54.87,-20.34,-62.33,-1.36,0.43,-0.65,-3.14,-5.81,1.05,-2.84,8.67,8.18,-19.32,-2.31,-17.76,-7.6,-7.02,-9.27,-0.0,-1.94,3.97,3.76,6.52,2.87,4.33,-2.67,6.61,1.56,-5.55,-1.77,-2.21
13.9994,-89.7004,24.38,-1482.01,212.11,-3.46,0.36,-3.06,-4.55,-5.72,2.16,-3.58,7.54,-0.48,-12.0,-1.18,4.58,-7.19,0.91,4.41,-10.66,-8.52,-0.47,-3.99,2.13,-4.39,-6.88,-6.3,3.85,4.78,-1.53,2.36,-0.55
13.9994,-89.6997,-66.98,728.58,-169.29,-3.13,-0.28,0.13,-3.75,-5.89,0.53,-2.97,7.76,2.78,-0.0,-1.22,-5.75,-4.0,-0.77,-4.78,-0.0,-1.44,4.27,0.21,-1.19,-2.97,-1.98,-13.56,1.5,3.36,-10.16,-0.1,-1.46
13.9994,-89.699,-119.98,2187.82,-412.5,-3.82,-0.11,-0.32,-4.24,-5.87,1.86,-3.17,7.84,3.47,-0.0,-0.88,-4.89,-6.71,-0.55,-2.37,10.96,3.61,-7.92,-1.76,-0.11,-0.54,5.99,-12.25,2.41,-1.26,-14.73,0.02,-1.06
13.9994,-89.6982,51.94,-985.35,183.34,-0.33,1.13,-0.15,-3.57,-4.51,1.84,-2.98,8.13,7.33,-0.0,-1.57,-9.24,-9.69,-2.9,8.05,6.01,3.19,2.57,3.23,-0.0,-1.49,-0.78,-5.1,3.96,2.53,4.71,1.96,-1.75
13.9994,-89.6975,-6.06,-152.61,11.72,-1.53,-0.7,0.27,-3.32,-4.66,1.32,-3.88,7.62,11.95,-16.15,-2.77,-1.83,-14.51,0.29,0.37,5.56,-4.6,10.16,3.48,-0.0,-6.62,0.08,-5.72,2.71,3.01,-1.99,-0.76,0.11
13.9994,-89.6967,-21.66,1386.72,-197.28,-3.22,-2.81,0.81,-4.17,-3.78,3.91,-3.43,8.36,25.26,-13.22,-3.31,0.43,-9.3,-0.26,0.53,12.94,-2.82,0.36,-2.8,13.98,-0.5,2.21,0.45,0.1,2.74,-4.27,-0.65,0.54
13.9994,-89.696,14.18,145.67,-1.28,-1.01,-4.24,2.21,-3.66,-4.13,1.38,-2.22,8.0,21.25,-0.43,-1.55,-9.74,-6.64,0.15,-6.26,4.19,1.43,-0.02,2.04,-1.92,-0.02,2.88,1.13,1.4,3.12,1.29,-1.33,-0.12
13.9994,-89.6953,9.29,349.1,-32.26,-1.33,-2.94,2.06,-2.81,-3.72,1.8,-1.96,6.51,26.99,4.58,-1.43,-5.59,-3.34,-1.48,-6.89,-0.7,0.8,-0.59,-4.22,-4.36,1.12,0.83,-3.71,1.47,2.41,1.29,-1.62,-0.12
13.9994,-89.6945,-12.61,507.56,-77.78,-0.12,-3.2,0.83,-2.69,-2.84,0.06,-1.73,7.59,23.67,-1.87,-0.98,-1.99,-1.24,0.57,-12.32,-0.92,-2.03,-3.96,0.02,-0.9,-3.21,1.92,-3.21,-0.61,0.81,-0.88,-1.44,-0.18
13.9994,-89.6938,-60.2,2185.58,-341.97,-1.21,-3.44,1.23,-5.08,-4.2,0.13,-2.04,7.35,22.5,-14.02,-0.86,1.36,11.19,-1.46,-4.65,0.51,5.65,6.74,-5.68,-1.42,-2.24,3.04,-1.6,2.16,1.44,-10.42,0.64,1.16
13.9994,-89.693,10.85,457.45,-43.86,-2.62,-3.99,1.43,-3.04,-3.9,-0.73,-2.51,7.27,30.58,-12.86,-3.03,-0.5,-7.11,0.91,-3.78,1.29,0.43,3.22,3.81,5.85,-4.38,5.07,-2.99,1.75,-0.01,1.78,-1.37,1.15
13.9995,-89.6923,-6.84,294.59,-44.6,-2.11,-4.36,3.27,-3.54,-2.94,0.47,-2.01,5.97,-0.0,-18.17,-3.32,-0.32,-3.55,0.95,8.81,-3.05,7.33,-2.79,0.64,5.98,-2.31,3.24,-1.86,0.57,-0.01,0.23,-1.69,0.09
13.9995,-89.6916,1.69,1549.37,-190.07,-0.95,-5.73,2.37,-3.19,-2.84,0.02,-2.84,6.74,41.44,4.38,-2.71,-0.57,0.8,-0.65,-3.4,-5.06,2.94,2.69,-0.27,2.54,-1.57,2.26,-0.97,0.04,-0.54,1.67,-1.69,0.09
13.9995,-89.6908,-2.51,1639.8,-206.29,-2.16,-7.25,3.4,-3.27,-3.39,0.88,-1.87,6.05,32.66,8.75,-2.1,0.54,-5.79,0.92,-2.93,0.74,4.93,0.2,0.31,3.77,-2.36,5.17,-1.22,-0.45,-0.56,1.67,-2.43,0.24
13.9995,-89.6901,-16.71,890.12,-130.16,-2.5,-6.65,3.53,-3.3,-3.99,0.52,-1.79,6.43,27.16,-15.5,-3.77,-1.52,-3.31,2.94,-2.32,1.06,2.48,-0.93,0.7,4.84,-2.83,3.41,-1.77,0.18,-1.69,-0.23,-1.77,0.29
13.9995,-89.6893,0.38,-363.56,45.55,-1.14,-7.32,4.02,-3.03,-3.28,0.34,-1.93,6.21,5.37,-22.91,-0.39,0.18,-2.54,2.44,-1.39,-1.74,2.05,0.27,0.64,0.07,-2.58,3.87,-2.34,-0.14,-1.48,1.14,-0.95,0.29
13.9995,-89.6886,-4.67,-631.26,72.79,-0.41,-8.54,4.09,-2.3,-4.62,0.79,-1.98,6.03,5.26,-33.33,-2.81,-0.57,-1.04,2.39,-1.98,-0.64,2.58,0.06,0.42,2.33,-2.95,3.88,-1.66,0.01,-2.02,0.44,-1.03,1.05
13.9995,-89.6879,-4.24,-849.04,100.34,0.02,-8.65,3.8,-1.96,-5.05,1.84,-1.65,5.94,-0.0,-41.13,-0.22,-2.4,-1.4,3.57,-0.76,-0.92,1.66,0.44,-0.11,0.52,-3.0,3.13,-1.54,-0.0,-1.33,0.88,-1.53,0.51
13.9995,-89.6871,-10.84,381.56,-60.18,0.47,-8.45,3.91,-1.71,-5.67,2.41,-0.76,6.15,-0.0,-0.0,-0.2,-0.68,-1.25,3.73,-1.9,-0.93,1.3,-0.03,0.89,1.16,-2.79,2.91,-2.92,-0.15,-1.73,0.0,-1.79,1.41
13.9995,-89.6864,-7.13,24.31,-11.45,0.37,-7.88,3.31,-1.36,-5.94,1.74,-0.53,5.42,16.09,-32.33,0.05,-0.25,-2.01,4.07,1.04,-0.9,0.66,0.76,1.52,1.85,-2.29,1.89,-2.27,0.41,-2.35,0.39,-1.75,2.29
13.9995,-89.6856,-5.7,103.47,-19.59,0.96,-9.25,3.67,-1.44,-6.24,2.32,-0.21,4.43,8.12,-15.97,-0.45,-1.38,-1.64,3.64,-1.75,0.1,0.27,0.05,1.7,3.0,-2.8,0.04,-2.22,0.65,-2.35,0.23,-1.43,2.45
13.9995,-89.6849,-7.18,179.38,-30.78,1.42,-8.7,4.46,-1.49,-7.28,1.87,-0.44,4.86,-5.61,-2.32,0.25,-2.02,-1.5,4.13,-0.6,0.6,-0.17,-0.22,0.7,1.56,-2.31,2.35,-2.49,-0.17,-1.92,-0.65,-1.65,3.57
13.9995,-89.6842,7.54,-189.05,32.4,1.57,-8.69,5.25,-0.87,-7.35,2.36,-0.81,4.55,4.9,-13.72,-0.1,-0.91,-2.11,4.68,-1.35,0.12,-1.17,-0.58,1.41,1.08,-2.06,2.47,-1.21,0.05,-2.32,0.56,-0.34,3.36
13.9996,-89.6834,-16.94,1202.89,-169.49,0.81,-10.07,3.77,-1.46,-8.07,2.85,-0.4,4.01,18.93,-3.3,0.63,-0.65,1.91,2.63,-1.92,0.19,-0.99,-1.61,1.9,2.24,-1.55,3.7,-1.88,2.75,-3.38,-1.32,-0.34,2.13
13.9996,-89.6827,-14.66,1003.61,-142.06,1.02,-9.74,3.88,-2.31,-8.32,3.17,0.17,4.54,13.76,4.4,0.77,-1.57,-1.05,2.21,-2.87,2.1,-1.22,-3.77,3.18,-2.88,0.51,2.52,-2.38,-0.73,-4.64,-0.37,-0.17,2.13
13.9996,-89.6819,-37.23,1757.93,-262.54,1.42,-10.98,5.77,-1.74,-8.67,1.89,-0.26,4.37,13.02,4.95,0.85,0.27,-3.82,3.19,-2.13,-0.39,-0.57,1.43,3.65,6.87,-1.14,2.1,-0.71,0.12,-7.5,-0.37,-1.27,1.64
13.9996,-89.6812,-22.94,558.53,-96.58,0.97,-10.74,5.7,-1.29,-8.28,-0.07,0.59,4.53,6.76,-0.0,1.69,-2.51,-2.57,5.74,-1.39,-0.14,0.77,-3.27,2.54,-0.35,-1.22,0.84,-0.12,0.06,-3.73,-1.78,0.02,1.25
13.9996,-89.6805,-30.96,759.54,-131.08,0.16,-11.48,4.64,-1.63,-9.1,0.53,1.41,4.2,12.89,-4.64,0.06,-1.24,-2.74,3.21,-1.6,-2.33,-2.49,-1.83,2.04,-0.09,-1.08,-1.79,-2.81,0.23,-6.71,-0.26,-0.89,1.24
13.9996,-89.6797,-41.05,1260.84,-205.39,0.19,-10.89,4.22,-1.51,-9.18,-0.13,0.94,3.56,-0.0,3.11,0.35,-1.3,0.72,3.59,-1.21,-1.33,0.82,-1.37,0.58,-1.39,-0.67,0.45,-0.2,-0.68,-4.61,-1.18,-2.46,0.59
13.9996,-89.679,-34.3,1693.73,-251.27,-0.62,-10.13,3.95,-1.2,-8.24,0.57,0.84,3.61,9.65,11.5,-0.18,1.27,-1.1,4.9,-0.28,-0.37,1.24,-1.39,-0.97,0.68,-1.14,1.25,-2.13,-0.24,-4.61,-0.94,-2.54,1.8
13.9996,-89.6782,-55.87,1769.57,-286.29,-0.36,-10.18,3.33,-0.66,-8.95,0.9,0.9,3.24,6.14,0.59,0.58,-1.32,-3.84,4.15,3.83,2.36,2.46,-0.58,0.97,1.36,-0.33,-2.06,-2.19,-0.5,-11.39,0.7,-2.63,1.35
13.9996,-89.6775,-21.42,534.89,-91.92,-0.37,-10.6,2.66,-2.69,-8.03,0.89,0.44,3.07,-0.0,-5.64,0.77,0.18,-2.08,3.11,2.03,-0.89,0.3,-2.48,-0.02,0.75,-1.61,-0.17,-1.95,0.21,-8.42,3.35,-2.63,1.65
13.9996,-89.6768,-46.48,675.98,-139.16,1.3,-10.75,4.65,-3.15,-7.01,2.18,0.42,3.19,-6.06,-12.21,-0.02,-1.74,-1.37,3.51,0.15,0.69,2.0,1.95,0.14,-3.01,1.51,2.71,-2.66,4.62,-12.82,2.17,-2.0,1.65
13.9996,-89.676,-61.36,592.5,-146.41,1.48,-11.57,4.09,-1.47,-8.1,2.74,0.28,3.95,-10.42,-14.1,1.11,-2.73,-3.72,2.93,-7.4,11.88,4.47,-7.97,0.46,-1.23,1.58,-2.57,-0.61,3.36,-11.41,1.78,-4.21,0.86
13.9996,-89.6753,-54.35,-277.48,-29.82,-0.49,-11.68,3.34,-2.48,-9.39,2.77,-0.4,3.74,-0.47,-24.14,0.57,-2.01,-6.88,4.64,-6.4,-4.29,-2.53,-3.45,1.46,-0.86,3.49,-5.87,0.48,2.89,-12.91,3.09,-3.81,1.2
13.9997,-89.6745,-66.97,678.73,-163.83,0.08,-9.47,3.81,-1.71,-7.8,2.77,1.52,2.86,-5.45,-29.95,0.77,4.45,-1.51,4.74,0.15,-1.03,1.8,-1.26,0.75,-4.57,1.17,-1.67,5.09,2.74,-10.94,-0.14,-3.37,1.03
13.9997,-89.6738,-45.75,1854.21,-285.12,-0.6,-8.94,2.59,-1.06,-8.36,2.95,0.53,4.52,-0.0,-4.39,-0.51,4.07,1.13,5.6,4.33,9.31,-0.28,-1.42,3.55,-11.14,3.29,-4.23,-0.63,3.09,-8.01,-0.14,-3.56,3.17
13.9997,-89.6731,-31.66,-195.48,-13.14,0.59,-9.27,4.01,-1.08,-7.48,6.25,-1.95,4.24,-0.0,-7.59,-1.59,-3.82,-3.71,4.93,-1.28,-4.46,-6.37,-12.64,-0.1,-5.96,1.82,-5.04,0.62,0.71,-10.05,3.61,-3.76,2.47
13.9997,-89.6723,-33.38,508.64,-102.91,-3.49,-9.56,2.41,-1.24,-8.14,5.0,-1.18,4.55,-6.89,-3.02,-1.11,-5.39,-7.18,9.26,2.49,-1.43,0.2,3.8,-3.52,2.34,4.49,-7.29,1.58,1.68,-10.74,3.93,-3.31,1.53
13.9997,-89.6716,-48.35,140.13,-74.74,-4.56,-10.27,1.91,-0.73,-8.51,5.42,-3.16,2.69,1.2,-14.92,-0.46,-4.4,-9.86,4.15,-4.48,-4.94,2.25,3.4,5.58,-4.77,0.51,2.19,0.06,1.45,-11.02,1.52,-2.75,1.64
13.9997,-89.6708,-13.77,-150.87,2.49,-2.66,-9.9,1.09,-0.14,-8.78,5.51,-3.12,2.33,14.53,-14.95,-1.58,-3.11,-7.83,1.75,-0.4,0.14,2.77,1.31,-3.08,-0.14,3.23,-11.65,1.34,1.62,-11.87,6.34,-3.17,2.91
13.9997,-89.6701,-44.94,578.13,-125.32,-2.11,-8.41,1.69,-0.23,-7.94,5.58,-1.73,2.31,21.64,-20.21,-2.35,-1.23,-1.25,6.46,-8.78,-2.74,-0.96,2.51,-1.36,-5.67,0.8,-2.11,-6.23,0.1,-11.87,1.89,-2.5,2.29
13.9997,-89.6694,-5.8,-609.18,69.08,-2.56,-10.23,1.7,-2.13,-8.09,7.54,-4.35,0.85,-1.59,-20.21,-2.13,2.58,-1.11,4.33,16.8,-12.59,-1.96,-5.49,0.76,-6.6,-1.04,5.56,-1.63,4.1,-11.32,5.95,-2.36,3.59
13.9997,-89.6686,-23.69,-716.99,61.36,-4.07,-9.49,1.59,-1.09,-8.11,8.18,-3.45,1.94,8.4,-31.84,-2.01,0.01,-9.75,4.71,-4.68,-4.26,0.26,2.88,1.47,-5.16,5.72,-6.04,3.85,2.28,-10.32,2.93,-2.36,3.59
13.9997,-89.6679,-30.62,577.68,-108.34,-1.43,-10.6,2.12,0.92,-4.35,7.2,-1.34,3.02,2.16,-0.0,-1.7,3.56,-5.73,3.53,4.07,-0.95,-0.8,-7.8,2.83,-8.58,2.75,4.54,5.4,0.13,-11.78,2.89,-2.13,3.23
13.9997,-89.6671,-37.85,265.65,-78.0,-0.66,-9.1,-0.42,0.38,-5.13,8.01,-2.67,3.34,17.36,-33.32,-3.59,8.52,-11.74,1.41,3.42,-4.9,-3.51,3.77,2.83,-1.56,3.87,-5.3,1.54,0.63,-11.08,2.89,-3.12,2.28
13.9997,-89.6664,-1.88,-218.24,25.01,-1.38,-9.85,0.8,-1.26,-5.69,5.4,-2.7,2.39,17.36,-20.46,-2.6,-0.55,-6.65,7.0,9.75,-1.89,-3.02,2.66,-7.27,-5.81,4.44,-8.77,-1.78,0.69,-10.47,6.38,-2.19,2.45
13.9997,-89.6657,-22.52,-1087.16,109.0,-7.22,-7.45,-0.03,-3.13,-5.63,5.87,-5.19,0.42,-5.37,-29.59,-2.83,3.12,1.25,1.88,1.59,-4.49,-7.14,-6.28,3.53,-1.93,4.75,-5.85,3.17,1.61,-10.85,2.68,-2.0,4.15
13.9998,-89.6649,-110.55,1414.33,-307.59,-2.34,-4.22,0.64,1.5,-6.05,3.91,-1.14,-0.54,-0.0,-29.48,-2.27,2.9,-9.0,3.02,7.34,-1.77,-5.21,-2.33,0.65,1.47,1.27,-8.67,2.41,1.62,-10.66,-8.37,-3.15,4.39
13.9998,-89.6642,17.48,-548.45,89.2,-0.28,-11.82,1.35,5.44,-5.69,5.05,1.75,0.72,3.41,-9.24,1.38,-0.28,7.45,1.32,4.18,-3.11,-1.86,-13.78,-5.26,-1.62,-0.54,-0.9,1.61,-3.59,-8.62,9.06,-3.75,2.8
13.9998,-89.6634,54.98,-1005.12,190.7,0.72,-5.95,-2.76,0.12,-1.93,8.54,0.41,4.13,-2.29,-19.59,-1.76,5.21,-6.35,4.71,9.99,-4.29,-1.25,5.61,0.72,4.63,2.16,-8.79,7.59,2.5,-8.62,13.84,-2.82,1.73
13.9998,-89.6627,31.59,-1331.28,203.74,0.59,-10.95,1.45,-0.54,-5.15,3.39,-3.77,-1.75,-8.51,-17.51,-1.66,3.09,-3.16,-5.08,20.06,-5.18,-0.25,-3.69,3.01,3.3,4.7,-7.67,5.86,1.64,-8.56,9.8,-2.79,3.15
13.9998,-89.662,131.35,-2611.78,482.02,0.05,-13.32,-1.68,-2.71,-1.08,5.01,-1.68,1.28,5.68,-24.39,-1.22,-4.4,-3.73,2.41,14.64,9.83,3.86,1.36,4.61,-0.98,4.05,-6.77,0.17,3.75,-9.35,23.13,-2.14,3.15
13.9998,-89.6612,46.91,-1524.08,246.07,-0.15,-9.22,-1.91,-4.65,-4.45,7.11,-0.03,1.13,-3.03,0.51,-0.18,-14.58,-15.36,8.87,10.6,-3.02,-11.95,-1.08,12.48,3.41,7.8,-12.73,3.9,4.61,-8.63,12.32,-3.62,3.76
13.9998,-89.6605,22.85,105.71,13.88,-2.15,-12.0,-0.13,-0.14,-4.8,7.39,0.46,0.65,-0.0,3.87,-5.01,15.71,-20.42,5.38,24.52,-13.18,-5.21,0.67,5.58,-10.45,-0.73,6.4,2.01,-1.6,-10.08,9.43,-2.54,3.07
13.9998,-89.6597,28.71,364.45,-11.52,1.97,-11.75,-0.05,0.33,-1.85,5.24,0.08,0.26,8.66,3.87,-13.05,3.07,-7.84,7.33,25.46,2.22,-4.06,-6.77,8.82,-6.7,0.45,-1.27,6.23,-2.21,-7.59,9.43,-3.8,3.76
13.9998,-89.659,-6.86,1118.85,-148.03,2.34,-11.68,0.08,1.03,-0.96,5.72,-0.64,0.83,-1.7,4.82,0.51,11.81,-3.77,10.04,-4.13,1.76,0.98,3.06,0.11,-4.53,2.49,-7.05,6.71,3.22,-9.65,6.52,-4.44,3.67
13.9998,-89.6583,-10.17,1200.53,-162.19,2.64,-13.05,0.95,1.81,-1.55,6.0,-1.98,1.32,8.24,-13.72,-8.73,18.22,7.07,1.3,-1.93,3.23,-3.97,8.44,3.98,-2.61,3.02,2.97,2.54,0.28,-10.85,6.86,-3.36,1.82
13.9998,-89.6575,7.12,394.91,-40.95,3.17,-11.8,1.09,0.19,-1.97,5.41,0.09,2.18,4.36,-3.2,-5.73,12.67,-17.66,9.34,0.44,4.4,-5.83,4.93,0.86,6.72,5.79,-6.68,2.76,-0.79,-9.16,8.36,-2.72,0.37
13.9998,-89.6568,-16.21,789.78,-118.03,1.87,-11.37,1.78,0.78,-2.3,6.96,-1.32,2.01,12.24,-0.0,-1.75,19.24,-13.85,7.81,-4.95,1.87,-3.51,-6.54,-2.95,2.36,6.69,-2.49,5.8,-1.94,-8.91,4.3,-3.27,2.52
13.9999,-89.656,-5.47,641.86,-86.8,1.05,-11.59,1.73,-0.47,-1.87,7.65,-3.42,0.55,11.0,-16.26,1.56,6.11,-12.39,4.48,9.21,-2.86,-4.47,18.77,-1.7,-2.52,6.47,-4.51,3.15,-1.14,-8.91,5.84,-2.78,1.56
13.9999,-89.6553,24.9,940.3,-88.15,1.66,-12.26,1.88,0.46,-2.27,5.63,-2.42,0.13,-0.0,10.56,-3.3,8.22,-10.57,8.69,5.3,11.75,0.56,5.04,0.6,-1.51,2.42,-6.64,3.27,-1.12,-7.72,9.16,-2.01,0.39
13.9999,-89.6546,28.32,421.4,-19.16,1.23,-12.8,1.23,0.18,-2.36,5.32,-3.15,0.73,13.15,10.56,-1.61,6.28,-11.7,7.6,6.45,-2.36,-3.55,4.46,-1.86,-0.36,4.43,-4.72,3.66,-1.71,-8.07,9.84,-2.01,0.39
13.9999,-89.6538,12.11,866.69,-94.14,2.07,-13.36,-0.03,0.44,-1.66,5.45,-1.95,0.86,-0.0,16.07,-8.15,7.87,-6.18,6.47,3.65,0.26,-2.05,6.93,-0.56,-1.9,4.14,-3.36,2.91,-0.58,-10.1,9.11,-2.64,1.04
13.9985,-89.716,53.62,-1125.09,201.86,-8.84,8.13,1.15,-4.54,-9.56,12.53,-14.87,10.43,-5.48,1.16,-2.45,7.74,-1.39,-1.04,5.55,-5.54,-9.22,4.53,-1.68,-8.47,4.8,-6.28,-5.5,-0.74,3.97,0.19,2.89,3.98
13.9985,-89.7152,77.35,-753.7,184.15,-1.69,8.45,0.25,-4.66,-9.21,13.77,-15.76,12.08,14.69,-0.0,-3.13,7.13,0.27,-1.05,7.56,-0.0,-6.4,3.51,0.5,-15.96,3.0,12.38,0.0,0.28,3.21,3.74,4.65,1.38
13.9985,-89.7145,42.0,1156.73,-92.94,1.84,6.57,-0.34,-5.84,-8.01,12.28,-14.81,10.48,13.94,-0.0,-1.82,3.6,2.18,7.66,2.43,8.96,-1.48,9.84,8.27,13.57,3.38,1.34,-7.98,1.59,9.72,-3.53,2.48,2.19
13.9985,-89.7138,13.79,-716.73,104.6,-1.77,6.7,0.25,-6.61,-7.26,12.12,-14.81,9.95,16.87,1.7,-2.4,4.39,-12.41,3.0,-16.93,-0.87,-28.94,6.58,1.56,1.57,4.56,-2.63,-1.25,2.93,5.74,-6.49,3.96,2.62
13.9985,-89.713,-34.02,803.31,-139.18,4.52,6.44,-1.91,-6.23,-8.47,11.8,-12.37,11.06,14.73,-0.0,-3.68,10.82,-7.41,-0.21,-0.0,-2.39,-17.99,8.3,-5.53,6.36,-0.0,-9.38,-7.17,1.73,5.51,-11.49,2.42,2.74
13.9985,-89.7123,-48.44,1648.4,-260.42,-0.55,6.07,0.14,-6.34,-6.7,9.58,-13.36,10.35,13.75,-4.54,-0.82,-11.06,-10.59,-0.6,8.51,7.1,1.51,17.23,1.64,0.28,-7.77,-11.95,3.17,2.86,7.17,-13.18,0.34,3.72
13.9985,-89.7115,-49.07,142.44,-75.51,3.65,6.88,0.16,-5.29,-4.07,9.93,-12.32,9.81,5.95,-14.18,-3.49,1.77,-10.64,-1.9,-6.35,-8.63,-7.32,-3.4,2.96,0.78,1.95,8.78,-4.28,1.86,5.82,-15.96,4.13,3.83
13.9985,-89.7108,-3.47,-1720.94,208.16,-4.56,5.42,1.18,-6.56,-6.31,9.43,-11.69,8.95,-11.35,-4.96,-1.53,-8.9,-8.11,1.72,-5.16,-2.6,-20.06,-12.85,1.14,0.02,3.03,-0.0,6.25,3.44,6.13,-10.58,4.77,3.83
13.9985,-89.7101,-26.88,491.19,-92.34,-0.5,4.68,1.12,-5.25,-6.87,10.72,-11.09,9.45,-5.08,-0.0,-1.48,1.47,-2.75,2.19,3.84,-3.68,-3.79,-0.57,6.43,2.78,-5.48,-3.5,3.41,2.28,1.74,-11.02,5.74,2.35
13.9985,-89.7093,-16.55,815.75,-120.2,-0.06,6.04,1.13,-6.04,-6.35,8.79,-9.04,8.82,4.51,-0.25,-3.03,-7.62,7.96,1.52,-2.77,2.18,3.51,2.0,-12.41,5.0,0.42,3.47,-7.83,0.91,7.19,-11.02,4.6,0.67
13.9986,-89.7086,-24.22,1866.5,-258.95,-2.94,4.15,-0.4,-6.17,-6.94,8.43,-9.62,9.53,8.02,6.02,-3.2,3.44,0.79,3.31,3.92,5.43,2.59,9.36,1.22,0.25,-10.72,-3.38,-2.17,-4.01,1.69,-5.23,2.8,-2.51
13.9986,-89.7078,-125.39,2586.93,-467.42,0.96,5.06,-1.34,-7.07,-8.22,7.95,-8.96,8.69,-11.51,2.77,-1.93,4.18,-7.19,1.68,-7.38,-12.23,7.7,11.51,-1.91,3.18,1.21,12.09,-2.4,4.55,4.41,-22.13,2.26,0.98
13.9986,-89.7071,-6.5,-609.64,67.58,-1.4,3.66,1.07,-6.2,-6.15,5.44,-8.08,8.91,-3.64,-11.31,-2.59,-1.61,-12.24,-0.06,-9.38,-9.85,9.93,10.34,-4.23,5.23,5.37,-5.41,0.36,0.85,9.66,-9.16,2.5,0.02
13.9986,-89.7064,1.57,-692.38,87.35,0.34,3.53,-0.06,-2.76,-6.34,6.18,-8.07,8.24,1.73,-21.55,-1.51,6.05,2.1,-0.95,0.69,-7.62,-1.23,-4.47,0.06,-10.21,1.13,-1.31,-1.59,0.61,9.66,-8.63,3.38,-0.51
13.9986,-89.7056,-13.23,49.93,-21.8,-3.53,1.97,-0.94,-3.45,-6.12,4.2,-6.18,7.87,-5.21,-16.64,-2.37,0.65,-10.5,5.35,4.74,-10.62,7.97,7.32,-0.26,9.37,2.98,-5.8,-1.29,1.7,6.81,-5.82,-0.01,-0.51
13.9986,-89.7049,-26.23,-0.0,-30.98,-0.63,3.14,-2.86,-5.27,-8.04,4.55,-5.26,7.08,-2.43,-6.76,-1.78,-20.59,-1.28,1.51,5.63,-3.39,2.19,1.56,4.64,1.23,-3.97,6.76,-9.12,5.77,6.7,-9.7,1.65,0.72
13.9986,-89.7041,-23.53,66.53,-36.03,-3.25,4.12,1.33,-4.88,-6.11,3.08,-5.49,6.75,6.52,-15.45,-1.54,-0.0,-8.5,1.18,6.96,-4.43,-10.33,5.97,-2.27,3.49,1.94,-2.38,-8.76,5.03,3.0,-4.83,0.57,-1.39
13.9986,-89.7034,-13.28,1061.87,-146.91,-0.54,1.52,-1.19,-6.66,-6.53,1.9,-5.11,6.89,14.86,-16.41,-0.98,2.4,-4.6,2.95,1.49,15.99,1.13,8.29,-1.92,-0.0,0.84,1.0,-9.26,0.48,5.21,-4.83,-0.66,0.6
13.9986,-89.7027,-7.9,1233.61,-161.81,-2.08,1.46,0.67,-4.27,-6.11,2.03,-3.98,7.78,5.9,-13.45,-0.62,-4.74,9.76,11.17,-2.41,9.86,-7.51,5.77,-3.84,16.36,9.53,-10.84,-0.29,2.75,3.94,-1.93,-0.77,-1.66
13.9986,-89.7019,-29.74,769.31,-130.24,-2.7,-0.57,-1.83,-3.32,-5.25,0.84,-3.16,7.23,13.63,-25.1,-2.36,-9.98,-7.46,1.93,5.5,7.36,2.16,0.58,-0.21,7.85,0.59,20.27,-4.98,4.11,3.07,-5.84,-0.3,0.24
13.9986,-89.7012,9.3,-489.85,71.56,-0.54,-3.59,-2.65,-4.04,-6.03,1.27,-3.03,8.05,0.04,-10.79,-1.29,-19.89,-4.08,3.66,-6.07,8.23,-3.67,2.93,0.31,19.08,-6.88,20.4,-1.22,1.5,4.81,-2.6,-0.49,2.2
13.9986,-89.7004,16.52,-849.8,124.63,-3.64,2.33,-2.64,-3.04,-6.28,-0.32,-1.99,7.07,-0.0,-0.0,-1.78,0.04,-5.58,-1.32,1.9,5.38,-2.88,-0.24,1.42,5.25,-0.28,-2.64,-4.57,1.39,4.58,-1.89,1.87,-0.74
13.9987,-89.6997,-44.23,334.22,-93.62,-4.31,1.14,-1.95,-2.63,-5.97,0.92,-2.64,8.12,5.33,-0.0,-2.49,-3.01,-8.23,-1.49,2.34,4.66,-1.0,1.8,-11.86,-2.18,0.89,-2.64,-9.55,0.52,5.74,-8.2,-1.28,-0.21
13.9987,-89.699,4.49,-474.34,63.99,-4.05,1.54,-0.12,-4.68,-3.77,1.57,-2.56,6.82,-0.0,0.99,-2.51,-11.32,0.38,-0.22,10.44,-7.42,-12.18,-2.1,3.71,-8.73,2.52,-4.55,-4.33,-1.83,5.74,-2.77,-0.04,-0.19
13.9987,-89.6982,-13.26,-170.08,5.37,-4.34,1.81,-1.03,-4.08,-6.3,-0.05,-3.02,6.77,-3.33,1.43,-2.5,-8.21,-7.84,2.44,-2.39,7.44,6.38,-0.85,-3.83,-9.06,-2.11,1.16,-6.44,1.52,1.84,-3.1,-0.2,0.66
13.9987,-89.6975,14.92,-91.75,29.0,-1.58,-0.27,0.07,-4.29,-5.31,2.2,-2.98,7.22,9.31,-6.14,-2.86,-3.35,-5.65,-1.33,-9.57,18.48,0.11,3.46,0.05,1.95,-4.69,-3.52,-0.8,1.88,5.75,-0.32,-1.77,0.66
13.9987,-89.6967,-14.57,1546.4,-208.65,-1.98,-2.17,1.05,-3.84,-5.17,2.35,-3.32,8.17,25.37,-2.43,-1.58,-4.23,-0.55,3.44,-1.13,2.68,-7.66,5.71,-1.65,13.41,-0.21,5.21,-1.49,1.06,4.32,-2.0,-3.43,0.84
13.9987,-89.696,-1.25,1144.81,-143.23,-1.32,-1.05,1.24,-2.98,-4.19,0.11,-3.04,7.34,23.7,-2.35,-2.06,3.47,-3.71,1.66,-3.22,0.78,1.9,0.7,-1.94,3.14,6.2,3.62,-3.7,0.96,0.96,1.99,-3.43,0.68
13.9987,-89.6953,16.33,424.12,-33.22,-2.64,-2.33,1.14,-3.86,-4.77,2.17,-2.12,7.11,27.64,-2.73,-2.99,-2.22,-5.05,-1.57,-1.74,-1.02,6.69,-1.18,2.13,-1.48,-3.78,2.23,-1.09,0.28,1.34,1.99,-0.97,0.5
13.9987,-89.6945,6.02,-59.82,14.53,-0.99,-2.98,2.0,-4.32,-4.62,2.13,-1.75,7.94,15.96,-13.73,-3.13,-5.05,-1.16,-0.27,-9.25,0.56,10.82,-0.89,1.87,-1.31,-3.01,2.41,-2.05,-0.06,2.62,-0.89,-0.44,0.8
13.9987,-89.6938,32.27,-500.53,100.17,-1.38,-3.52,2.31,-3.58,-3.03,1.44,-2.03,6.34,15.8,-13.2,-3.65,-1.94,-4.67,0.57,0.34,-0.72,5.29,-2.11,-0.14,1.57,-1.2,2.13,-3.04,1.39,2.66,1.32,0.17,1.97
13.9987,-89.693,13.29,620.25,-61.14,-0.78,-4.51,1.38,-3.3,-2.09,0.76,-1.61,7.49,14.96,-0.94,-2.68,-1.35,3.81,-1.48,1.66,2.56,-0.19,-0.15,-0.35,1.86,-1.92,3.11,-4.04,0.61,2.66,0.72,-1.43,0.94
13.9987,-89.6923,0.88,-321.52,40.89,-3.17,-3.84,2.13,-2.74,-3.77,1.02,-2.47,6.11,18.38,-21.48,-3.12,-2.3,2.16,0.39,-6.33,-4.1,3.55,-0.97,-1.24,-0.7,-3.77,4.72,-3.8,-2.17,-1.55,1.58,-1.43,0.94
13.9987,-89.6916,-0.21,124.84,-15.72,-2.1,-5.93,2.49,-3.08,-1.59,-0.21,-1.79,6.09,18.46,-24.8,-1.52,1.55,-0.09,2.36,0.66,-3.15,-0.55,2.43,-0.54,2.2,-2.44,2.34,-2.09,0.81,-0.94,1.58,-2.36,1.38
13.9987,-89.6908,-5.31,734.33,-97.32,-3.46,-5.99,2.55,-4.02,-2.95,-0.07,-1.82,6.4,22.78,-10.02,-1.65,-0.45,-0.43,2.29,-5.21,0.27,5.72,-1.72,0.27,0.07,-2.4,4.61,-0.51,0.33,-1.18,1.22,-1.59,-0.27
13.9988,-89.6901,-0.18,860.8,-106.96,-2.79,-6.66,3.67,-2.53,-3.05,1.2,-1.51,6.57,22.55,-4.83,-2.33,-0.11,-2.87,3.16,-3.22,0.9,2.87,0.91,-0.04,0.94,-3.15,3.85,-1.45,-0.53,-1.12,1.47,-1.1,-0.47
13.9988,-89.6893,5.09,-331.39,47.13,-1.57,-7.13,3.62,-2.34,-2.96,0.08,-1.15,5.86,-0.0,-17.12,-1.34,-2.74,-2.33,2.39,-1.65,0.15,2.66,-0.69,0.14,0.19,-2.35,3.56,-1.5,-0.59,-0.5,0.53,-0.08,0.01
13.9988,-89.6886,-6.42,39.11,-12.44,-1.06,-7.76,3.76,-2.08,-3.11,0.9,-1.88,5.29,5.74,-17.05,0.01,-1.39,-0.49,2.64,-2.39,0.1,2.46,-0.44,0.06,1.06,-3.08,4.58,-2.05,-0.48,-0.5,-0.49,-0.74,0.14
13.9988,-89.6879,4.84,43.99,0.27,-0.19,-7.26,2.97,-2.13,-3.76,0.94,-1.72,5.71,15.35,-20.99,-0.26,-0.64,-1.05,3.85,-1.59,0.32,1.95,-0.05,0.74,1.07,-3.12,3.26,-2.71,-0.16,-0.74,0.61,-0.89,1.42
13.9988,-89.6871,0.15,228.11,-28.13,0.54,-7.7,3.27,-1.99,-5.04,1.55,-1.51,5.16,14.12,-16.82,0.01,0.3,-2.26,4.21,-1.88,0.51,1.83,-0.14,1.08,0.58,-2.9,3.71,-2.92,-0.44,-1.4,0.75,-1.3,1.48
13.9988,-89.6864,-7.37,310.06,-47.21,0.21,-7.98,3.63,-1.19,-5.5,1.66,-1.17,5.26,14.75,-15.79,-0.13,-1.11,-2.39,3.6,-3.42,-0.09,0.33,0.3,2.11,1.62,-1.83,1.45,-2.47,-1.14,-2.2,0.41,-1.46,1.48
13.9988,-89.6856,-11.3,97.12,-25.42,0.21,-8.92,3.81,-1.28,-6.54,1.71,-0.55,4.85,11.27,-22.54,-0.39,-0.88,1.46,2.67,-0.69,0.15,0.95,-1.63,0.83,-1.43,-2.32,2.06,-1.98,-1.15,-3.73,0.38,-1.14,1.84
13.9988,-89.6849,-17.55,130.48,-36.97,0.8,-8.51,2.52,-1.44,-7.1,2.13,-0.63,4.9,-5.22,-8.91,-0.14,-1.34,-1.48,3.7,0.05,0.8,0.32,-0.52,0.82,-0.94,-1.97,1.97,-2.23,-0.34,-2.88,-0.3,-1.0,0.53
13.9988,-89.6842,-23.05,809.79,-127.85,1.41,-8.53,3.63,-1.1,-7.01,2.32,-0.38,4.27,2.9,-3.94,-0.31,0.23,-1.34,3.97,-0.27,0.1,-0.28,-0.48,1.38,1.96,-1.27,1.94,-1.38,-0.56,-2.85,-0.73,-1.8,1.34
13.9988,-89.6834,-29.49,61.92,-42.59,-0.51,-8.47,4.57,-1.26,-6.68,2.18,-0.59,4.31,-1.4,-23.51,-0.13,-0.84,2.26,1.96,-1.14,0.74,-0.42,-2.04,2.04,-1.43,-1.16,0.97,-0.01,0.69,-3.28,-1.49,-1.68,1.56
13.9988,-89.6827,-18.18,1568.72,-216.43,1.21,-8.6,4.32,-1.61,-7.18,1.61,0.52,3.85,27.93,0.65,-0.16,-0.55,-2.4,4.3,-1.51,0.98,-1.71,-2.31,3.56,1.01,0.39,1.94,-1.35,-1.31,-3.71,-0.59,-0.78,1.75
13.9988,-89.6819,-41.11,1261.83,-205.47,0.92,-9.18,4.43,-1.54,-7.78,0.92,0.83,3.52,12.12,3.78,-1.22,-1.18,-2.18,2.75,-4.65,0.76,-3.97,-1.29,3.72,-0.85,-0.5,-0.48,-0.05,-1.61,-7.12,-1.53,-1.06,2.11
13.9989,-89.6812,-35.67,764.07,-137.19,0.41,-9.28,4.29,-1.95,-7.58,-0.33,1.3,3.38,-3.0,-2.68,-1.1,-0.62,-0.67,4.02,-0.15,0.49,-0.13,-1.98,2.75,1.05,-1.73,1.12,-2.88,-0.05,-8.27,-0.29,-0.86,2.04
13.9989,-89.6805,-28.9,1115.95,-172.95,0.01,-9.83,4.49,-1.98,-8.01,0.62,0.99,3.45,-0.0,3.47,-1.34,-1.03,-0.39,4.98,0.05,0.48,-0.08,-1.48,2.15,-1.5,-0.02,0.07,-2.48,-0.14,-4.82,-0.02,-1.5,0.27
13.9989,-89.6797,-48.15,1474.25,-240.32,1.29,-9.36,4.87,-2.33,-7.51,0.83,1.68,3.56,14.17,-14.54,0.23,-0.46,1.57,5.35,2.33,-1.53,-0.03,-0.76,2.24,-0.28,-0.66,0.68,0.48,-0.29,-4.82,-0.68,-4.71,1.86
13.9989,-89.679,-54.47,1447.63,-244.53,0.01,-9.63,3.73,-2.22,-7.9,1.18,1.25,3.03,2.8,-7.23,1.77,-0.5,-0.01,4.92,2.09,0.67,-0.72,-0.22,1.75,-0.2,-0.12,0.99,-2.0,0.34,-8.95,-1.22,-2.65,2.49
13.9989,-89.6782,-39.63,910.36,-160.17,-0.25,-8.94,2.38,-3.16,-8.83,1.71,0.31,2.54,11.26,-15.77,-0.32,0.9,-0.28,6.05,0.01,0.87,1.81,-2.91,-0.63,1.14,-0.73,-1.53,-0.98,0.39,-9.2,0.93,-2.65,2.49
13.9989,-89.6775,-57.62,873.14,-176.86,-0.69,-9.63,2.82,-2.11,-7.89,1.05,0.16,2.58,4.83,-19.85,0.15,0.65,1.34,3.78,-2.69,-0.38,5.2,-1.27,-2.06,-0.75,-2.28,-0.17,-1.2,1.24,-8.96,0.56,-3.98,0.81
13.9989,-89.6768,-28.96,302.73,-71.96,0.65,-10.7,3.81,-1.17,-8.04,1.51,0.14,2.63,-9.05,-0.0,-0.12,0.73,-3.84,5.68,0.61,3.46,-3.03,-1.31,1.29,-1.6,5.15,3.36,-1.31,2.05,-7.39,3.49,-3.81,0.54
13.9989,-89.676,-44.86,1293.52,-214.12,0.21,-9.93,2.45,-2.34,-7.11,2.76,-0.06,2.02,1.58,-2.33,0.61,-0.13,1.38,5.42,6.19,-0.01,-4.96,-0.43,-0.81,-1.37,-0.76,3.38,-2.49,2.34,-8.41,0.02,-2.68,2.24
13.9989,-89.6753,-65.04,1141.24,-219.1,-0.17,-9.6,2.44,-0.71,-6.36,3.6,0.08,3.43,-3.02,-22.33,0.52,2.76,8.01,5.23,-5.1,-3.6,1.73,-0.06,0.42,-0.91,1.7,0.76,3.33,0.17,-11.76,0.02,-2.51,0.84
13.9989,-89.6745,-46.39,294.71,-91.64,-1.15,-8.46,3.68,-1.54,-8.87,4.37,1.05,3.25,-12.34,-16.73,-1.15,-5.04,-0.54,4.76,0.04,2.73,4.54,-0.39,2.23,-7.31,0.87,-0.87,2.6,3.22,-11.43,2.02,-3.32,2.63
13.9989,-89.6738,-26.69,523.96,-96.87,-0.79,-9.62,2.47,-2.45,-7.26,4.76,-0.02,2.71,-0.0,-16.73,0.05,-0.46,-0.18,5.04,-2.07,-2.75,-0.53,0.26,6.42,-1.58,1.83,0.72,2.54,1.52,-9.68,3.18,-2.69,2.36
13.9989,-89.6731,11.37,229.91,-15.17,-1.1,-8.65,3.35,0.12,-7.72,4.05,-1.11,2.35,-0.0,-5.59,-1.46,2.05,0.76,5.68,-0.31,-2.79,4.47,-0.75,0.78,-1.97,4.04,-3.27,3.74,1.85,-7.81,7.6,-3.24,2.44
13.999,-89.6723,-26.44,532.23,-97.63,-3.08,-7.56,2.88,0.89,-9.07,5.28,-1.39,3.45,-0.0,-8.22,-0.12,4.26,-2.61,2.16,-1.86,-3.02,-0.79,-1.17,3.13,-4.84,0.23,-0.64,-0.92,-0.02,-10.9,4.24,-2.52,1.62
13.999,-89.6716,-48.68,1678.48,-266.82,-2.19,-8.1,1.75,0.47,-8.82,5.16,0.25,0.42,-0.0,2.48,-0.61,1.96,-6.86,3.91,4.65,-1.25,0.29,4.74,1.57,-2.83,0.62,2.53,1.36,2.37,-10.9,1.92,-2.99,1.13
13.999,-89.6708,-42.1,599.26,-124.56,-1.03,-7.47,1.39,-3.52,-7.81,4.56,-1.14,0.66,1.73,-4.6,0.54,0.52,-12.45,6.75,5.33,-1.91,-1.61,-4.22,0.26,-2.37,3.68,-2.14,1.56,1.93,-8.75,1.92,-4.15,2.16
13.999,-89.6701,-45.67,1080.05,-188.75,-2.88,-9.78,-1.58,1.08,-8.85,5.38,-10.01,3.22,13.27,-11.52,-2.03,0.12,-5.77,5.07,11.88,-3.01,-1.79,1.11,1.49,-3.26,1.34,0.97,3.4,1.27,-10.8,2.71,-4.15,2.16
13.999,-89.6694,19.76,-771.41,119.6,-2.56,-9.83,1.08,1.13,-6.79,4.69,-1.8,1.81,11.61,-18.28,-2.39,-0.46,-0.15,0.86,4.57,-1.81,-3.48,-3.22,-0.38,-9.17,6.77,0.98,5.03,0.61,-8.25,5.82,-0.47,3.55
13.999,-89.6686,-16.68,273.19,-53.84,-2.94,-8.85,0.1,-0.69,-4.91,5.76,-0.28,3.5,2.53,-25.11,-2.08,8.37,6.15,5.64,0.02,-1.89,-3.57,1.55,-0.4,-3.13,5.75,-5.96,0.01,1.0,-10.24,5.82,-4.03,2.78
13.999,-89.6679,9.6,-1305.38,174.21,-1.2,-8.07,1.37,-0.08,-6.45,1.97,-1.35,1.93,4.54,-22.48,-2.37,-1.12,-3.07,6.38,-7.92,-1.27,-8.91,6.52,5.11,-3.38,3.08,-16.73,1.43,0.96,-10.47,8.4,-3.4,3.68
13.999,-89.6671,-7.92,940.39,-126.71,-1.67,-8.4,1.33,-0.33,-3.98,6.92,-1.92,2.07,15.48,-0.0,-1.14,4.91,-3.56,4.86,7.85,-1.89,1.31,0.4,-0.14,-1.97,3.68,-4.34,-2.39,-0.02,-9.49,3.95,-1.63,3.41
13.999,-89.6664,-8.11,-189.46,14.04,-1.99,-9.03,0.51,-0.74,-6.02,7.62,-1.44,0.6,19.53,-39.44,-3.51,16.12,-8.09,7.68,5.19,-1.92,-2.5,0.83,1.1,-16.44,4.5,-4.34,3.78,0.56,-9.51,5.6,-3.21,2.94
13.999,-89.6657,-14.1,-775.9,80.13,-1.27,-10.41,-0.93,-0.54,-6.28,6.16,-1.99,1.4,7.96,-31.44,-0.2,-0.28,-7.64,5.13,0.69,-2.43,0.19,2.56,-5.64,-2.17,-0.31,-5.13,5.43,2.41,-11.54,3.77,-1.91,4.85
13.999,-89.6649,2.23,-1111.25,141.36,1.22,-9.64,0.56,0.91,-6.26,5.88,-1.67,5.3,-2.76,-25.36,-2.3,3.26,-6.34,5.96,-1.72,-5.62,-1.63,0.49,0.33,-3.8,0.85,-6.98,7.49,3.22,-11.54,7.44,-3.25,4.42
13.999,-89.6642,-3.81,-155.57,14.91,1.1,-8.76,-2.07,-0.5,-5.01,5.51,-1.68,4.25,-9.01,-17.95,-3.01,7.03,8.42,6.85,0.8,-3.84,-2.11,-3.18,0.35,-4.91,2.52,4.53,5.8,-0.23,-9.0,7.24,-4.74,2.97
13.9991,-89.6634,51.71,-1053.32,192.83,0.21,-8.87,-1.38,-0.26,-5.11,6.98,-0.96,2.8,-5.38,-10.46,-2.61,8.52,-3.72,4.91,4.26,-4.15,0.68,0.02,1.69,3.3,4.51,-6.32,1.82,0.69,-8.27,12.51,-2.84,2.97
13.9991,-89.6627,21.51,-268.92,59.09,0.09,-8.57,0.76,-2.04,-4.61,6.67,0.34,1.91,-3.85,-2.02,-2.18,5.88,4.63,6.79,-6.07,-5.26,-1.11,0.1,0.04,-0.97,4.19,-3.01,4.09,1.3,-10.82,11.14,-4.24,3.19
13.9991,-89.662,-21.13,772.41,-121.54,-2.07,-11.66,1.39,-0.16,-4.16,5.66,0.84,-3.71,9.67,-4.07,-1.51,2.97,-12.22,8.1,13.96,-3.68,-1.18,-0.13,1.36,-4.27,-0.41,-5.74,3.86,1.12,-8.98,4.94,-4.39,2.25
13.9991,-89.6612,23.45,257.85,-4.41,-1.05,-13.18,1.03,-2.26,-4.96,8.29,0.27,-1.45,15.18,-2.95,-3.28,2.87,-0.0,5.64,9.55,1.15,-0.59,-4.35,-6.2,-2.77,1.96,0.57,5.81,-3.17,-9.99,11.33,-4.46,2.83
13.9991,-89.6605,32.38,-2104.46,301.41,-1.75,-12.92,1.52,0.55,-5.39,7.2,0.22,-1.57,7.54,-13.32,-1.9,-5.49,-15.49,5.87,-2.99,-7.89,-6.17,-1.3,3.66,-3.47,3.24,-11.59,5.84,-0.09,-9.58,11.33,-3.04,2.28
13.9991,-89.6597,28.22,600.26,-41.58,-0.28,-10.24,-0.02,3.07,-3.87,6.3,-0.33,0.41,19.64,-13.32,0.21,1.53,-10.35,8.03,18.8,0.19,-2.57,9.18,2.8,-6.61,2.45,-3.74,7.53,1.45,-6.33,9.32,-3.68,2.33
13.9991,-89.659,-39.45,2233.54,-326.04,0.47,-12.51,2.16,1.04,-1.29,6.69,-0.87,2.61,7.94,-1.13,1.51,6.67,-13.04,8.82,14.11,7.07,-4.56,9.71,-6.03,-2.41,5.98,-5.73,2.81,1.5,-13.06,4.63,-3.67,1.83
13.9991,-89.6583,4.9,243.6,-24.65,0.28,-11.76,1.74,1.3,-1.99,6.62,-1.25,-0.15,-6.79,-7.34,4.08,4.87,5.02,9.88,-7.59,-1.17,0.5,6.65,5.04,-13.15,3.78,-2.76,1.8,0.12,-8.23,6.6,-2.53,1.72
13.9991,-89.6575,-18.23,464.49,-79.72,-0.52,-13.5,0.92,1.59,-2.81,6.93,-1.5,0.19,-1.59,-6.2,-11.59,8.04,2.65,8.34,-2.47,5.21,-2.17,1.82,-0.5,-6.43,3.74,-8.27,5.75,1.08,-8.23,4.42,-3.31,1.27
13.9991,-89.6568,13.68,-17.29,18.38,1.02,-11.64,0.75,1.05,-1.6,6.39,-1.84,1.09,7.86,2.69,-3.65,-5.13,-11.72,6.56,-3.26,3.38,0.48,6.81,-4.79,4.73,6.12,-3.86,2.39,-0.87,-7.98,8.63,-3.42,1.25
13.9991,-89.656,-12.38,40.86,-19.79,2.17,-12.25,2.05,-0.25,-2.19,6.33,-3.05,0.01,6.42,-0.0,13.06,-12.74,-9.23,3.38,-2.12,1.9,-2.01,6.75,-1.79,-3.18,3.3,-2.47,3.29,-3.14,-9.11,5.81,-3.42,1.25
13.9991,-89.6553,5.27,515.09,-58.21,1.24,-11.78,0.86,-0.11,-1.68,5.38,0.2,0.75,-0.0,-7.25,-2.9,16.8,-8.14,5.07,6.79,-2.81,-4.37,3.27,-1.67,0.11,4.05,-3.83,5.02,-2.23,-10.06,8.1,-2.69,1.27
13.9991,-89.6546,44.56,792.41,-46.33,-0.16,-12.14,0.71,-0.46,-1.76,5.03,-2.63,-0.59,16.89,2.68,9.37,11.13,-10.15,8.23,5.59,1.67,1.31,4.02,0.07,-3.42,4.58,-1.68,3.96,-2.49,-7.97,11.54,-1.88,0.96
13.9992,-89.6538,29.33,1039.72,-95.38,1.41,-12.35,0.35,-0.31,-1.06,5.79,-2.37,0.71,-0.0,22.55,0.74,8.21,-6.18,6.19,1.5,2.63,-0.74,5.58,-1.09,-0.32,2.88,-2.79,2.35,-1.59,-9.8,11.02,-2.71,1.57
13.9977,-89.716,-64.28,2142.14,-339.7,1.14,6.15,1.36,-5.37,-10.42,11.73,-16.5,10.35,14.43,-2.68,-1.22,4.67,-0.02,-3.56,-8.3,-4.06,8.41,8.05,-3.19,6.62,5.42,4.15,-10.92,1.27,7.02,-18.08,3.62,3.7
13.9978,-89.7152,68.06,-1217.99,230.37,-0.53,5.83,-1.28,-4.69,-7.64,15.18,-14.59,10.07,5.64,9.26,0.2,-6.21,-10.36,-2.97,-1.8,-0.0,-10.86,9.89,1.04,-3.47,-1.37,12.81,-10.87,-1.99,2.25,4.23,2.96,2.05
13.9978,-89.7145,40.34,-188.18,70.81,2.12,7.51,0.82,-6.56,-9.62,12.62,-15.97,10.26,5.64,6.35,-2.95,12.08,-7.13,-0.14,-6.12,5.81,-11.15,6.21,7.05,-0.75,-9.3,3.64,-3.45,0.34,7.07,-5.12,4.41,4.37
13.9978,-89.7137,56.04,-1938.18,305.0,3.83,8.32,1.98,-5.16,-7.47,12.86,-13.88,9.71,-0.0,-20.02,-4.24,-0.28,-8.71,-1.01,-11.52,5.52,-11.42,9.68,-4.69,-4.52,12.24,-0.0,-5.59,0.69,8.7,-6.04,6.35,4.8
13.9978,-89.713,19.34,-1256.94,177.76,1.02,5.28,-0.08,-5.87,-7.53,12.68,-13.12,10.67,-4.34,-0.0,-4.6,1.69,-10.13,-1.33,-0.0,-3.94,-16.43,10.84,4.6,8.44,-0.0,-0.0,-9.32,2.86,12.38,-9.3,2.85,3.37
13.9978,-89.7123,-0.74,-911.62,111.51,0.74,6.06,1.24,-6.13,-7.35,12.68,-13.05,9.08,-8.06,-4.53,-3.57,-5.63,-2.49,-3.78,-1.72,-5.74,-5.35,15.71,-2.0,-13.79,-6.0,-4.22,5.2,1.95,4.87,-6.81,2.19,3.37
13.9978,-89.7115,58.96,-2278.75,350.61,2.18,6.1,1.13,-5.67,-4.58,11.07,-12.82,8.41,11.07,-15.22,-3.48,-12.46,2.32,-2.63,5.94,-10.12,-7.71,0.38,-16.98,4.05,-8.22,1.37,-4.29,2.35,8.07,-1.97,3.73,2.98
13.9978,-89.7108,29.68,-1152.0,177.12,5.26,3.87,0.67,-6.68,-6.12,10.29,-11.49,9.44,2.96,-4.16,-3.25,-11.2,1.66,-3.48,-5.92,4.95,-19.13,6.46,-4.52,3.71,7.1,0.17,-4.25,4.42,8.68,-6.52,3.74,3.36
13.9978,-89.71,44.47,-1481.27,235.24,-2.29,6.76,1.55,-7.03,-5.51,10.69,-10.22,9.13,-2.65,-0.0,-3.31,-1.96,-0.56,-2.27,-0.13,-11.82,-18.56,11.88,-1.15,6.37,-2.34,15.12,-1.11,-2.41,9.76,-6.52,5.42,3.03
13.9978,-89.7093,-18.84,83.0,-32.5,-1.22,5.23,-0.25,-5.34,-5.29,9.75,-10.2,8.26,-6.9,3.37,-3.52,2.73,-4.28,-8.73,2.18,-9.03,-5.92,6.99,-10.33,10.37,1.49,7.77,-2.87,0.76,4.27,-10.41,5.01,1.58
13.9978,-89.7086,-52.08,977.31,-182.11,1.45,4.12,-1.73,-6.39,-6.62,8.2,-9.14,8.94,11.21,-16.92,-3.23,-7.93,11.43,-3.87,2.28,0.69,-5.34,1.67,1.35,0.74,-1.17,-8.44,-1.21,1.65,0.62,-10.85,4.28,-0.41
13.9978,-89.7078,14.01,-279.36,51.03,-1.46,5.17,-0.34,-4.88,-7.28,8.13,-8.91,8.45,-4.73,-0.0,-2.84,1.87,0.18,-6.86,-3.09,5.55,-5.38,2.39,4.79,1.71,18.24,-0.0,-7.8,4.49,7.84,-5.29,3.38,-1.11
13.9978,-89.7071,-23.23,27.22,-30.8,-0.48,4.63,0.92,-4.93,-6.32,4.94,-6.91,8.35,-13.15,-9.95,-2.57,-5.78,-13.36,4.64,-1.34,-3.79,-4.0,11.62,-2.5,10.86,4.4,16.45,2.02,1.83,4.26,-5.76,0.12,-0.21
13.9979,-89.7063,-54.75,915.8,-177.75,-2.69,3.72,0.53,-6.01,-6.55,5.33,-7.02,7.37,-2.18,-5.28,-3.84,-3.09,-4.57,0.99,0.58,-9.63,-2.02,15.63,-0.28,3.65,-2.28,-1.15,-1.2,7.09,6.78,-11.62,0.12,-0.21
13.9979,-89.7056,12.22,-2084.21,271.84,0.74,3.33,0.59,-5.97,-6.08,5.1,-5.72,7.77,-10.47,-12.2,-2.45,-0.38,-7.56,0.61,-11.08,-4.43,-10.72,-0.3,-12.05,1.76,-1.29,-0.52,-2.41,7.35,5.74,-4.11,3.37,-1.68
13.9979,-89.7049,3.87,-421.28,56.61,-0.54,2.96,-1.1,-6.54,-5.96,4.24,-4.54,8.21,-3.77,-0.0,-2.76,-2.73,-4.82,-0.55,9.44,-2.31,-8.14,8.15,2.4,1.22,-2.02,-6.73,-0.0,-5.5,7.8,-5.78,1.99,-0.77
13.9979,-89.7041,-41.75,1466.7,-230.53,-3.38,2.9,2.02,-3.16,-6.06,4.81,-4.32,6.66,3.82,-0.0,-2.59,-2.07,-6.12,6.49,8.21,4.28,-5.75,11.88,3.72,8.45,-15.58,0.35,-0.88,0.16,3.19,-7.69,0.38,-0.6
13.9979,-89.7034,-55.7,600.95,-140.07,-1.81,1.89,-1.77,-2.17,-5.6,2.38,-4.11,7.14,11.4,-16.99,-2.94,-2.89,-16.51,-2.14,0.67,-0.0,2.55,14.31,-11.64,7.54,-6.67,2.05,-9.84,1.46,0.4,-5.18,-2.6,-0.52
13.9979,-89.7026,-38.01,167.65,-65.64,-2.19,0.71,-0.23,-4.18,-4.63,2.86,-4.06,5.4,-2.59,-26.03,-2.1,-4.84,-12.36,3.5,-2.76,12.29,3.31,-2.86,-4.25,20.89,-2.99,2.6,-1.86,0.31,5.95,-8.05,-1.45,0.84
13.9979,-89.7019,-51.06,1150.4,-202.54,-3.87,2.27,-0.01,-3.47,-5.33,0.78,-2.77,6.59,6.74,-8.57,-3.76,-2.93,-3.53,5.63,6.07,-3.95,-3.36,3.79,-7.11,-3.4,0.56,12.97,-1.39,3.12,4.44,-7.36,-1.15,-2.25
13.9979,-89.7012,-26.65,71.76,-40.37,-2.58,0.38,-1.39,-5.02,-6.48,0.99,-3.13,6.66,11.78,-14.74,-3.1,-6.26,-0.73,0.19,-8.55,-2.02,-2.86,1.79,1.85,-1.0,-4.76,17.11,-0.36,1.41,1.91,-6.09,1.49,-0.09
13.9979,-89.7004,-29.16,561.08,-103.85,-3.35,-1.72,-1.61,-3.49,-4.87,0.39,-4.12,6.81,-5.53,-15.71,-2.46,-0.49,5.97,-3.47,-3.05,8.03,3.73,0.12,-2.42,11.68,-0.12,5.66,-3.77,-1.56,3.17,-5.51,-0.33,-0.1
13.9979,-89.6997,-44.8,599.06,-127.05,-3.44,-0.25,-1.09,-4.32,-6.05,1.71,-2.89,6.76,2.49,-0.0,-2.9,-8.95,-6.24,1.02,6.85,6.11,1.81,3.88,-12.99,2.73,-3.68,3.37,-4.01,3.2,5.7,-9.66,-1.23,2.22
13.9979,-89.6989,-8.45,202.3,-35.02,-2.56,1.33,-1.23,-2.59,-4.72,1.87,-2.92,7.14,20.91,-3.09,-2.6,2.72,-1.82,2.94,-5.92,1.84,-9.65,-7.52,-2.19,1.42,-5.63,-10.54,-1.97,-1.11,6.15,-7.44,1.37,2.22
13.9979,-89.6982,41.13,-20.82,51.19,-1.19,-0.98,-1.41,-2.73,-4.94,-1.05,-3.26,6.87,17.71,12.19,-3.75,-0.43,6.78,1.92,-5.47,4.66,-9.48,-2.05,-1.91,-6.11,-1.06,3.43,-1.24,2.46,2.77,1.4,1.37,2.0
13.998,-89.6975,16.21,927.88,-95.67,-2.26,0.63,0.06,-4.36,-1.85,0.81,-3.16,6.42,-0.33,6.74,-3.4,-4.67,2.87,5.49,-1.52,17.8,-1.59,3.99,-0.78,5.05,3.36,0.82,-4.47,2.86,4.58,0.62,-1.68,0.39
13.998,-89.6967,6.47,280.65,-27.09,-0.4,0.15,-0.42,-3.73,-4.82,0.52,-2.31,6.78,20.55,2.7,-2.79,-7.14,-1.09,0.75,-7.72,-0.36,0.39,-4.68,-0.28,5.86,-0.71,4.2,-4.04,1.29,1.62,-2.03,1.01,1.72
13.998,-89.696,6.52,18.6,5.41,-0.48,-1.93,1.52,-4.36,-3.56,0.92,-1.91,6.63,11.59,-0.0,-2.7,-3.7,-2.31,1.05,-9.89,-1.96,9.25,1.92,1.96,2.23,0.48,1.43,0.71,0.39,1.53,-0.22,-1.23,2.23
13.998,-89.6952,-0.58,863.33,-107.6,-2.57,-2.09,0.25,-3.64,-3.67,0.23,-2.31,7.55,27.61,-8.33,-3.33,-2.19,-3.47,2.01,-2.58,-0.31,0.02,6.52,1.01,3.49,-1.08,1.86,-0.07,1.55,-1.46,1.16,-1.05,1.1
13.998,-89.6945,-19.85,834.42,-126.82,-3.17,-2.18,1.67,-3.86,-3.1,0.42,-1.97,6.76,14.07,-4.11,-4.29,-1.45,-2.27,-0.15,-2.57,-0.93,7.19,0.39,-2.84,2.27,-3.01,2.97,0.8,0.23,0.81,-1.18,-2.23,0.04
13.998,-89.6938,0.05,-432.76,53.67,-2.96,-2.61,1.72,-3.49,-2.86,0.35,-2.47,6.22,11.03,-14.17,-2.32,-2.68,-3.24,-0.3,-1.39,-12.01,4.51,-1.41,0.5,2.15,0.09,1.0,-3.45,0.9,0.81,0.65,-1.61,0.49
13.998,-89.693,1.34,-214.83,28.2,-2.48,-4.8,1.27,-2.79,-2.1,-0.02,-2.67,5.54,6.93,-8.81,-3.16,-1.57,3.16,0.31,-6.87,-1.57,4.04,-4.82,0.97,0.39,-1.7,0.49,-2.85,-0.33,1.39,1.16,-1.61,-0.83
13.998,-89.6923,-3.37,310.69,-42.49,-3.12,-4.07,0.93,-3.38,-1.62,0.02,-2.2,5.6,26.5,-18.2,-4.6,-0.64,-1.47,2.29,-1.97,-2.23,3.02,-2.94,2.84,-1.48,-2.55,3.93,-2.74,0.81,-0.39,1.16,-1.17,-0.83
13.998,-89.6915,-10.72,431.25,-66.13,-2.79,-4.0,2.71,-3.85,-1.58,-0.4,-1.16,5.7,27.28,-23.59,-2.6,-0.82,-0.75,2.14,-3.64,-2.22,3.51,1.34,-0.0,-1.71,-1.7,2.36,-1.83,-0.04,0.22,0.09,-1.77,-0.57
13.998,-89.6908,-0.95,625.1,-78.62,-2.38,-5.5,2.67,-3.71,-2.9,0.14,-1.99,5.35,24.85,-0.0,-2.57,-1.99,-3.22,4.97,-2.79,0.7,3.72,-1.01,-0.24,-0.07,-1.21,2.12,-0.47,-0.52,-0.92,1.54,-0.88,-1.16
13.998,-89.6901,-3.02,586.11,-76.26,-2.48,-6.11,3.3,-3.02,-2.25,-0.2,-1.57,4.99,-0.0,2.71,-1.8,-0.62,-1.46,2.66,-2.45,0.87,3.56,-1.27,0.19,1.87,-1.71,2.53,-3.18,-0.35,-0.69,0.62,-0.91,-0.42
13.998,-89.6893,13.7,238.14,-13.33,-2.05,-5.24,3.41,-2.44,-2.78,0.02,-1.33,5.64,13.8,-6.26,-1.23,-0.36,-1.83,2.02,-1.86,0.68,3.53,-1.01,1.22,0.95,-2.13,2.8,-4.02,-0.41,0.92,1.25,-0.29,-0.4
13.9981,-89.6886,-6.22,763.88,-102.12,-1.49,-6.59,2.96,-1.15,-3.22,0.6,-0.68,5.41,15.49,-6.77,-0.58,-0.35,-0.71,3.15,-2.19,0.08,2.35,-1.36,0.2,1.78,-1.97,3.68,-1.72,-0.99,-0.85,0.66,-1.31,-0.54
13.9981,-89.6878,0.04,-194.44,24.18,-1.08,-6.71,3.26,-1.89,-3.31,0.28,-0.91,4.31,6.06,-17.04,-0.15,-1.22,-1.53,3.45,-2.59,-0.07,1.5,-0.93,-0.09,0.64,-1.69,2.66,-2.06,-0.94,-0.87,0.38,-1.31,1.5
13.9981,-89.6871,0.65,-560.65,70.35,-0.19,-6.58,3.05,-2.65,-3.61,-0.52,-1.34,4.7,-1.07,-22.72,-0.13,-0.76,-1.33,4.97,-2.05,0.4,1.13,-1.18,1.39,0.55,-1.76,2.12,-2.35,-1.68,-0.81,-0.22,-0.74,1.76
13.9981,-89.6864,-14.27,381.05,-64.19,0.35,-8.0,2.46,-2.81,-5.16,1.38,-0.88,4.29,8.39,-10.81,-0.41,-1.29,-0.66,3.97,-2.89,0.34,1.17,-0.25,0.61,1.02,-1.89,1.56,-2.15,-1.97,-3.06,-0.76,-1.2,2.43
13.9981,-89.6856,-17.49,230.54,-49.32,-0.13,-8.23,4.06,-1.92,-6.02,1.11,-0.82,4.04,6.49,-13.88,-0.13,-0.94,-2.55,3.24,-1.66,0.06,-0.05,0.02,0.99,1.08,-1.51,1.3,-2.19,-2.02,-2.81,-0.21,-1.01,0.24
13.9981,-89.6849,-16.55,-604.14,55.44,0.8,-8.67,3.29,-1.93,-6.4,1.37,-1.03,3.49,-10.21,-16.91,-0.69,-1.91,-1.01,2.61,-0.4,-0.34,-0.84,-2.29,-0.91,0.1,-1.61,2.33,-1.74,-1.55,-2.47,-0.44,-0.79,0.28
13.9981,-89.6841,-29.75,-747.49,57.63,0.88,-8.41,3.91,-1.0,-5.77,1.86,0.13,4.08,-13.85,-31.53,-0.69,-1.39,-1.77,3.94,-1.18,-0.9,0.04,-1.17,1.3,-0.33,-1.25,0.46,-1.06,-1.29,-3.73,-1.12,-1.18,0.49
13.9981,-89.6834,-17.18,114.96,-34.61,1.52,-8.38,5.23,-0.82,-6.83,2.38,0.79,4.41,7.61,-24.9,-0.33,-0.54,-0.88,3.16,-2.4,1.34,-1.73,-1.38,2.82,1.06,0.47,2.34,-0.35,0.17,-3.8,-0.46,-0.82,1.93
13.9981,-89.6827,-17.96,817.79,-122.86,0.55,-8.37,3.55,-1.25,-6.58,1.93,1.34,4.33,17.42,-8.88,-0.46,-0.93,-4.46,4.04,-2.03,1.23,-2.2,-0.16,3.63,0.77,-0.96,0.1,-1.11,-0.72,-5.81,-0.03,0.05,1.87
13.9981,-89.6819,-11.76,521.19,-78.69,2.04,-10.14,4.16,-1.23,-6.41,0.63,1.2,3.99,9.55,-3.51,-0.46,-1.12,0.09,4.28,-5.41,1.58,-1.09,-1.28,1.97,-4.59,0.59,0.73,0.16,0.0,-3.81,0.72,-1.05,1.56
13.9981,-89.6812,-18.57,677.15,-106.14,0.35,-8.79,3.43,-1.56,-7.49,0.47,1.04,3.7,0.7,-4.26,0.75,-0.24,-1.44,4.82,-0.19,1.1,-0.73,-1.06,2.22,3.38,-1.18,2.83,-1.1,0.32,-3.95,0.54,-1.45,0.94
13.9981,-89.6804,-12.59,-207.82,10.93,0.39,-9.13,3.15,-1.08,-7.44,0.01,1.89,3.45,-3.49,-19.58,0.05,1.17,-0.53,4.72,-1.86,0.52,-0.11,-1.03,1.26,0.54,0.06,0.21,-1.18,0.16,-3.95,2.43,-2.94,1.24
13.9981,-89.6797,-35.45,958.33,-161.13,-0.67,-9.15,4.17,-1.48,-6.99,0.55,2.32,3.51,11.97,-13.61,-0.58,-1.5,-0.52,4.04,-0.17,0.16,-0.18,-0.43,1.68,0.22,0.44,0.19,-0.44,-0.28,-5.17,0.05,-2.94,1.24
13.9982,-89.679,-57.37,1235.67,-221.59,0.7,-9.58,3.84,-1.07,-7.1,1.43,1.71,2.64,5.05,-16.25,-0.32,-0.69,-0.89,5.07,1.25,1.32,-0.5,0.25,1.52,0.41,0.44,0.01,-0.98,0.26,-6.32,-1.7,-4.07,2.17
13.9982,-89.6782,-14.22,-58.1,-9.61,-0.76,-8.34,2.88,-1.19,-7.73,1.33,0.8,2.43,-3.71,-18.1,0.36,0.27,-0.48,5.42,0.15,0.7,0.32,-0.92,0.37,0.7,1.21,0.96,-0.45,0.45,-6.49,3.37,-3.2,2.27
13.9982,-89.6775,-65.95,1335.33,-244.22,-1.0,-8.69,2.32,-1.18,-7.6,0.79,1.46,2.1,3.06,-8.3,0.2,1.87,-5.51,4.48,0.39,1.82,-1.09,-0.77,1.17,-0.61,-0.36,-1.89,-0.57,0.03,-9.82,0.13,-4.35,1.26
13.9982,-89.6767,-55.9,1294.36,-227.26,-0.46,-9.2,3.16,-0.47,-6.27,2.32,-0.47,2.07,-1.4,2.57,0.25,-0.09,-3.5,3.3,-2.81,0.32,-0.11,1.28,1.03,-1.37,0.98,-1.58,-0.24,1.71,-8.21,0.13,-3.77,1.02
13.9982,-89.676,-55.38,-130.06,-49.39,0.61,-7.48,1.89,-0.21,-6.92,1.74,0.8,1.77,-9.24,-16.67,-0.86,-0.55,-2.9,4.48,-14.24,-1.67,-1.1,-1.3,4.52,-3.76,2.65,-1.46,-2.49,3.15,-10.92,0.74,-3.15,2.04
13.9982,-89.6753,-37.49,499.15,-106.53,-0.17,-8.46,2.39,-0.68,-7.11,2.68,-0.27,1.66,-5.17,-20.19,-0.9,3.99,8.98,4.99,-3.95,-2.64,0.67,-1.82,0.66,1.51,2.65,-1.61,1.9,1.52,-9.13,1.93,-2.77,1.57
13.9982,-89.6745,-70.94,6.51,-84.83,-1.16,-8.95,2.82,-0.95,-5.25,3.92,0.82,2.8,-16.86,-27.78,-0.56,0.48,1.34,5.64,-0.92,-6.61,2.54,-1.95,-0.63,-8.98,1.53,-4.46,0.47,-1.41,-10.65,-0.42,-2.88,-0.38
13.9982,-89.6738,-35.35,32.1,-45.87,-1.18,-9.94,3.06,-0.47,-9.61,2.93,-0.25,2.26,-8.59,-15.69,0.66,0.55,-5.72,1.86,-0.94,-0.61,3.01,0.54,1.52,0.69,2.42,-2.89,3.58,1.37,-8.81,1.68,-2.8,2.21
13.9982,-89.673,29.49,-518.86,99.56,-2.31,-8.31,2.91,0.43,-7.75,5.13,-0.91,2.11,-0.0,-10.91,-2.01,-2.6,-3.42,5.16,-2.4,-0.02,1.14,0.05,6.64,-1.26,7.15,-0.47,0.54,2.81,-0.73,5.34,-1.72,0.65
13.9982,-89.6723,37.53,-587.33,117.63,0.46,-7.75,0.65,-0.8,-5.67,3.37,1.76,2.62,-0.0,-10.91,-0.06,-5.46,-1.08,7.83,-3.67,-3.65,8.02,4.23,-0.16,0.82,1.61,-3.38,2.04,1.11,-0.73,5.27,-2.02,3.1
13.9982,-89.6716,-4.84,-401.71,44.33,-1.39,-8.51,1.64,0.3,-6.95,4.83,-0.71,1.01,-0.0,-10.82,-1.94,2.12,-17.74,4.45,4.95,-2.29,1.88,1.27,3.56,-8.8,0.99,-4.93,-0.97,2.55,-9.82,5.01,-2.02,3.37
13.9982,-89.6708,-48.39,1533.97,-248.51,-0.36,-10.26,0.24,-0.33,-7.28,5.29,-2.33,0.66,18.55,-15.8,-0.58,-2.03,-0.26,3.88,7.13,-1.24,0.79,1.4,0.15,8.3,0.97,-4.89,-1.5,1.41,-13.07,3.58,-3.95,2.15
13.9983,-89.6701,6.09,-354.36,51.39,-0.09,-8.63,2.23,0.3,-8.56,5.29,-0.05,3.53,0.66,-11.94,-1.3,2.89,-7.56,5.83,0.57,-2.37,0.75,0.14,-0.65,-2.29,2.62,-1.68,3.65,3.68,-9.06,7.32,-3.62,3.57
13.9983,-89.6693,3.2,-731.63,95.01,-0.12,-9.43,2.1,0.29,-5.85,5.51,0.52,-1.09,12.32,-25.38,-2.79,-0.89,-9.38,6.03,-2.98,-1.87,2.88,3.4,-1.05,-5.97,4.27,-3.2,5.15,-0.09,-9.49,7.32,-2.41,1.44
13.9983,-89.6686,-50.19,44.65,-65.03,-1.96,-10.52,-0.07,0.96,-5.76,4.89,-1.32,-0.14,12.18,-25.69,-2.37,0.14,-5.33,5.92,-1.65,-4.14,-3.68,-1.17,1.18,-2.31,1.35,-11.57,-1.99,0.6,-9.5,0.6,-3.7,2.66
13.9983,-89.6679,46.31,-2826.62,407.44,-1.22,-6.41,-0.05,0.65,-7.03,4.18,-3.27,0.68,-0.0,-35.86,-3.74,-2.07,-18.02,2.79,0.81,-2.71,-0.44,1.96,-0.06,-0.88,2.01,-3.6,3.33,0.91,-8.58,11.46,-3.01,4.26
13.9983,-89.6671,44.91,-1861.9,285.5,-1.19,-9.52,0.42,0.17,-7.24,5.48,-3.38,-1.34,-0.0,-22.14,-2.58,6.53,-11.42,4.89,3.98,-2.69,-3.54,-5.84,1.47,-2.24,0.96,0.44,5.19,2.29,-7.82,11.43,-2.97,3.05
13.9983,-89.6664,8.21,143.06,-8.12,-0.96,-9.23,0.34,1.14,-6.07,4.68,-1.33,0.69,8.53,-0.0,-1.44,14.58,3.57,4.99,-4.0,-4.0,-4.16,-0.95,1.62,-7.23,5.15,-4.82,3.07,1.21,-7.82,7.59,-3.34,1.7
13.9983,-89.6656,-5.76,-721.46,83.21,-1.23,-10.86,-0.76,0.71,-5.68,5.5,1.04,2.85,18.37,-41.06,-2.43,2.76,-11.33,7.16,0.43,-1.18,-1.77,-1.49,0.09,-1.19,4.4,-5.12,6.12,1.26,-9.24,8.09,-5.5,2.49
13.9983,-89.6649,15.39,-1067.18,151.45,-1.07,-8.85,0.41,1.04,-6.8,5.25,-0.65,1.79,-0.0,-34.36,-0.68,-0.85,-2.04,3.91,11.23,-1.8,-1.83,2.21,-4.07,-3.16,2.54,-8.62,2.25,2.76,-10.71,9.12,-3.5,4.09
13.9983,-89.6642,-17.51,-26.18,-17.49,0.84,-9.27,0.73,-2.13,-5.39,6.17,-1.94,1.68,11.86,-26.48,-1.94,4.37,-4.8,0.98,9.49,-4.42,-0.61,-0.6,-0.47,-0.21,0.77,-5.45,1.29,3.48,-12.19,6.38,-4.36,4.09
13.9983,-89.6634,3.03,-69.58,12.28,1.11,-10.1,-0.36,-0.7,-5.17,6.24,-1.02,2.91,16.54,-26.8,-3.48,6.47,-7.27,6.13,8.92,1.48,-1.74,-0.15,-3.09,-3.98,2.23,-3.87,3.7,0.38,-8.76,6.64,-3.38,3.14
13.9983,-89.6627,-7.65,1242.38,-164.25,1.07,-7.84,-0.27,-0.91,-5.58,6.0,-1.5,2.79,10.19,1.81,-1.55,8.59,4.28,3.78,0.09,-2.0,-2.7,-1.06,-0.01,4.0,3.31,-0.98,2.99,-0.18,-8.63,6.64,-4.95,2.94
13.9983,-89.6619,24.35,-499.38,91.26,-1.35,-7.26,1.74,-2.01,-4.21,7.45,0.72,-0.37,10.15,-0.0,-1.08,1.25,-5.3,10.75,-4.92,-0.27,1.68,-5.57,3.89,-1.52,2.91,-16.37,4.01,1.74,-6.82,9.97,-5.02,2.81
13.9984,-89.6612,-76.56,1714.79,-305.04,0.73,-10.91,-0.1,0.23,-5.34,7.03,3.68,-0.93,-3.83,-0.1,-1.22,3.74,1.97,12.11,-0.47,-12.77,-6.71,4.0,-0.85,3.21,1.4,-11.68,3.94,-2.71,-8.62,-2.4,-4.86,2.42
13.9984,-89.6605,107.96,-3087.78,513.9,-1.68,-12.31,0.28,1.86,-3.92,5.31,-4.13,-0.03,-0.0,-11.02,-2.05,0.46,-9.46,9.94,2.05,-12.44,-3.45,1.25,0.05,3.06,1.81,-17.34,5.43,0.97,-9.15,23.01,-4.21,1.01
13.9984,-89.6597,16.37,-1065.15,152.55,0.14,-10.62,1.77,1.62,-3.59,4.96,0.38,-0.11,-5.68,-11.02,0.29,4.58,-15.34,11.04,-0.5,0.63,-3.99,2.68,0.18,-4.43,-2.49,-6.55,-4.66,2.93,-10.01,10.42,-4.13,2.32
13.9984,-89.659,-84.99,2110.46,-364.64,-0.3,-10.71,2.28,1.88,-2.3,4.55,-0.23,2.02,3.9,-0.0,-3.04,3.41,-4.73,10.5,-10.07,3.73,3.28,0.62,3.99,-1.49,6.22,-3.23,-0.8,1.41,-10.2,-3.3,-3.69,1.94
13.9984,-89.6582,-4.1,92.8,-16.47,2.77,-11.64,2.05,0.1,-2.53,3.25,-2.37,1.31,-1.98,-0.08,-2.97,10.4,-6.5,10.82,-14.36,3.71,-0.4,7.62,-1.64,-13.8,4.58,-0.8,2.66,0.75,-10.2,7.3,-3.56,2.17
13.9984,-89.6575,16.63,74.02,10.46,0.37,-12.14,1.15,1.08,-1.14,5.82,-1.07,2.47,-17.17,1.23,4.87,-1.84,-5.04,11.85,4.39,-0.35,-1.01,2.02,1.86,5.74,5.94,-7.01,3.66,-0.6,-8.9,9.37,-3.56,1.97
13.9984,-89.6568,-4.05,-280.61,30.3,0.96,-13.64,0.57,0.79,-0.85,4.33,-1.31,1.18,-4.45,-1.56,-1.4,-0.92,-7.61,9.26,-7.78,0.51,-1.22,0.91,-1.79,1.11,6.32,-9.27,7.75,-2.25,-10.39,8.02,-4.15,1.97
13.9984,-89.656,31.94,-1624.05,241.09,1.29,-11.06,0.82,0.03,-2.44,5.23,-3.31,0.25,-5.42,-11.27,4.09,-2.99,-3.23,9.14,-11.66,-3.59,-4.77,4.9,0.02,-5.83,4.98,-4.58,2.56,-2.19,-8.75,11.89,-3.37,0.63
13.9984,-89.6553,26.68,-207.83,57.65,0.27,-12.03,-0.46,-0.27,-2.09,5.31,-0.76,-0.14,2.7,-0.0,7.0,7.26,-7.61,7.63,5.87,-4.3,-6.97,5.95,-0.27,-0.69,4.93,-4.32,5.58,-3.43,-9.99,11.89,-3.52,0.95
13.9984,-89.6545,22.98,8.85,26.15,-0.53,-12.42,1.03,0.06,-1.56,5.54,-0.16,0.19,-0.0,-19.71,3.21,3.91,-5.8,4.94,6.63,4.66,-1.62,6.23,-0.35,2.99,6.43,-3.34,2.61,-2.55,-8.81,9.25,-2.97,2.56
13.9984,-89.6538,32.29,-205.81,64.07,-0.26,-12.66,-0.06,0.02,-1.87,4.75,-2.08,-0.03,3.39,-6.54,0.38,8.68,-7.09,5.51,5.6,1.58,0.69,5.33,-0.87,-2.86,3.86,-5.73,3.11,-3.17,-9.15,10.72,-2.73,2.16
13.997,-89.716,66.84,-1369.29,247.53,1.53,5.93,1.1,-6.97,-9.59,12.36,-16.86,9.93,10.17,-2.17,-1.77,3.66,-5.98,2.77,-5.27,-0.0,-2.98,5.02,-9.5,-4.46,-3.81,2.84,-6.08,4.91,13.11,-1.64,1.21,3.02
13.997,-89.7152,-7.54,1143.02,-149.7,1.05,8.48,0.16,-7.14,-8.28,13.88,-13.54,10.07,6.96,6.86,-4.28,0.85,6.67,-2.39,-1.82,-4.36,7.81,5.74,0.04,-1.13,-4.19,-1.23,-2.82,3.36,6.56,-11.33,3.87,5.35
13.997,-89.7145,93.99,-932.62,225.85,1.6,6.95,0.94,-7.59,-5.8,16.53,-14.24,10.0,-1.62,-5.64,-3.13,12.91,-3.98,1.35,8.81,5.0,-10.28,13.46,-4.41,-0.54,-8.55,4.78,10.13,3.9,6.56,3.37,3.96,3.37
13.997,-89.7137,48.83,-1277.38,215.06,-0.2,6.43,0.1,-6.59,-7.38,11.76,-14.6,9.38,-5.83,-3.04,-4.0,5.15,-18.0,-1.25,-3.29,6.71,-13.29,9.54,5.8,1.3,0.35,4.31,7.72,5.23,8.55,-4.83,4.39,4.22
13.9971,-89.713,20.67,-815.65,124.94,0.99,5.44,1.89,-6.71,-9.06,12.16,-13.53,10.03,-19.42,-20.28,-1.79,0.21,6.75,-1.06,0.8,7.84,-11.91,12.13,3.29,10.68,-3.29,-5.04,-4.4,-3.72,9.66,-7.68,2.57,4.22
13.9971,-89.7123,30.99,-2074.55,292.33,-7.69,7.06,-0.21,-7.21,-5.55,12.43,-13.18,9.0,-15.01,-10.16,-3.58,-2.1,-3.48,-1.15,-8.26,-5.32,-5.4,-1.48,2.2,-5.25,3.49,2.06,-3.07,-1.96,6.18,-4.67,2.57,5.07
13.9971,-89.7115,43.63,-2009.52,299.29,0.94,6.74,-0.37,-6.99,-5.64,10.87,-11.45,8.81,-14.5,-26.18,-4.32,-1.04,1.97,0.31,-11.57,3.44,-4.96,9.65,1.21,-0.47,-0.03,3.04,-1.5,3.47,8.56,-5.61,3.89,4.93
13.9971,-89.7108,-19.2,-579.89,48.85,1.4,4.82,1.52,-7.56,-2.87,8.44,-11.62,8.9,-0.0,-23.09,-1.62,-8.05,1.49,-3.11,0.37,-3.2,-7.79,4.93,-9.38,2.95,-7.19,0.57,3.95,5.29,-2.21,-5.62,2.78,3.57
13.9971,-89.71,13.34,-819.89,116.89,2.44,7.13,1.85,-6.78,-2.46,9.56,-10.16,8.53,-0.0,-16.31,-4.66,-0.05,-2.74,2.11,3.67,-8.91,-6.42,-6.85,-11.83,2.6,9.95,4.36,-2.38,3.33,9.35,-8.23,2.99,2.94
13.9971,-89.7093,-29.96,663.54,-117.25,2.34,6.81,0.41,-5.29,-5.56,7.39,-9.92,8.32,7.07,-0.0,-4.23,3.83,1.96,-2.35,-2.32,-7.47,-4.95,10.81,4.39,-0.21,-5.57,-0.67,-3.49,-1.97,6.36,-10.95,2.23,1.99
13.9971,-89.7086,-12.61,46.32,-20.61,5.83,5.03,-1.2,-4.58,-6.09,7.75,-8.89,7.77,1.98,-0.0,-2.87,-1.14,-0.26,-3.33,-10.26,6.38,-6.4,10.46,-1.31,3.68,-1.59,1.45,-8.02,4.57,7.15,-8.47,3.03,-0.36
13.9971,-89.7078,7.68,606.87,-65.83,-0.93,4.11,-1.3,-5.32,-6.06,6.56,-6.63,7.62,-12.99,-0.0,-1.97,9.34,-8.25,12.21,13.85,1.58,-3.01,2.83,1.98,-2.28,2.03,15.61,-2.02,5.09,7.15,-6.51,3.7,-0.19
13.9971,-89.7071,-32.62,913.02,-151.24,1.37,4.12,0.16,-5.71,-5.31,6.06,-7.93,7.53,-4.82,-0.0,-3.81,2.75,-3.53,0.76,3.46,-7.08,7.83,5.15,-2.03,7.41,1.22,5.18,-1.82,16.61,8.45,-10.79,1.44,-0.19
13.9971,-89.7063,58.51,-1809.29,292.51,-1.55,4.45,-0.07,-5.38,-6.21,5.43,-6.64,7.45,-20.97,-0.0,-3.96,1.69,-16.35,0.31,7.24,6.72,-5.91,4.43,0.64,5.56,9.89,-4.6,3.13,6.0,9.01,-10.68,13.8,0.79
13.9971,-89.7056,-13.51,301.73,-53.22,-0.49,4.55,-0.45,-6.77,-7.27,5.91,-5.85,7.0,4.92,-2.59,-3.62,-0.0,-3.84,1.14,-1.69,-2.8,-2.47,1.9,0.39,2.36,-3.13,4.87,-3.51,7.9,7.25,-9.19,3.24,-0.22
13.9971,-89.7049,-43.47,1051.32,-181.22,-1.46,3.59,-1.55,-3.7,-5.93,4.6,-5.44,6.58,-6.39,1.36,-2.63,-13.22,0.23,-2.14,7.28,9.05,-1.79,0.63,-4.35,13.38,1.95,-5.66,-1.51,3.65,2.94,-6.3,-0.97,-1.0
13.9972,-89.7041,-37.77,234.19,-73.56,-2.76,1.63,0.47,-4.11,-5.91,2.57,-3.65,6.49,-2.0,-12.61,-2.75,-0.8,-6.07,2.15,-1.11,4.88,0.04,3.29,-12.06,-2.85,3.37,-2.88,2.39,2.39,1.41,-5.57,-1.1,0.91
13.9972,-89.7034,-52.03,432.76,-114.95,-2.92,3.9,-1.28,-3.36,-5.16,1.73,-2.16,5.43,9.93,-16.45,-2.61,-9.97,-4.89,-3.76,1.36,5.49,4.24,3.64,-15.88,2.66,2.82,-8.13,-3.25,1.42,4.14,-7.59,-2.12,-0.26
13.9972,-89.7026,-37.31,232.46,-72.81,-0.9,1.11,-1.04,-4.17,-5.03,1.55,-2.89,6.26,5.99,-11.21,-2.45,-3.69,-16.15,-2.39,-0.38,-0.39,8.34,1.01,-3.25,4.38,-6.0,4.97,1.99,1.04,6.23,-9.3,-0.22,0.93
13.9972,-89.7019,-41.67,852.83,-154.66,-3.83,0.83,-1.48,-4.42,-4.89,-0.22,-2.56,5.43,9.56,-25.09,-3.19,4.33,1.63,2.7,4.54,-0.91,2.04,1.4,-8.71,11.24,-2.66,-4.04,2.17,-3.79,7.05,-7.88,-0.78,-2.51
13.9972,-89.7012,38.86,-1777.12,265.65,-4.09,1.22,-0.28,-5.46,-5.82,-0.33,-2.48,6.88,4.61,-19.56,-3.57,-1.88,-2.89,2.79,1.93,-1.7,-10.37,-1.08,1.47,-9.53,-3.37,4.4,-0.56,2.29,8.82,0.75,-0.87,-0.36
13.9972,-89.7004,-22.27,-776.19,69.68,-4.06,-0.13,-2.18,-2.81,-4.9,-0.21,-3.5,6.38,-2.41,-18.85,-2.94,-3.84,6.24,2.0,-7.47,0.59,-8.73,6.22,-5.22,-9.43,-5.07,-2.15,-0.64,0.52,5.11,-5.14,-0.87,-0.36
13.9972,-89.6997,-26.52,-164.62,-10.98,-1.8,2.17,-0.92,-0.89,-5.4,4.15,-2.78,6.79,9.07,-22.71,-3.71,-3.27,-4.28,-0.39,-6.68,3.05,4.67,5.26,-11.99,-0.11,-3.03,0.15,-2.68,-7.08,3.7,-6.28,0.32,0.32
13.9972,-89.6989,-5.51,150.0,-25.06,-3.64,0.01,-2.67,-3.09,-4.68,2.32,-3.69,7.21,10.35,-16.8,-3.33,-2.71,-4.58,2.46,-5.1,2.23,14.48,-3.08,-3.79,7.81,0.7,-1.16,-3.7,2.51,6.03,-6.28,1.34,1.02
13.9972,-89.6982,-2.79,493.19,-64.32,-2.31,-0.84,1.2,-2.73,-4.48,2.48,-3.56,6.52,-0.0,-0.0,-4.37,-1.03,-6.98,2.18,-5.99,5.41,-1.47,2.45,-7.14,-6.15,-7.71,0.12,-2.84,1.13,2.46,-2.34,0.78,-0.61
13.9972,-89.6975,39.46,-497.13,108.16,-1.77,-0.47,-2.2,-4.03,-4.09,0.2,-3.06,7.21,18.03,1.02,-3.16,-1.25,-1.63,-0.93,-3.26,14.08,-4.81,-8.39,-1.09,-5.1,-2.95,-1.06,-3.8,-1.37,4.01,2.72,-0.19,0.41
13.9972,-89.6967,-20.86,1972.07,-268.77,-1.99,-0.53,0.56,-3.36,-3.06,-0.11,-2.07,6.73,8.73,3.71,-3.97,-1.35,-3.12,0.83,3.16,9.3,12.91,11.71,-1.39,3.62,-3.41,3.74,-4.6,-1.43,1.56,-2.34,-0.75,-1.3
13.9972,-89.696,3.59,1207.45,-145.25,-2.09,-1.92,0.99,-3.82,-2.59,-1.59,-2.87,6.4,22.21,6.54,-2.14,0.5,-1.79,-0.07,-2.0,-3.13,7.65,1.96,1.04,0.98,2.81,2.64,-0.08,0.37,1.75,-0.37,-0.75,0.78
13.9973,-89.6952,-2.49,256.7,-34.73,-1.9,-1.29,0.23,-4.22,-2.43,-0.79,-2.38,6.4,20.62,-12.92,-4.03,0.54,-3.57,-2.59,-2.07,0.92,-4.23,4.34,1.1,2.86,-1.51,3.09,0.27,2.39,1.75,-0.43,-1.24,0.18
13.9973,-89.6945,14.59,-218.35,44.29,-3.31,-2.39,0.73,-3.27,-3.01,1.1,-1.47,6.17,13.54,-10.98,-3.75,-1.54,-1.84,-0.14,-1.59,-2.31,2.28,-0.36,0.83,0.17,0.46,2.23,-2.72,-0.22,1.49,1.08,-0.21,0.21
13.9973,-89.6938,1.69,-303.9,39.65,-4.51,-2.31,1.53,-3.96,-1.63,-0.24,-2.01,5.21,12.83,-18.17,-2.03,1.45,-6.62,0.5,-4.0,-1.6,2.6,-0.91,1.86,0.75,-0.43,1.52,-2.25,-0.49,1.6,-0.55,-0.21,-0.09
13.9973,-89.693,-5.42,231.81,-35.14,-3.17,-4.12,-0.44,-3.25,-1.81,-0.29,-1.95,5.54,13.78,-13.67,-1.63,-0.26,-1.8,2.77,-4.1,0.83,1.38,1.17,-0.58,0.65,-1.59,1.98,-1.34,0.34,0.82,-0.55,-0.74,-0.09
13.9973,-89.6923,-6.91,603.28,-82.93,-2.76,-3.16,0.53,-2.86,-1.36,-0.27,-1.38,4.99,25.6,-12.41,-3.09,-1.09,-4.95,1.3,-1.52,-0.81,1.37,2.27,0.43,0.88,-0.74,3.25,-2.17,-0.3,1.35,0.19,-1.82,-0.68
13.9973,-89.6915,-14.58,745.51,-109.66,-2.33,-3.94,2.18,-3.34,-1.16,0.25,-2.22,6.1,14.82,-10.29,-2.51,0.98,-2.79,3.13,-2.01,-0.64,2.89,0.72,-0.06,1.28,-1.1,3.55,-1.8,-0.72,-1.58,-0.01,-1.03,-0.39
13.9973,-89.6908,-2.23,199.9,-27.42,-3.86,-4.47,1.4,-3.48,-2.27,0.96,-1.26,5.75,-0.0,-5.74,-2.55,-0.69,-2.32,3.5,-2.3,-1.32,3.28,-1.73,0.4,0.18,-0.23,2.89,-3.1,0.37,-1.02,1.02,-0.73,-0.6
13.9973,-89.6901,-1.32,702.41,-88.66,-2.38,-5.26,2.74,-3.03,-2.2,0.14,-1.66,4.77,18.31,0.08,-2.53,-1.65,-2.59,3.22,-3.09,-1.74,3.03,-1.55,1.0,2.53,-1.47,4.33,-2.89,-0.91,-1.02,1.02,-0.25,-1.3
13.9973,-89.6893,0.7,332.95,-40.47,-2.4,-5.09,3.34,-2.7,-3.03,-0.72,-1.31,5.58,10.38,-7.76,-1.42,-0.96,-0.64,2.82,-2.26,0.38,2.81,-0.4,1.11,0.21,-0.76,2.91,-2.89,-1.17,-0.73,1.04,-0.25,-1.3
13.9973,-89.6886,1.63,84.78,-8.59,-1.77,-5.32,3.49,-1.49,-2.89,-0.12,-0.87,5.22,14.97,-21.59,-0.67,-0.62,0.42,3.37,-2.41,-0.33,2.63,-0.96,1.37,0.44,-1.33,2.67,-2.63,-1.63,-0.95,1.53,-1.31,-0.05
13.9973,-89.6878,-5.49,-636.62,72.5,-0.98,-6.14,2.79,-1.01,-3.01,-0.15,-0.69,4.92,-6.47,-24.27,-0.3,-0.94,-0.65,3.45,-2.34,0.0,1.96,-0.93,1.0,-0.08,-1.1,2.25,-2.79,-1.54,-0.44,0.13,-1.9,1.12
13.9973,-89.6871,2.1,-154.3,21.64,0.27,-6.85,2.47,-2.1,-3.35,0.65,-0.81,4.22,9.75,-17.0,-0.91,-1.17,-1.58,3.84,-1.8,-0.66,1.22,-0.69,0.38,-0.07,-1.01,1.7,-2.41,-1.6,-1.14,1.37,-1.88,1.52
13.9974,-89.6864,4.87,-296.55,42.57,0.02,-6.2,2.95,-2.2,-4.03,0.74,-1.0,3.91,0.08,-10.86,-0.66,-0.53,-1.48,3.29,-2.63,0.31,0.99,-0.23,0.25,0.78,-1.31,2.02,-2.01,-2.25,-1.91,1.37,-0.67,1.18
13.9974,-89.6856,-15.39,-291.17,17.94,0.04,-7.38,2.69,-1.59,-4.1,1.25,-0.15,3.77,-11.06,-12.46,-0.62,-0.31,-1.64,3.71,-2.03,-0.83,0.06,-0.64,-0.54,1.04,-0.39,2.08,-1.01,-2.16,-3.16,0.51,-1.25,0.27
13.9974,-89.6849,-27.33,-452.48,23.84,-0.14,-8.53,4.32,-1.56,-5.12,1.67,0.21,3.18,-19.11,-17.43,-1.04,-1.29,-1.21,2.8,-0.25,-1.09,0.49,-1.34,2.87,-0.17,-1.57,2.5,-1.12,-0.39,-3.41,-0.09,-2.12,0.29
13.9974,-89.6841,-20.92,38.76,-29.57,-0.42,-7.25,3.95,-1.69,-5.23,1.45,0.62,2.44,-2.23,-11.1,0.26,-1.13,-1.75,2.52,-2.56,0.3,0.18,-1.64,1.2,-2.11,-1.01,2.01,-1.4,-2.72,-5.13,0.92,-1.57,1.19
13.9974,-89.6834,-11.24,-689.63,72.37,0.76,-7.02,4.13,-0.96,-5.73,1.9,0.94,4.04,-8.7,-26.92,-0.59,-0.79,-0.65,3.46,-3.53,1.9,-1.52,-0.93,2.92,-2.35,1.08,1.71,0.82,-1.35,-2.55,0.19,-1.39,1.82
13.9974,-89.6827,-13.44,618.99,-92.81,1.4,-7.99,3.47,-0.88,-6.27,1.02,1.7,4.05,14.25,-0.0,-0.29,-1.97,-2.87,3.52,-3.97,0.92,1.09,-0.58,2.1,1.89,0.13,0.03,1.12,-0.69,-3.97,-0.39,-0.45,2.4
13.9974,-89.6819,-3.27,171.6,-25.19,0.81,-9.03,4.33,-1.15,-5.8,0.99,1.73,4.06,-0.0,-0.0,0.03,1.23,-1.5,4.66,-1.6,0.44,1.08,-1.07,1.1,1.39,-0.51,1.52,-1.03,-1.02,-3.91,1.75,-0.58,1.16
13.9974,-89.6812,-10.46,360.11,-57.14,-0.24,-8.31,3.52,-1.59,-6.23,0.2,1.8,2.91,-0.21,-3.19,-0.58,-0.4,-1.1,6.05,-1.05,-0.5,-1.37,-1.24,2.48,-0.12,-0.69,1.63,1.06,-1.27,-3.91,1.71,-2.18,1.95
13.9974,-89.6804,-8.29,-37.7,-5.13,0.28,-9.95,3.42,-0.99,-5.95,0.98,2.05,3.1,-3.69,-8.24,-0.44,-0.85,-0.12,3.45,-0.73,-0.03,-1.2,-1.06,2.02,-0.93,-0.12,-0.71,-0.27,-0.41,-4.37,2.21,-2.18,1.95
13.9974,-89.6797,-37.89,1275.26,-203.42,0.1,-8.92,4.06,-1.32,-6.27,1.03,1.42,2.85,16.24,-8.8,-0.45,-0.97,-0.52,4.38,-0.02,1.21,-1.3,-0.38,0.59,-0.34,-0.19,0.03,-0.81,-1.0,-6.62,0.68,-3.3,1.79
13.9974,-89.679,-34.09,632.39,-119.01,-0.53,-8.64,3.03,-0.96,-5.84,1.98,0.42,2.84,3.94,-12.27,-0.51,-1.91,-1.89,5.5,-1.3,1.44,-1.23,0.05,0.91,-0.64,0.55,-0.16,0.75,-0.16,-7.45,1.49,-3.72,2.86
13.9974,-89.6782,-21.74,999.82,-150.11,-1.43,-8.96,3.63,-1.6,-5.88,1.04,1.71,1.62,9.43,-8.6,0.73,-0.58,2.72,5.56,-1.93,3.09,-0.43,0.38,1.82,-0.76,1.81,-0.38,0.0,0.5,-4.56,1.1,-3.09,2.38
13.9975,-89.6775,-39.76,1169.72,-192.6,-1.11,-8.41,4.29,-0.85,-7.02,1.7,0.6,3.04,-3.37,2.83,-0.18,-0.75,-2.47,4.4,0.39,3.01,1.13,-1.72,0.79,-0.46,3.04,-0.94,-0.09,-1.43,-7.04,1.1,-3.89,2.13
13.9975,-89.6767,-39.51,1012.09,-172.73,-0.59,-8.44,2.29,-0.81,-7.39,1.16,1.24,2.68,6.32,-3.99,-0.12,-0.28,0.31,3.9,-3.89,1.36,-0.44,-0.85,0.71,-1.83,1.16,-1.8,0.17,0.83,-8.41,2.36,-4.52,2.46
13.9975,-89.676,-58.2,1336.11,-235.21,-1.17,-8.23,2.25,0.52,-7.64,2.82,0.54,2.59,-7.48,8.71,-1.79,1.43,-3.41,5.24,-1.18,-0.83,-0.12,-1.09,0.24,-4.68,2.37,-0.62,0.84,-0.35,-10.8,0.39,-3.71,2.78
13.9975,-89.6753,-37.38,227.53,-72.59,-0.31,-7.88,1.17,-0.86,-7.9,3.1,-1.06,1.99,-0.4,-19.68,-1.81,-2.7,0.51,5.32,-0.57,-0.32,0.19,-0.73,3.45,-0.96,1.38,-2.38,1.18,0.22,-10.72,2.08,-2.4,2.5
13.9975,-89.6745,-35.09,-94.97,-29.73,-0.7,-8.22,2.18,-1.07,-7.67,3.05,-0.64,2.2,8.08,-38.14,-1.52,-1.3,1.24,2.16,4.69,1.39,-0.77,0.88,-0.45,-4.59,0.99,-2.58,2.32,0.94,-7.45,0.86,-2.84,2.3
13.9975,-89.6738,-22.99,-547.01,40.89,-2.44,-7.1,2.07,1.13,-5.88,2.82,-0.65,0.94,8.08,-36.76,0.01,-2.99,-4.65,2.93,3.02,-4.48,1.59,-1.41,1.43,-2.25,3.54,-1.4,1.34,0.99,-7.13,1.02,-2.42,3.89
13.9975,-89.673,-27.2,453.37,-88.69,-2.96,-7.14,1.5,1.27,-6.2,1.64,-1.17,2.77,-3.76,-7.56,-1.29,-0.31,-0.19,6.65,0.59,-1.45,0.89,-4.82,3.75,-2.34,3.3,-1.88,2.7,0.92,-8.53,1.83,-2.11,2.54
13.9975,-89.6723,-9.73,-109.95,2.17,-1.28,-8.89,2.45,1.43,-6.61,2.91,0.77,1.61,-8.41,-7.56,-0.97,2.25,-0.54,2.57,0.07,-3.26,4.09,0.33,-2.1,0.61,2.01,-7.37,1.69,1.44,-7.12,3.28,-2.11,2.54
13.9975,-89.6716,-26.12,615.48,-107.63,1.12,-8.77,1.93,1.72,-6.17,5.91,0.61,0.1,5.54,-11.6,-0.8,2.27,-4.93,3.78,1.37,-1.35,-0.11,1.21,3.08,-3.2,2.82,-3.22,1.09,1.68,-10.91,3.28,-2.35,3.09
13.9975,-89.6708,11.06,-533.57,79.6,-0.62,-8.1,1.93,-0.06,-5.13,5.89,-0.24,1.24,-3.06,-7.2,-0.71,-1.67,-7.16,3.1,0.01,-2.58,0.38,2.83,3.97,-0.99,1.96,-3.43,2.16,0.31,-6.35,6.22,-2.37,1.75
13.9975,-89.6701,17.35,-652.17,101.85,-0.79,-10.52,1.87,0.29,-5.57,6.73,-1.41,-0.72,-3.06,-0.0,1.2,1.76,-10.49,7.25,0.92,-1.48,-2.81,-0.02,3.63,-0.19,4.36,0.39,2.03,1.01,-7.88,8.04,-2.26,1.49
13.9975,-89.6693,13.25,-560.09,85.53,-0.54,-7.81,1.14,0.7,-6.15,5.44,-1.65,-0.99,10.06,-15.79,-0.76,-1.63,-10.96,7.79,5.18,-5.3,0.65,0.5,-1.36,-0.09,5.44,-1.33,-0.12,2.0,-8.64,7.15,-1.46,1.63
13.9975,-89.6686,-9.13,-508.21,52.56,-2.46,-7.63,-0.12,0.19,-5.47,5.67,-1.22,-1.35,18.93,-20.71,-0.57,-1.99,-4.88,4.27,-9.61,-5.45,1.03,-2.42,0.38,-0.41,1.29,-2.11,3.09,0.49,-6.92,4.69,-4.13,3.01
13.9976,-89.6679,0.68,8.65,-0.28,-1.62,-8.07,-0.65,-0.34,-5.85,4.27,0.39,0.22,27.86,-28.61,-1.14,-1.21,-4.05,6.65,1.96,-2.63,-1.62,3.44,-0.34,1.67,1.91,-8.57,4.7,2.13,-6.92,3.6,-2.56,4.75
13.9976,-89.6671,3.99,-995.37,128.91,-0.63,-8.2,0.54,0.22,-5.95,5.63,-1.83,-0.27,20.17,-28.61,-3.26,-2.09,-16.16,6.48,5.85,-3.61,-4.42,-2.97,-0.08,-0.32,1.89,-0.41,2.75,2.4,-7.82,7.98,-4.47,1.83
13.9976,-89.6664,4.31,-1403.25,180.21,-2.22,-6.98,0.38,2.33,-4.78,4.28,-1.6,-0.14,-0.0,-53.76,-3.06,3.06,6.7,3.06,0.56,-3.63,-0.81,-1.78,-0.35,1.01,3.51,-3.44,3.68,2.98,-8.16,7.1,-4.23,3.44
13.9976,-89.6656,13.14,-674.4,99.74,-0.97,-6.78,-0.03,1.96,-4.8,3.54,-2.31,-0.09,-0.0,-40.07,-2.08,4.43,12.3,6.86,3.33,-3.28,-1.65,-0.29,-1.08,-4.49,4.76,-1.39,6.08,2.98,-8.85,8.73,-4.23,3.44
13.9976,-89.6649,-6.39,115.73,-22.02,-2.21,-8.76,-0.48,2.13,-4.74,4.66,-2.57,0.82,14.81,-26.8,-0.3,4.38,-5.18,5.13,6.39,-3.31,0.18,3.34,-2.73,-1.64,2.83,-2.15,7.84,2.03,-9.06,8.58,-5.64,1.53
13.9976,-89.6642,7.31,-682.25,93.84,1.2,-7.9,-0.3,0.57,-6.06,6.26,-2.1,1.31,-1.44,-25.11,-0.49,10.17,-5.37,2.99,3.05,-2.8,0.14,-0.91,1.07,-0.31,4.72,-6.01,1.89,2.0,-8.85,9.69,-6.69,4.2
13.9976,-89.6634,29.0,-1395.41,208.63,0.43,-8.54,0.35,-0.71,-5.23,5.84,-0.49,1.23,1.64,-22.83,-2.57,6.98,-6.82,4.21,2.1,-3.89,0.14,-2.34,-0.58,-5.11,2.3,-4.19,4.83,1.44,-6.89,10.28,-5.0,3.43
13.9976,-89.6627,-1.18,-374.63,45.39,0.64,-10.7,-1.81,-1.14,-5.72,3.51,-1.41,3.1,14.37,-16.71,-2.58,4.7,-11.72,3.37,3.33,-4.61,-1.31,-1.56,3.25,-1.83,2.17,-3.07,2.17,1.15,-7.25,5.89,-3.93,2.68
13.9976,-89.6619,-2.87,-894.96,108.39,-1.51,-9.57,1.78,0.91,-5.68,6.66,-3.23,-0.81,-3.29,-16.18,-0.89,2.62,-15.62,1.25,13.57,-0.26,-6.71,-2.18,-2.18,3.49,3.28,-9.01,4.84,-3.82,-8.99,7.32,-4.06,1.87
13.9976,-89.6612,-36.18,669.47,-126.55,0.06,-8.88,-0.35,1.61,-4.88,7.4,-3.07,1.14,-2.87,-9.53,-0.54,2.24,-6.55,9.49,2.43,-2.1,-3.95,9.32,-3.45,0.57,2.07,-9.31,4.24,2.41,-8.71,3.06,-4.76,2.31
13.9976,-89.6605,27.79,-828.79,136.52,0.79,-10.66,1.64,2.66,-1.76,5.35,-6.47,1.7,-0.0,-0.0,3.69,6.6,-6.76,9.88,-1.63,-2.46,-1.4,12.19,-5.64,-2.57,-0.16,-11.44,3.92,-2.61,-7.5,11.33,-4.89,1.88
13.9976,-89.6597,22.85,-837.9,131.82,2.08,-12.2,1.58,-0.99,-2.4,5.42,-0.91,-1.9,-0.0,-18.96,-0.29,2.2,-5.31,6.61,-8.84,-2.48,3.2,5.37,-0.84,-2.27,10.83,-2.18,3.86,-0.71,-7.5,9.64,-4.09,2.45
13.9977,-89.659,3.77,-244.03,34.98,-3.46,-12.26,-0.26,-0.26,-2.03,5.17,1.94,1.42,-10.67,0.57,-0.34,8.38,-4.79,7.55,1.1,-7.0,-13.89,7.27,1.92,4.59,0.64,-9.76,1.14,1.02,-9.11,8.02,-3.68,1.88
13.9977,-89.6582,48.75,-472.57,116.91,-2.33,-14.46,1.81,0.78,-0.96,4.05,0.37,-1.21,-7.93,0.57,4.02,12.41,1.04,7.05,-1.28,-8.38,-3.22,4.8,0.55,3.11,9.86,-10.85,5.51,0.14,-8.91,13.92,-3.68,1.88
13.9977,-89.6575,1.84,-65.52,10.38,2.93,-13.24,-1.84,0.25,-0.88,3.03,-1.55,2.93,-3.22,3.89,-2.44,-9.29,-13.93,13.87,2.12,1.57,1.34,-0.18,3.39,2.04,4.2,-5.98,3.32,-1.32,-9.37,7.69,-3.09,1.25
13.9977,-89.6568,3.24,605.42,-71.89,2.26,-11.64,0.29,0.61,-1.53,2.88,-1.86,3.32,-16.51,-0.41,3.84,-6.56,-19.46,9.5,-0.0,-0.29,0.71,2.84,3.02,7.88,2.5,-5.5,5.92,-1.58,-8.56,7.69,-3.48,1.27
13.9977,-89.656,4.06,389.43,-43.91,1.34,-9.49,-0.17,-0.24,-1.71,4.19,-2.67,0.49,-6.38,-6.57,4.5,-6.78,-6.51,9.4,19.66,1.52,-1.44,5.19,-2.77,2.57,4.77,-5.76,4.57,-1.71,-9.88,9.88,-4.6,0.82
13.9977,-89.6553,-3.09,462.19,-61.51,0.94,-11.49,0.98,-1.42,-1.24,4.77,-0.32,0.45,2.33,2.58,-2.67,10.32,-8.23,4.98,2.73,-0.17,-8.27,6.77,0.11,-2.06,4.21,-8.02,4.89,-2.38,-10.23,8.81,-4.01,0.43
13.9977,-89.6545,20.59,-757.98,119.29,0.34,-11.4,0.33,0.18,-0.76,4.9,0.03,-0.52,-9.59,-0.0,-1.41,4.37,-7.02,3.71,4.65,-4.06,3.17,5.59,-0.31,0.75,2.96,-4.44,1.7,-4.86,-7.77,9.58,-4.24,2.35
13.9977,-89.6538,25.74,-811.75,132.16,0.85,-12.71,-1.12,0.01,-0.01,3.92,-1.86,-0.0,1.11,-15.44,-2.45,1.95,-4.47,4.58,4.61,4.22,-4.71,4.39,-1.02,-0.92,3.08,-3.54,4.07,-2.59,-9.71,11.11,-3.81,2.32
13.9963,-89.716,-16.01,344.66,-61.35,-1.95,7.18,3.47,-7.17,-8.54,12.83,-15.36,9.49,-4.46,-19.07,-0.59,11.92,-2.7,0.56,-6.88,-0.39,10.71,-0.64,1.06,0.86,5.1,-3.6,-6.94,7.87,3.14,-8.98,2.23,5.56
13.9963,-89.7152,3.33,-493.01,64.65,1.79,6.79,2.1,-8.03,-8.92,12.74,-14.85,9.4,-4.46,-7.26,-3.09,6.61,-5.22,-3.08,-14.9,7.6,-2.38,7.32,0.43,1.74,-7.67,3.45,-5.1,2.01,8.8,-11.2,3.51,5.79
13.9963,-89.7145,15.11,-850.92,122.67,0.34,5.95,1.38,-6.87,-7.33,14.01,-14.29,8.64,-10.85,4.53,-2.67,-0.0,-16.82,-1.27,-6.1,-4.0,-8.14,5.7,10.13,6.68,2.65,1.47,-1.96,0.38,8.1,-9.86,4.25,5.79
13.9963,-89.7137,30.43,-1569.67,229.35,0.41,5.75,1.75,-6.57,-6.75,12.4,-14.18,9.02,-15.85,13.35,-1.57,-7.62,-4.23,-2.63,-2.69,1.67,-8.58,2.07,-15.58,-1.87,-3.12,-0.06,-2.65,3.19,10.34,-7.27,3.2,4.07
13.9963,-89.713,21.88,-1316.67,188.11,2.81,3.95,1.66,-7.08,-7.31,13.16,-13.12,9.05,-13.01,-6.97,-3.06,0.83,-5.04,1.39,-3.47,-0.92,-4.54,1.4,-6.91,-2.41,-1.41,8.75,-7.26,3.48,6.71,-6.07,2.91,4.29
13.9963,-89.7123,2.41,-1658.09,207.25,1.64,3.8,0.85,-7.77,-7.4,10.87,-12.87,8.64,-10.78,-0.0,-2.93,3.11,-13.75,-8.13,-12.52,-0.24,1.1,6.87,-8.94,-2.88,5.94,-3.86,-5.23,3.78,8.97,-10.19,2.38,5.24
13.9964,-89.7115,32.49,-1992.08,283.98,1.66,3.08,1.07,-7.23,-6.95,12.61,-11.22,8.82,-20.35,-1.15,-2.59,-3.8,-2.27,-3.57,-0.0,11.39,-7.01,1.27,2.19,4.41,2.43,2.5,-0.0,3.8,11.44,-7.51,2.2,5.18
13.9964,-89.7108,-16.74,13.3,-21.41,4.61,5.65,0.98,-7.53,-5.04,9.2,-11.95,8.43,-8.31,-2.93,-2.98,-0.42,-2.57,-2.05,1.64,-14.04,-9.41,17.19,1.18,1.89,-0.18,8.99,-2.96,1.33,6.8,-8.6,1.22,2.03
13.9964,-89.71,-19.71,606.98,-98.14,2.22,4.71,0.72,-6.85,-5.92,7.38,-10.58,8.13,-1.44,-4.13,-3.43,-1.12,8.94,-1.2,0.9,0.87,4.1,-5.81,-6.51,4.25,4.71,-6.5,0.09,5.17,6.8,-11.33,2.79,3.6
13.9964,-89.7093,13.7,-121.43,31.16,-2.53,4.84,2.23,-4.91,-5.62,7.94,-10.23,8.45,-15.83,-3.56,-4.03,8.76,14.83,3.29,-7.03,3.54,-17.36,13.68,-15.4,9.3,1.53,0.51,0.79,-1.31,8.4,-6.58,2.44,2.05
13.9964,-89.7086,9.22,-984.77,132.41,6.13,3.23,-0.13,-6.0,-6.41,7.24,-8.55,7.83,-5.14,-18.77,-2.55,-11.04,-2.82,-2.11,-2.66,15.9,-4.31,-1.46,-8.94,5.31,1.96,5.14,4.05,4.95,6.61,-6.87,2.57,3.26
13.9964,-89.7078,-36.16,1266.55,-199.03,-1.3,3.79,0.28,-5.37,-6.59,7.82,-7.68,7.52,11.68,-0.0,-3.44,15.5,-1.3,-1.91,-5.08,-10.87,5.62,1.58,6.92,16.06,-9.61,-10.0,-6.93,0.58,4.26,-10.08,2.08,1.47
13.9964,-89.7071,-18.63,842.07,-125.95,3.72,3.56,0.51,-7.04,-7.32,6.6,-7.01,7.87,7.04,-4.24,-3.48,6.69,3.75,-0.95,-10.21,-13.09,8.91,6.36,1.56,2.19,-3.42,3.8,7.71,6.4,7.58,-10.08,2.89,0.6
13.9964,-89.7063,-24.28,642.83,-108.04,1.46,2.16,0.93,-6.33,-6.59,5.88,-7.46,7.37,-4.56,5.34,-4.28,3.17,3.16,-0.64,-6.91,-6.77,-2.48,5.92,-2.35,2.96,0.17,10.39,-0.24,1.19,4.65,-10.56,4.35,0.86
13.9964,-89.7056,18.08,51.13,15.04,-4.14,4.23,0.03,-6.52,-6.0,5.5,-6.13,6.48,-14.19,-11.58,-3.83,7.41,4.31,1.25,1.92,-1.26,6.06,7.4,2.98,11.23,-1.1,-2.21,0.4,0.79,9.03,-6.31,3.12,0.53
13.9964,-89.7049,-14.11,2419.56,-315.53,-3.86,2.7,-0.14,-4.07,-6.94,4.02,-4.63,6.6,10.99,-4.83,-2.96,16.54,9.4,4.81,11.99,1.76,5.13,1.8,0.19,-1.06,-3.44,-3.61,10.85,9.81,7.76,-7.05,1.47,-1.78
13.9964,-89.7041,-30.08,1472.12,-217.4,1.06,2.5,1.31,-5.11,-5.75,3.04,-4.69,5.89,1.77,-4.2,-2.71,7.4,9.77,-1.87,-1.86,6.2,-1.03,-3.93,10.59,-0.44,0.0,0.26,-4.25,2.04,7.76,-8.12,-0.27,-0.95
13.9964,-89.7034,-13.23,1557.2,-208.05,-2.51,0.58,0.43,-4.73,-3.41,1.75,-3.11,5.92,17.1,-8.34,-2.79,13.97,6.84,0.8,8.49,-4.05,4.99,0.17,-6.45,-7.46,0.42,3.12,0.15,2.92,7.58,-10.48,5.06,-1.13
13.9964,-89.7026,-13.49,298.74,-52.86,-0.97,0.5,-0.57,-4.66,-4.57,1.03,-2.3,5.07,20.1,-17.53,-1.88,2.79,-0.09,-0.01,-1.86,-4.26,8.69,-4.33,-3.54,0.44,-7.63,0.24,-3.53,0.77,6.59,-5.65,0.35,-1.13
13.9965,-89.7019,-35.79,313.65,-81.07,-3.1,1.8,-1.18,-5.85,-4.21,-0.39,-2.7,5.98,-0.27,-12.1,-4.37,-2.67,2.83,-2.29,-7.04,-4.76,2.96,5.09,1.38,9.54,-1.76,-2.34,1.8,1.01,5.14,-8.47,0.31,0.21
13.9965,-89.7012,-28.39,460.26,-90.45,-2.99,-0.27,-0.1,-5.54,-1.99,-0.65,-2.72,6.36,3.32,-17.14,-3.3,-4.4,4.64,0.33,-0.89,-5.05,14.27,1.78,-2.08,-0.62,0.18,-0.31,-3.57,2.97,6.76,-7.18,-0.35,-0.94
13.9965,-89.7004,-28.91,-446.67,21.07,0.52,-1.3,-1.7,-1.85,-2.82,-2.0,-3.67,6.84,-9.72,-7.93,-3.27,-0.95,-2.26,-1.29,-3.01,-2.1,-14.55,6.72,5.65,-1.93,-3.98,1.86,-6.51,3.42,7.58,-7.18,-0.13,-2.25
13.9965,-89.6997,-33.91,958.4,-158.62,-4.88,2.11,-0.97,-3.71,-6.04,2.02,-2.06,6.35,4.34,-17.15,-2.92,-0.61,-0.4,-0.98,5.7,7.27,2.57,4.08,1.9,-3.82,-3.26,0.18,6.05,2.87,5.34,-7.12,-0.58,-0.36
13.9965,-89.6989,5.21,657.2,-75.14,-1.92,0.57,-1.83,-3.44,-4.17,0.37,-2.18,5.97,2.59,-3.08,-3.3,3.51,2.82,0.85,7.39,2.17,4.0,3.01,-2.15,1.3,-3.24,-0.51,-3.25,1.07,5.08,-4.41,1.06,1.7
13.9965,-89.6982,9.21,-146.87,29.06,-4.79,0.21,-0.93,-3.29,-3.25,-1.6,-3.55,5.69,16.97,-0.0,-2.78,-2.46,-6.26,1.7,-5.49,-2.34,1.75,7.09,-0.42,7.02,-4.37,0.65,-3.88,-0.2,5.77,-3.61,1.07,0.38
13.9965,-89.6975,21.01,136.55,7.93,-1.97,1.39,-1.79,-5.95,-2.84,-0.28,-2.99,5.27,15.98,3.34,-2.95,-1.53,-3.93,-0.04,2.35,-5.17,2.17,2.4,1.48,3.66,-4.01,1.4,-2.06,-1.01,2.61,0.13,1.32,-0.28
13.9965,-89.6967,-2.0,520.68,-66.81,-1.2,0.08,-0.52,-3.43,-3.55,0.32,-3.45,5.36,19.92,-0.31,-2.69,-1.81,-5.3,1.47,-6.06,2.82,-1.83,4.03,0.56,1.08,-3.6,2.83,-2.6,1.84,2.47,-3.12,0.7,1.22
13.9965,-89.696,-2.73,646.12,-83.22,-3.32,0.05,0.06,-5.0,-3.63,-0.84,-2.63,6.0,31.33,-0.0,-4.17,-3.03,-3.36,2.76,-2.67,-0.8,1.67,-0.33,1.11,-0.91,0.79,5.13,-1.68,0.56,2.47,-0.81,-1.55,0.56
13.9965,-89.6952,-2.98,564.75,-73.45,-2.35,-0.56,0.52,-4.13,-2.56,-1.73,-2.32,5.99,16.88,-7.02,-2.17,0.34,-3.79,2.02,-2.09,-0.74,5.53,-0.22,-0.54,1.1,1.05,2.92,-3.28,1.61,2.22,-0.44,-1.86,0.56
13.9965,-89.6945,-6.69,760.68,-102.12,-2.43,-1.37,0.39,-2.84,-1.85,0.62,-0.11,6.42,17.59,-3.87,-3.32,-2.87,-2.25,0.91,0.33,-1.15,3.81,-0.77,-0.11,-0.62,0.9,2.83,-3.19,-0.18,0.94,0.06,-1.86,0.15
13.9965,-89.6938,-3.92,381.58,-51.9,-3.61,-2.16,0.26,-3.52,-1.57,-0.58,-1.66,5.82,17.23,-9.69,-4.63,2.14,-0.25,1.87,-5.44,0.22,2.98,-1.86,-0.48,-0.66,-1.23,2.58,-0.26,-0.2,1.03,-0.03,-1.19,-0.21
13.9966,-89.693,3.56,80.01,-5.71,-3.4,-1.97,1.1,-4.0,-1.45,-1.12,-1.62,4.78,2.78,3.8,-3.66,-1.15,0.46,1.43,-3.26,-1.81,1.45,-1.48,-0.37,0.09,-1.12,2.39,-1.36,-1.15,2.29,-0.03,-1.58,0.83
13.9966,-89.6923,-2.22,637.12,-81.58,-4.08,-2.86,0.92,-3.95,-1.69,-0.7,-2.28,5.96,16.83,-1.05,-2.42,-3.21,-1.38,2.75,-2.33,0.58,2.05,0.14,0.41,-0.32,-0.01,1.99,-1.88,-0.95,1.05,0.63,-1.53,-0.45
13.9966,-89.6915,-9.94,1297.42,-172.57,-2.53,-3.43,1.21,-3.53,-2.02,-0.74,-1.77,5.41,28.39,0.04,-2.53,0.09,-1.61,1.85,-1.27,-0.28,3.57,-1.14,-0.19,0.15,-0.2,2.37,-1.7,-0.91,-0.63,0.98,-1.32,-1.5
13.9966,-89.6908,2.12,156.27,-16.86,-2.72,-3.22,2.59,-3.85,-2.34,0.75,-1.44,5.06,-0.0,-3.3,-2.18,-1.04,-1.46,1.21,-2.93,-0.83,4.06,-0.56,0.32,0.46,-1.2,2.73,-2.8,-1.83,-0.63,0.99,0.48,-1.68
13.9966,-89.6901,0.06,-43.18,5.43,-2.61,-3.88,2.29,-3.7,-2.47,0.6,-1.2,4.89,-0.0,-9.18,-1.98,0.14,-2.6,1.86,-3.06,-0.88,3.08,-1.02,0.11,0.74,-1.41,1.92,-2.29,-1.39,-1.28,1.01,0.48,-1.68
13.9966,-89.6893,-8.79,65.99,-18.58,-2.14,-4.54,2.71,-2.9,-2.61,-0.09,-1.03,3.86,3.86,-14.93,-0.97,-0.68,-0.95,3.0,-2.21,-0.74,3.42,-0.51,0.64,1.49,-0.4,2.61,-2.13,-1.47,-1.7,1.01,-0.65,-1.68
13.9966,-89.6886,-6.89,114.46,-22.35,-1.51,-5.35,2.98,-1.03,-2.82,-0.04,-0.73,4.45,6.56,-18.3,-1.44,0.28,1.21,3.16,-2.03,-0.59,2.97,-0.94,1.35,0.3,-0.95,2.23,-2.43,-1.62,-0.72,0.76,-1.42,-0.72
13.9966,-89.6878,-8.02,697.57,-96.03,-0.88,-4.76,2.84,-1.36,-2.84,0.22,-0.6,4.35,-0.0,1.17,-0.74,-0.07,0.11,3.15,-2.75,-0.3,1.61,-1.01,1.44,-0.04,-0.58,2.13,-2.35,-1.87,-0.86,1.24,-2.62,0.24
13.9966,-89.6871,-11.99,-172.99,7.28,0.54,-6.01,2.47,-1.55,-3.23,0.16,-0.5,3.83,-0.78,-17.57,-1.63,0.11,-1.76,3.64,-2.0,-0.36,1.5,-0.89,1.3,-0.37,-0.49,2.27,-1.82,-2.06,-1.41,0.8,-2.56,0.61
13.9966,-89.6864,-16.93,-583.46,52.39,-0.29,-5.64,2.3,-2.33,-3.6,0.32,-0.27,3.54,-9.09,-22.47,-0.62,-0.88,-2.24,3.41,-2.58,0.07,0.78,-1.25,1.23,0.46,-0.17,1.85,-1.81,-2.7,-2.61,0.56,-2.55,1.24
13.9966,-89.6856,-27.24,-46.8,-26.42,-0.7,-6.63,2.78,-1.44,-3.47,0.61,-0.15,3.04,-14.86,-0.0,-0.72,-0.7,-0.47,3.47,-1.74,-0.84,0.12,-1.04,1.65,0.8,0.36,0.95,-1.52,-2.44,-3.09,-0.14,-2.76,0.98
13.9966,-89.6849,-23.06,508.37,-90.4,0.83,-6.01,3.15,-1.54,-4.15,0.55,0.35,3.24,-11.52,1.3,-0.27,-1.08,-0.15,3.2,-0.41,1.53,0.19,-0.26,0.02,1.7,-0.94,2.09,-0.75,-1.2,-2.18,-0.78,-1.83,0.75
13.9967,-89.6841,-19.16,25.79,-25.87,-0.07,-6.04,3.19,-1.14,-5.23,1.53,1.4,2.76,-14.7,-2.8,0.23,-1.33,-2.11,3.96,-3.16,1.41,1.06,-1.06,0.67,-0.42,-0.82,1.11,-0.42,-2.97,-3.84,0.09,-1.76,2.01
13.9967,-89.6834,-6.56,50.8,-14.08,0.37,-6.76,3.03,-0.97,-4.73,1.27,1.69,2.91,3.54,-11.88,-0.65,-1.18,-2.76,3.81,-2.06,1.18,-0.93,-0.93,2.93,-0.15,-0.64,1.25,-0.31,-1.41,-2.97,1.25,-0.9,0.75
13.9967,-89.6827,-11.35,549.97,-81.76,0.28,-8.31,3.83,-1.15,-4.79,0.33,2.13,3.6,2.43,-2.18,-0.32,-0.29,-1.48,3.88,-2.31,-0.52,1.01,-1.65,2.23,0.31,1.33,1.38,0.88,-0.8,-3.59,0.91,-1.07,1.17
13.9967,-89.6819,-11.69,178.08,-35.97,0.58,-8.51,4.05,-0.92,-5.3,-0.59,2.66,3.63,-1.94,-0.0,-0.17,-0.8,-1.5,4.73,-1.44,0.22,0.91,-1.37,2.09,1.17,0.22,0.51,-0.82,-1.35,-3.59,0.54,-1.09,1.7
13.9967,-89.6812,-1.81,60.33,-9.64,0.45,-7.78,3.36,-1.29,-5.03,-0.66,2.09,2.72,5.9,-11.44,-0.44,-1.46,-1.52,5.15,-1.57,0.36,0.08,-0.89,1.27,0.02,-0.19,1.19,0.9,-1.41,-3.24,1.6,-1.09,1.7
13.9967,-89.6804,-15.88,-128.07,-2.88,0.09,-8.03,3.45,-0.97,-4.94,-0.82,1.83,2.47,-0.29,-21.78,-0.27,-1.02,-1.06,5.24,-0.81,0.09,-0.44,-0.62,3.31,-0.05,0.02,1.28,-1.12,-1.2,-4.71,1.52,-2.38,2.09
13.9967,-89.6797,-29.82,1036.24,-164.14,0.44,-7.91,4.06,-0.69,-4.44,-0.21,1.56,2.25,-0.0,1.65,-0.19,-1.04,-3.77,6.04,-0.98,-0.1,0.01,-0.52,0.26,-1.27,0.25,0.57,-0.63,-0.83,-5.96,1.23,-2.92,1.54
13.9967,-89.679,-36.84,1139.53,-185.33,0.58,-8.56,2.89,-0.12,-4.94,1.51,1.55,2.54,-0.0,-1.63,0.06,-1.01,-3.01,5.89,-1.9,0.29,-0.47,0.03,0.23,-1.1,1.75,0.04,0.18,-0.98,-6.23,1.23,-3.42,1.01
13.9967,-89.6782,-27.23,953.85,-150.88,-0.79,-8.62,4.3,-0.86,-6.29,1.38,2.23,2.85,-0.0,-0.0,-0.6,0.71,-1.46,4.94,-1.7,0.82,-0.41,-0.76,0.71,-1.71,1.24,0.47,0.25,-2.01,-5.02,1.54,-3.93,2.27
13.9967,-89.6775,-34.47,692.8,-127.01,-0.91,-7.32,3.48,0.63,-6.12,2.06,1.79,2.28,-3.09,-0.0,0.41,0.57,-4.21,4.54,-0.74,2.19,-0.25,-0.84,3.13,0.52,2.39,-1.44,1.01,-1.28,-7.09,1.35,-3.49,2.44
13.9967,-89.6767,-41.64,315.43,-88.56,-0.38,-8.15,1.03,-1.46,-6.03,1.57,1.25,2.38,-7.59,-21.13,1.13,3.39,-3.44,3.57,-0.37,0.27,0.5,0.71,1.05,-0.34,1.51,2.93,1.41,0.82,-7.14,-0.59,-2.54,2.64
13.9967,-89.676,-41.63,1046.17,-179.5,-0.59,-8.39,1.7,0.1,-6.27,2.84,0.55,2.28,-8.51,4.15,-1.3,1.81,-2.57,4.48,1.29,3.75,-0.61,-1.63,0.07,-2.64,2.0,-2.1,1.38,-0.47,-8.46,-0.2,-1.45,1.58
13.9968,-89.6753,-32.65,763.73,-133.73,-1.8,-8.18,1.18,-0.71,-6.19,1.92,-0.46,2.24,6.76,-7.16,-2.04,-0.78,-0.08,5.36,0.92,1.81,-3.1,-1.74,0.52,-1.22,-0.53,-0.41,2.32,-0.06,-7.85,1.15,-1.65,0.96
13.9968,-89.6745,-23.98,623.34,-106.01,-2.69,-9.36,1.47,0.57,-5.85,3.29,0.21,1.24,9.07,-0.0,-1.27,2.0,-1.1,5.01,1.75,-0.39,-1.53,-2.21,0.2,-1.13,1.25,-4.85,0.78,-0.04,-6.54,1.17,-1.3,0.96
13.9968,-89.6738,-12.51,-529.81,51.16,-1.88,-7.34,2.0,-0.23,-5.56,3.53,0.5,1.35,-0.0,-0.0,-1.6,-0.05,-3.14,4.67,1.42,-1.23,-1.29,0.63,-1.03,-2.21,1.75,-0.09,2.29,1.36,-6.23,1.83,-1.13,1.93
13.9968,-89.673,-12.8,100.9,-27.72,-1.07,-5.88,1.04,-1.44,-6.18,3.66,0.62,0.03,-0.41,-0.0,-0.09,1.3,-3.1,3.46,-1.99,0.97,-0.59,1.22,0.34,-0.32,5.32,-1.81,-0.14,-0.27,-5.52,1.83,-1.81,2.15
13.9968,-89.6723,-4.49,-496.92,56.59,-1.48,-6.33,2.71,0.85,-6.3,3.56,1.38,1.08,-11.9,-0.0,-0.88,4.35,-7.23,3.88,-0.91,0.21,-1.41,1.05,0.8,-1.91,1.71,-4.73,4.19,0.07,-6.26,2.99,-2.27,3.56
13.9968,-89.6716,4.99,-1467.46,188.76,-2.29,-8.46,0.78,0.87,-6.62,4.65,0.66,-1.13,-12.79,-24.91,0.89,-1.21,-5.8,3.97,-0.25,-2.56,-1.25,2.43,1.42,-1.91,2.95,-4.15,1.64,0.82,-5.5,4.39,-2.5,2.81
13.9968,-89.6708,-25.54,653.86,-111.75,0.26,-8.01,0.37,2.3,-5.39,4.61,-0.17,2.12,13.78,-16.0,-2.48,-0.67,-3.65,3.74,1.64,-1.71,0.12,1.65,0.46,2.2,2.55,-3.25,-0.01,1.6,-7.44,1.65,-2.74,2.83
13.9968,-89.6701,-17.62,158.67,-40.65,-1.35,-7.12,0.14,1.95,-6.48,5.99,-0.51,-0.59,8.57,-16.0,-1.49,1.08,-2.65,2.99,0.81,-2.98,0.42,0.71,0.56,-0.25,1.19,-3.64,0.27,1.27,-7.28,2.51,-2.17,2.08
13.9968,-89.6693,6.92,292.61,-28.28,-1.33,-8.13,1.56,1.57,-5.3,6.02,-1.13,0.3,12.47,-1.2,0.22,1.05,-3.55,-1.61,1.51,-3.23,2.42,1.94,-1.21,-1.6,2.76,-0.04,0.83,1.04,-7.28,7.96,-4.32,1.72
13.9968,-89.6686,1.31,684.13,-83.76,-1.3,-7.86,-1.09,0.97,-6.28,5.0,-1.03,-0.86,12.12,-7.36,-0.65,2.28,6.9,-0.39,7.73,-3.93,1.65,1.54,2.04,-1.97,2.02,-3.4,3.23,0.6,-9.12,6.07,-2.81,3.35
13.9968,-89.6679,-15.15,112.31,-31.96,-0.97,-7.19,-0.77,1.65,-6.07,4.99,0.45,-0.61,9.24,-18.42,-1.32,4.77,-7.76,2.2,-0.05,-0.7,1.52,1.63,-2.04,4.85,1.29,-4.37,1.52,3.05,-8.16,5.08,-4.82,3.35
13.9968,-89.6671,-12.74,670.57,-98.75,-1.81,-8.19,-1.05,0.89,-6.35,4.56,-2.46,0.8,9.24,-0.0,-0.45,6.44,-1.84,3.13,2.81,-1.24,-1.4,2.86,1.09,1.42,1.96,-2.66,2.09,2.4,-8.88,6.88,-4.82,1.56
13.9969,-89.6664,-7.98,-497.87,52.66,-0.59,-7.49,-1.48,2.48,-4.65,3.38,-0.99,0.31,7.62,-36.66,-2.43,5.9,4.51,4.92,5.06,-5.1,-1.89,-0.85,-1.57,-4.97,4.06,-4.33,1.99,0.93,-7.91,5.61,-3.81,2.27
13.9969,-89.6656,-14.13,-1203.24,133.41,-1.47,-7.18,-1.62,1.1,-5.46,4.03,0.75,0.5,-1.97,-49.65,-2.43,2.21,-0.98,6.43,3.62,-4.39,-0.73,-1.14,2.02,0.82,3.85,-3.26,-3.26,3.8,-7.84,5.38,-4.6,2.4
13.9969,-89.6649,12.92,-1227.74,168.56,-1.5,-6.91,-0.75,2.38,-5.75,4.14,-1.11,-0.78,4.74,-37.51,-1.61,2.18,-1.26,6.99,4.19,-2.51,-1.42,-2.25,-0.45,0.98,1.64,-6.63,2.03,3.28,-6.58,8.59,-5.71,3.53
13.9969,-89.6642,35.01,-2456.08,348.13,-1.06,-9.13,0.56,2.1,-4.06,4.46,-0.33,-0.23,-12.41,-28.18,-2.96,-7.21,-4.07,2.29,6.15,-4.24,-4.47,-1.88,4.77,-0.57,4.18,-6.36,3.68,2.93,-7.52,11.21,-5.34,4.53
13.9969,-89.6634,19.56,-1632.17,227.0,-0.05,-8.02,0.13,2.1,-4.41,5.38,-1.77,1.22,-11.4,-28.18,-2.64,2.8,-5.08,6.38,4.62,-2.04,-1.4,-0.19,0.43,-4.53,2.86,-3.8,-0.28,2.91,-7.5,9.26,-4.66,3.17
13.9969,-89.6627,40.33,-609.22,123.9,1.88,-8.49,-0.6,0.31,-4.64,4.4,0.16,-0.5,9.71,-19.31,-2.75,4.05,-2.47,4.97,9.16,-1.17,1.18,2.39,-0.6,-3.7,2.51,3.08,3.11,1.93,-8.49,11.56,-3.65,3.49
13.9969,-89.6619,51.74,-616.94,138.4,2.33,-8.48,1.1,0.17,-3.75,3.21,-2.91,0.54,10.09,-12.71,-0.69,2.9,-3.21,2.85,9.24,-1.38,3.88,1.5,-0.85,2.35,4.5,-5.02,4.36,1.69,-8.42,14.62,-4.89,2.72
13.9969,-89.6612,24.48,-451.48,85.43,-0.86,-10.73,-0.13,-0.42,-2.56,5.04,0.07,1.21,8.7,-8.88,-0.97,5.77,-3.49,4.47,-1.05,-2.06,-3.9,-0.13,-0.02,0.96,3.47,-5.46,-0.97,1.98,-8.47,10.98,-4.66,2.4
13.9969,-89.6605,-1.88,56.64,-9.31,1.43,-10.81,-0.46,0.25,-2.69,5.74,-0.39,2.97,-0.0,-0.0,-3.31,7.93,-6.67,5.69,-1.7,-6.34,-4.46,1.35,-3.51,8.79,2.61,-7.3,6.19,1.0,-7.95,7.62,-5.01,2.11
13.9969,-89.6597,18.74,-451.33,78.63,2.56,-11.25,0.61,-2.18,-0.27,3.1,-5.01,1.18,-0.0,-12.05,1.44,-3.29,-0.26,5.08,-1.37,-10.63,-3.73,9.39,6.29,10.85,8.23,-14.68,4.17,-0.33,-8.71,9.96,-5.01,3.73
13.9969,-89.659,13.31,667.64,-67.68,2.8,-11.59,-1.79,0.9,-1.65,3.14,0.94,-0.02,4.7,-3.38,-2.18,2.93,-7.03,5.57,17.89,-3.43,8.3,8.04,0.7,-6.52,2.01,-4.87,3.64,0.14,-8.99,10.89,-5.04,1.17
13.9969,-89.6582,12.74,-752.4,109.19,1.18,-12.84,0.62,1.47,-0.51,4.08,-2.99,-0.95,-11.56,10.43,1.61,-1.24,-25.98,3.39,9.3,-0.87,-2.0,6.43,2.85,-1.35,3.21,-12.36,3.67,0.31,-11.26,10.89,-4.02,1.83
13.9969,-89.6575,75.86,-1178.03,237.28,-0.36,-12.52,-0.48,0.86,-1.52,3.33,-0.94,1.09,-0.0,10.43,1.56,-2.21,-19.04,3.11,11.81,-2.0,-1.23,3.15,-0.68,0.93,4.62,-2.53,3.73,-0.84,-8.28,15.61,-2.56,2.85
13.997,-89.6568,22.04,1241.43,-129.15,2.8,-12.51,0.63,-0.41,-1.16,4.62,-1.87,0.25,-0.97,18.27,2.89,-7.75,3.84,6.57,18.02,1.95,1.53,1.69,1.25,-2.14,4.72,-2.32,3.92,-0.23,-8.86,11.58,-3.87,-0.12
13.997,-89.656,21.4,109.72,11.65,2.01,-11.74,1.17,-0.62,-1.26,3.64,-2.11,0.76,-10.21,2.71,-2.71,6.7,3.39,7.37,10.16,-5.71,-5.66,13.97,-2.02,-3.22,3.14,-6.65,2.46,-0.32,-11.37,11.92,-4.16,2.28
13.997,-89.6553,-4.06,771.22,-101.33,1.43,-11.24,0.62,-0.53,-0.09,3.99,-0.89,-0.12,-0.0,-2.88,2.13,8.99,-6.35,7.69,0.18,2.49,-6.12,4.53,-0.72,-1.28,2.31,1.11,4.42,-3.34,-12.46,9.46,-4.12,1.7
13.997,-89.6545,-11.53,379.77,-61.21,1.04,-12.13,-0.65,-0.54,0.25,3.58,-1.36,-0.52,-0.0,-10.31,1.48,2.02,-5.41,6.42,0.73,0.84,-3.77,4.49,-0.91,-1.45,6.27,-3.64,7.9,-2.9,-12.46,8.47,-3.59,0.84
13.997,-89.6538,25.16,46.63,24.0,1.4,-12.53,0.83,-0.54,-0.61,3.32,-1.26,-0.32,18.45,-0.58,-0.58,0.48,-8.57,4.87,3.37,1.07,-4.12,4.8,-1.81,-1.88,4.21,-2.79,4.39,-1.94,-9.93,11.05,-3.27,1.75
13.9956,-89.7159,35.31,-1074.11,173.95,-0.82,5.11,3.07,-6.84,-8.68,13.95,-14.02,8.43,8.61,-5.9,-1.72,5.68,-4.96,-1.96,-4.37,2.47,-6.9,2.16,-5.63,-5.73,-2.12,-7.16,-13.62,7.01,7.93,-6.13,4.84,3.33
13.9956,-89.7152,1.75,-694.87,87.66,1.11,6.33,2.05,-5.25,-11.86,14.27,-14.85,9.12,-21.07,-19.23,-2.8,5.36,0.16,0.12,5.33,1.53,-0.2,-8.05,1.38,10.09,8.72,-12.38,-2.69,1.27,3.38,-6.29,2.14,4.86
13.9956,-89.7145,41.3,-1529.28,237.15,0.08,3.67,1.68,-4.94,-6.67,11.74,-15.63,7.89,-21.07,5.87,-1.65,0.48,-4.3,-1.2,-9.01,8.76,-8.95,4.36,0.07,-4.36,0.19,-1.53,-0.83,3.2,7.12,-3.64,2.84,4.34
13.9956,-89.7137,32.73,286.87,3.29,1.82,5.59,1.29,-7.96,-7.51,14.25,-14.87,9.1,-16.88,15.52,-0.28,13.25,-12.96,11.05,3.94,0.35,1.92,9.24,-2.18,-5.53,-3.76,11.48,-15.18,2.95,9.2,-5.85,2.99,3.64
13.9956,-89.713,-24.25,86.8,-39.33,-0.4,1.33,1.15,-6.72,-9.03,18.38,-13.85,8.16,-23.31,3.48,-3.33,7.46,-7.2,2.75,-8.39,-3.69,-8.54,15.72,2.84,2.25,-10.48,11.15,-1.07,1.77,6.78,-10.86,3.01,1.55
13.9956,-89.7122,-50.95,119.35,-74.86,2.32,3.4,2.65,-6.83,-8.38,12.61,-11.74,8.83,-25.14,1.25,-3.89,-6.26,-1.07,-7.32,-2.87,-0.0,-2.77,15.5,-2.28,-2.0,5.76,-10.66,-1.43,2.45,5.56,-11.47,-0.06,2.45
13.9956,-89.7115,-2.49,-1490.48,180.83,-1.61,4.15,2.24,-6.25,-5.58,11.34,-11.23,8.82,-20.03,9.04,-2.51,-3.93,-7.29,-7.27,-17.86,-3.61,-2.16,5.2,3.09,-2.78,-5.86,-13.9,-2.24,9.27,5.56,-5.32,0.15,2.72
13.9956,-89.7108,-32.77,375.05,-84.95,-0.49,4.2,2.28,-6.07,-6.31,9.44,-10.47,8.91,-14.45,7.55,-4.31,-2.57,-9.13,14.41,-0.0,-1.3,-13.85,13.7,-0.71,2.27,3.38,-10.31,-0.79,3.98,5.96,-9.92,0.67,2.31
13.9956,-89.71,-104.22,1124.97,-261.83,0.12,3.98,0.96,-6.28,-7.59,6.7,-10.52,8.1,-5.62,-9.42,-2.16,0.56,-1.65,0.55,-0.74,-12.98,-8.08,-2.2,-1.31,3.04,4.14,0.32,-3.48,3.82,8.16,-22.72,2.66,2.31
13.9957,-89.7093,34.0,-830.21,142.57,-0.28,3.92,2.1,-7.45,-5.06,9.74,-9.75,8.44,-5.4,-7.64,-1.96,-5.22,11.79,4.28,-3.57,-1.93,-7.09,0.65,-0.21,3.31,-3.99,0.08,-5.21,1.92,4.92,-0.31,0.97,1.9
13.9957,-89.7085,-26.06,767.78,-125.52,-5.09,4.97,0.34,-6.72,-6.46,8.43,-9.3,7.12,-1.3,0.16,-3.4,4.49,3.13,-3.47,2.98,9.85,-15.15,6.62,-2.41,-5.24,-3.96,1.19,3.57,4.6,8.99,-10.87,1.3,1.35
13.9957,-89.7078,36.48,369.89,-2.57,-5.59,5.48,0.44,-6.69,-6.0,6.46,-7.9,7.81,2.07,11.95,-2.14,9.13,-8.3,-0.92,4.2,6.85,-4.51,5.24,-1.19,1.57,-3.18,9.98,-2.3,2.96,17.27,-8.67,3.89,-0.87
13.9957,-89.7071,49.44,-952.02,175.91,-1.18,3.5,1.44,-7.36,-4.97,6.44,-7.95,7.61,-5.74,9.58,-2.31,0.27,-4.19,-0.86,1.03,1.62,-15.74,3.51,-2.12,4.43,4.76,-1.96,3.66,4.81,9.91,-4.0,4.4,1.12
13.9957,-89.7063,0.59,848.68,-104.09,-3.54,2.68,1.57,-7.38,-5.41,6.29,-6.73,7.14,-1.07,11.11,-3.3,1.95,-1.5,1.57,10.44,0.88,-7.84,10.93,-1.15,1.06,-9.04,-0.12,-1.74,4.82,7.87,-7.81,4.3,-1.42
13.9957,-89.7056,14.24,-488.86,77.19,0.85,2.74,1.79,-7.46,-5.04,4.75,-5.72,7.16,2.05,1.31,-3.93,1.26,-6.4,1.28,-3.48,-5.7,-3.52,7.54,-0.42,3.45,-1.6,-12.62,-1.4,2.74,12.18,-8.86,4.14,-0.84
13.9957,-89.7048,39.17,-543.71,113.42,0.6,3.11,1.34,-5.93,-5.58,3.92,-4.27,6.27,-0.19,5.77,-1.26,8.25,-6.93,2.94,0.91,4.86,-1.51,-9.37,-0.54,-6.44,-1.93,-0.58,-3.38,-0.71,11.04,-5.65,4.09,0.68
13.9957,-89.7041,28.72,-783.37,130.7,-1.36,1.71,-0.64,-6.13,-5.95,2.21,-4.9,5.82,15.15,-1.65,-3.84,0.74,-5.16,-0.68,-2.49,-2.82,-1.32,-3.5,1.02,-6.0,-3.33,2.57,-4.14,1.66,9.34,-6.03,4.09,0.68
13.9957,-89.7034,22.79,-89.73,38.01,-2.96,2.09,0.01,-5.06,-4.72,2.59,-3.24,5.43,7.98,-0.0,-5.37,9.04,-7.54,2.14,-1.61,4.76,4.4,0.1,1.19,1.81,-0.97,0.56,-4.88,3.01,9.04,-3.86,1.12,0.49
13.9957,-89.7026,0.74,564.88,-68.94,-3.2,1.43,-0.18,-5.63,-3.93,1.85,-4.03,4.94,29.87,-8.84,-4.28,0.52,-1.6,1.41,-0.65,-4.09,-0.17,-1.55,3.26,1.44,-0.66,1.01,-5.78,2.09,9.16,-3.86,-0.99,-1.55
13.9957,-89.7019,-5.87,398.15,-56.15,-2.9,-0.25,-0.51,-3.99,-3.51,-0.37,-3.25,5.27,28.77,-20.49,-3.45,-2.03,-3.44,0.87,-1.7,0.16,2.65,0.91,-0.16,5.6,-1.12,-0.05,-1.06,2.59,4.52,-6.13,1.43,2.04
13.9957,-89.7011,-30.22,644.9,-115.44,-4.86,-0.77,-0.86,-5.31,-3.85,0.58,-3.82,5.93,23.04,-0.0,-2.69,0.08,-4.42,-2.07,-1.42,0.28,-1.73,-0.02,-4.15,0.52,-0.43,-1.25,-1.81,2.6,4.65,-6.93,-0.15,0.1
13.9958,-89.7004,-37.02,-329.04,-3.06,-0.92,-0.55,-2.1,-3.52,-5.29,0.03,-2.58,6.45,-2.91,-12.37,-3.58,-2.15,-5.17,0.35,-1.92,-3.78,0.5,1.42,-0.35,-1.1,-16.06,5.47,-3.4,1.34,6.23,-7.6,0.05,-2.31
13.9958,-89.6997,-19.23,-696.81,63.45,-3.14,-1.65,-1.57,-4.17,-4.19,1.02,-4.35,6.14,-3.54,-11.99,-3.65,-9.99,-4.15,-1.68,2.16,7.66,0.97,-3.03,-5.06,-0.94,-6.45,-2.06,-0.58,-2.15,5.72,-5.46,-0.79,0.07
13.9958,-89.6989,-13.84,-265.28,16.46,-2.09,-0.22,-1.55,-3.29,-3.87,2.26,-2.27,5.49,11.04,-16.08,-2.65,-2.29,-6.14,0.89,-0.43,-1.51,-1.39,-1.51,-2.79,-1.6,-1.79,1.67,-1.51,0.58,2.56,-4.24,0.5,0.49
13.9958,-89.6982,-26.19,7.54,-31.89,-3.49,0.29,-1.83,-2.74,-2.84,0.27,-2.63,5.11,-5.76,-15.43,-3.27,-3.9,-1.52,-1.11,2.41,-0.33,5.29,5.69,-2.74,0.85,-3.14,2.97,-1.68,-0.87,2.56,-4.27,-2.21,1.87
13.9958,-89.6974,7.06,-372.53,54.45,-0.2,-1.34,-1.88,-2.25,-2.5,-1.26,-3.06,6.09,1.68,-0.0,-5.57,-4.22,0.73,2.38,2.74,-3.05,-0.38,3.18,-0.35,0.29,-1.78,2.5,1.03,-0.27,4.49,-1.19,-1.17,0.62
13.9958,-89.6967,8.2,870.84,-98.1,-2.55,0.08,-1.59,-4.14,-2.99,1.38,-2.38,6.41,30.64,5.28,-3.49,-1.9,-3.09,1.63,-4.93,-0.29,1.32,-0.67,-0.77,-0.09,0.82,2.95,-1.35,-1.02,4.64,-1.89,-0.27,0.62
13.9958,-89.696,5.29,-63.31,14.09,-2.81,0.4,-0.19,-4.2,-2.47,0.04,-1.88,6.76,13.56,-0.0,-4.98,-0.35,-4.45,0.91,-2.1,-0.77,3.15,-0.85,-2.06,-1.31,1.72,2.1,1.56,-0.26,0.98,-0.15,-0.27,0.88
13.9958,-89.6952,2.48,388.13,-45.13,-2.63,-0.1,0.28,-3.81,-2.21,-0.7,-1.82,5.65,26.93,-11.98,-4.52,-5.36,-0.93,1.66,-1.36,-0.64,2.48,0.37,-0.03,-0.85,0.54,2.77,0.46,0.15,1.94,-0.15,-0.51,-0.48
13.9958,-89.6945,3.91,-450.82,60.46,-3.22,-0.51,0.14,-3.56,-1.98,-1.0,-1.58,6.09,-0.0,-16.5,-3.31,-2.99,0.81,2.02,-5.47,-0.95,2.58,-0.33,-1.13,-0.43,1.75,2.64,-1.88,-0.97,0.97,0.87,-0.65,-0.77
13.9958,-89.6937,-3.23,171.95,-25.12,-2.46,-0.99,0.33,-3.64,-1.06,-0.06,-1.17,5.54,-0.0,-6.88,-2.36,-2.25,-0.22,1.48,-3.25,-0.01,2.24,-1.66,1.13,-0.21,1.1,2.46,-1.33,-0.85,1.12,0.33,-1.54,-0.33
13.9958,-89.693,-5.1,88.67,-17.02,-2.78,-2.25,1.67,-4.66,-1.14,-0.65,-0.43,4.97,-0.0,-3.24,-2.71,-0.79,-0.4,1.52,-4.17,-1.71,2.71,-2.3,-0.53,-4.8,0.94,1.68,-1.98,-0.75,0.75,0.62,-1.41,-1.06
13.9958,-89.6923,-2.32,458.22,-59.52,-3.1,-1.27,1.06,-3.98,-1.09,-0.17,-2.24,3.85,-0.0,2.91,-2.07,-3.54,0.42,3.41,-1.25,0.07,3.75,-1.35,-1.4,-1.46,0.2,2.21,-1.48,-1.49,0.24,1.2,-1.24,-1.12
13.9959,-89.6915,-2.07,366.49,-47.88,-1.66,-2.24,1.2,-3.84,-1.76,-0.77,-1.59,4.31,13.73,-5.01,-2.21,-0.06,0.91,0.3,-3.43,-0.38,1.93,-1.81,0.09,0.86,-0.43,3.21,-4.08,-1.49,0.24,0.42,-0.06,-1.55
13.9959,-89.6908,-4.75,227.5,-33.82,-2.71,-3.08,1.94,-3.63,-2.08,-0.12,-1.24,4.39,19.85,-15.46,-1.45,-2.35,-0.58,0.16,-1.41,-0.47,2.29,-1.3,-1.24,2.45,-2.2,1.25,-2.32,-0.84,-0.93,0.87,-0.06,-1.77
13.9959,-89.69,-10.81,1612.11,-212.68,-1.86,-3.11,2.92,-3.23,-2.02,0.46,-0.76,3.9,38.27,-2.03,-1.92,-1.41,-1.49,2.99,-2.12,-1.26,3.94,-0.93,1.08,1.31,-0.7,3.11,-3.33,-1.57,-1.64,0.87,-0.6,-1.77
13.9959,-89.6893,-0.46,378.26,-47.45,-2.43,-4.15,2.42,-2.99,-2.47,-0.09,-0.66,3.9,17.04,-0.0,-3.08,0.9,-1.98,2.96,-3.13,-0.68,3.5,-1.44,0.64,1.12,-0.24,2.58,-1.65,-1.99,-0.79,1.48,-1.21,-0.55
13.9959,-89.6886,-2.38,194.0,-26.88,-1.93,-4.61,2.26,-2.78,-2.3,-0.18,-0.26,3.24,-0.0,-9.06,-1.17,0.58,0.05,2.37,-1.71,-0.94,2.77,-0.71,0.93,0.69,-0.48,2.3,-3.17,-2.01,-1.34,1.67,-1.52,-0.32
13.9959,-89.6878,-11.15,743.17,-105.39,-1.32,-4.44,2.49,-2.56,-2.64,0.07,0.13,3.4,-0.0,1.32,-0.66,0.31,-0.34,3.02,-2.87,-0.61,2.47,-0.84,1.44,-0.14,-0.04,1.99,-1.42,-2.51,-1.24,1.29,-2.21,-0.75
13.9959,-89.6871,-7.87,496.97,-70.98,-1.08,-4.77,2.34,-2.58,-2.87,0.12,0.18,2.75,13.94,-0.0,-1.18,0.3,0.09,2.57,-2.69,-0.23,1.91,-1.22,1.46,0.27,0.07,1.42,-1.52,-2.64,-1.59,0.46,-1.68,1.06
13.9959,-89.6863,-15.02,-73.71,-8.62,-0.16,-4.72,2.74,-2.41,-2.62,0.04,0.21,3.03,-7.43,-0.0,-0.42,-0.35,-1.59,2.92,-1.65,-0.32,1.32,-1.09,0.88,-0.11,-0.33,1.69,-1.43,-2.84,-1.59,0.31,-2.13,0.41
13.9959,-89.6856,-11.73,167.87,-34.72,-0.09,-5.75,2.9,-2.44,-3.56,0.55,0.45,2.03,-0.21,-10.47,-0.62,-0.28,-0.01,4.01,-0.38,-0.53,0.7,-0.73,1.7,-0.31,0.17,1.33,-1.03,-2.93,-1.82,1.1,-1.85,-0.33
13.9959,-89.6849,-8.05,-1055.69,121.56,0.22,-6.03,2.84,-1.81,-3.53,0.24,0.81,1.72,-22.84,-21.33,-0.19,-1.13,0.1,3.84,-1.83,0.21,1.14,-0.93,0.74,-0.73,0.82,1.75,-0.41,-2.24,-1.93,0.82,-0.87,-0.32
13.9959,-89.6841,-26.63,283.08,-66.66,-0.26,-6.51,3.19,-0.95,-2.91,0.1,0.96,2.09,-13.03,-7.6,0.19,-0.48,0.79,4.08,-0.97,0.33,0.98,0.29,1.45,-0.37,0.43,-0.04,-0.15,-3.31,-3.1,0.25,-2.66,0.58
13.9959,-89.6834,-26.07,-629.82,47.38,0.71,-6.19,3.11,-1.29,-4.29,0.31,1.56,2.32,-15.4,-24.13,-0.71,-1.38,-0.91,3.64,-2.67,-0.1,0.42,-1.03,0.75,1.28,-0.42,0.56,-0.69,-2.28,-4.1,0.15,-1.79,0.72
13.9959,-89.6826,-7.63,112.97,-23.06,0.68,-6.92,3.51,-1.21,-4.22,0.08,2.56,2.85,-1.12,-9.13,-0.52,-0.3,-1.93,4.17,-0.48,-0.58,0.26,-0.89,1.7,-0.02,0.61,0.75,0.82,-2.25,-3.91,0.44,0.1,1.31
13.996,-89.6819,2.48,487.09,-57.59,-0.54,-7.27,3.4,-0.97,-4.34,0.4,2.49,2.7,0.18,5.09,0.05,-1.67,-1.76,5.35,-1.2,-0.12,0.66,-0.33,1.75,0.95,0.61,1.07,1.47,-1.92,-3.36,1.41,0.1,1.31
13.996,-89.6812,-4.84,227.69,-34.02,0.75,-7.15,2.85,-1.31,-3.84,-0.67,3.12,2.71,2.36,-7.34,-1.0,-0.11,-1.36,5.02,-1.33,0.4,-0.44,-1.3,1.67,0.36,0.62,0.94,0.3,-1.57,-2.78,1.41,-1.19,0.94
13.996,-89.6804,-12.64,591.51,-88.49,0.25,-7.34,2.87,-0.98,-4.2,-0.38,3.05,1.87,8.86,-10.31,-0.35,1.15,-0.97,5.4,-1.6,0.8,-0.03,-0.54,1.93,-0.17,0.05,0.49,1.03,-1.79,-3.84,1.41,-2.28,1.97
13.996,-89.6797,-26.12,1542.82,-222.75,-0.13,-7.33,2.93,-0.95,-4.46,-0.38,1.94,1.75,17.16,5.83,-0.44,-0.72,-1.61,5.53,-1.37,0.75,-0.26,-0.61,0.44,-0.41,1.05,0.95,0.65,-1.5,-5.02,0.38,-2.54,2.33
13.996,-89.6789,-12.69,402.77,-65.11,-1.04,-6.85,2.63,-0.32,-4.7,1.18,1.21,2.15,-0.0,-10.71,0.21,-0.66,-2.22,5.21,-1.32,1.23,0.21,0.52,0.54,-0.75,1.07,0.2,0.82,-1.5,-3.7,1.62,-2.42,1.76
13.996,-89.6782,-16.44,563.8,-89.6,-0.84,-7.18,2.88,-0.42,-5.42,1.42,1.28,1.42,-0.0,-5.53,-0.25,-0.76,-1.01,4.57,-1.18,1.37,-2.12,-1.88,1.78,0.5,1.84,-0.15,0.36,-0.71,-4.34,1.26,-1.78,1.19
13.996,-89.6775,-33.79,78.25,-49.74,-1.47,-6.96,1.56,-0.25,-5.66,1.84,1.98,2.21,-12.2,-14.86,-0.52,-0.56,1.19,4.67,-0.51,0.06,-1.46,-2.18,0.91,-1.01,1.86,0.08,1.59,-0.61,-7.45,1.28,-2.37,1.32
13.996,-89.6767,-32.82,411.34,-90.04,-1.48,-7.39,1.76,-0.55,-5.23,1.72,0.78,2.13,-0.2,-18.84,-1.04,0.68,-1.73,6.17,-1.32,1.43,-1.56,0.24,2.54,1.04,1.73,-0.42,2.23,-0.68,-7.2,0.38,-1.9,2.04
13.996,-89.676,-35.39,462.12,-99.42,-0.66,-7.61,2.14,1.13,-4.89,1.77,0.08,2.05,-7.6,-7.91,-1.04,1.14,-2.46,4.95,-0.29,0.04,-0.24,-1.4,-0.75,0.53,2.0,-0.43,2.53,-1.76,-7.8,-0.55,-0.88,2.04
13.996,-89.6752,-34.2,942.86,-157.86,-0.91,-7.39,1.91,-0.02,-5.33,2.23,0.3,1.81,15.2,-17.61,-1.62,1.79,-1.16,4.5,0.6,1.76,-0.71,-0.39,0.98,-0.17,1.32,-2.47,1.69,-1.12,-7.39,0.22,-2.17,2.54
13.996,-89.6745,-31.27,115.19,-51.37,-1.94,-8.05,1.71,1.47,-5.82,2.86,0.03,0.55,-3.7,-17.61,-1.18,0.84,-4.89,5.92,2.46,0.28,-1.34,-0.63,2.71,-3.63,2.72,-2.38,1.99,-0.6,-6.47,0.22,-1.85,1.72
13.996,-89.6738,-20.09,-128.53,-7.78,-0.44,-7.24,1.86,-0.02,-6.32,4.33,0.64,0.33,-7.1,-17.61,-1.55,-0.18,-0.37,6.31,2.7,-1.57,-2.05,1.11,2.29,-3.36,2.46,-3.29,1.88,-0.67,-5.84,1.44,-2.34,2.3
13.9961,-89.673,24.16,-1600.34,227.94,-2.24,-7.39,1.99,0.84,-6.09,4.18,0.04,0.61,-14.38,-24.16,0.12,1.51,-4.41,5.43,2.3,-0.9,1.72,-1.53,-0.29,-2.5,1.88,-4.5,3.65,-0.11,-5.0,4.23,0.45,2.47
13.9961,-89.6723,5.52,-898.19,118.43,-1.01,-7.1,1.08,1.09,-5.8,3.25,-0.56,1.8,-9.03,-24.91,-0.66,2.76,-6.62,6.37,2.6,-0.54,0.83,0.3,0.68,0.38,2.54,-0.97,2.41,0.87,-6.54,4.38,-1.66,2.76
13.9961,-89.6715,8.64,-586.31,83.28,-0.01,-6.82,0.32,1.54,-3.94,4.62,2.9,0.47,-2.62,-24.91,-2.45,0.79,-2.99,5.86,1.05,-0.67,1.66,1.98,3.53,-0.8,3.61,-3.29,3.17,-0.64,-7.07,5.32,-1.72,2.47
13.9961,-89.6708,-8.84,260.66,-42.96,-1.59,-8.0,1.06,1.56,-5.04,4.18,0.81,1.85,0.58,-0.0,-1.56,-1.45,-2.28,5.35,2.2,-1.23,2.06,2.17,-0.61,-0.02,4.12,-4.27,3.28,1.93,-7.08,3.28,-2.41,2.96
13.9961,-89.6701,0.99,36.91,-3.43,-2.85,-7.07,0.6,2.11,-5.3,3.1,0.21,-0.4,-4.46,-0.0,-1.16,0.75,0.17,6.04,3.18,-0.02,3.29,-0.97,1.86,-0.6,2.05,-1.01,1.43,0.94,-7.18,5.54,-3.41,2.96
13.9961,-89.6693,-11.33,294.29,-50.12,-1.58,-5.66,-1.2,1.98,-5.53,4.47,-0.01,0.98,11.24,-10.96,-0.04,2.28,-7.78,4.84,-0.09,-2.07,1.24,-1.61,-0.05,0.23,2.28,-0.12,-1.02,0.57,-8.29,6.15,-4.23,1.55
13.9961,-89.6686,17.04,-82.5,30.48,-1.34,-6.51,-0.88,1.41,-5.43,3.61,-0.41,-1.9,3.83,-17.77,-2.25,3.82,-3.31,2.13,16.04,1.11,-0.26,1.77,1.55,-1.12,2.41,2.0,3.19,2.24,-7.3,9.34,-4.23,1.65
13.9961,-89.6678,4.0,-335.21,46.55,-0.92,-7.5,-0.44,1.56,-4.73,4.97,0.83,-0.43,4.27,-16.76,-3.28,0.67,-3.41,4.6,8.59,-0.82,-4.0,0.53,0.45,-2.87,0.69,-2.43,1.37,2.79,-6.94,6.33,-4.36,3.68
13.9961,-89.6671,-2.83,219.13,-30.69,-2.15,-7.34,-1.63,0.61,-5.51,3.95,1.75,0.15,10.69,-0.0,-1.43,-0.58,-3.05,5.39,1.71,-0.02,-1.46,-0.55,2.06,-1.22,1.91,-2.2,2.01,2.68,-8.42,6.33,-2.96,1.45
13.9961,-89.6664,29.69,-797.55,134.69,-0.42,-6.74,-1.47,0.99,-4.92,3.73,-1.25,-1.3,-0.34,-14.85,-1.38,5.19,-0.79,6.95,3.67,-1.39,-1.31,0.84,-0.69,-2.6,2.86,-2.63,1.17,2.21,-7.02,8.62,-2.49,2.86
13.9961,-89.6656,0.86,-1132.0,142.29,-0.45,-5.89,-1.74,1.83,-4.12,3.28,-0.82,-3.6,-1.31,-35.52,-1.76,5.55,-3.71,6.85,-0.18,-3.12,-0.82,0.51,1.78,0.47,2.13,-3.12,2.85,2.33,-7.42,8.39,-5.78,2.13
13.9961,-89.6649,7.13,-1283.79,168.69,-0.05,-6.29,-0.36,0.49,-4.76,2.85,0.19,-0.47,3.55,-41.01,-1.5,3.93,-4.66,6.04,3.02,-3.17,-0.36,1.35,-0.52,-2.15,4.2,-4.35,1.4,1.96,-7.17,8.68,-5.69,2.67
13.9962,-89.6641,13.19,-1137.09,157.59,-1.06,-6.94,-1.67,1.09,-4.13,2.3,0.23,-0.34,12.57,-41.01,-0.38,-0.26,-3.61,4.78,4.98,-2.23,-0.12,2.1,-0.31,-2.42,3.96,-3.94,1.02,0.92,-6.78,8.41,-4.81,2.72
13.9962,-89.6634,10.67,-1601.55,212.63,0.74,-6.85,-0.03,-0.13,-4.68,3.25,-0.79,0.9,0.76,-48.67,-3.33,3.64,-3.11,4.64,6.04,0.02,-4.68,-0.66,3.92,-1.22,3.12,-1.51,1.4,3.2,-6.78,8.27,-4.99,2.62
13.9962,-89.6627,18.56,-1521.66,212.04,-0.99,-8.81,-0.76,-0.09,-4.85,4.47,-4.39,0.88,1.66,-36.33,-0.74,2.4,-2.64,5.93,1.46,-3.13,-0.2,-0.27,2.04,0.68,3.0,-4.48,1.12,-1.43,-8.63,9.02,-3.93,3.47
13.9962,-89.6619,50.75,-980.75,182.66,-2.49,-9.12,-0.13,-2.48,-3.59,4.6,-0.2,-1.72,0.3,-8.32,0.25,0.64,-3.78,5.31,6.2,0.11,-0.91,-0.66,1.45,3.03,3.48,-0.44,3.16,1.6,-8.38,13.97,-4.42,2.91
13.9962,-89.6612,-26.87,1301.49,-194.46,1.69,-12.14,1.92,1.37,-3.82,5.55,1.26,0.36,0.82,-0.0,-1.6,5.45,-14.55,7.01,24.45,-2.05,-2.51,7.25,1.9,1.38,5.36,-9.2,4.45,2.06,-8.12,3.15,-3.77,2.3
13.9962,-89.6604,21.14,869.1,-83.54,-0.0,-7.56,1.13,1.47,-2.62,4.43,0.86,4.4,10.21,1.34,1.34,0.4,10.11,5.42,-3.27,2.17,-1.62,0.32,-0.12,-0.26,7.22,-5.38,3.49,-0.91,-8.3,10.85,-5.12,2.5
13.9962,-89.6597,1.46,1037.55,-127.94,-0.43,-10.61,0.31,0.75,-2.07,3.51,-1.12,-0.57,16.5,-7.46,0.2,-5.27,1.55,13.91,11.41,4.3,-2.0,-3.1,-6.93,4.1,5.83,-6.72,6.1,0.61,-8.25,7.48,-4.06,2.07
13.9962,-89.659,-17.55,280.48,-55.88,-0.63,-10.12,-0.09,-0.84,-2.56,3.15,-0.17,-6.64,3.99,-0.0,-13.85,-0.06,5.78,11.35,10.4,-3.77,-4.69,-1.24,-1.17,-0.42,8.98,-4.62,6.29,2.4,-9.3,7.48,-4.93,0.07
13.9962,-89.6582,-10.02,11.3,-13.3,2.09,-10.44,0.73,1.01,-1.88,1.16,0.25,0.78,-7.27,-0.0,1.71,2.19,-15.96,2.08,-0.0,-1.98,-12.71,-2.63,-1.68,1.09,2.65,-10.2,4.57,-0.44,-11.31,8.18,-5.32,3.35
13.9962,-89.6575,32.88,-1026.34,167.34,0.52,-10.01,0.67,-0.37,-0.48,4.59,-0.36,0.17,-5.46,7.49,1.55,-11.87,-10.89,5.65,13.25,-1.38,-2.77,-7.09,1.69,-4.58,1.22,-2.24,2.04,-0.99,-8.79,11.94,-4.31,2.52
13.9962,-89.6567,38.22,-55.92,52.31,1.25,-12.28,0.86,-1.82,0.06,4.54,-0.31,-0.25,-2.98,7.49,7.45,3.1,0.54,4.42,4.2,-2.91,-1.92,1.49,2.41,-4.01,2.6,-7.0,5.94,-2.75,-9.18,12.27,-3.71,2.65
13.9962,-89.656,13.78,842.83,-89.11,1.41,-10.64,0.73,-1.55,-1.37,4.1,-1.24,0.49,9.47,5.72,3.69,-0.74,-4.15,3.71,3.87,12.35,-5.82,3.68,2.13,-4.96,2.88,-0.29,5.97,-1.9,-10.27,11.0,-5.13,2.51
13.9963,-89.6553,16.2,427.33,-34.26,0.17,-11.84,0.46,-1.47,0.43,3.46,-1.98,-0.51,15.09,-0.45,1.47,1.08,-6.83,5.75,-1.51,4.25,-2.56,6.1,0.83,-4.24,2.36,6.2,5.08,-3.24,-10.27,10.21,-3.64,2.07
13.9963,-89.6545,2.04,152.59,-16.68,0.74,-11.24,0.38,-1.29,-0.26,2.92,-1.12,-0.23,22.22,-11.7,1.32,3.17,-8.55,4.45,-3.19,-3.25,1.27,3.37,-0.62,-8.43,6.25,1.56,4.56,-3.57,-10.33,9.79,-4.53,0.97
13.9963,-89.6538,9.71,-366.4,57.38,1.12,-12.83,0.62,-0.99,0.73,2.88,-1.86,-0.49,5.45,-5.51,-1.24,0.49,-6.17,5.24,3.42,0.08,-5.99,3.84,-1.5,-3.39,4.1,-3.62,0.74,-0.15,-8.93,9.97,-4.53,0.97
13.9949,-89.7159,-43.13,-421.72,1.03,-2.61,5.01,2.94,-6.5,-10.76,14.06,-14.99,8.24,-15.06,-19.78,-1.67,3.6,-2.84,-2.53,-5.21,1.87,-5.27,8.23,-3.34,-7.54,2.07,-2.48,-2.98,0.27,10.08,-18.51,4.81,4.2
13.9949,-89.7152,-6.54,-1874.4,223.15,-1.17,4.52,4.16,-6.85,-6.41,14.0,-15.85,8.7,-12.3,-13.27,-2.92,-4.51,-6.55,-3.14,-1.02,-2.01,-16.68,-5.65,-4.67,-7.7,1.42,5.97,-6.57,3.93,7.18,-8.97,1.87,3.88
13.9949,-89.7145,6.72,-2020.15,256.81,5.18,4.41,3.78,-7.93,-8.27,12.54,-14.4,8.43,-32.53,-12.52,-3.58,9.69,-17.78,-0.77,-5.43,4.9,-8.29,4.73,-5.4,-1.9,-0.54,4.84,-6.19,-0.88,8.83,-9.38,2.2,5.4
13.9949,-89.7137,25.41,674.1,-53.06,-0.04,4.77,0.31,-6.1,-7.11,13.28,-15.25,9.25,-0.0,9.54,-0.42,7.2,-0.0,-1.96,2.17,6.28,-2.84,5.71,-1.53,-7.88,-9.51,15.74,0.79,-0.77,6.2,-7.72,4.59,5.92
13.9949,-89.713,50.58,-1104.54,195.84,-0.07,2.3,2.99,-6.17,-10.02,12.28,-13.73,8.01,-0.0,10.91,-2.98,7.52,-0.0,-8.88,-3.54,-12.38,-11.34,6.59,-1.54,0.53,-0.08,-0.0,-2.42,0.68,8.83,-5.54,4.96,4.55
13.9949,-89.7122,16.57,-1263.88,175.35,-3.9,3.45,2.9,-4.41,-9.22,11.22,-12.71,8.97,-0.0,13.57,-1.31,-4.27,-5.31,-3.98,-21.46,-8.22,-8.48,15.02,-3.72,-10.2,-23.24,12.66,-2.77,5.94,8.83,-5.71,1.38,2.46
13.9949,-89.7115,-19.69,-191.8,0.4,1.89,4.64,3.2,-6.56,-9.56,12.0,-11.38,9.39,-30.97,13.68,-4.66,-0.0,-0.0,-0.56,-13.86,-5.63,-5.91,3.2,6.53,0.77,-3.02,3.42,-2.95,9.25,6.6,-8.28,0.32,2.46
13.9949,-89.7108,25.03,-764.31,123.81,-1.83,4.05,0.19,-7.46,-6.29,10.47,-11.21,7.4,-15.53,14.54,-2.45,-5.97,-7.78,4.96,-8.59,8.11,-6.2,0.61,0.85,10.53,-4.03,-14.23,10.39,2.32,13.02,-6.95,0.32,3.64
13.9949,-89.71,0.48,57.3,-6.5,0.53,3.44,2.71,-7.67,-5.64,8.96,-9.71,8.22,-2.83,20.52,-3.25,-8.05,-5.09,3.51,-4.23,-4.96,-7.81,8.06,-1.18,5.87,-10.72,-2.85,1.14,3.83,8.39,-6.21,1.34,-0.12
13.9949,-89.7093,-1.25,-478.14,57.51,-0.74,3.8,1.74,-6.41,-5.01,9.8,-9.56,7.56,-6.69,4.62,-0.85,-4.75,-12.28,-0.83,-2.74,-0.92,-5.15,4.11,-1.27,8.26,-3.5,-0.03,-9.7,4.54,9.81,-6.59,-0.92,2.2
13.9949,-89.7085,-22.72,10.98,-28.19,-0.81,2.86,1.06,-6.71,-5.75,8.05,-7.75,7.34,1.79,-4.88,-3.95,0.2,-4.27,-10.59,-0.12,1.73,-6.49,6.14,-1.29,3.57,-3.63,0.39,-3.39,2.69,10.51,-10.6,0.82,0.72
13.9949,-89.7078,-16.49,1079.58,-152.7,-1.73,4.41,2.46,-8.2,-6.03,6.3,-8.12,7.16,-0.0,2.2,-2.26,4.3,-2.03,3.09,4.23,-3.0,-3.2,5.19,1.04,2.77,-3.77,-0.16,-0.41,2.51,6.99,-9.19,2.83,0.35
13.995,-89.7071,13.77,102.0,3.67,-1.4,3.3,1.97,-7.73,-4.72,4.71,-6.0,5.56,-19.49,20.95,-3.44,2.41,-2.69,0.38,2.06,-1.83,-2.27,7.65,-0.25,4.82,-2.82,-1.35,-0.64,2.42,7.21,-5.28,2.89,0.27
13.995,-89.7063,54.12,-285.71,99.2,-2.26,3.38,1.68,-7.07,-4.97,4.63,-6.1,5.34,-5.37,18.18,-2.82,3.69,-5.31,5.19,7.33,-8.67,0.58,-0.89,1.34,6.58,-0.36,0.25,1.28,-1.85,14.69,-6.84,6.01,-0.57
13.995,-89.7056,25.81,-377.83,77.15,-1.41,4.12,1.41,-7.04,-4.42,6.06,-5.11,5.67,-2.66,-0.81,-3.23,2.35,-2.48,0.0,0.78,-11.76,-4.08,3.46,0.27,20.22,0.44,-1.03,-0.91,4.15,8.46,-5.17,4.36,-0.85
13.995,-89.7048,20.72,119.18,9.76,-2.19,3.04,1.57,-6.55,-5.26,3.61,-3.8,5.65,2.95,7.4,-4.65,2.33,-8.21,2.85,5.75,4.16,-3.89,-3.66,1.11,4.84,-0.21,-0.62,-2.24,-0.01,10.77,-6.2,3.13,-0.85
13.995,-89.7041,12.7,264.34,-17.66,-1.25,0.54,2.57,-5.68,-4.66,2.76,-4.84,4.47,12.04,2.17,-4.51,3.2,-0.59,1.67,-0.16,-3.63,-3.97,1.91,-0.89,-0.36,4.39,-0.64,1.66,2.35,11.5,-6.85,1.76,-0.27
13.995,-89.7034,0.27,721.16,-88.78,-1.79,0.73,0.08,-4.64,-4.68,2.41,-4.6,5.56,4.16,5.53,-4.19,1.26,-3.6,2.32,3.42,-2.63,3.16,1.76,3.62,2.7,0.27,0.3,-0.48,6.89,9.2,-6.46,0.76,0.14
13.995,-89.7026,-5.37,713.75,-94.55,-2.76,-0.03,0.64,-4.03,-4.23,0.35,-2.1,4.99,3.37,5.05,-3.12,1.74,-1.64,0.98,-0.27,2.15,0.82,2.52,0.92,1.55,-2.37,1.09,-2.12,4.67,10.2,-5.46,-1.54,-0.46
13.995,-89.7019,-35.05,1145.01,-182.94,-1.31,-0.29,-0.58,-4.83,-3.26,0.21,-2.58,4.9,20.33,-0.0,-3.85,1.94,-1.22,0.51,0.08,0.55,-1.2,0.67,1.18,-1.47,-0.18,0.21,-0.22,2.93,4.3,-6.13,-1.3,-0.27
13.995,-89.7011,-45.46,1247.22,-207.91,-3.14,0.75,0.16,-4.58,-3.7,-0.17,-2.3,5.85,16.42,5.61,-1.97,-2.17,-4.42,-5.92,0.79,-4.42,4.65,1.7,-5.54,0.42,-2.34,0.02,-0.31,-1.01,6.39,-8.59,-1.67,-0.08
13.995,-89.7004,-5.88,43.51,-12.33,-2.18,-0.41,-1.08,-3.77,-3.38,0.53,-3.02,5.08,12.79,-0.0,-3.18,0.5,-1.4,-1.02,-0.09,-3.14,2.37,-1.13,-3.84,-1.1,-0.89,1.15,0.53,2.92,6.33,-5.44,1.02,-0.41
13.995,-89.6997,10.12,-1216.14,162.37,-2.85,-2.35,-1.45,-3.3,-3.05,0.06,-3.44,4.66,-6.97,-0.0,-3.11,-0.09,3.38,0.4,0.25,-7.65,1.44,-8.33,0.22,-3.39,-5.32,-1.09,-0.05,-1.83,6.33,-3.72,1.76,-0.8
13.995,-89.6989,-1.27,-810.62,98.78,-2.05,1.63,-2.13,-4.32,-2.89,-0.58,-1.33,5.16,-0.0,-0.0,-3.06,-2.46,-0.75,0.77,7.64,1.42,8.11,-2.6,0.18,-5.21,-2.11,0.12,0.82,-3.32,5.62,-3.54,0.44,-1.05
13.9951,-89.6982,5.24,156.98,-13.23,-2.1,0.8,-2.88,-4.19,-3.08,-0.83,-2.66,5.3,0.15,-4.88,-4.53,0.23,-1.13,3.26,5.77,0.53,13.69,0.7,-3.26,-4.89,-4.63,0.91,-3.57,0.97,4.84,-2.46,0.44,-0.65
13.9951,-89.6974,-2.35,421.94,-54.99,-1.52,0.11,-0.95,-3.48,-3.0,0.3,-2.65,5.03,-0.0,-0.0,-4.82,-1.46,-0.82,1.29,3.27,-2.2,5.11,-3.22,-0.9,-4.25,-2.91,-0.87,-0.21,-2.22,3.72,-0.91,-1.95,-0.11
13.9951,-89.6967,1.61,-44.24,7.38,-2.21,1.01,-0.42,-3.13,-2.97,0.62,-2.33,5.17,24.61,-14.24,-4.13,0.17,-4.38,2.59,-9.77,-1.17,-3.84,-0.65,-0.28,5.9,0.74,1.64,-1.08,-1.33,3.39,-1.02,-0.82,-0.31
13.9951,-89.696,-2.79,695.78,-89.44,-1.44,0.4,-1.08,-3.55,-2.96,-0.9,-1.47,5.42,17.53,-5.29,-4.7,-1.36,-0.45,0.25,0.95,0.55,4.84,-0.53,-0.25,1.11,1.05,2.07,1.7,0.04,3.25,-0.55,-2.18,0.25
13.9951,-89.6952,2.61,-144.68,21.0,-2.27,0.77,-0.35,-3.7,-2.42,-0.55,-2.01,4.91,20.0,-14.01,-3.88,-2.59,1.74,-0.94,-4.54,-3.47,2.44,-1.42,-1.33,-1.99,-0.93,3.55,0.6,-0.97,1.46,-0.5,-0.13,0.14
13.9951,-89.6945,-0.4,697.99,-86.92,-2.28,-0.38,-0.17,-3.1,-1.3,-1.03,-2.28,4.8,11.91,8.3,-4.16,-1.61,0.66,1.8,-4.44,-3.08,4.69,-0.84,1.55,0.86,0.73,1.51,-1.87,-1.28,1.83,-0.35,-0.41,-0.9
13.9951,-89.6937,-2.29,569.08,-73.2,-3.55,-1.23,0.51,-3.54,-0.7,-1.93,-0.85,5.56,8.59,8.7,-2.99,-1.98,0.19,-0.03,-4.47,0.6,2.14,-1.92,-0.53,-0.64,0.77,2.6,-1.42,-2.02,0.44,0.77,-0.8,-1.31
13.9951,-89.693,0.97,461.55,-56.04,-2.3,-1.07,1.4,-4.33,-1.14,-1.42,-0.56,4.35,27.63,-13.84,-3.23,1.73,-1.95,0.67,-4.14,0.24,4.54,-2.35,0.86,-1.66,0.52,2.79,-3.21,-1.86,0.44,0.95,-0.95,-0.66
13.9951,-89.6923,2.34,802.95,-96.74,-2.25,-1.69,0.79,-4.0,-1.06,-1.05,-0.74,4.11,10.3,14.65,-3.38,0.81,0.09,0.41,-3.41,0.26,2.3,-2.32,0.25,-1.0,0.1,3.5,-2.99,-2.82,0.9,0.82,-0.72,-0.93
13.9951,-89.6915,4.52,-7.07,6.22,-2.83,-1.85,2.03,-3.8,-1.08,-0.8,-0.53,4.4,-5.89,6.82,-1.81,-2.61,-1.83,0.31,-2.73,1.53,2.85,-1.66,0.78,-0.73,0.93,2.99,-3.16,-2.69,0.12,1.61,-0.72,-0.93
13.9951,-89.6908,-0.78,306.21,-38.88,-2.12,-2.56,1.71,-1.88,-1.55,-0.55,-0.15,3.55,8.02,-3.01,-1.16,-2.48,-2.74,2.12,-3.19,0.98,4.19,-2.12,-0.33,3.45,-0.83,2.08,-2.49,-2.38,-1.5,1.61,-0.31,-1.1
13.9951,-89.69,5.31,483.08,-53.62,-2.42,-3.3,0.91,-2.54,-0.99,-0.08,0.22,3.73,20.1,-6.76,-1.25,-0.85,-2.37,2.14,-3.43,-0.16,3.42,-1.57,0.91,1.84,0.07,2.65,-2.69,-1.21,-0.75,1.65,-0.16,-0.97
13.9952,-89.6893,-1.19,1181.38,-147.92,-1.92,-3.36,1.35,-2.87,-1.57,-0.17,0.37,3.14,16.78,11.06,-1.79,0.04,-0.73,1.09,-1.5,0.13,3.54,-1.95,1.25,1.21,-0.1,2.93,-2.07,-2.23,-1.22,2.14,-1.42,-1.05
13.9952,-89.6886,-3.58,411.34,-55.26,-2.09,-3.51,1.98,-2.69,-1.81,-0.65,0.03,2.9,-0.0,-1.15,-1.88,0.2,-0.03,2.18,-2.41,-0.33,3.33,-2.53,1.11,0.35,-0.34,2.47,-1.64,-2.44,-2.07,1.45,-1.12,-0.05
13.9952,-89.6878,-12.53,569.74,-85.51,-1.37,-3.45,2.17,-2.42,-2.03,-0.79,0.49,2.92,13.17,-10.02,-1.59,0.51,-0.18,2.42,-2.86,-0.55,2.35,-1.18,1.26,0.83,0.0,2.08,-1.64,-2.7,-2.07,1.12,-1.65,-0.73
13.9952,-89.6871,-7.32,557.24,-77.8,-0.7,-4.01,2.16,-2.25,-2.27,-0.17,0.65,1.98,5.04,1.38,-1.75,0.9,-0.29,2.33,-2.25,-0.08,2.12,-1.29,1.27,-0.25,-0.1,1.2,-1.41,-2.93,-1.58,1.01,-1.62,0.15
13.9952,-89.6863,-16.99,706.38,-107.77,-0.31,-4.29,2.22,-2.32,-2.52,-0.11,1.04,1.72,-0.0,-1.68,-0.89,0.22,-1.05,2.89,-1.64,-0.28,1.57,-1.22,1.97,-0.15,0.24,1.03,-0.88,-3.09,-1.68,-0.02,-1.85,0.19
13.9952,-89.6856,-10.28,430.7,-65.63,-0.1,-4.62,2.13,-2.48,-2.85,0.45,0.88,1.54,3.04,-4.53,-0.65,0.61,-0.93,3.27,-0.67,-0.26,0.93,-0.45,1.69,-0.19,0.47,0.93,-0.71,-3.62,-1.91,1.06,-1.85,0.19
13.9952,-89.6849,-17.47,-520.2,43.92,-0.7,-5.58,2.28,-2.76,-3.29,0.57,0.79,1.45,-28.25,-5.08,-0.18,-0.18,-1.03,4.24,-1.26,-0.38,-0.16,-0.82,1.95,-0.22,0.11,1.63,-0.39,-2.47,-2.47,0.94,-1.62,-0.96
13.9952,-89.6841,-23.69,-254.47,3.57,-0.6,-5.7,1.7,-1.98,-2.52,0.25,1.12,1.59,-14.67,-13.91,-0.2,-1.35,-0.47,3.47,-1.58,0.48,0.69,-1.02,1.63,-0.85,0.6,0.38,0.55,-2.36,-3.48,0.3,-1.59,-0.11
13.9952,-89.6834,-22.89,48.81,-33.15,-0.79,-5.5,3.48,-1.38,-2.66,0.02,2.0,1.64,-1.59,-18.67,-0.07,-0.85,-1.09,3.55,-1.74,0.35,0.17,-0.94,1.3,0.86,0.47,-0.1,0.11,-2.17,-3.44,0.58,-2.18,0.59
13.9952,-89.6826,-13.07,47.66,-21.39,0.2,-5.83,2.47,-1.4,-2.68,-0.19,2.06,2.22,-3.04,-10.6,-0.57,-0.69,-2.13,3.97,-1.21,0.51,-0.23,-0.58,1.16,0.83,0.05,0.12,0.73,-1.99,-3.45,0.58,-1.29,1.48
13.9952,-89.6819,-18.12,504.99,-84.2,0.08,-6.19,2.74,-1.99,-3.4,-0.12,2.32,1.95,4.37,-6.0,-0.75,-1.29,-2.1,4.75,-1.56,0.4,0.68,-1.51,1.05,0.51,0.34,0.36,0.67,-2.3,-3.69,0.72,-1.54,0.59
13.9952,-89.6812,-20.18,1059.18,-155.52,0.07,-6.58,2.75,-1.35,-3.34,-0.63,2.66,1.82,5.45,1.85,-0.19,0.19,-0.13,5.09,-1.08,0.75,0.76,-0.8,0.8,0.62,0.6,0.47,0.64,-2.48,-3.92,0.39,-1.34,0.57
13.9953,-89.6804,-16.84,1085.69,-154.89,-0.87,-6.69,2.75,-1.28,-3.37,-0.36,1.9,1.35,14.24,-0.68,-0.87,0.41,-0.68,5.25,-1.58,0.94,-0.17,0.1,1.08,-0.2,0.34,-0.18,0.79,-2.31,-4.14,0.91,-1.35,0.71
13.9953,-89.6797,-20.53,914.95,-138.06,-0.85,-6.94,2.8,-1.29,-3.93,0.74,2.18,1.32,7.13,-2.13,-0.47,0.1,-2.02,5.64,-1.08,1.15,0.39,-0.2,1.54,-0.32,0.2,-0.26,1.33,-1.63,-4.46,0.41,-1.11,0.69
13.9953,-89.6789,-12.93,635.34,-94.32,-0.91,-7.11,2.16,-1.11,-4.04,0.43,1.82,1.18,5.02,-1.94,-0.66,0.33,-1.38,5.59,-0.79,0.64,0.04,0.12,0.6,-0.99,0.75,-1.04,2.08,-1.95,-4.46,0.06,-0.4,1.98
13.9953,-89.6782,3.67,492.01,-56.86,-1.14,-7.1,2.38,-0.71,-3.42,0.87,1.47,1.06,25.75,-14.6,-0.5,0.18,-2.12,4.45,-1.2,1.42,-0.73,-0.63,0.61,-0.23,1.59,-0.93,2.46,-1.06,-4.24,1.84,-0.53,2.74
13.9953,-89.6775,-14.42,625.95,-94.94,-0.73,-6.4,1.6,-1.0,-4.52,0.8,1.83,2.09,19.52,-15.76,-0.27,0.08,-2.76,5.79,-1.67,-0.42,-1.29,-0.44,1.92,0.12,2.48,-1.0,2.04,-1.34,-5.61,1.16,-1.55,2.74
13.9953,-89.6767,-39.91,367.22,-92.95,-0.91,-6.78,1.31,-0.08,-4.55,1.78,1.3,1.55,9.69,-25.73,-1.01,0.89,-4.87,5.7,-1.16,0.41,-1.37,-1.11,-0.68,0.18,1.92,-1.24,1.72,-1.17,-7.58,0.14,-2.27,1.75
13.9953,-89.676,-31.81,598.38,-112.14,-0.85,-6.69,1.22,-0.11,-5.12,2.05,0.64,1.19,1.59,-0.0,-1.31,-0.11,-3.27,6.08,-1.69,0.71,-0.05,1.07,-0.27,0.72,2.18,-0.36,2.79,-1.66,-8.11,1.06,-1.67,1.64
13.9953,-89.6752,-26.82,488.04,-92.51,-1.09,-6.37,0.85,-0.87,-6.27,2.52,-0.8,1.35,1.59,-2.18,-1.63,1.64,-4.13,5.13,-0.43,-2.08,-1.67,-0.41,-0.6,-0.24,2.52,-1.59,2.39,-1.13,-6.19,1.06,-1.78,0.89
13.9953,-89.6745,-26.68,602.13,-106.56,-1.84,-7.2,1.32,0.43,-4.49,3.06,0.9,0.24,4.61,-0.0,-0.85,2.17,-5.72,4.4,0.84,0.3,-0.34,1.59,-0.52,0.49,2.91,-3.6,3.25,0.05,-6.27,1.05,-2.27,1.79
13.9953,-89.6738,-23.13,565.5,-97.8,-1.24,-7.18,0.9,0.17,-6.32,3.63,0.49,0.99,6.73,-0.0,-0.94,0.61,-2.19,3.53,0.65,-1.64,1.05,0.08,1.31,-0.85,2.89,-2.84,3.97,-0.54,-6.14,0.86,-1.99,2.34
13.9953,-89.673,-0.44,-467.11,57.66,-1.05,-6.88,0.6,0.08,-4.65,2.61,0.89,1.38,-15.87,-0.0,-1.44,2.3,-2.72,4.97,1.55,-0.32,0.44,-0.54,0.91,0.5,4.59,-2.75,3.68,-0.55,-5.48,2.2,-0.89,2.84
13.9953,-89.6723,-1.83,-1449.81,178.43,-1.11,-7.65,1.28,0.46,-5.23,6.21,1.63,1.02,-6.17,-34.78,-1.86,1.13,-11.72,5.45,0.14,-1.29,0.52,-0.56,-1.6,-0.45,2.29,-2.12,2.68,0.14,-5.46,1.93,-0.99,3.08
13.9953,-89.6715,0.97,-668.54,84.45,-1.09,-6.91,1.09,1.58,-4.04,3.09,2.1,0.58,-0.42,-22.59,-1.32,0.91,-5.37,3.86,-0.8,-0.83,-0.77,0.51,1.0,-0.03,3.67,-2.46,3.6,-0.14,-6.07,3.78,-1.86,2.47
13.9954,-89.6708,4.01,-489.24,65.72,-2.07,-7.36,1.79,1.21,-5.15,4.73,0.36,0.2,9.53,-22.59,-1.02,2.73,-4.29,3.12,-1.66,0.1,-1.34,1.66,-1.02,-2.99,3.2,-3.46,4.05,-0.26,-7.06,3.62,-0.76,2.74
13.9954,-89.6701,-7.56,252.54,-40.44,-2.26,-6.72,0.44,1.18,-4.43,2.78,1.89,0.06,-1.62,-13.24,-1.01,2.65,-1.23,3.99,4.49,0.44,-2.01,3.56,1.94,-0.06,2.12,-2.0,5.57,-0.27,-7.61,4.78,-2.63,1.52
13.9954,-89.6693,-21.97,-43.02,-20.66,-2.2,-6.43,1.47,1.65,-5.02,3.69,0.92,-1.53,3.9,-24.09,-1.11,3.48,-6.32,1.55,5.32,-1.98,-0.38,1.46,0.62,-1.32,1.59,-0.08,3.06,0.76,-7.45,3.99,-4.35,2.14
13.9954,-89.6686,-17.13,-328.2,20.63,-2.39,-7.34,0.88,1.47,-4.72,3.37,0.8,0.52,-2.54,-26.0,-2.27,-0.08,-2.55,2.85,4.28,-2.51,1.84,1.83,0.47,1.23,3.02,-4.16,3.1,2.21,-5.46,3.99,-4.75,1.83
13.9954,-89.6678,9.02,-260.11,43.13,-1.83,-7.57,-0.33,0.64,-4.91,2.53,3.18,-0.85,2.55,-11.87,-1.06,3.47,-1.79,0.96,4.22,-0.68,0.36,0.57,-0.01,-0.5,2.84,-6.36,2.57,1.04,-5.43,7.17,-5.37,3.42
13.9954,-89.6671,14.09,-442.88,71.94,-2.43,-7.15,-0.44,1.68,-5.4,2.66,2.98,-0.87,0.67,-9.33,1.44,0.01,-3.81,5.49,1.43,-1.83,-2.48,0.74,1.36,-2.23,2.87,-3.05,3.19,2.86,-6.47,8.87,-5.03,2.22
13.9954,-89.6664,7.67,-113.31,23.22,-2.38,-5.65,-1.46,2.11,-4.97,2.88,1.49,-0.94,-0.0,-0.0,0.05,3.15,-4.89,5.78,3.31,-3.77,-1.11,3.41,-0.36,-0.86,3.18,-4.24,2.38,3.16,-7.51,7.53,-4.17,2.82
13.9954,-89.6656,-9.9,600.28,-86.64,-0.52,-5.85,-0.87,1.89,-4.44,3.21,-0.08,-1.4,10.97,-10.79,-1.67,2.92,-3.93,6.2,7.2,-2.13,-1.38,2.2,0.66,-1.11,3.58,-3.24,2.4,1.53,-7.64,7.63,-5.92,1.43
13.9954,-89.6649,12.41,-695.18,101.48,-0.58,-5.19,-1.48,0.13,-4.5,2.55,2.14,-1.21,2.12,-25.24,-0.57,3.88,-2.16,6.04,4.31,-2.54,-1.61,1.48,0.6,-1.22,2.05,-2.09,1.13,2.89,-6.06,5.11,-1.78,2.82
13.9954,-89.6641,30.66,-1743.83,254.03,-1.64,-5.77,-1.06,2.04,-4.74,2.97,-2.05,-1.53,-7.82,-30.01,-2.1,3.82,-4.67,6.17,4.63,-1.57,-0.69,1.01,2.24,-3.07,4.01,-2.26,0.85,1.36,-5.98,10.28,-4.33,2.0
13.9954,-89.6634,15.4,-513.24,82.33,0.95,-6.44,-1.2,1.0,-3.94,2.49,-2.83,0.28,-6.31,-0.0,-1.4,3.57,-5.56,6.15,3.63,-1.25,-0.27,0.93,4.82,1.68,3.58,-2.64,1.83,1.7,-5.65,7.4,-4.33,3.05
13.9954,-89.6627,-7.06,-362.53,36.91,-1.42,-8.68,-0.06,-0.68,-3.72,3.01,-2.65,0.53,-4.32,-0.0,-1.0,4.46,-7.69,5.47,2.96,-1.66,0.52,-1.83,3.14,-1.67,2.64,-8.37,1.47,0.65,-7.59,6.07,-4.88,3.05
13.9955,-89.6619,-62.34,788.72,-172.42,1.95,-8.81,0.18,1.0,-2.48,2.96,-2.61,1.15,-4.32,-16.85,-0.26,3.54,-5.52,5.51,0.52,-4.43,-0.21,0.92,4.91,-1.12,3.15,-2.82,2.29,0.04,-8.48,-0.98,-4.74,3.13
13.9955,-89.6612,18.26,683.76,-63.78,3.1,-10.91,0.04,0.54,-2.12,4.23,-1.97,1.34,3.62,-0.0,-2.09,3.06,9.33,6.99,12.62,1.07,-2.98,7.87,-2.98,1.34,5.8,-4.97,1.3,-1.93,-8.24,9.67,-3.79,1.71
13.9955,-89.6604,9.17,395.28,-38.52,1.51,-8.21,0.89,0.04,-3.81,3.2,-0.79,-0.72,-0.0,-0.0,0.27,1.99,-4.05,10.13,20.32,3.44,2.99,-1.57,6.18,7.76,3.01,-5.64,1.88,1.32,-9.47,9.67,-5.17,3.12
13.9955,-89.6597,26.03,35.78,26.39,-1.43,-9.66,0.82,0.12,-2.52,6.67,1.82,-0.99,-0.0,-0.0,-2.15,3.4,-1.9,11.32,9.11,-3.89,-0.5,-6.73,0.25,-9.35,7.22,-12.15,2.97,1.06,-7.68,10.84,-3.74,0.85
13.9955,-89.659,17.19,-296.38,57.43,0.42,-10.13,0.36,-0.07,-2.34,2.68,1.7,-1.75,11.39,-0.0,-1.53,2.31,-1.99,5.81,5.05,-2.66,-0.31,-1.39,0.89,-14.22,5.07,-0.16,2.12,1.41,-8.09,11.34,-5.7,1.38
13.9955,-89.6582,19.12,-332.53,64.25,-1.22,-10.22,1.52,-0.6,-1.95,2.67,-3.79,0.65,9.03,-15.87,-0.78,6.31,-8.77,5.08,-0.0,2.94,-4.54,-3.77,0.9,-16.36,4.58,-19.9,2.07,-0.65,-8.73,11.26,-5.35,2.11
13.9955,-89.6575,21.51,-638.07,105.3,-1.32,-11.72,1.14,-0.55,-0.99,3.83,-2.77,1.63,8.22,-15.87,1.96,-1.66,-3.14,0.86,-0.0,2.24,-6.6,11.94,0.57,-15.23,4.67,-6.06,4.61,-1.28,-7.19,9.2,-4.09,2.58
13.9955,-89.6567,19.86,-493.3,85.26,1.14,-10.75,2.26,-1.5,-1.04,3.1,-2.31,-0.25,5.08,2.69,4.09,-13.61,-6.28,7.43,5.02,1.42,-4.67,2.41,-1.33,-5.28,4.58,-6.14,3.96,-1.27,-7.19,9.12,-4.42,2.86
13.9955,-89.656,-7.78,1599.78,-209.37,-0.35,-10.79,1.77,-2.59,-0.83,2.85,-1.46,0.83,8.76,7.21,0.95,10.96,-3.26,7.23,11.79,3.11,-10.12,3.2,-2.74,-1.61,6.53,-3.34,6.8,-1.84,-10.8,8.0,-4.74,2.72
13.9955,-89.6553,18.97,304.61,-15.62,-0.46,-11.38,-0.0,-1.41,0.17,2.37,-2.69,-0.05,9.52,12.58,0.85,3.44,-16.53,4.49,5.44,-1.98,0.47,2.39,-0.8,2.54,5.41,-3.48,5.89,-1.15,-9.1,10.53,-4.74,2.72
13.9955,-89.6545,15.33,1009.33,-108.14,1.98,-11.14,1.72,-1.47,0.34,2.41,-1.01,0.03,9.5,14.7,-4.28,3.88,-0.04,4.91,6.63,-1.0,-3.54,7.03,0.18,-5.22,5.86,0.43,5.36,-2.15,-9.74,10.62,-4.57,2.13
13.9955,-89.6538,10.74,352.2,-31.34,1.52,-10.86,1.04,-0.92,1.1,2.85,-3.42,0.41,10.04,-1.66,0.91,5.16,-5.35,4.11,3.53,2.55,-4.06,2.23,-2.43,-0.84,3.56,-0.94,4.85,-1.45,-8.84,10.51,-4.62,0.37
13.9941,-89.7159,29.17,-867.77,141.29,2.56,6.07,1.12,-6.34,-8.11,14.17,-16.27,7.48,-8.21,1.96,-1.63,4.47,-7.4,2.16,-11.73,-1.18,-2.8,10.39,-1.67,-4.11,7.42,0.68,-5.07,0.65,6.68,-7.01,4.24,5.65
13.9941,-89.7152,47.78,-4211.84,575.15,0.86,4.17,3.58,-6.79,-8.06,13.82,-15.44,8.6,-19.17,-9.12,-3.71,-1.4,-9.17,-0.74,-19.01,-15.0,-19.92,10.75,-8.31,-11.6,-15.15,1.45,-8.84,7.67,7.67,-2.29,2.77,3.02
13.9941,-89.7144,-16.94,-1311.17,141.53,0.05,5.32,3.14,-6.41,-7.66,12.84,-15.05,8.82,-12.23,-6.25,-3.38,1.76,-9.86,-4.15,-2.1,-15.24,-6.29,6.54,-4.51,0.51,-7.62,-3.21,-1.28,1.52,6.64,-9.3,2.02,2.36
13.9942,-89.7137,26.89,-584.02,103.7,-4.73,3.59,2.73,-6.23,-8.82,13.03,-12.33,8.27,-30.54,-13.28,-0.19,-0.93,-0.0,-3.0,-0.0,-1.81,-11.6,11.17,-14.7,-3.38,-17.3,13.72,-8.74,5.27,6.64,-6.98,3.87,5.66
13.9942,-89.713,1.95,-18.35,4.56,0.23,5.25,3.18,-7.34,-2.15,8.36,-14.03,8.47,-12.18,12.05,0.57,-6.02,-19.02,1.99,9.9,9.9,-11.72,4.16,-5.46,6.21,7.7,-3.77,-3.42,2.49,10.11,-9.86,4.0,0.82
13.9942,-89.7122,16.2,-524.83,83.81,13.11,3.72,-0.14,-8.42,-7.35,13.19,-12.01,9.6,-24.72,0.79,-4.21,1.7,-6.76,-5.68,-20.79,10.41,3.77,15.56,-0.5,12.08,3.9,10.86,2.02,14.33,4.27,-4.36,4.0,0.82
13.9942,-89.7115,45.75,-1388.96,225.26,2.35,3.18,1.37,-8.01,-5.09,9.1,-12.2,9.18,-18.07,-1.11,-3.42,-0.0,-0.0,-9.76,-10.53,-0.0,-5.31,3.69,-5.5,0.59,5.42,6.0,-3.97,0.49,6.7,-4.36,5.55,2.64
13.9942,-89.7107,6.21,-849.87,112.13,-0.11,2.96,2.52,-7.05,-8.66,6.93,-10.8,8.5,-19.79,14.19,-0.02,0.67,-2.71,5.38,-0.61,-2.1,-14.61,-5.52,-3.55,-1.05,-8.01,3.89,-4.81,7.31,5.9,-4.63,1.83,0.46
13.9942,-89.71,-90.18,1477.59,-288.73,-2.92,3.51,2.9,-10.07,-5.24,11.32,-9.32,8.0,-15.86,11.82,-6.46,3.24,-3.91,-9.22,-9.58,6.55,2.77,-5.52,-0.3,13.06,-6.22,0.49,4.92,-8.8,-7.36,-5.98,0.36,-3.24
13.9942,-89.7093,-22.04,43.78,-31.43,-2.46,3.13,2.31,-10.09,-5.72,6.26,-8.94,7.77,-17.67,-4.16,-3.12,-6.66,-2.26,-1.6,8.67,11.6,-14.31,-0.66,-4.24,20.84,0.32,2.93,-1.65,0.16,9.57,-11.71,2.02,1.84
13.9942,-89.7085,66.32,-1649.82,281.89,0.58,2.35,2.37,-7.48,-4.58,6.7,-10.07,7.74,-9.64,-13.99,-3.74,13.24,-4.94,-1.56,-4.83,8.35,8.27,3.86,-4.75,0.53,-15.52,4.17,-2.55,2.33,11.67,0.05,1.71,0.31
13.9942,-89.7078,14.34,-79.04,26.69,-3.18,2.88,2.06,-8.14,-5.52,5.98,-8.05,6.7,-4.74,15.09,-2.91,13.43,-2.42,-2.12,-11.58,13.7,-14.91,0.71,-8.6,2.29,0.78,-0.61,-3.25,2.97,11.67,-7.3,3.31,-1.6
13.9942,-89.707,9.73,-93.02,22.97,0.35,3.9,2.22,-9.32,-4.35,5.32,-7.17,6.89,-6.48,8.44,-2.78,9.68,0.97,-0.7,-4.58,-1.34,-5.11,-1.08,-6.22,2.12,0.85,0.54,-2.96,4.29,9.62,-5.2,2.39,-2.66
13.9942,-89.7063,3.65,-408.0,54.68,-0.99,2.08,2.33,-5.34,-2.68,3.59,-5.8,6.9,-14.48,15.39,-5.18,2.36,5.03,-2.39,-3.24,-3.94,-14.13,3.25,-1.49,3.58,-4.6,-1.15,-11.96,4.94,8.26,-5.89,3.17,-2.66
13.9942,-89.7056,-9.9,-36.82,-7.14,-2.18,2.07,1.99,-6.26,-6.04,2.05,-5.25,6.16,6.49,-7.31,-3.76,2.59,-6.27,2.85,4.22,-11.87,-2.1,-1.03,-3.34,10.25,-12.36,7.1,10.11,0.2,7.9,-8.34,3.82,-2.23
13.9943,-89.7048,-8.59,-206.44,15.35,-2.68,0.76,2.12,-6.76,-6.45,1.53,-2.95,5.5,5.56,-8.29,-4.33,2.0,-1.78,0.88,-0.21,1.08,-6.58,3.98,-1.78,-5.33,-4.23,-5.44,2.51,0.58,9.93,-8.34,2.78,-2.52
13.9943,-89.7041,4.91,455.99,-50.52,-1.85,2.13,2.15,-7.36,-4.43,1.64,-2.49,4.38,-1.93,12.87,-3.67,5.01,-2.82,3.98,0.4,-0.66,-0.16,1.14,1.31,1.04,-10.9,1.32,-0.32,0.76,9.15,-7.54,2.67,0.21
13.9943,-89.7033,-9.97,632.49,-89.93,-2.46,0.82,1.45,-5.79,-3.85,0.1,-2.51,4.91,4.62,-7.54,-5.29,-1.9,-4.28,0.96,0.0,0.23,9.76,6.73,4.79,3.39,-0.59,0.96,3.99,1.81,6.54,-6.89,1.44,0.27
13.9943,-89.7026,-15.1,861.08,-124.26,-4.23,0.27,1.05,-5.41,-3.42,-0.58,-2.6,4.21,10.25,-2.61,-3.17,1.89,-3.18,2.13,2.18,3.83,2.21,-0.55,1.22,-2.45,-3.33,3.2,4.32,1.23,9.01,-6.71,-0.54,-0.85
13.9943,-89.7019,-21.72,371.63,-71.59,-3.72,0.47,0.72,-5.15,-2.73,-1.29,-0.33,4.33,11.46,-0.0,-3.47,0.5,-2.3,1.86,-3.02,-0.7,1.82,2.61,-4.55,-4.43,-1.0,1.57,0.43,-0.26,9.01,-6.78,-1.33,-1.07
13.9943,-89.7011,-68.32,1459.88,-261.21,-1.2,-0.22,-0.93,-4.41,-2.95,-0.88,-2.21,4.44,18.99,-0.0,-4.32,-1.3,-2.59,1.25,-1.15,-5.46,0.77,9.76,-3.82,-4.09,-4.78,1.33,3.43,2.35,6.42,-10.75,-1.72,-1.65
13.9943,-89.7004,-21.97,-278.29,8.45,-0.49,0.57,-0.82,-3.65,-2.1,0.1,-1.48,4.21,14.01,3.26,-3.72,-5.82,-3.39,-4.7,-3.52,-2.0,-3.58,-10.13,-2.99,-8.79,0.01,-7.1,3.55,-2.51,4.39,-5.08,0.33,-1.65
13.9943,-89.6996,12.52,-959.73,133.49,-3.92,1.75,-0.9,-3.75,-1.97,0.11,-1.87,4.82,15.49,-0.0,-5.41,6.83,-10.28,0.44,-6.26,-11.51,5.7,1.22,-1.94,-12.19,-1.8,-4.46,-3.25,-0.58,5.85,-2.55,1.2,-0.93
13.9943,-89.6989,10.24,-1333.98,177.11,-4.9,0.66,-2.66,-4.51,-3.12,-3.32,-1.65,5.31,-1.14,-0.0,-5.44,-12.4,0.25,-0.06,-5.61,-1.43,8.54,5.39,-0.03,-11.07,-5.37,-3.01,0.99,-3.26,5.22,-2.55,1.2,-0.91
13.9943,-89.6982,-27.29,-164.3,-11.92,-4.25,1.26,-1.32,-3.58,-3.45,-0.53,-2.14,5.74,-1.9,5.77,-4.94,2.16,-1.0,0.06,-0.85,-5.08,-12.65,-11.96,-0.26,-1.07,0.35,-0.98,3.65,-4.43,2.56,-5.47,0.43,-0.63
13.9943,-89.6974,-4.87,1074.0,-138.67,-0.26,1.31,-0.63,-3.4,-1.94,-0.93,-1.96,4.91,1.3,12.27,-4.19,-1.3,-2.2,2.0,10.26,1.23,6.26,1.68,-0.53,-7.65,-2.2,4.87,3.01,-1.24,3.1,-2.83,-0.17,0.45
13.9943,-89.6967,5.22,-401.25,55.83,-2.93,1.0,-0.99,-3.81,-2.6,0.43,-1.42,4.88,3.1,-0.0,-5.32,-2.48,-5.53,1.42,-1.71,0.66,5.46,0.69,-1.11,-3.25,2.65,2.0,1.13,-0.24,3.92,-1.03,-1.13,0.44
13.9944,-89.6959,8.3,720.98,-79.44,-1.93,0.0,-0.66,-3.56,-2.8,0.01,-0.88,4.49,24.75,-2.71,-4.44,-2.3,3.44,1.15,0.52,-3.44,4.1,1.02,-2.59,1.92,0.25,1.54,-1.94,0.91,0.77,0.39,-0.03,0.49
13.9944,-89.6952,6.63,553.23,-60.66,-1.82,0.03,-0.95,-3.32,-2.55,-1.33,-1.42,4.11,16.62,3.1,-3.3,0.74,1.46,0.67,-3.23,-4.83,8.02,-1.78,-1.48,0.9,-1.49,3.45,-1.78,-0.64,2.27,-0.09,-0.58,0.23
13.9944,-89.6945,0.51,262.0,-31.84,-2.55,-0.32,-0.6,-3.93,-1.27,-1.13,-1.26,4.22,8.67,2.22,-3.03,-2.4,-1.31,2.08,-3.31,-3.46,2.75,-0.48,0.7,-0.65,0.87,3.43,-0.24,-1.36,1.5,0.54,-0.88,-1.11
13.9944,-89.6937,1.31,425.56,-51.16,-3.03,-1.32,-0.15,-3.25,-1.61,-0.23,-1.4,4.08,9.73,-1.6,-3.97,-0.89,-0.99,0.99,0.09,-0.38,5.89,-1.32,1.16,1.61,0.62,1.37,-4.24,-1.76,1.5,0.66,-0.79,-1.44
13.9944,-89.693,-2.12,-394.82,46.41,-2.33,-1.04,0.0,-3.95,-1.45,-1.24,-0.96,3.64,-1.94,-0.0,-3.76,-0.59,-0.16,1.84,-3.79,-0.05,2.43,-2.51,0.73,-0.12,0.86,0.98,-1.35,-2.9,-0.38,1.32,-0.79,-1.44
13.9944,-89.6922,2.55,96.89,-8.99,-2.73,-0.39,0.45,-3.27,-1.06,-0.18,-0.92,3.31,15.97,-10.05,-2.5,-1.49,-0.79,1.1,-1.48,-1.03,2.16,-3.19,-0.17,0.16,0.54,1.46,-1.82,-2.67,1.1,1.34,-1.5,-0.83
13.9944,-89.6915,-3.07,171.63,-24.9,-2.25,-2.37,0.84,-2.21,-1.27,-0.68,-0.31,3.78,-0.0,-3.76,-1.99,-0.36,-1.67,1.24,-3.7,0.64,1.94,-2.55,0.51,0.34,0.61,2.23,-2.32,-1.66,-0.35,1.45,-1.16,-1.3
13.9944,-89.6908,6.1,543.05,-60.1,-1.84,-1.76,1.71,-2.88,-1.22,-1.15,-0.27,3.38,24.5,-9.15,-2.21,-0.3,-0.28,2.19,-1.9,0.16,2.69,-1.92,0.16,0.25,0.31,3.03,-2.06,-2.17,-1.38,2.08,0.02,-0.99
13.9944,-89.69,4.72,943.97,-111.46,-1.85,-1.98,0.62,-2.06,-0.87,-1.23,0.46,2.8,37.56,-9.13,-1.46,-0.89,-1.25,2.0,-2.29,-0.26,2.41,-2.16,1.01,0.29,0.13,2.48,-0.41,-2.3,-0.88,1.96,-0.65,-0.75
13.9944,-89.6893,-1.39,549.67,-69.81,-1.52,-2.26,0.85,-2.12,-1.26,-1.33,0.74,3.2,-0.0,4.54,-2.14,-1.41,-0.9,2.51,-2.08,-1.08,3.16,-1.85,0.84,2.84,0.08,2.59,-1.79,-3.02,-0.88,1.28,-1.33,-0.09
13.9944,-89.6885,-12.97,119.41,-30.15,-1.79,-2.76,1.06,-2.66,-1.75,-0.73,0.6,1.85,1.05,-0.0,-2.11,0.6,-0.78,2.36,-2.2,-0.22,2.28,-1.79,1.91,-0.05,0.42,1.94,-1.76,-2.88,-1.91,0.62,-1.31,-0.67
13.9944,-89.6878,-6.51,400.82,-57.43,-1.28,-2.86,1.46,-2.28,-1.51,-0.81,0.59,1.51,10.41,-8.0,-1.06,1.55,-0.85,2.09,-1.88,-0.62,2.08,-1.56,1.22,0.42,0.53,1.36,-1.56,-3.11,-1.56,1.28,-1.31,-0.67
13.9945,-89.6871,-4.1,384.55,-52.57,-0.75,-3.22,1.7,-2.31,-1.99,0.05,0.63,1.41,11.24,-8.11,-1.38,0.78,0.11,2.33,-1.94,-0.51,1.97,-1.01,1.46,0.14,0.42,0.65,-1.5,-3.92,-0.97,1.02,-1.57,0.18
13.9945,-89.6863,-7.83,231.39,-37.98,0.07,-3.86,1.87,-2.02,-2.42,0.17,0.53,1.16,-0.0,-8.43,-1.17,-0.32,-0.48,3.03,-1.36,-0.41,1.26,-1.03,0.95,-0.51,0.71,0.91,-0.44,-3.51,-2.04,0.6,-0.87,0.13
13.9945,-89.6856,-14.54,709.29,-105.25,0.25,-3.96,2.02,-1.88,-2.51,0.78,0.78,1.38,-0.6,4.87,-0.91,0.36,-0.79,2.85,-1.12,-0.01,1.15,-0.71,1.95,-0.5,0.77,0.45,0.42,-3.88,-2.16,-0.39,-0.56,-0.02
13.9945,-89.6848,-22.11,647.08,-106.5,-0.83,-5.11,2.14,-2.34,-2.31,0.68,0.31,0.93,-6.11,6.46,-0.52,0.69,-1.03,3.18,-0.77,-1.01,1.61,-0.85,0.17,-0.76,0.08,0.37,0.73,-3.63,-3.0,-0.19,-1.23,-0.08
13.9945,-89.6841,-17.92,-101.3,-8.63,-0.05,-4.73,2.37,-1.98,-1.98,0.16,1.8,1.61,-18.0,-5.79,-0.59,0.61,-1.48,3.46,-1.19,0.06,0.3,-0.02,1.66,-0.26,1.14,0.85,0.61,-2.89,-3.3,0.18,-1.0,0.34
13.9945,-89.6834,-13.04,-256.03,16.37,-0.65,-5.6,2.74,-1.79,-1.72,-0.14,2.08,1.19,-12.57,-12.66,-0.16,-0.05,0.31,3.58,-2.09,0.15,0.15,-0.47,1.36,0.38,0.56,0.52,1.07,-1.6,-3.1,0.18,-0.36,0.33
13.9945,-89.6826,-15.3,-340.55,24.2,-0.43,-4.8,2.43,-1.76,-1.57,-1.01,1.93,0.96,-5.64,-21.3,-0.63,-1.3,-1.66,4.57,-1.25,0.92,0.36,-0.14,1.04,0.72,0.48,0.4,0.9,-2.23,-3.8,-0.11,-0.44,1.16
13.9945,-89.6819,-14.8,210.26,-43.63,0.0,-5.73,2.48,-1.44,-2.05,-0.96,2.6,1.77,-6.12,-6.94,0.09,0.56,-1.41,4.83,-1.47,0.77,0.36,-0.36,0.86,0.03,0.22,-0.03,0.57,-2.31,-3.67,0.23,-0.98,1.33
13.9945,-89.6811,-14.08,486.86,-77.17,-0.1,-6.36,2.97,-1.5,-2.56,-0.9,2.4,1.56,-0.0,-11.63,0.0,0.01,-0.52,5.02,-0.7,0.98,0.37,-0.04,1.25,0.59,0.75,-0.05,-0.13,-2.13,-3.97,0.75,-0.97,0.85
13.9945,-89.6804,-22.22,801.96,-125.98,-0.35,-6.39,2.55,-1.16,-2.54,-0.63,2.13,1.08,10.19,-0.0,-0.29,-0.4,-1.14,5.18,-0.84,0.72,0.23,-0.14,1.9,0.63,0.65,-0.26,1.46,-2.17,-3.97,0.19,-1.36,0.51
13.9945,-89.6797,-24.94,1276.85,-188.27,-0.63,-6.39,2.55,-1.09,-2.91,-0.01,2.08,0.93,5.34,7.53,-0.26,0.09,-1.27,5.1,-1.03,0.87,0.38,-0.33,1.2,0.17,0.99,-0.96,1.98,-2.18,-4.04,0.77,-2.48,0.67
13.9945,-89.6789,-23.58,421.48,-80.32,-0.92,-7.09,2.37,-1.06,-3.17,0.6,2.25,0.64,-1.48,-9.79,-0.35,-0.03,-0.15,4.66,-0.75,0.77,0.24,-0.71,0.87,0.05,0.82,-1.13,2.32,-1.68,-4.49,0.95,-2.17,0.67
13.9946,-89.6782,-19.27,955.94,-141.71,-0.94,-6.44,2.18,-0.84,-3.88,-0.01,1.68,1.24,16.55,-7.0,-0.37,0.07,-1.72,4.12,-1.23,0.99,-0.09,-0.07,2.15,-0.34,1.27,-1.06,2.76,-1.28,-5.2,0.56,-1.11,1.44
13.9946,-89.6774,-28.29,806.19,-133.78,-0.88,-6.47,1.77,-0.0,-3.97,1.3,1.12,1.59,17.04,-20.2,-0.49,0.8,-1.98,4.55,-0.15,1.32,-0.02,-0.42,1.62,0.09,1.31,-1.38,2.63,-1.29,-6.14,-0.42,-1.11,2.03
13.9946,-89.6767,-34.09,1027.27,-168.18,-1.23,-6.48,1.83,-0.71,-3.54,2.25,1.5,1.42,15.29,-13.65,-0.79,0.47,-2.81,4.63,-0.97,2.13,-0.46,-0.16,0.43,0.21,1.26,-2.29,3.46,-1.45,-6.1,0.49,-2.58,1.36
13.9946,-89.676,-21.09,766.65,-120.38,-1.02,-6.66,1.53,-0.38,-4.27,2.44,0.24,1.2,15.29,-0.0,-0.89,0.93,-2.58,4.03,-1.69,1.2,-0.68,-0.52,-0.44,0.32,2.21,-0.94,3.26,-1.55,-6.15,0.4,-0.64,1.58
13.9946,-89.6752,-28.41,593.11,-107.47,-1.69,-5.59,1.66,0.61,-4.89,2.0,0.21,1.51,-1.88,-8.8,-0.53,1.19,-0.83,5.56,-0.32,-0.47,0.35,0.11,0.26,0.03,2.28,-1.97,3.8,-1.79,-6.24,0.25,-0.99,0.77
13.9946,-89.6745,-29.36,1144.22,-177.22,-1.88,-5.96,1.62,0.24,-4.27,3.6,-0.82,0.65,-0.0,-3.34,-1.07,1.14,-2.9,6.24,2.6,0.61,0.92,0.93,0.59,-1.23,2.87,-1.61,3.25,-0.71,-6.86,0.58,-0.95,0.55
13.9946,-89.6737,-10.2,702.83,-99.59,-1.8,-6.04,1.3,0.28,-4.15,4.07,-0.37,1.28,-0.0,-6.89,-1.4,2.28,-0.03,4.46,0.8,0.88,-0.43,1.09,1.28,1.27,3.44,-2.46,2.64,0.21,-6.23,2.15,-0.98,1.63
13.9946,-89.673,17.54,-182.9,43.56,-1.74,-6.73,0.19,0.56,-3.75,3.86,0.16,1.16,-0.0,-6.89,-1.29,0.58,-4.44,3.95,3.3,-0.21,-0.52,-0.86,0.6,0.75,3.3,-3.34,3.18,-0.59,-5.23,5.04,-0.61,1.38
13.9946,-89.6723,-30.06,-118.73,-20.82,-1.15,-6.37,1.9,1.18,-5.45,3.42,-0.46,0.06,-0.0,-0.0,-0.96,-0.04,-4.87,4.6,1.71,1.21,0.07,-0.34,-1.96,-1.09,3.28,-3.77,4.18,0.73,-6.39,0.46,-1.87,1.38
13.9946,-89.6715,-6.43,-634.31,71.41,-0.67,-7.47,1.28,0.61,-2.84,3.0,1.12,-0.59,-8.04,-16.55,0.02,2.76,-7.84,5.23,0.09,-2.32,0.58,-0.34,-1.71,-0.87,3.52,-2.04,3.69,0.26,-6.1,3.26,-1.87,1.69
13.9946,-89.6708,-19.77,-544.71,44.46,-1.14,-6.87,1.15,1.82,-4.47,3.11,1.89,0.22,-7.52,-23.47,-0.78,2.01,-6.48,4.73,0.69,-0.93,0.05,0.37,-1.44,-3.19,2.81,-2.37,4.33,-0.12,-6.03,1.8,-1.86,1.0
13.9946,-89.67,-19.9,83.67,-34.01,-0.29,-6.47,-1.36,0.78,-3.3,2.37,1.46,1.18,-1.43,-15.99,-1.97,1.37,-2.76,3.89,2.81,-1.26,-1.1,0.74,0.41,-0.5,2.57,-0.88,4.72,-0.98,-5.83,1.8,-2.05,1.06
13.9947,-89.6693,1.41,-116.19,16.15,-1.0,-7.71,1.23,1.55,-3.87,3.6,1.25,1.08,1.22,-12.47,-0.99,2.48,-2.82,2.65,2.56,-1.19,-3.18,-0.13,0.68,1.06,4.38,-2.28,5.09,0.78,-6.45,5.0,-2.13,1.32
13.9947,-89.6686,5.34,-33.25,10.47,0.31,-6.17,0.42,1.74,-3.3,3.06,0.98,-0.36,5.84,-19.46,-2.48,1.75,5.06,5.58,1.92,-0.82,-0.11,0.15,-0.23,-0.51,2.72,-4.34,4.48,1.98,-4.81,5.35,-3.54,2.15
13.9947,-89.6678,-3.98,-138.33,12.54,-0.8,-5.72,-0.29,2.55,-4.53,2.63,1.49,-0.34,2.77,-19.46,-1.58,3.24,-3.03,5.66,4.39,-2.03,-0.63,1.23,-1.26,0.31,2.49,-4.98,3.46,1.91,-6.39,5.82,-4.85,2.95
13.9947,-89.6671,-18.47,748.75,-115.28,-0.73,-6.78,-1.45,2.23,-3.73,2.53,0.42,-1.28,4.0,-5.06,-3.06,6.18,-3.67,4.33,4.7,-2.67,-0.37,2.12,2.26,-0.79,2.99,-3.78,6.51,2.14,-6.79,4.89,-5.39,2.48
13.9947,-89.6663,-13.12,544.48,-83.48,-1.77,-6.1,-1.52,2.45,-5.13,3.51,0.42,-1.03,18.48,-20.14,0.59,3.88,-3.48,6.29,2.77,-3.58,-0.54,2.34,-0.21,-1.31,3.41,-2.61,3.79,0.8,-6.88,5.71,-4.98,1.76
13.9947,-89.6656,8.69,-472.35,69.24,-0.42,-6.09,-1.9,3.28,-4.05,3.09,0.51,-2.4,8.31,-19.14,-1.27,4.58,-3.78,6.21,2.83,-4.7,-1.72,1.19,0.17,-4.3,3.02,-2.33,2.2,0.79,-6.88,7.21,-3.83,2.45
13.9947,-89.6649,7.46,-1276.48,168.16,-0.22,-6.01,1.07,1.47,-4.63,3.42,-1.15,-0.57,-2.6,-28.05,-0.7,2.4,-7.52,3.86,2.37,-1.1,-1.49,1.4,0.86,-2.11,1.11,-5.29,2.46,1.14,-7.19,6.53,-3.02,2.41
13.9947,-89.6641,11.27,-688.53,99.31,-0.7,-7.31,-0.68,0.91,-3.96,1.73,-0.44,-0.85,6.05,-28.69,-3.15,3.89,-1.98,5.89,3.24,-1.35,0.7,2.5,0.8,-1.01,4.31,-3.1,2.98,1.66,-6.26,7.24,-3.89,2.41
13.9947,-89.6634,22.98,-1229.63,180.76,-1.27,-8.58,-1.24,0.77,-3.48,1.58,-0.47,-0.96,-0.0,-28.86,-2.07,4.56,-4.2,5.12,5.61,-1.8,-4.56,0.03,1.58,-1.36,1.86,-3.44,3.22,1.87,-5.4,8.73,-4.14,1.99
13.9947,-89.6626,26.22,-1788.43,254.42,1.85,-8.07,-0.21,-0.33,-2.14,2.1,-1.72,0.0,0.93,-37.79,-0.76,2.31,-3.34,6.35,0.59,-0.83,-1.69,-0.43,2.85,-3.01,3.68,-7.87,2.58,2.52,-7.17,9.43,-4.29,3.68
13.9947,-89.6619,14.74,-928.09,133.4,0.73,-7.65,-1.28,0.58,-1.22,1.77,-4.62,-1.38,19.3,-36.91,0.66,4.69,-4.68,5.8,1.72,-5.0,-0.76,0.61,-0.5,2.13,1.24,-3.05,4.17,1.24,-9.05,9.43,-4.35,3.1
13.9947,-89.6612,22.21,-563.76,96.76,1.33,-8.15,-0.53,2.94,-1.18,3.0,-0.9,-0.91,11.64,-21.79,0.53,3.46,-5.62,7.28,8.38,-1.6,-1.87,-1.58,-2.23,-2.06,1.66,-3.83,1.54,-2.05,-11.38,11.85,-3.44,1.72
13.9947,-89.6604,-28.0,466.57,-91.5,-0.41,-11.24,0.52,0.36,-1.95,2.39,-0.5,-0.03,7.81,-16.55,0.36,2.7,-2.88,10.72,1.75,-7.15,-1.3,-0.47,1.48,-0.63,3.53,-5.39,-0.04,3.5,-6.29,2.4,-4.25,2.21
13.9948,-89.6597,11.5,-119.77,28.6,-1.5,-9.0,0.34,0.89,-2.31,2.94,-0.45,0.78,3.4,-0.0,-0.16,4.5,-6.38,12.09,-0.56,-1.33,-1.99,-1.78,4.98,-1.17,6.31,-6.94,0.91,-0.15,-8.47,10.87,-5.47,0.97
13.9948,-89.6589,32.56,-887.0,149.48,2.32,-10.56,0.31,-0.93,-0.67,3.77,2.12,-1.11,13.75,-0.0,-1.56,0.21,-7.47,-0.37,3.03,-5.09,2.65,-1.76,1.0,-2.83,5.91,-8.42,4.99,0.26,-9.77,14.06,-5.08,1.11
13.9948,-89.6582,-9.09,679.76,-95.77,1.68,-8.3,2.86,-1.0,-0.95,4.39,3.5,0.08,16.16,3.85,0.56,-10.75,-9.91,3.37,10.89,-3.27,0.83,0.53,0.25,1.16,0.88,-12.01,0.67,-0.36,-9.77,8.87,-5.24,0.63
13.9948,-89.6575,80.26,-1771.85,316.74,4.97,-6.3,-0.61,-0.16,-1.24,2.57,-4.94,3.53,6.47,-27.12,0.62,-1.41,15.1,12.04,-3.56,0.59,-3.67,-0.68,1.28,-2.59,4.63,-7.61,-1.92,-0.38,-9.94,18.55,-3.43,2.03
13.9948,-89.6567,23.65,-414.66,79.91,2.01,-8.39,1.69,-1.12,0.01,1.51,-2.56,0.67,3.98,-13.96,0.26,9.38,2.98,0.96,7.59,-2.7,-19.67,4.84,7.86,-4.41,6.77,-0.16,2.86,2.4,-7.25,9.27,-3.43,2.03
13.9948,-89.656,30.5,-839.1,141.15,2.63,-10.96,1.06,-1.79,0.67,1.5,-1.77,-0.92,-7.1,-2.42,3.62,-0.1,-4.72,4.21,2.36,0.35,-1.3,4.32,-0.81,-4.55,6.16,-4.8,3.37,-1.29,-10.34,12.28,-4.05,2.72
13.9948,-89.6552,9.11,733.65,-81.0,0.73,-11.34,1.01,-1.11,0.14,1.79,-2.03,-1.26,-2.72,13.65,1.0,1.29,3.14,6.12,0.83,-0.62,-0.42,8.03,2.23,1.69,-2.44,-6.26,4.79,-0.06,-8.44,8.45,-3.05,0.72
13.9948,-89.6545,7.49,405.14,-41.81,2.42,-10.29,0.42,-1.32,0.65,2.35,-0.93,0.22,-0.0,1.19,0.35,2.43,6.67,4.21,2.94,-0.93,-13.23,8.76,-1.62,-6.03,5.13,-3.96,5.31,-0.92,-10.18,10.28,-4.2,0.85
13.9948,-89.6538,29.22,-216.9,61.81,1.21,-10.27,0.67,-1.89,1.24,1.49,-3.11,0.08,10.34,1.13,-1.81,3.13,-3.29,4.33,4.21,-0.87,-7.71,4.67,-2.33,3.41,2.26,-3.6,3.61,-2.4,-8.76,11.58,-3.64,1.26
13.9934,-89.7159,-4.89,-306.61,31.99,1.22,5.68,2.37,-7.78,-8.09,14.91,-16.35,8.55,-13.75,11.04,-4.91,9.81,-6.73,-9.71,-4.84,-7.98,-1.22,5.78,-1.05,4.49,2.79,-1.41,-5.55,7.25,9.28,-10.3,2.48,3.37
13.9934,-89.7152,24.62,-1966.01,271.2,4.38,4.15,4.38,-6.86,-5.64,13.82,-14.92,8.75,-14.92,-1.63,-3.86,3.25,0.89,-7.18,-16.74,-8.35,-5.59,3.91,-0.15,-1.76,-4.62,-8.12,-3.2,7.36,9.28,-7.11,2.39,4.87
13.9934,-89.7144,32.45,-2111.77,298.44,1.54,4.86,3.65,-7.04,-6.47,13.15,-15.48,8.01,-19.07,-16.61,-4.54,-0.87,-5.86,3.76,-6.2,-17.93,-5.84,-3.32,15.95,12.13,-0.29,2.55,-3.11,9.84,5.51,-3.16,2.72,3.34
13.9934,-89.7137,-58.68,-78.88,-59.55,3.14,7.35,3.82,-6.78,-6.37,12.44,-13.64,8.85,-0.0,2.37,-3.96,3.14,0.87,-2.13,-13.09,-24.98,-19.28,8.94,0.86,0.69,-18.25,0.68,-7.25,3.45,8.23,-18.45,4.2,3.34
13.9934,-89.713,9.81,312.04,-26.87,2.12,4.06,3.67,-9.62,-2.54,11.02,-13.83,8.83,-0.0,5.89,-3.1,3.5,-0.0,-5.51,-7.23,-0.72,-2.6,-0.7,3.5,14.95,-5.37,-1.12,-0.56,4.91,7.79,-8.51,3.53,3.59
13.9935,-89.7122,33.16,-1641.86,241.53,1.47,3.61,2.81,-9.69,-6.28,12.78,-12.75,7.78,-34.31,16.8,-4.34,7.59,-5.35,-5.63,-17.29,13.03,-19.26,8.65,4.45,6.92,-11.35,-2.56,0.79,6.47,11.15,-4.47,1.99,0.77
13.9935,-89.7115,-11.15,-702.05,73.39,-4.13,5.36,1.92,-8.81,-6.89,8.85,-12.19,8.21,-17.31,11.25,-4.03,3.11,-0.02,-5.63,-8.65,-13.79,-5.31,-10.37,-1.93,20.63,0.53,4.21,0.19,0.22,2.48,-7.75,3.47,3.04
13.9935,-89.7107,-1.65,-1312.36,159.88,4.78,2.69,2.99,-8.87,-6.44,8.2,-12.27,8.8,-29.69,8.21,-1.05,2.86,-23.85,4.23,-2.2,0.35,-3.71,3.16,-6.27,8.4,-3.63,-9.28,-0.52,-1.7,7.58,-5.6,-0.03,1.46
13.9935,-89.71,-12.59,-720.91,74.05,-1.41,-0.14,3.28,-10.14,-6.28,9.96,-11.37,8.11,-29.33,-0.0,-3.66,4.43,-8.28,-0.92,-2.33,4.82,-4.06,6.64,-0.55,9.94,10.89,-8.45,-2.11,2.58,5.81,-7.76,0.45,3.71
13.9935,-89.7093,-28.11,-777.0,62.66,-4.98,4.39,2.42,-8.41,-2.78,7.98,-11.13,8.05,-22.04,7.78,-2.2,-16.45,-4.46,0.69,-2.55,6.0,-7.23,-6.79,3.13,-1.0,-3.67,-3.88,-6.49,3.42,5.81,-7.87,0.5,0.12
13.9935,-89.7085,39.19,-1465.05,227.04,-1.78,4.89,1.83,-8.92,-2.78,7.49,-7.76,8.24,-21.46,-1.75,-0.17,-11.6,4.82,-1.46,-9.27,1.85,3.64,-0.17,0.52,7.77,-4.39,4.43,-1.88,3.43,10.76,-4.42,3.28,0.12
13.9935,-89.7078,7.97,-872.93,117.13,-1.58,5.73,4.23,-7.62,-1.28,4.56,-7.37,7.37,-16.88,3.09,-2.57,1.41,-15.75,-0.22,-7.18,8.7,-2.19,-12.52,3.08,12.63,0.31,-4.33,0.13,6.41,8.35,-7.53,4.02,-0.31
13.9935,-89.707,-46.55,1391.51,-226.74,-2.83,4.93,2.01,-7.97,-3.28,5.47,-6.35,6.45,-7.67,4.51,-4.14,12.16,-5.24,-2.31,-11.48,4.52,2.98,10.9,-1.79,6.62,-3.36,0.66,-2.42,13.14,8.06,-15.22,4.37,0.14
13.9935,-89.7063,-21.38,1502.28,-210.71,0.34,4.15,1.22,-6.98,-3.66,5.37,-4.92,6.86,-10.79,20.25,-7.85,4.11,11.07,2.31,-5.51,-1.5,1.3,-0.33,2.61,2.66,-4.02,10.82,0.99,9.09,5.71,-11.54,4.41,2.13
13.9935,-89.7056,5.16,-95.15,17.84,-4.53,3.67,0.28,-7.31,-4.6,2.87,-3.42,6.03,-5.05,11.12,-1.86,6.62,-14.29,-2.63,2.49,-2.33,11.26,-7.61,-6.88,12.63,-10.47,-0.58,-3.77,0.72,8.44,-8.11,4.75,-1.16
13.9935,-89.7048,-10.75,130.47,-28.82,-5.63,2.0,1.92,-5.85,-3.11,2.03,-3.03,6.53,-6.34,1.32,-3.93,1.04,-8.32,2.26,-5.08,4.68,-1.94,10.22,1.76,1.58,-8.16,-4.32,1.68,1.98,7.5,-10.09,4.25,0.34
13.9935,-89.7041,-4.51,-442.79,49.37,-2.49,2.4,0.73,-8.44,-2.76,1.8,-3.14,5.95,17.12,-0.0,-3.42,0.44,-11.39,0.41,-0.14,-7.96,0.73,-3.13,2.48,-3.74,-3.71,-1.75,-4.56,-0.59,10.47,-9.64,4.14,-2.07
13.9936,-89.7033,-54.73,1601.88,-262.57,-3.1,4.75,-0.24,-6.02,-4.15,0.51,-2.56,5.0,7.51,-4.81,-4.93,-2.47,2.12,0.8,-4.65,-0.23,4.67,4.85,9.6,7.13,-4.07,0.15,-7.76,3.32,10.47,-14.62,1.43,-0.98
13.9936,-89.7026,6.12,-56.81,14.25,-4.96,2.39,0.62,-5.12,-2.94,-1.19,-1.1,3.34,2.04,-5.29,-7.11,5.04,-3.61,-0.08,-1.72,7.11,2.25,1.91,-3.43,2.07,-2.76,10.52,-14.16,2.8,10.74,-8.02,2.06,0.42
13.9936,-89.7019,0.35,213.63,-25.99,-3.21,-0.67,-0.2,-4.46,-2.64,0.4,-1.59,4.3,10.35,6.23,-4.88,11.02,-1.95,1.01,-5.79,-3.45,-4.89,-1.0,-3.28,-13.29,6.37,4.38,-3.17,1.69,5.79,-5.08,1.33,0.42
13.9936,-89.7011,6.81,-329.79,48.81,-2.1,2.0,-0.33,-4.8,-1.77,-1.08,-2.16,4.52,18.66,-5.79,-6.64,-6.72,-10.31,0.61,4.29,-2.03,-3.19,17.87,-0.83,-16.6,-2.88,-1.4,-1.92,3.94,4.79,-4.6,2.15,0.9
13.9936,-89.7004,4.05,-1118.39,143.07,-5.72,1.52,-0.42,-3.21,-2.44,-2.31,-2.89,3.17,29.83,-0.0,-5.87,-7.63,-15.8,-3.2,-10.58,11.85,-9.02,6.48,0.34,-19.08,-4.08,-4.26,0.77,-1.2,4.78,-4.6,2.26,0.11
13.9936,-89.6996,-23.13,20.97,-29.93,-0.62,1.42,-1.36,-3.02,-1.96,-0.83,-0.52,4.35,24.15,-0.0,-5.17,-10.15,-7.3,-0.49,-11.29,0.53,4.79,-1.83,0.18,-5.64,2.64,1.67,0.72,-2.92,6.17,-7.58,1.61,-1.59
13.9936,-89.6989,-8.41,-343.93,32.6,-3.06,-0.09,-1.42,-2.71,-1.87,0.35,-1.88,4.32,5.46,7.67,-4.69,-3.58,-8.09,-0.11,-3.99,-2.26,-1.56,-0.73,-0.53,-17.46,3.22,3.33,-4.65,5.11,3.54,-4.87,1.34,0.32
13.9936,-89.6982,-7.83,-997.51,114.16,-2.64,1.0,-0.88,-4.3,-1.44,-0.49,-1.11,5.58,-8.65,1.42,-4.24,-4.52,-0.62,-1.59,1.82,-2.97,-7.88,-3.76,-2.54,-8.22,-3.23,-3.08,-6.98,-2.99,4.75,-2.56,-0.47,-2.12
13.9936,-89.6974,-3.25,94.97,-15.59,-2.96,0.72,-0.4,-4.61,-1.52,-0.88,-2.52,4.61,9.27,14.74,-5.69,-1.88,-4.32,0.85,-4.46,-0.26,-4.84,-2.12,-0.94,-5.77,-0.94,0.53,-1.21,-0.8,3.78,-1.96,-0.31,-1.19
13.9936,-89.6967,4.12,-281.37,39.69,-1.3,0.61,-1.24,-3.4,-1.74,-0.09,0.11,5.06,13.97,-8.81,-5.11,1.97,-3.39,0.28,-3.57,-2.9,1.08,-0.06,-1.28,-8.24,0.42,2.18,-4.56,-1.84,2.27,-1.35,0.03,0.72
13.9936,-89.6959,-8.4,366.43,-55.29,-3.05,0.35,-1.09,-3.45,-2.57,0.51,-0.59,4.91,12.22,-7.9,-4.31,-1.83,-2.02,1.04,-4.48,3.21,5.49,-2.26,-0.41,1.5,1.79,1.88,-4.27,-1.96,-0.07,-0.62,-0.37,-0.25
13.9936,-89.6952,-1.07,517.68,-65.37,-2.9,-0.57,-0.43,-3.16,-2.51,0.25,-0.04,3.63,9.42,-0.92,-5.21,-0.47,-5.37,-0.47,-0.65,5.97,3.87,4.32,-1.53,2.94,0.23,1.52,-1.55,-3.02,-0.07,0.66,-0.73,-0.2
13.9937,-89.6945,3.67,322.75,-35.63,-2.69,-0.19,-0.84,-3.5,-2.13,-0.68,0.33,3.7,11.56,0.03,-3.92,2.45,-3.58,0.79,-3.03,1.94,3.38,0.1,-0.53,-3.16,0.39,1.33,-1.04,-3.33,1.57,0.05,-0.54,-0.2
13.9937,-89.6937,7.1,-85.24,18.96,-2.86,-0.58,-0.13,-3.74,-1.65,-0.68,-0.5,3.55,10.39,-0.0,-2.06,-0.23,-2.24,1.2,-2.02,2.0,3.8,-2.61,-1.52,-1.15,0.26,2.41,0.12,-2.46,1.39,1.04,-0.54,-1.06
13.9937,-89.693,0.79,-85.73,11.56,-2.67,-0.6,0.7,-4.0,-1.83,0.01,-0.87,3.05,6.72,-0.0,-2.99,-0.53,-0.99,1.95,-3.29,-1.07,4.86,-1.21,0.49,-0.09,0.35,1.01,-1.31,-3.28,0.94,1.04,-0.99,-1.4
13.9937,-89.6922,8.71,-646.54,90.42,-2.24,-1.49,0.44,-3.62,-0.5,-0.95,-0.26,3.12,-5.8,-10.44,-2.52,-0.68,-0.61,1.89,-2.57,-0.82,3.16,-1.87,0.33,0.25,0.91,2.33,-2.4,-2.24,1.55,1.45,-0.78,-1.24
13.9937,-89.6915,2.23,-371.9,48.73,-2.14,-1.06,0.43,-2.33,-0.78,-0.5,0.77,3.76,-0.66,-15.36,-2.12,-0.61,-0.32,2.88,-2.99,-0.27,3.74,-2.02,0.29,0.25,0.34,1.64,-2.51,-2.61,0.98,1.0,-0.95,-1.04
13.9937,-89.6908,-0.99,139.78,-18.5,-2.01,-1.96,-0.36,-2.38,-0.73,-0.82,0.43,2.2,12.28,-0.0,-2.22,0.25,-1.21,2.07,-2.5,-0.76,3.18,-2.96,0.31,-0.04,0.32,2.37,-1.79,-2.62,0.13,1.28,-0.93,-1.41
13.9937,-89.69,6.08,129.03,-8.8,-2.08,-1.78,0.33,-2.27,-1.14,-1.17,0.92,2.16,22.72,-17.97,-1.77,-0.19,-0.94,1.94,-2.29,-0.78,2.82,-1.88,0.6,0.31,0.73,2.77,-0.91,-2.64,0.13,1.6,-0.9,-0.49
13.9937,-89.6893,-7.9,85.95,-20.0,-1.47,-2.21,0.36,-2.08,-1.22,-1.38,1.13,1.72,16.91,-22.34,-1.35,-0.32,-0.91,2.01,-2.18,-0.64,2.78,-2.0,0.98,0.77,0.51,2.33,-1.83,-2.56,-1.16,0.7,-1.21,-0.49
13.9937,-89.6885,-3.03,1055.19,-134.46,-0.86,-2.21,0.87,-2.08,-1.27,-0.85,0.6,1.15,15.42,10.96,-1.71,0.07,-0.56,2.27,-2.28,-0.06,2.51,-1.84,0.69,-0.0,0.52,1.76,-1.54,-3.05,-0.99,1.37,-1.21,-0.75
13.9937,-89.6878,-7.89,166.69,-30.01,-0.64,-2.59,1.12,-2.11,-1.45,-0.5,0.8,0.97,5.08,-9.64,-1.81,0.06,-0.41,2.47,-1.24,0.13,1.87,-1.26,0.66,0.21,0.64,0.67,-1.39,-2.89,-1.45,0.79,-0.73,-1.12
13.9937,-89.6871,-1.2,-246.09,29.12,-0.36,-3.09,1.18,-2.01,-1.67,-0.2,0.98,0.94,1.03,-14.96,-0.99,-0.09,-0.83,3.08,-1.29,-0.28,2.06,-1.92,1.07,0.67,1.16,1.32,-1.06,-4.26,-1.01,1.27,-1.02,-0.37
13.9937,-89.6863,-2.15,444.86,-57.76,-0.16,-3.15,1.31,-1.81,-1.62,-0.11,0.49,0.93,16.42,-7.95,-1.32,-0.71,-0.38,2.11,-1.05,-0.16,1.35,-1.45,1.3,-0.12,0.96,1.22,-0.85,-3.46,-1.71,1.27,-0.9,0.02
13.9937,-89.6856,-15.72,281.19,-53.5,-0.19,-3.64,1.64,-1.41,-1.45,-0.08,1.24,1.07,-0.0,-14.11,-1.38,-0.38,-0.36,2.7,-1.29,0.51,1.73,-0.73,1.32,-0.31,0.87,0.66,-0.81,-3.32,-3.09,0.51,-0.65,-0.66
13.9938,-89.6848,-15.61,1210.83,-168.8,0.13,-4.04,2.0,-1.56,-1.58,0.58,2.23,1.13,5.96,11.75,-0.47,0.17,-1.15,3.38,-1.67,-0.28,2.18,-0.99,1.34,-0.28,0.53,-0.09,0.28,-2.86,-2.37,-0.09,-0.84,0.01
13.9938,-89.6841,-13.61,330.88,-57.19,-0.1,-4.18,1.64,-2.35,-1.75,0.01,1.94,1.22,-10.41,2.6,-0.35,0.9,-1.82,4.11,-1.28,-0.15,1.42,-1.29,2.61,-0.59,1.12,0.33,0.14,-3.05,-2.6,0.04,-0.57,0.19
13.9938,-89.6834,-14.72,294.76,-54.03,-0.15,-5.02,2.27,-2.03,-1.11,0.16,2.11,1.52,1.14,-10.83,-0.18,0.44,-1.18,3.97,-1.62,0.26,0.68,-0.89,1.81,-0.34,0.93,-0.25,1.19,-2.7,-3.65,0.33,-0.04,-0.22
13.9938,-89.6826,-22.62,560.54,-96.4,-0.11,-5.01,2.83,-1.8,-1.64,-1.15,2.28,0.67,2.51,-0.0,-0.43,0.35,-1.19,4.9,-1.14,0.92,0.52,-0.68,1.4,0.9,0.87,0.15,0.65,-2.15,-4.29,0.14,-0.88,0.23
13.9938,-89.6819,-15.69,148.46,-37.01,0.07,-5.44,2.53,-1.51,-1.53,-1.33,2.67,1.31,-0.57,-13.97,0.08,-0.03,-1.08,4.56,-1.46,0.63,0.65,-0.95,1.12,0.23,0.86,0.22,1.03,-2.62,-4.29,0.23,-0.18,0.52
13.9938,-89.6811,-20.32,-248.21,6.8,0.01,-5.33,2.57,-1.43,-1.72,-0.62,2.68,1.01,-6.93,-23.2,-0.2,0.58,-1.38,4.79,-1.15,0.86,0.49,-0.47,1.28,-0.45,0.63,-0.09,1.43,-2.19,-4.08,-0.26,-0.41,0.37
13.9938,-89.6804,-19.29,476.06,-82.0,-0.13,-5.94,2.4,-1.42,-1.97,-0.41,2.14,0.94,-1.44,-5.27,-0.56,0.38,-1.88,4.91,-0.72,1.15,0.36,-0.24,1.15,-0.37,1.02,-0.91,1.31,-2.05,-4.47,0.1,-0.41,0.37
13.9938,-89.6797,-19.19,602.98,-97.68,-0.61,-6.11,2.48,-1.15,-2.58,-0.16,2.36,0.56,-0.0,-9.65,-0.41,0.01,-1.26,5.18,-0.79,1.15,0.4,-0.22,1.28,0.57,1.13,-1.05,1.71,-2.09,-4.22,-0.07,-0.89,1.14
13.9938,-89.6789,-23.09,964.88,-147.32,-0.95,-5.79,2.45,-1.13,-2.82,0.4,1.73,0.34,13.95,-7.55,-0.12,-0.26,-1.17,4.86,-0.99,0.93,0.26,-0.48,0.65,0.81,1.33,-1.17,2.07,-2.0,-4.45,-0.07,-1.43,1.32
13.9938,-89.6782,-30.35,28.0,-39.41,-0.87,-5.62,1.92,-0.78,-2.71,0.65,1.35,0.97,-3.42,-23.72,-0.57,0.05,-1.65,4.76,-0.39,1.69,-0.4,-0.27,0.93,0.72,1.29,-1.43,2.9,-1.69,-5.17,-0.32,-1.54,0.97
13.9938,-89.6774,-32.16,680.15,-122.69,-0.96,-6.13,2.22,-0.44,-3.65,1.37,1.62,1.15,-0.35,-8.62,-0.79,0.21,-2.63,4.75,0.03,0.76,0.15,-0.25,1.37,0.61,1.6,-1.31,3.49,-1.68,-4.86,-0.81,-1.8,1.48
13.9938,-89.6767,-32.67,987.87,-161.59,-1.48,-5.98,1.66,-1.25,-3.44,1.69,1.21,1.16,4.89,-4.73,-0.73,0.96,-2.52,5.01,-0.17,1.39,-0.77,0.16,0.42,0.73,1.65,-1.47,3.45,-1.36,-5.23,-0.96,-1.41,1.43
13.9939,-89.676,-23.39,448.76,-83.53,-1.3,-5.73,1.33,0.04,-3.52,2.02,0.86,1.22,7.64,-18.47,-0.53,1.0,-2.21,5.08,-0.08,1.39,-0.02,-0.04,0.95,-0.29,1.67,-2.81,3.65,-1.42,-5.5,0.38,-0.8,0.65
13.9939,-89.6752,-21.8,340.84,-68.24,-1.75,-6.28,1.13,-0.52,-3.77,2.03,0.67,1.69,7.65,-22.02,-0.67,1.54,-0.33,3.99,-0.48,1.95,-0.25,0.5,1.13,-0.09,2.21,-2.82,3.44,-1.61,-4.86,-0.04,-0.62,0.76
13.9939,-89.6745,-20.03,-73.84,-14.52,-1.12,-6.41,1.18,-0.52,-3.61,2.85,0.77,1.2,-2.34,-22.02,-1.38,1.23,-3.43,4.34,0.99,1.67,0.22,0.74,0.75,-0.25,3.09,-2.48,3.6,-0.96,-6.2,0.94,-0.8,1.16
13.9939,-89.6737,0.01,-184.36,22.97,-1.58,-6.14,1.2,0.53,-3.83,3.56,0.05,0.81,6.97,-18.01,-1.42,2.17,-4.42,5.18,0.66,-0.31,-0.57,-0.21,-0.92,0.2,2.87,-2.19,3.5,-0.12,-5.39,3.13,-0.83,1.16
13.9939,-89.673,-12.63,115.17,-29.3,-2.02,-6.49,1.22,0.74,-3.68,3.03,0.07,0.75,-0.0,-14.63,-0.8,1.16,-2.87,4.5,-0.36,-1.22,-0.35,0.24,-0.97,-0.39,2.53,-1.7,4.34,-0.48,-5.57,1.21,-0.67,1.42
13.9939,-89.6723,-12.55,237.71,-44.47,-0.96,-6.81,1.1,1.08,-4.43,3.82,1.33,0.17,-0.0,-14.63,-0.73,2.04,-2.15,3.79,0.85,-0.51,0.98,-1.14,-1.67,0.19,3.59,-2.25,2.97,0.46,-6.44,1.21,0.15,1.06
13.9939,-89.6715,-10.19,-578.93,60.06,-0.32,-7.04,0.79,-0.13,-3.33,3.58,0.35,-0.56,-9.75,-18.36,-0.9,1.44,-2.13,4.95,1.7,-1.21,-0.83,0.94,-2.41,-1.47,2.17,-2.78,3.6,0.93,-5.26,2.4,-2.38,2.25
13.9939,-89.6708,-25.23,-33.57,-25.7,-0.93,-6.2,-0.12,1.16,-3.33,4.45,0.53,0.9,-9.88,-18.36,-0.97,1.11,-2.23,6.16,0.49,0.71,1.14,0.61,-0.46,-1.75,3.49,-4.02,3.72,-1.07,-6.18,1.4,-2.25,1.27
13.9939,-89.67,-12.62,-233.41,14.14,-1.26,-6.98,0.2,1.6,-3.59,3.99,0.85,1.17,-13.88,-9.72,-2.06,1.35,-4.26,5.37,2.33,-0.8,0.37,0.0,0.13,-1.05,3.68,-2.12,3.79,-0.3,-6.76,1.89,-0.94,1.92
13.9939,-89.6693,-16.59,-34.25,-15.38,-1.2,-6.6,-0.52,1.66,-3.9,3.19,1.16,1.2,-2.87,-12.34,-2.15,2.09,-5.04,3.23,3.67,-2.99,0.5,-1.61,1.77,-2.34,3.36,-1.84,4.48,-0.1,-6.47,2.67,-2.35,1.59
13.9939,-89.6686,6.1,-585.99,80.29,-0.9,-6.56,-0.02,1.45,-3.38,2.29,0.06,0.42,3.16,-26.18,-1.37,3.86,-4.96,5.01,3.89,-0.47,-0.47,0.42,-0.29,0.49,2.21,-1.85,4.67,1.35,-5.76,4.48,-2.04,2.54
13.9939,-89.6678,5.34,167.31,-14.54,-0.67,-6.16,-0.82,2.32,-2.93,2.21,1.8,0.72,5.79,-8.04,-1.31,0.76,-3.12,4.24,4.06,-1.77,0.47,1.86,-0.6,0.38,2.98,-1.87,3.37,0.14,-6.51,5.67,-2.81,2.32
13.994,-89.6671,-3.14,172.98,-25.3,0.29,-6.94,-0.06,1.41,-4.17,2.47,1.61,-1.57,5.43,-8.04,-2.12,3.51,-2.72,3.65,2.39,-2.09,-1.15,2.01,1.39,-1.18,2.73,-3.04,4.19,-0.18,-6.51,5.15,-3.02,1.59
13.994,-89.6663,-13.64,3.42,-16.59,-1.16,-5.28,-1.3,2.3,-2.3,2.48,2.46,-0.58,10.32,-28.28,-1.43,3.77,-2.01,2.72,2.37,-3.29,-0.45,1.93,-0.12,-0.25,4.32,-1.88,4.47,-0.62,-6.83,4.23,-3.97,2.57
13.994,-89.6656,1.71,-262.93,34.84,-0.43,-5.75,-1.26,1.72,-3.24,3.16,0.84,-0.26,12.8,-29.42,-1.51,2.69,-3.68,5.69,5.14,-3.66,-0.39,2.23,0.53,-0.25,2.89,-2.36,3.76,-0.32,-6.86,6.31,-3.97,2.57
13.994,-89.6649,19.62,-623.04,101.01,-0.21,-6.94,-0.32,1.66,-3.59,3.07,0.66,-0.41,3.0,-18.2,-2.67,5.1,-1.41,4.91,4.1,-2.47,-1.48,2.21,-0.54,-0.38,1.17,-3.03,2.11,0.3,-5.9,7.58,-3.55,2.88
13.994,-89.6641,14.85,-704.39,105.53,-0.86,-7.87,-0.55,1.45,-2.54,2.22,-0.31,-0.7,2.24,-19.4,-0.87,3.53,-0.47,5.02,-0.97,-2.71,-1.63,1.62,0.51,0.17,2.48,-0.61,2.99,0.69,-6.98,7.82,-3.52,2.49
13.994,-89.6634,31.69,-1009.48,163.59,-0.16,-6.42,-1.5,-0.11,-2.98,2.66,0.54,0.49,-6.74,-0.0,-2.69,3.38,-2.31,4.52,3.57,-1.52,-0.5,1.29,-1.37,-0.64,2.2,-2.62,4.55,2.07,-6.3,7.82,-1.86,3.1
13.994,-89.6626,-16.91,-162.62,0.27,1.4,-6.5,-1.45,0.13,-2.18,1.55,-2.23,-0.1,12.27,-31.61,-2.12,3.46,-3.14,4.96,3.94,-1.51,-1.66,1.25,1.32,-1.05,2.47,-3.85,3.25,3.25,-7.3,5.23,-5.31,2.72
13.994,-89.6619,2.23,-570.76,73.93,1.67,-7.8,0.28,0.53,-1.84,2.72,-1.55,-1.0,21.72,-37.23,0.3,4.35,-4.84,5.21,-0.7,-3.36,0.9,-0.07,2.29,-2.55,1.72,-3.87,2.38,-0.0,-9.24,8.13,-3.85,1.94
13.994,-89.6612,-8.96,-884.24,99.84,-0.21,-9.09,-0.66,0.79,-1.77,2.74,-0.28,-3.0,12.89,-39.0,-0.32,3.58,-2.08,4.22,0.78,-5.5,-0.19,-0.98,-1.18,0.37,2.43,-8.61,2.62,1.06,-6.83,6.05,-5.36,2.71
13.994,-89.6604,21.69,-1049.42,156.84,1.17,-8.91,-0.01,0.53,-1.38,2.32,-2.04,-2.25,3.55,-28.97,-1.25,5.15,-2.04,7.55,5.39,-4.0,0.6,1.27,0.44,-2.37,1.7,-5.28,4.4,0.12,-7.45,8.36,-2.46,1.97
13.994,-89.6597,44.86,-787.14,151.56,0.42,-7.49,-0.95,1.8,-1.21,2.19,-2.58,1.29,-0.07,-21.77,-3.75,4.91,-2.8,9.57,17.38,-1.32,0.17,-3.23,3.5,0.78,4.9,-4.32,2.75,-1.44,-7.45,11.89,-1.84,0.25
13.994,-89.6589,11.95,791.73,-84.79,2.87,-9.7,-0.16,0.13,-1.49,0.87,-1.69,-0.63,30.88,-21.77,0.93,2.23,3.13,4.17,12.09,5.12,-3.6,3.05,0.28,-2.65,6.04,-11.14,3.26,-1.4,-6.36,9.27,-4.34,-0.17
13.9941,-89.6582,89.27,-896.36,217.92,1.02,-12.29,0.17,1.38,-1.03,2.63,0.98,0.94,23.32,-16.86,-0.34,4.19,2.58,7.13,11.1,2.65,-8.07,2.25,-1.09,-0.96,1.88,-2.27,4.29,-1.92,-7.71,20.48,-4.34,-0.17
13.9941,-89.6575,20.22,-896.45,136.08,1.2,-8.69,1.67,0.41,-0.15,1.13,-3.59,3.2,-1.23,-26.3,0.38,3.86,3.5,5.13,6.46,2.93,-8.42,-2.59,2.16,-5.17,3.86,-0.96,-0.28,1.49,-6.31,10.65,-4.85,0.04
13.9941,-89.6567,19.88,-483.81,84.09,2.36,-13.01,2.42,-1.01,0.24,0.3,-0.19,0.43,-9.43,-14.51,-1.31,5.95,-4.65,6.18,6.52,-1.37,-0.82,4.31,1.06,-0.61,16.18,-3.13,3.49,0.43,-9.12,11.6,-5.45,2.31
13.9941,-89.656,31.21,-704.24,125.11,3.27,-9.52,1.14,-1.23,1.74,-0.56,-1.31,0.97,-0.0,-22.63,7.71,1.07,-6.88,12.53,3.83,-0.21,-6.56,3.73,1.17,-4.53,5.22,-1.66,2.71,0.02,-10.12,10.85,-2.79,3.19
13.9941,-89.6552,11.91,-749.6,107.91,-0.1,-11.17,1.39,-2.24,1.03,1.08,-2.48,1.15,-1.02,-11.65,1.33,3.25,-3.6,7.7,-3.52,-0.25,-9.03,4.26,0.41,-3.5,4.28,-2.7,4.04,-1.09,-10.47,10.85,-3.79,0.65
13.9941,-89.6545,-10.1,638.35,-91.87,2.98,-10.26,1.45,-1.37,1.45,1.4,-1.78,1.07,-5.99,2.25,-1.46,3.11,-6.2,6.53,-0.94,3.56,-8.8,12.01,0.31,11.47,4.24,-4.88,4.77,-0.5,-9.97,7.2,-4.52,2.44
13.9941,-89.6538,15.99,639.28,-61.06,1.76,-11.78,-0.05,-1.7,1.78,0.96,-2.7,1.06,16.87,-11.96,0.56,4.44,-1.14,4.74,6.16,0.6,0.46,7.85,-2.37,7.05,2.69,-2.16,3.56,-1.72,-9.23,10.15,-4.46,2.49
13.9927,-89.7159,8.61,-1257.3,164.98,-1.97,4.55,2.97,-5.75,-7.63,10.38,-17.02,7.62,-23.47,-7.15,-2.62,6.71,-8.02,-3.71,4.4,-16.15,7.12,7.1,-2.27,-1.91,5.63,-6.72,3.98,7.15,10.46,-8.74,4.05,0.09
13.9927,-89.7152,-4.32,-1889.48,227.61,2.19,5.3,4.0,-5.55,-6.99,12.93,-15.36,7.92,-25.39,-14.79,-4.0,2.45,1.24,-2.65,-18.08,-2.56,3.41,7.18,-15.31,-4.62,-1.55,-2.16,-2.92,5.86,7.37,-7.99,3.39,0.09
13.9927,-89.7144,45.4,-3002.24,423.41,2.99,5.19,3.26,-7.28,-6.13,10.16,-14.7,8.49,-23.94,-13.38,-3.24,4.26,4.62,0.49,-29.69,-15.36,-7.15,0.14,3.56,13.05,-6.49,7.24,-4.84,4.74,7.86,-4.58,3.39,5.27
13.9927,-89.7137,49.07,-2972.24,424.13,2.65,5.24,4.2,-8.62,-8.76,11.45,-16.18,9.02,-31.63,-8.92,-3.51,1.33,-5.99,-6.58,-1.5,-14.74,-4.86,5.47,8.31,4.31,-12.22,9.71,-6.58,0.9,12.62,-4.58,2.18,2.88
13.9927,-89.7129,9.93,-2583.26,330.06,1.2,5.5,1.82,-8.91,-5.85,9.38,-13.69,7.42,-44.4,-0.0,-3.22,6.73,-17.3,-1.08,-5.66,-10.87,-4.71,3.07,7.64,-1.35,8.27,0.12,-5.58,7.47,10.29,-7.91,1.21,3.54
13.9927,-89.7122,-41.32,277.63,-83.0,0.04,5.54,3.61,-7.28,-3.05,10.61,-13.4,7.79,-31.45,23.92,-3.25,7.12,-12.33,-10.38,-6.76,5.88,-7.51,7.72,4.21,-5.23,8.06,-8.04,-4.08,6.93,-2.11,-8.32,2.4,3.69
13.9927,-89.7115,13.35,96.13,3.91,3.33,4.37,2.27,-7.84,-2.65,9.95,-12.14,8.0,-19.34,19.97,-1.93,-3.5,-7.87,7.62,1.85,2.71,-6.7,1.84,-0.4,13.41,-9.48,4.25,-1.51,5.66,10.23,-8.24,1.45,4.48
13.9927,-89.7107,31.28,71.84,28.08,-3.85,2.41,2.64,-8.98,-2.33,10.7,-11.47,7.83,-0.0,15.69,-3.57,9.05,-9.23,4.62,-1.61,-8.13,-1.09,1.23,-6.67,4.01,-1.37,1.27,1.09,10.33,10.23,-5.31,2.7,1.52
13.9928,-89.71,6.52,-77.56,17.27,-0.23,3.6,4.0,-9.01,-3.84,7.59,-10.57,6.61,-0.0,7.2,-3.05,0.76,-18.92,-2.43,1.51,6.8,-9.16,5.96,0.06,2.46,0.35,-3.67,2.24,9.32,5.82,-4.28,1.85,-0.1
13.9928,-89.7092,-3.4,81.76,-14.1,1.06,4.5,3.43,-8.92,-4.98,6.42,-8.88,8.07,-13.84,7.11,-2.8,5.5,-8.48,-2.48,-4.96,4.12,-1.13,12.14,-8.01,-0.11,13.67,-3.35,-2.18,1.13,8.7,-7.46,1.85,-0.1
13.9928,-89.7085,27.78,-1203.18,181.25,0.0,3.08,2.95,-9.19,-5.08,8.38,-7.8,8.06,-8.07,4.61,-5.24,-16.71,-1.35,-3.7,-0.55,0.43,-9.27,6.92,0.67,16.57,-13.55,5.16,-3.46,5.96,7.86,-5.05,3.0,2.05
13.9928,-89.7078,-0.54,579.68,-72.17,-4.83,5.59,2.8,-8.42,-3.24,8.08,-6.7,6.86,-11.25,9.14,-3.3,-3.89,-8.7,-1.46,-5.04,8.37,19.49,0.29,-3.54,11.55,-2.91,1.65,4.61,5.34,6.12,-7.0,3.05,0.64
13.9928,-89.707,20.08,-1024.84,150.21,-1.69,3.29,2.6,-8.1,-3.74,4.39,-6.13,5.92,-8.71,1.68,-1.71,3.15,-9.85,-1.03,-23.18,-0.47,12.01,-0.31,8.13,5.18,-10.71,2.98,-1.54,4.53,8.48,-3.15,1.02,-0.49
13.9928,-89.7063,-8.39,-1564.97,183.28,-2.25,3.12,2.3,-6.7,-1.73,2.83,-5.09,5.86,-21.06,-10.95,-4.08,1.55,-8.24,-0.11,-20.12,8.63,-2.73,-4.46,-2.94,6.85,-4.74,1.28,-2.99,6.63,9.44,-9.56,2.73,0.29
13.9928,-89.7055,11.23,-1121.91,151.79,-1.26,2.6,3.24,-5.98,-1.75,1.58,-4.55,6.32,-4.05,0.65,-4.4,6.25,-22.23,-2.62,-11.05,-11.71,17.22,2.47,-1.4,-3.37,-9.69,13.68,-2.4,2.7,12.47,-7.77,1.72,0.09
13.9928,-89.7048,-85.45,1591.62,-297.51,-1.01,2.5,2.04,-5.19,-6.52,1.98,-2.45,5.56,-10.78,7.21,-4.78,-1.56,1.24,1.08,-5.49,1.65,-3.32,5.77,-2.04,2.31,0.46,-4.71,-0.44,-0.99,7.76,-16.85,2.44,-2.86
13.9928,-89.7041,-27.19,401.81,-81.76,0.19,1.2,1.85,-7.43,-2.01,0.05,-0.26,4.89,8.95,-0.0,-4.59,7.55,-4.46,1.22,-13.43,8.89,-6.29,0.43,7.48,-9.96,-8.87,15.62,-3.68,-2.38,7.76,-10.65,3.82,-2.24
13.9928,-89.7033,-23.98,75.15,-37.61,-6.23,2.85,0.46,-5.27,-3.37,-1.01,-1.66,4.56,9.77,-9.46,-5.47,-4.65,-5.67,-1.16,-6.83,-0.95,5.9,8.47,1.09,-0.0,-4.0,-0.5,-1.0,-5.34,9.15,-8.14,0.51,-2.24
13.9928,-89.7026,6.49,-1070.87,140.0,-3.18,3.58,-0.65,-3.94,0.33,-3.04,-1.46,4.22,8.41,3.98,-6.27,-4.5,-6.03,-1.68,-9.39,-6.63,0.26,-4.07,-1.31,-12.37,0.32,8.55,-11.61,1.14,7.62,-5.36,1.69,-0.21
13.9928,-89.7018,-41.22,968.61,-168.42,-3.25,2.9,0.26,-5.25,-1.7,0.19,-0.98,4.0,2.54,-0.54,-5.91,0.65,-1.76,-3.14,-1.67,4.02,-0.28,6.73,1.48,-4.01,-3.48,4.5,-3.45,3.1,3.36,-7.95,0.45,-0.35
13.9929,-89.7011,-3.57,-193.69,19.72,-1.72,2.7,0.15,-4.6,-0.65,-0.17,-1.32,4.38,-0.0,-2.34,-5.46,6.87,-8.79,-1.54,8.01,-6.05,2.94,4.97,-4.07,-20.89,-4.27,-0.11,-0.6,-1.88,6.76,-4.81,1.06,-1.6
13.9929,-89.7004,-20.44,-1260.5,131.7,-4.26,3.45,-1.17,-4.6,-0.52,-1.95,-2.25,3.54,11.81,-6.24,-7.19,-3.92,-16.29,1.15,-10.32,0.38,-6.64,-5.91,2.19,-24.19,2.78,-1.56,5.8,0.52,5.16,-5.85,-0.02,-0.34
13.9929,-89.6996,-27.37,-597.92,41.6,0.13,0.65,-2.09,-2.46,-1.77,-0.43,-1.21,4.04,3.44,-0.0,-5.25,-2.62,-3.07,0.42,-16.58,-4.31,6.51,-1.54,1.9,-11.92,-1.16,2.22,-3.25,-1.22,4.73,-7.47,1.91,-1.77
13.9929,-89.6989,-1.98,-821.41,99.26,0.36,2.17,-0.61,-2.54,-2.14,-2.67,-1.89,4.99,10.65,-16.08,-4.48,-1.0,-5.75,-0.54,0.15,-1.56,-0.97,-8.04,-0.66,-0.0,-2.82,-2.22,-1.76,-0.4,5.16,-4.3,1.3,-0.92
13.9929,-89.6981,7.64,-482.9,68.77,0.81,1.85,-0.49,-3.38,-0.32,-2.81,-1.68,4.88,13.26,4.43,-5.51,-5.76,-4.26,1.17,-6.66,-2.51,-1.44,-3.19,-6.5,4.22,-3.61,-0.91,-1.53,-1.86,6.05,-2.31,-0.25,-0.63
13.9929,-89.6974,-2.28,164.18,-23.01,-3.19,1.06,-0.53,-2.77,-1.28,-1.2,-1.85,5.11,-1.06,11.56,-4.99,-2.14,-2.29,0.26,-5.27,0.51,-0.64,-1.13,-2.97,5.35,1.4,3.28,-2.26,-0.79,3.32,-0.95,-1.42,-0.41
13.9929,-89.6967,-1.67,126.39,-17.62,-2.93,1.21,-0.25,-4.84,-2.46,-0.9,-0.6,5.52,10.49,0.27,-4.47,-2.22,-2.88,-0.18,-2.03,3.33,1.24,-1.76,-3.17,-0.77,-1.68,1.1,-1.77,-3.53,3.73,-1.9,0.2,-1.47
13.9929,-89.6959,20.15,-793.23,122.01,-3.46,0.94,-0.88,-2.62,-1.69,-1.38,-0.68,5.16,2.74,-7.9,-4.03,-0.96,-5.29,2.39,-1.31,-8.16,4.87,2.03,-2.79,4.21,-3.79,2.51,-1.55,-2.5,4.13,0.35,0.09,-0.51
13.9929,-89.6952,7.24,-115.1,22.81,-2.74,0.09,-1.15,-2.5,-1.21,-2.82,0.1,4.66,14.43,-10.65,-4.18,-5.66,-2.39,0.8,-3.22,1.36,5.04,-0.41,-0.42,2.72,0.12,2.37,0.13,-3.21,2.92,0.35,-1.05,-0.51
13.9929,-89.6944,12.95,-71.63,24.18,-3.34,-0.1,-1.09,-3.73,-1.13,-0.03,0.66,3.16,21.11,-15.86,-2.84,-0.5,-0.91,0.81,-3.0,0.05,4.49,-1.46,-0.22,-1.17,0.66,1.64,-1.29,-3.41,3.25,1.0,-1.05,-0.8
13.9929,-89.6937,4.19,-580.9,76.9,-2.58,-0.51,-0.41,-2.94,-1.57,-1.99,0.53,2.25,-7.22,-0.0,-3.72,3.49,-1.65,2.04,-4.62,0.34,3.75,-2.34,-0.29,-0.5,1.18,2.66,0.71,-3.46,2.15,0.09,-0.2,-1.51
13.9929,-89.693,0.34,-422.6,52.75,-2.49,-0.29,-0.58,-3.63,-1.53,-1.86,0.44,2.05,-1.99,-0.0,-2.38,1.23,-0.52,1.79,-3.12,-0.57,3.13,-3.69,-1.06,0.1,1.25,1.51,-0.43,-3.79,1.4,0.54,-0.96,-1.2
13.993,-89.6922,1.3,-455.83,58.02,-2.42,-0.65,0.05,-3.32,-0.32,-1.49,0.15,2.58,0.39,-16.57,-2.49,1.99,-0.25,1.56,-1.68,-1.86,3.13,-2.43,-0.67,0.09,1.05,2.53,-1.4,-3.02,1.65,0.89,-1.34,-1.21
13.993,-89.6915,1.95,-75.66,11.68,-2.18,-0.77,0.06,-2.88,-1.08,-0.88,0.23,2.38,0.12,-1.39,-2.46,0.27,-0.89,1.52,-3.51,-0.99,3.78,-2.65,-0.04,-0.47,1.0,2.46,-1.94,-3.04,1.23,1.04,-0.97,-1.41
13.993,-89.6907,-3.49,317.64,-43.5,-2.1,-0.91,0.31,-2.01,-0.85,-0.45,1.2,2.04,3.11,1.29,-2.24,-0.38,-0.28,1.49,-2.39,-0.87,2.9,-3.33,0.16,0.42,0.83,2.69,-0.33,-3.04,1.23,0.83,-1.54,-1.43
13.993,-89.69,-9.95,965.09,-131.42,-1.84,-0.86,0.59,-1.75,-1.03,-1.13,0.72,1.83,16.23,2.93,-1.89,-0.06,-0.69,1.85,-1.99,-0.58,3.3,-2.55,0.37,0.76,0.42,1.77,-1.0,-2.63,-1.15,1.19,-1.35,-1.43
13.993,-89.6893,-3.87,816.35,-105.81,-1.28,-1.77,0.7,-1.56,-1.05,-1.35,1.37,0.98,19.55,-2.45,-1.06,-0.03,-0.35,1.83,-2.09,-0.06,2.99,-1.75,0.85,-0.08,0.7,2.18,-0.95,-2.71,-1.0,1.39,-1.35,-0.65
13.993,-89.6885,-1.87,336.37,-43.93,-1.19,-1.96,0.98,-2.12,-1.15,-0.9,0.84,0.61,16.42,-10.28,-1.34,0.06,-1.21,1.98,-1.67,-0.09,2.55,-1.84,0.62,0.59,0.71,1.62,-1.84,-3.04,-0.99,1.39,-1.22,-0.43
13.993,-89.6878,-5.45,268.06,-39.7,-0.8,-1.97,0.95,-2.25,-1.26,-0.52,1.2,0.71,12.1,-11.37,-1.41,0.45,-0.88,2.46,-1.9,-0.02,2.08,-1.96,1.13,0.21,0.8,1.15,-1.79,-3.08,-1.29,1.26,-1.26,-0.64
13.993,-89.687,-10.13,637.27,-91.06,-0.42,-2.61,0.85,-2.08,-1.4,-0.31,0.97,0.73,9.97,-2.52,-1.1,-0.07,-0.71,2.43,-0.78,0.03,2.5,-1.67,0.74,-0.16,0.97,1.43,-0.95,-3.57,-1.85,0.82,-1.21,-0.41
13.993,-89.6863,-13.56,84.73,-26.55,-0.66,-2.45,0.77,-2.3,-1.4,-1.15,1.31,0.17,-1.42,-10.05,-1.0,-0.16,-0.71,2.12,-0.42,-0.2,2.54,-1.56,1.91,0.13,1.03,1.25,-0.55,-3.22,-2.41,0.71,-0.89,-0.87
13.993,-89.6856,-13.48,23.26,-18.84,-0.05,-2.11,1.66,-1.8,-1.32,-0.47,0.92,0.17,-0.0,-17.08,-1.0,-0.48,-1.33,1.99,-0.55,-0.1,1.92,-1.41,1.39,-1.71,0.91,1.57,-0.1,-3.33,-2.35,0.74,-0.84,-0.99
13.993,-89.6848,-10.4,238.17,-41.87,0.26,-3.35,1.64,-1.96,-1.2,-0.1,1.97,0.62,-2.94,-5.6,-0.41,-0.07,-0.55,2.7,-0.88,0.02,3.05,-1.13,1.31,0.16,0.76,0.46,-0.23,-2.83,-2.51,0.24,-0.18,-0.17
13.993,-89.6841,-23.39,1155.15,-171.12,-0.54,-4.94,2.08,-1.89,-1.25,-0.72,2.01,0.61,6.28,5.8,-0.18,-0.24,-1.39,3.65,-1.41,0.41,1.93,-0.71,1.46,0.29,0.9,0.31,0.28,-2.71,-3.31,-0.12,-0.93,-0.45
13.9931,-89.6834,-20.25,495.4,-85.49,-0.29,-4.74,1.4,-1.99,-1.11,-0.81,2.78,0.57,-1.94,-3.14,-0.46,-0.31,-0.81,3.24,-1.52,1.03,1.13,-0.84,1.43,-0.44,1.23,-0.18,0.81,-3.18,-3.88,0.26,-0.93,0.28
13.9931,-89.6826,-15.84,396.06,-67.94,0.1,-4.57,2.05,-1.95,-0.97,-0.98,2.67,1.11,4.76,-11.63,-0.89,0.2,-1.61,4.07,-0.7,1.09,1.02,-1.1,1.34,0.26,0.98,-0.02,0.63,-1.96,-3.88,-0.03,-0.17,0.58
13.9931,-89.6819,-19.66,156.32,-42.69,0.24,-4.77,2.47,-1.73,-1.27,-1.02,2.8,0.8,-0.68,-15.89,-0.07,0.05,-1.8,4.26,-1.03,1.26,0.62,-1.0,1.49,0.21,1.01,0.11,0.58,-2.5,-4.08,-0.48,-0.16,0.58
13.9931,-89.6811,-23.54,195.1,-52.11,0.05,-4.86,2.43,-1.15,-1.44,-0.96,3.09,0.56,-3.65,-14.71,-0.35,0.01,-1.29,4.38,-1.1,1.02,0.3,-0.54,1.44,0.31,1.3,-0.41,1.22,-2.48,-4.3,-0.27,-0.16,-0.53
13.9931,-89.6804,-17.81,-294.75,15.56,-0.09,-5.32,2.7,-1.47,-1.66,-0.88,2.62,0.44,-18.84,-0.0,-0.41,0.17,-1.52,4.5,-1.08,1.15,0.29,-0.74,1.46,-0.22,1.53,-0.35,1.29,-2.27,-4.48,-0.27,0.12,0.52
13.9931,-89.6797,-17.53,308.73,-59.14,-0.39,-5.25,2.18,-1.0,-1.91,-0.13,2.61,0.22,-7.85,-3.93,-0.27,0.16,-1.64,5.06,-0.68,1.43,0.11,-0.67,1.2,-0.08,1.74,-0.67,2.07,-2.16,-4.12,-0.5,-0.39,1.36
13.9931,-89.6789,-21.01,674.01,-108.68,-0.88,-5.73,2.29,-0.96,-2.35,0.36,2.21,0.28,-0.0,-8.26,-0.44,0.17,-1.15,4.7,-0.28,1.67,-0.21,-0.2,0.58,-0.04,1.66,-1.2,2.24,-2.09,-4.57,-0.84,-0.49,1.8
13.9931,-89.6782,-31.07,1025.09,-164.26,-0.85,-5.58,1.96,-1.06,-2.61,0.49,2.27,0.4,-6.02,7.11,-0.2,0.01,-1.65,4.71,-0.24,1.63,-0.38,0.04,0.91,0.39,1.81,-1.52,2.85,-1.43,-4.91,-0.9,-1.28,1.13
13.9931,-89.6774,-29.9,724.69,-125.55,-0.73,-5.53,1.88,-0.64,-2.92,1.18,1.78,0.76,-9.3,0.97,-0.72,-0.06,-1.42,4.99,0.31,1.45,0.01,0.26,0.86,0.48,1.77,-1.71,2.93,-1.3,-4.54,-1.34,-0.59,0.71
13.9931,-89.6767,-27.71,372.59,-79.17,-0.7,-5.6,1.61,-0.79,-2.96,1.33,1.39,0.75,1.63,-15.82,-0.68,0.09,-2.25,4.68,-0.55,1.82,-0.44,0.27,0.8,0.42,1.82,-2.09,3.31,-1.37,-4.54,-1.7,-0.39,1.57
13.9931,-89.676,-14.71,2.8,-17.77,-1.13,-5.37,1.28,-0.43,-3.48,1.95,0.54,0.6,5.14,-20.86,-0.29,0.21,-2.45,4.72,-0.11,1.59,-0.69,-0.12,0.49,0.62,1.62,-2.28,2.95,-1.29,-4.46,0.28,-0.29,0.96
13.9931,-89.6752,-18.66,237.71,-51.69,-1.69,-5.6,1.49,-0.8,-3.6,2.86,0.79,0.8,-2.7,-10.76,-0.53,1.13,-2.74,4.68,-0.07,1.53,-0.23,0.39,0.2,0.24,2.24,-2.53,3.6,-1.08,-4.69,0.21,-1.27,1.92
13.9931,-89.6745,-9.75,311.47,-50.32,-1.88,-5.9,1.1,0.13,-3.09,3.46,1.55,0.78,4.94,-12.01,-0.89,1.55,-2.27,4.57,0.84,0.48,-0.54,0.6,0.56,-0.45,2.45,-3.13,3.84,-1.08,-5.13,0.41,0.11,1.92
13.9932,-89.6737,-12.82,405.22,-65.64,-1.71,-5.81,0.75,-0.24,-3.22,3.61,1.19,0.58,4.94,-12.01,-0.64,1.39,-2.76,4.75,0.54,0.52,0.4,0.59,1.4,0.15,2.42,-2.89,4.7,-0.43,-5.42,0.66,-0.2,1.49
13.9932,-89.673,-3.33,-232.01,24.94,-1.68,-5.85,1.5,1.06,-2.87,2.95,0.01,0.82,-8.87,-12.01,-0.74,1.79,-1.85,4.7,1.71,-0.12,0.03,0.53,0.41,-0.31,2.56,-2.86,4.49,0.29,-5.14,1.37,0.57,0.89
13.9932,-89.6723,-2.42,84.31,-13.37,-1.02,-5.32,0.41,0.63,-2.26,2.66,1.06,-0.04,-9.97,0.05,-1.03,1.75,-2.98,2.99,1.8,1.39,0.06,0.6,0.27,1.05,2.42,-2.63,4.77,-0.18,-4.84,1.33,0.37,1.17
13.9932,-89.6715,-19.54,405.1,-73.61,-0.94,-5.7,-0.3,0.7,-2.99,3.15,1.14,0.95,-7.43,-8.24,-0.39,2.05,-2.45,4.16,2.61,1.5,0.55,0.22,1.12,1.13,2.38,-2.02,3.37,-0.56,-4.97,0.18,-0.87,1.29
13.9932,-89.6708,-25.21,377.66,-76.92,-2.02,-6.11,-0.88,1.08,-2.66,2.88,1.75,0.69,-8.73,-8.24,-0.15,1.75,-3.86,5.77,1.42,1.58,-0.43,0.82,0.38,-0.02,3.44,-3.93,3.03,-0.3,-5.59,0.93,-2.3,1.58
13.9932,-89.67,-13.37,-201.01,9.21,-1.03,-6.39,0.62,1.56,-3.2,2.93,0.15,-0.05,-15.8,-0.0,-0.67,2.16,-2.96,5.55,2.14,-0.35,-0.62,1.18,1.7,-0.05,2.04,-3.23,3.74,-0.6,-6.26,2.83,-1.9,1.17
13.9932,-89.6693,-7.22,-125.72,7.12,-0.3,-6.46,-1.02,1.69,-2.91,3.37,0.37,0.76,-2.36,-0.0,-2.48,1.23,-2.35,4.95,0.02,-1.75,-0.38,0.82,-1.46,0.51,2.77,-3.09,4.67,-0.07,-6.26,4.66,-3.06,1.26
13.9932,-89.6686,-10.69,-219.49,14.7,-0.43,-6.48,-1.79,1.18,-3.21,2.98,3.27,-0.49,-14.37,-0.0,-1.76,1.99,-1.82,4.73,3.07,-0.04,-0.33,0.78,-0.86,0.11,2.47,-3.19,4.68,0.31,-5.94,4.17,-3.32,1.38
13.9932,-89.6678,11.03,-700.33,100.4,-0.46,-6.42,-1.64,1.31,-2.71,1.63,1.8,0.09,-8.57,-12.06,-0.72,1.77,-1.53,5.16,2.07,-0.47,-0.49,-0.08,-1.4,0.09,1.32,-4.69,3.71,0.98,-5.63,5.72,-2.37,1.95
13.9932,-89.6671,2.29,-723.64,92.98,0.12,-7.0,-0.99,1.64,-1.45,3.38,1.43,1.02,-3.66,-19.79,-1.6,2.25,-6.9,5.63,0.65,0.73,-0.67,0.16,-0.97,-2.91,2.9,-3.38,4.19,-0.09,-6.3,4.97,-2.37,1.95
13.9932,-89.6663,-0.51,-512.94,63.39,-0.34,-7.0,-0.69,1.52,-1.37,1.95,0.63,-0.61,-5.72,-20.13,0.07,3.87,-2.67,4.19,5.14,-3.69,-1.78,2.13,0.34,-0.35,2.65,-2.48,3.29,0.64,-5.11,4.17,-2.63,1.78
13.9932,-89.6656,12.61,-600.42,89.86,-0.29,-6.32,-1.94,1.76,-1.96,2.0,1.8,-0.87,4.92,-20.45,-0.78,3.86,-2.98,4.07,1.4,-2.73,-0.31,2.06,-1.01,-0.48,2.3,-3.37,4.54,0.02,-6.28,6.47,-2.66,2.18
13.9933,-89.6649,13.49,142.7,-1.83,0.4,-5.6,-1.24,1.65,-2.21,1.73,0.42,-0.44,16.48,-9.61,-1.97,3.21,-1.96,4.21,4.85,-3.5,-1.14,1.79,-1.01,-1.38,3.3,-2.53,1.31,0.56,-6.34,6.66,-2.77,2.34
13.9933,-89.6641,17.75,-649.87,102.15,-0.26,-5.63,-0.45,1.5,-1.84,1.58,-0.95,-0.0,6.14,-18.16,-1.81,2.43,-2.98,4.73,2.28,-2.33,-0.68,1.71,-0.13,-1.01,2.2,-1.99,3.36,0.61,-5.94,6.66,-2.37,2.32
13.9933,-89.6634,16.6,410.85,-31.62,-0.26,-5.9,-0.6,0.76,-2.14,2.41,-2.05,1.19,11.88,3.6,-1.21,2.76,-3.07,4.59,3.48,-1.89,-0.2,1.66,-0.63,-0.49,2.28,-2.77,4.87,-0.46,-6.8,7.63,-3.31,2.79
13.9933,-89.6626,10.84,871.47,-95.98,-0.14,-6.34,-0.93,-1.22,-0.76,1.59,-0.75,0.06,15.2,10.68,-0.73,3.0,-2.63,3.73,3.87,-0.92,-0.86,1.3,0.44,-0.51,2.13,-3.35,3.28,-1.33,-7.16,6.48,-2.13,1.97
13.9933,-89.6619,5.53,693.8,-80.1,-0.03,-7.46,0.01,0.38,-1.23,1.86,-3.35,-1.03,25.19,-13.88,-0.88,4.4,-4.7,5.91,7.53,-1.1,-1.18,1.47,3.7,-0.35,1.8,-0.21,4.69,-0.29,-8.51,7.8,-3.1,1.41
13.9933,-89.6612,13.87,-471.79,75.38,-1.21,-9.36,-0.27,1.44,-1.55,4.35,-1.3,1.87,-0.0,-28.27,0.25,4.31,-0.68,5.05,4.57,-1.62,-0.67,-0.31,0.44,0.3,4.09,-0.18,4.63,-1.85,-7.04,7.28,-3.22,2.85
13.9933,-89.6604,15.0,-887.83,128.72,0.95,-10.51,-0.38,2.37,-1.88,2.82,-1.96,-0.29,-5.74,-21.82,-1.77,3.87,0.59,6.31,5.08,-3.48,-4.06,1.29,0.78,2.5,2.7,-2.42,4.74,-1.84,-7.04,7.65,-3.12,2.29
13.9933,-89.6597,8.78,-130.75,26.74,1.53,-9.03,1.12,0.1,-2.15,3.36,-1.44,-0.29,9.57,-18.56,1.37,6.01,-3.27,4.71,6.98,-0.51,-5.31,-1.34,0.89,2.57,1.25,-4.43,3.44,-2.29,-7.85,7.39,-2.45,1.09
13.9933,-89.6589,78.76,-655.7,175.34,4.04,-8.15,-0.19,0.17,-1.63,2.57,-1.52,-1.13,17.42,-7.46,-0.7,6.76,-2.91,6.63,9.55,3.24,-1.1,-1.95,4.11,-1.5,0.82,-4.06,4.48,-0.01,-7.59,16.63,-2.45,1.09
13.9933,-89.6582,44.34,-610.44,128.89,1.21,-13.58,0.27,-0.49,-0.22,1.94,-0.93,-0.92,8.36,-7.46,-1.0,5.05,3.78,4.38,4.94,-0.13,-3.3,2.82,-0.87,-1.03,-2.52,-6.57,4.93,-2.85,-10.39,15.75,-4.86,1.32
13.9933,-89.6575,74.75,-877.12,198.32,1.62,-7.68,-0.13,-1.43,0.45,2.85,-3.24,2.14,14.93,-6.11,-0.45,3.4,-3.02,4.21,2.74,2.45,-6.79,1.34,0.9,9.82,2.5,-2.52,5.51,-1.07,-7.45,16.5,-3.44,1.71
13.9933,-89.6567,82.77,-1889.32,334.45,2.03,-9.89,-0.83,-1.29,-0.0,1.17,-3.19,0.82,6.28,-11.38,-4.28,5.91,-3.24,9.09,3.46,0.51,-8.57,2.44,-0.54,4.29,-0.26,-5.8,2.61,-2.25,-9.96,16.95,-2.75,4.44
13.9934,-89.656,21.72,12.99,24.13,2.25,-12.27,1.09,-1.58,0.92,2.12,-1.49,2.88,-0.0,-18.2,2.07,6.69,-13.6,8.47,4.51,1.65,1.06,11.36,1.94,0.57,5.46,-0.93,6.12,-2.11,-9.54,11.1,-3.91,1.72
13.9934,-89.6552,-11.06,-34.39,-8.81,0.68,-10.61,1.11,-1.15,1.99,0.84,-2.78,2.3,-0.0,-23.05,-3.49,0.59,-8.45,5.87,8.35,-0.2,3.0,5.55,-1.5,-1.9,5.95,-3.59,4.73,-2.18,-10.5,7.33,-3.12,0.43
13.9934,-89.6545,35.19,-664.65,124.92,1.24,-10.35,-0.49,-1.71,1.48,0.71,-2.24,1.17,-0.0,-25.9,-0.65,4.89,-6.07,5.14,6.31,4.2,6.91,6.52,0.77,2.57,0.15,-5.66,1.24,0.96,-11.24,13.75,-3.45,1.4
13.9934,-89.6538,25.91,-202.47,56.07,1.52,-10.48,1.17,-1.08,2.55,0.42,-2.6,0.84,-0.0,-4.74,0.19,3.18,-2.66,7.06,3.9,-1.6,0.41,6.46,-0.64,-5.41,1.57,-5.67,1.3,-1.66,-8.83,11.43,-3.27,0.33
13.992,-89.7159,11.23,-1019.99,138.84,2.57,5.61,1.53,-6.51,-9.63,13.67,-17.38,6.51,-14.49,-10.18,-4.16,7.0,0.82,-2.1,-2.42,-0.69,-8.95,3.79,1.52,7.62,-0.86,-6.95,-1.01,2.43,8.02,-9.35,5.23,2.51
13.992,-89.7152,57.66,-1539.32,257.64,-1.97,5.32,2.75,-7.2,-6.44,9.42,-15.6,8.07,-24.9,-7.98,-4.39,3.19,13.67,1.74,8.71,-7.36,-6.19,5.38,4.01,-3.24,1.72,-1.71,-4.89,1.0,12.7,-5.21,4.48,2.32
13.992,-89.7144,24.45,-2205.73,300.56,3.47,6.09,3.24,-6.78,-8.59,13.61,-14.65,6.7,-32.83,0.2,-4.32,4.06,-12.6,-4.93,-6.67,4.33,-5.34,3.16,-1.82,2.87,0.38,-6.36,-11.16,3.64,10.19,-5.94,1.77,2.75
13.992,-89.7137,45.52,-1909.68,289.01,5.73,4.82,2.87,-7.94,-8.27,9.64,-15.33,8.56,-18.89,0.22,-3.94,5.33,-12.57,-10.2,1.13,2.42,-9.94,7.09,-5.67,4.61,-0.0,13.89,-0.77,3.16,10.17,-5.02,4.2,2.26
13.992,-89.7129,-11.91,-1460.46,165.91,3.02,4.96,2.6,-9.02,-5.45,12.32,-13.27,7.98,-36.21,2.71,-2.0,-0.75,-8.94,-3.38,-20.2,-2.47,-4.63,3.6,16.77,1.41,-0.0,-2.8,-4.27,0.48,6.83,-11.85,3.77,4.97
13.992,-89.7122,20.79,-1196.17,171.97,0.12,3.59,3.1,-7.36,-4.11,10.3,-12.98,7.9,-16.15,-0.0,-3.7,1.56,-6.25,2.06,-5.21,-0.86,1.27,6.78,5.27,-5.66,-0.76,-2.63,-2.46,9.84,6.48,-4.12,1.38,3.26
13.992,-89.7115,12.19,-601.09,88.49,2.36,4.19,3.68,-8.26,-2.42,9.88,-12.14,6.73,-9.57,7.22,-0.4,-5.19,-3.11,4.0,-4.36,-4.73,-5.75,6.85,0.24,-8.1,1.09,2.26,-4.91,2.54,6.48,-7.65,4.72,2.05
13.992,-89.7107,27.46,410.31,-18.16,-0.13,4.82,1.97,-7.29,-0.43,8.42,-11.13,7.19,-0.0,18.4,-2.09,7.94,-12.38,-0.8,0.95,-4.23,-1.54,5.24,2.85,5.69,-9.28,3.53,-6.44,18.16,6.98,-4.31,2.92,2.05
13.992,-89.71,18.22,-1100.97,157.29,-2.89,5.12,2.66,-9.02,1.32,8.99,-10.89,7.19,-25.87,5.47,-4.05,5.78,-9.07,0.55,13.26,-3.59,-19.62,-4.5,7.21,2.89,0.07,-2.81,-2.78,-3.93,6.3,-4.31,2.92,0.52
13.992,-89.7092,70.68,-1842.8,310.78,-0.99,4.93,4.06,-9.21,-3.24,6.96,-9.75,7.22,-18.47,13.99,-0.3,6.2,-14.66,-1.97,4.39,-16.53,-7.12,-0.84,0.38,6.48,10.17,10.58,-1.96,0.86,13.42,-2.67,3.16,1.75
13.992,-89.7085,-49.82,1384.67,-229.66,-0.49,4.68,3.86,-9.28,-1.94,6.66,-8.19,7.38,-9.23,17.08,-2.38,-1.84,-11.6,-2.17,-3.05,13.76,-5.84,3.77,1.5,-0.0,-0.94,11.41,-0.92,2.32,8.1,-14.93,3.59,-0.17
13.9921,-89.7078,-11.19,-1006.85,111.03,-2.4,5.41,2.84,-10.17,-3.0,4.02,-8.06,6.04,-24.97,6.1,-3.96,-0.49,-7.53,-0.82,-17.92,-1.05,0.29,2.64,-0.19,15.16,-3.91,6.37,-13.57,0.06,4.88,-7.54,3.91,-0.97
13.9921,-89.707,-13.05,-1557.55,176.82,0.85,4.38,0.52,-8.5,-2.2,5.17,-5.68,6.71,-21.53,0.41,-3.15,0.73,-18.38,-0.49,-19.01,-1.45,0.64,1.88,-2.76,-0.0,-1.32,5.55,-3.85,2.33,7.21,-5.33,0.56,-2.43
13.9921,-89.7063,-59.87,431.58,-123.99,-0.9,2.99,2.67,-8.07,-1.06,5.47,-5.26,6.48,0.06,-1.03,-4.4,0.74,2.65,-2.18,-28.37,-0.17,-3.64,0.7,-1.99,19.14,-14.12,-0.73,-6.87,5.34,9.66,-15.18,2.96,-2.64
13.9921,-89.7055,-8.91,2.45,-10.83,-2.65,2.09,2.14,-6.82,-1.51,2.7,-4.03,5.35,9.32,14.31,-3.31,8.38,-9.65,-0.17,-22.83,-1.14,-3.21,2.04,-3.48,5.29,-9.34,-3.35,-2.37,2.46,9.66,-7.14,1.4,-2.27
13.9921,-89.7048,-30.13,177.86,-57.56,-0.31,1.03,2.63,-7.69,-1.26,1.82,-4.04,5.38,0.47,4.54,-5.52,-1.25,-12.5,-1.07,-10.11,2.11,8.69,-0.94,-3.47,3.46,-3.27,0.77,-3.48,4.56,7.22,-9.6,2.58,-2.27
13.9921,-89.7041,18.71,-47.58,27.98,-3.29,3.44,2.14,-4.1,-3.87,0.84,-2.92,4.36,-10.69,4.5,-4.4,3.8,1.48,0.61,1.52,-10.37,-2.95,4.13,3.01,14.89,2.65,11.91,-1.08,-14.47,9.65,-5.69,2.58,-0.33
13.9921,-89.7033,-11.07,-54.94,-6.29,-1.1,3.0,1.22,-5.46,-1.23,-0.25,-0.56,3.61,-9.84,1.95,-5.05,-3.14,-1.6,-1.52,-0.47,0.79,0.74,-2.06,1.99,4.72,-5.53,12.43,-5.94,-5.23,8.43,-9.54,3.48,-0.77
13.9921,-89.7026,9.38,-862.77,117.69,-1.62,3.62,-1.03,-5.26,-0.42,-1.84,-1.79,4.15,-2.32,-8.26,-5.08,7.53,-9.48,-0.14,-5.04,-2.59,-2.16,10.53,1.15,-8.22,-2.46,1.98,-6.62,1.81,7.85,-5.54,2.45,-0.72
13.9921,-89.7018,-21.74,-427.23,27.11,0.34,5.56,-0.67,-5.35,-2.08,-2.48,-0.01,3.58,0.65,-12.4,-6.11,-0.99,-5.77,1.96,-6.2,-0.36,-2.73,1.15,3.37,-2.26,-3.71,0.74,-0.57,1.14,6.05,-7.43,1.63,-1.45
13.9921,-89.7011,-19.64,-1552.66,168.72,-2.61,1.12,2.22,-4.94,-1.58,-1.03,-2.4,4.83,-5.96,-14.77,-4.96,2.94,-11.62,0.07,-10.68,-4.5,-1.12,-6.51,1.29,-12.13,0.56,-3.25,0.82,-4.34,3.64,-6.45,2.57,-1.54
13.9921,-89.7004,-28.31,-1173.67,111.65,-4.02,2.25,0.14,-3.33,-0.94,-1.45,-0.84,4.86,9.4,-7.53,-5.64,-6.06,-22.5,-0.49,-18.49,-0.33,-0.31,1.93,1.38,-9.8,-3.01,-0.74,0.99,-0.55,4.36,-5.89,0.48,-2.1
13.9921,-89.6996,-22.36,-480.69,33.02,-2.5,5.02,-1.15,-3.18,-2.14,-1.07,0.96,4.51,5.53,-0.0,-4.22,-2.68,-0.21,-0.09,-9.66,-2.18,-9.46,-3.49,-1.26,-1.93,-4.02,8.06,-0.38,-3.56,4.36,-6.84,1.91,-1.34
13.9922,-89.6989,-4.53,266.16,-38.27,-4.39,3.5,-2.18,-4.8,-0.27,-0.29,-0.86,5.53,18.8,-6.01,-5.17,-1.94,-4.09,-0.98,-1.78,-1.55,-1.97,-3.55,-0.19,10.05,0.77,2.47,-3.9,-0.64,5.73,-4.84,0.89,-0.5
13.9922,-89.6981,27.63,-939.16,148.84,-1.62,2.91,-0.62,-3.64,-1.17,-1.91,-2.94,4.74,4.63,-0.73,-6.2,-2.31,-3.19,-0.03,-6.0,-3.15,2.08,-6.86,-3.46,12.76,5.16,-0.9,-5.09,-5.03,4.42,0.93,0.24,-0.5
13.9922,-89.6974,6.81,166.76,-12.58,-3.72,3.15,-0.97,-3.56,-1.99,-2.19,-1.65,4.71,-3.66,6.47,-5.31,-2.23,0.18,0.72,-2.04,1.37,2.01,1.52,3.98,6.73,1.81,-2.24,-2.23,-1.75,2.24,-0.84,0.89,-0.85
13.9922,-89.6967,2.64,-1203.96,152.12,-2.45,2.8,-0.11,-3.18,-1.65,-0.88,-0.76,4.88,-9.4,-15.65,-4.87,-1.74,-8.18,0.88,1.03,0.84,-4.97,-0.46,0.33,3.87,-3.06,-0.66,-0.32,-0.31,3.75,-1.5,0.36,-1.38
13.9922,-89.6959,-5.51,-175.96,15.26,-3.46,0.75,-1.77,-2.8,-1.13,-2.69,0.01,4.39,-0.0,-0.0,-5.3,1.37,-5.08,-0.62,-3.13,2.43,1.95,0.51,0.52,-3.51,-3.32,2.22,0.12,-3.32,1.82,-1.5,-0.6,0.24
13.9922,-89.6952,6.42,-689.04,92.9,-3.31,1.32,-0.73,-3.78,-0.78,-2.09,0.92,2.31,8.4,-0.0,-4.13,-1.36,-6.81,-0.02,-5.95,-3.2,5.27,-1.61,0.02,1.43,-2.02,1.43,-1.41,-4.17,3.07,-0.31,-0.5,-0.67
13.9922,-89.6944,13.32,-222.09,43.24,-3.32,1.31,-0.91,-2.88,0.47,-3.67,0.82,2.95,17.66,-0.0,-4.21,-2.97,-5.64,1.98,-1.76,2.27,3.47,-3.11,-1.21,0.68,1.05,1.96,-1.62,-3.17,2.1,0.97,-1.0,0.45
13.9922,-89.6937,13.11,-936.39,131.48,-2.11,0.43,-0.31,-3.3,-0.74,-2.47,0.88,2.74,6.87,-26.58,-3.67,-0.75,-1.47,2.81,-3.02,0.93,2.81,-3.26,-0.21,0.18,2.35,0.45,0.15,-2.53,2.93,0.89,-0.18,-1.71
13.9922,-89.693,7.91,-395.0,58.29,-2.22,0.46,0.02,-3.51,-0.89,-2.06,0.47,2.34,5.76,-8.28,-2.21,-2.74,-0.27,1.89,-3.41,-0.81,4.01,-4.03,-1.14,-1.45,1.8,2.14,-1.17,-4.21,2.93,0.67,-0.9,-1.37
13.9922,-89.6922,9.76,-236.78,40.88,-1.71,0.06,0.08,-2.93,0.05,-2.46,0.44,1.69,7.52,-0.0,-2.45,0.13,-0.01,1.41,-2.73,-1.17,4.68,-2.59,-0.37,-0.35,1.73,1.23,-0.64,-3.29,1.96,0.75,-0.32,-0.9
13.9922,-89.6915,3.24,-475.14,62.71,-2.26,-0.43,0.15,-2.41,-0.92,-1.31,0.7,2.12,3.04,-15.02,-2.66,-0.23,-0.44,1.02,-2.94,-0.97,3.32,-2.42,-0.08,-0.42,1.1,2.12,-0.97,-3.04,1.17,0.84,-0.57,-1.28
13.9922,-89.6907,0.22,1039.36,-128.57,-1.52,-1.05,-0.07,-2.03,-0.63,-0.95,0.8,2.07,26.19,1.38,-2.29,0.57,-0.78,1.97,-2.3,-1.66,4.15,-2.14,0.49,-0.14,1.03,3.26,-0.64,-2.58,0.21,1.02,-0.57,-1.28
13.9923,-89.69,-6.97,1072.8,-141.25,-1.56,-1.57,0.07,-1.5,-0.55,-1.12,1.54,1.23,25.65,-1.11,-1.37,0.42,-0.74,0.88,-1.34,-0.73,3.06,-2.54,0.16,0.57,0.73,2.42,-1.28,-3.1,-0.08,1.02,-1.18,-1.79
13.9923,-89.6893,-3.05,543.74,-71.03,-1.14,-1.09,0.27,-1.52,-0.9,-1.01,1.24,0.74,19.46,-9.82,-1.49,0.56,0.75,1.57,-2.0,-0.23,3.05,-2.19,0.36,-0.2,0.95,1.61,-1.16,-2.5,-0.84,1.16,-0.69,-1.16
13.9923,-89.6885,-1.73,256.08,-33.81,-0.95,-1.62,0.61,-1.56,-0.97,-0.65,1.03,0.44,18.69,-16.0,-1.22,0.86,-0.59,1.7,-1.91,-0.09,3.13,-1.79,0.23,-0.24,1.11,1.64,-2.11,-2.9,-1.03,1.11,-0.82,-0.4
13.9923,-89.6878,-8.05,154.57,-28.69,-0.72,-1.82,0.4,-2.0,-0.82,-0.3,1.25,0.15,4.44,-7.68,-1.74,0.14,-0.97,1.8,-0.91,-0.05,2.73,-1.73,0.14,-0.26,1.11,0.31,-1.61,-3.07,-1.26,0.79,-1.2,-0.48
13.9923,-89.687,-1.89,401.17,-52.01,-0.56,-2.07,0.78,-2.08,-0.67,-0.18,1.03,-0.02,-0.0,0.31,-1.23,0.18,-0.88,2.13,-0.49,-0.45,2.37,-1.37,0.64,-0.3,1.32,0.84,-1.24,-3.26,-1.4,1.2,-0.61,-0.48
13.9923,-89.6863,-12.52,410.14,-65.7,0.05,-1.92,1.42,-1.45,-0.88,-0.13,1.28,0.33,13.37,-15.67,-0.55,0.12,-0.36,1.99,-0.47,-0.19,2.1,-1.77,1.77,-0.18,0.63,0.75,-0.63,-3.32,-2.3,0.73,-0.85,-0.74
13.9923,-89.6856,-17.48,3.5,-21.11,0.15,-2.91,0.98,-1.45,-0.97,-0.24,1.23,0.18,-7.48,-10.15,-0.93,0.18,-0.5,2.23,-0.25,0.16,1.65,-1.77,1.92,0.06,1.04,0.52,-0.44,-3.02,-2.56,0.17,-0.64,-0.92
13.9923,-89.6848,-7.93,-402.51,40.58,0.18,-2.91,1.39,-1.54,-1.11,0.05,2.27,0.15,-15.54,-0.0,-0.42,-0.16,-1.1,2.96,-1.01,0.34,1.88,-1.13,1.99,-0.47,1.37,0.19,0.07,-3.33,-2.13,0.25,-0.23,0.12
13.9923,-89.6841,-9.24,476.8,-70.14,0.29,-3.29,1.65,-1.19,-1.13,-0.26,2.6,0.24,-3.39,3.56,-0.63,-0.28,-0.73,3.22,-0.65,-0.13,1.2,-1.13,1.66,0.61,0.84,-0.09,0.08,-2.71,-2.44,0.08,0.17,-0.13
13.9923,-89.6833,-14.41,951.28,-135.2,-0.03,-4.19,2.05,-1.63,-1.25,-0.81,2.97,0.59,-0.0,6.79,-0.24,-0.09,-1.73,3.66,-1.11,0.04,0.48,-0.78,1.49,-0.06,1.23,-0.88,1.13,-2.61,-3.1,-0.14,-0.2,0.35
13.9923,-89.6826,-13.68,1366.43,-185.92,0.18,-4.25,1.74,-1.7,-1.02,-1.3,3.01,0.37,15.5,9.02,-0.93,0.44,-0.88,3.64,-1.03,0.88,0.72,-0.91,1.36,-0.2,1.47,-0.38,1.28,-2.65,-3.07,-0.08,-0.2,0.35
13.9923,-89.6819,-12.68,500.17,-77.15,0.2,-4.25,2.08,-1.57,-1.14,-1.23,3.0,0.16,4.85,-4.51,-0.61,-0.27,-1.41,3.73,-0.83,1.19,0.6,-0.81,1.16,-0.45,1.36,-0.36,0.32,-2.49,-3.87,-0.08,0.34,0.52
13.9924,-89.6811,-15.76,63.95,-26.59,-0.24,-4.55,2.18,-1.16,-1.48,-1.0,2.86,0.25,-6.28,-10.2,-0.76,0.1,-1.19,3.87,-0.79,1.59,0.66,-0.54,1.25,-0.33,1.5,-0.47,1.2,-2.51,-3.89,-0.29,0.44,-0.03
13.9924,-89.6804,-20.34,244.58,-54.48,-0.31,-4.89,2.28,-1.15,-1.36,-0.42,2.76,0.17,-4.67,-0.0,-0.18,0.2,-1.19,3.88,-0.51,1.36,0.13,-0.53,1.09,-0.19,1.57,-0.66,1.55,-2.34,-4.09,-1.05,0.62,0.1
13.9924,-89.6796,-22.25,408.72,-77.15,-0.49,-5.01,2.4,-1.25,-1.68,-0.0,2.64,0.04,-4.75,-5.94,-0.79,0.15,-1.52,4.03,-0.03,1.38,0.06,-0.22,0.91,-0.02,1.8,-0.97,2.38,-1.97,-4.06,-1.21,-0.22,1.18
13.9924,-89.6789,-17.23,303.74,-58.16,-0.84,-5.18,2.14,-0.75,-1.98,0.34,2.25,-0.07,-7.3,-3.29,-0.06,-0.06,-1.42,4.34,-0.25,1.41,-0.6,-0.32,1.02,0.3,1.89,-1.59,2.26,-1.51,-4.11,-1.03,0.33,1.24
13.9924,-89.6782,-29.27,672.42,-118.28,-0.78,-5.44,2.11,-0.65,-2.67,0.68,2.4,0.53,8.15,-16.85,-0.46,0.16,-0.53,4.32,0.61,1.76,-0.47,0.12,0.65,-0.14,1.93,-1.89,2.33,-1.75,-4.11,-1.81,-0.03,0.35
13.9924,-89.6774,-26.53,549.91,-99.81,-0.98,-5.4,1.99,-0.57,-3.02,1.16,2.25,0.0,-3.73,-6.72,-0.74,0.03,-1.12,4.76,0.68,1.86,-0.72,0.19,0.95,0.2,1.97,-2.05,2.7,-1.4,-4.79,-1.7,0.28,1.05
13.9924,-89.6767,-19.86,1084.88,-158.49,-1.28,-5.08,1.62,-0.67,-2.94,1.42,1.75,0.17,12.51,-1.39,-0.3,0.5,-2.12,4.47,-0.16,1.76,-0.6,0.46,0.58,0.85,1.98,-2.38,3.03,-1.24,-3.83,-1.76,0.69,1.05
13.9924,-89.6759,-13.61,169.23,-37.17,-1.3,-4.81,1.2,-0.56,-2.88,1.86,0.28,0.13,0.41,-11.2,-0.3,0.08,-1.94,4.54,-0.0,1.57,-0.69,0.42,0.43,0.64,2.09,-2.24,3.15,-1.28,-4.44,-0.57,0.69,1.08
13.9924,-89.6752,-13.86,194.91,-40.67,-1.78,-5.12,1.08,-0.07,-3.34,2.65,0.48,0.37,5.67,-16.81,-0.58,0.71,-2.54,4.7,0.19,1.27,-0.3,0.63,0.01,0.8,2.61,-2.44,3.78,-1.12,-5.07,-0.89,1.24,1.39
13.9924,-89.6745,-11.41,762.32,-108.41,-1.5,-5.33,0.81,-0.05,-3.15,2.89,0.61,0.45,14.87,-7.85,-0.38,0.85,-2.26,4.36,0.11,1.0,-0.13,0.72,0.4,0.13,2.63,-2.85,4.02,-0.55,-4.81,-0.89,1.26,1.63
13.9924,-89.6737,-10.91,426.72,-66.05,-1.5,-5.43,0.23,-0.0,-3.04,3.38,0.96,0.68,4.38,-7.85,-0.7,1.19,-3.11,4.32,0.14,1.07,0.05,0.35,1.22,0.1,2.71,-2.56,4.51,0.12,-5.16,0.33,0.57,1.06
13.9924,-89.673,-3.36,269.94,-37.59,-1.94,-5.9,0.26,-0.03,-2.44,3.11,1.03,0.81,4.17,-0.0,-0.9,1.09,-2.38,4.05,2.1,0.89,0.19,0.85,1.21,0.67,2.43,-3.66,4.77,-0.68,-5.61,0.1,2.11,1.28
13.9925,-89.6722,-18.1,375.89,-68.26,-1.31,-5.4,-0.13,1.13,-2.46,2.84,0.86,-0.05,1.97,-0.0,-0.89,1.45,-4.18,4.16,1.2,1.32,0.24,-0.0,-0.1,0.21,2.8,-2.61,3.94,-1.17,-5.47,-0.34,0.45,1.06
13.9925,-89.6715,-20.28,283.99,-59.4,-1.37,-5.7,-0.0,1.12,-2.38,2.98,0.97,0.46,-3.69,-0.0,-1.29,1.51,-3.58,3.78,1.75,0.39,0.34,0.04,0.53,1.18,2.97,-2.99,4.45,-1.14,-4.98,0.84,-1.39,0.89
13.9925,-89.6708,-7.95,217.17,-36.48,-1.36,-5.1,-0.54,1.45,-2.48,2.58,0.22,0.13,5.41,-0.0,-0.19,1.29,-3.24,4.13,-0.21,0.16,0.01,0.79,0.21,-0.04,1.92,-2.64,3.51,-0.31,-4.98,0.81,-0.38,2.26
13.9925,-89.67,-5.71,32.08,-10.76,-1.37,-6.43,-1.35,1.16,-2.44,2.26,1.24,0.58,-0.0,-0.0,-0.62,2.2,-3.39,4.76,0.55,-0.08,-0.85,1.29,-0.49,1.39,2.3,-3.34,4.33,-0.59,-6.07,2.22,-0.81,2.19
13.9925,-89.6693,-8.77,469.5,-68.92,-1.69,-5.81,-1.7,1.23,-3.53,2.82,0.61,0.15,9.06,-9.4,-0.72,2.28,-1.37,5.64,0.73,-1.05,-0.15,0.89,-0.27,0.75,2.13,-3.4,5.16,-0.22,-5.65,1.99,-0.81,1.45
13.9925,-89.6685,-8.15,352.07,-53.55,-0.84,-6.3,-1.69,1.75,-2.58,2.04,2.19,0.88,-9.56,4.39,-0.54,2.86,-2.75,4.29,2.76,-0.16,-0.67,-0.11,0.35,-0.25,1.47,-2.65,3.86,-0.85,-5.69,2.89,-1.68,1.45
13.9925,-89.6678,11.2,-1313.39,177.05,-0.37,-5.47,-1.94,1.92,-2.88,2.39,1.27,1.29,-14.71,-25.63,-1.31,3.32,-3.13,4.52,2.2,0.34,-1.14,-0.74,0.13,0.96,1.86,-4.34,3.68,0.84,-5.4,5.55,-2.01,1.55
13.9925,-89.6671,17.27,-1671.59,228.95,0.02,-5.74,-1.21,1.79,-2.02,1.9,2.13,-0.78,-10.06,-32.95,-0.12,2.83,-3.78,3.68,2.11,-1.64,-1.85,0.98,-1.0,0.45,2.87,-4.39,3.87,-0.58,-6.25,5.55,-0.86,2.07
13.9925,-89.6663,-12.01,-696.54,72.66,-0.1,-5.78,-0.44,2.37,-2.17,1.48,1.1,-0.08,-10.31,-20.13,-1.32,2.25,-3.39,4.46,1.84,-3.21,-0.67,-0.04,-2.05,1.06,2.34,-3.73,3.97,-0.46,-6.88,2.99,-1.95,2.01
13.9925,-89.6656,7.51,-104.45,21.93,-1.27,-5.28,-1.55,1.57,-2.63,1.92,-0.93,-0.09,2.25,-6.29,-0.96,2.49,-0.86,3.8,2.86,-2.31,-0.97,2.63,-0.61,-0.65,2.11,-3.62,2.89,0.41,-6.76,5.14,-1.6,2.17
13.9925,-89.6648,11.86,-772.56,110.47,-0.21,-5.56,-1.58,1.08,-2.37,1.72,-0.55,-0.34,-0.63,-20.26,-0.29,1.7,-2.4,4.13,4.53,-1.77,-1.84,2.54,-0.04,-1.4,2.68,-3.94,4.33,0.05,-6.59,6.4,-2.39,2.12
13.9925,-89.6641,14.84,-1020.23,144.93,0.24,-5.4,-1.11,1.18,-0.51,1.42,1.36,-0.21,-0.0,-28.8,-1.55,2.07,-3.32,2.28,2.03,-1.98,-1.61,1.9,0.06,-0.75,2.36,-2.86,4.37,-0.26,-6.6,6.2,-1.8,2.32
13.9925,-89.6634,16.72,262.5,-12.96,-0.51,-5.71,0.26,1.44,-1.54,1.68,0.93,1.11,-0.0,1.35,-0.64,2.82,-3.09,4.31,3.03,-2.0,-0.51,2.18,0.68,-0.99,3.36,-2.63,4.21,-0.94,-7.2,7.86,-2.91,2.28
13.9926,-89.6626,-5.14,808.58,-107.05,0.46,-7.36,-0.11,0.65,-0.23,1.78,-0.61,0.11,14.09,2.0,-1.45,3.89,-2.78,4.4,3.84,-2.33,-0.99,-0.01,-1.7,-0.09,1.36,-3.48,3.75,-1.73,-8.54,5.77,-3.49,3.15
13.9926,-89.6619,14.67,350.08,-26.33,0.93,-6.95,0.85,0.46,-0.43,1.14,0.31,0.04,11.77,-2.84,0.28,4.12,-2.97,6.23,2.5,-2.83,-1.6,0.48,1.11,2.0,1.43,-3.58,5.35,-2.19,-8.54,7.58,-2.19,2.58
13.9926,-89.6611,17.23,-424.22,73.42,0.36,-7.28,0.08,0.47,-0.54,1.43,-2.76,0.44,-0.0,-4.78,0.51,4.23,-4.16,2.74,-1.8,-0.21,-3.66,-1.25,2.13,0.47,0.71,-3.05,3.79,-0.74,-7.99,7.54,-2.35,2.91
13.9926,-89.6604,10.01,26.16,8.6,0.88,-7.01,-0.83,-0.17,-0.35,1.04,0.69,1.51,9.66,-0.0,-0.31,3.07,-4.22,6.2,7.39,-2.3,-2.51,-0.98,0.22,0.25,-1.16,-3.93,3.81,-2.55,-8.41,6.82,-2.35,2.91
13.9926,-89.6597,25.26,-981.31,152.58,1.12,-7.63,1.3,0.17,-0.57,2.34,-2.07,0.85,-6.44,-0.0,-0.72,0.93,-0.45,6.14,5.84,-1.69,-6.45,-1.54,1.52,-1.94,1.16,-3.77,3.64,-2.58,-7.63,9.59,-2.81,1.54
13.9926,-89.6589,19.54,-353.18,67.31,0.92,-8.09,1.47,-1.12,0.14,1.2,-0.12,0.68,-0.0,-7.29,-0.34,5.32,-1.07,3.61,4.55,0.83,-8.52,-1.6,-0.16,-2.41,1.18,-2.6,3.46,-1.71,-7.5,9.59,-3.52,1.15
13.9926,-89.6582,-13.61,-229.7,12.58,1.34,-10.03,-0.14,1.53,0.61,2.1,-1.81,-1.62,-7.29,-14.37,-0.59,5.24,-2.2,4.59,6.75,-2.59,-1.33,-0.3,-2.21,-4.49,3.38,-0.66,3.84,-0.94,-9.79,5.9,-3.49,2.2
13.9926,-89.6574,74.9,-1759.75,308.86,1.03,-8.02,0.07,-0.82,0.9,2.42,-1.63,1.13,14.1,-23.61,0.87,6.71,-9.92,5.43,6.44,-0.73,-1.16,3.71,-2.46,-4.69,0.48,-0.15,-0.8,-2.12,-7.88,15.51,-2.07,1.87
13.9926,-89.6567,44.18,-594.07,126.69,3.79,-9.15,1.04,-0.96,1.69,1.57,-2.37,1.25,13.29,-18.58,0.14,6.96,-1.61,3.93,1.11,2.75,4.18,1.23,-3.28,-0.73,2.52,-2.06,2.71,-3.57,-7.83,11.27,-3.42,4.12
13.9926,-89.656,-5.6,-19.53,-4.2,1.84,-8.66,0.38,-1.33,2.22,2.21,-2.36,-0.45,6.5,-21.98,2.98,3.04,2.36,4.47,0.56,-2.95,-0.27,-2.26,-0.81,2.76,5.08,-1.69,3.99,-2.51,-12.15,7.31,-2.01,1.79
13.9926,-89.6552,26.74,-249.06,62.87,0.17,-9.04,1.58,-1.08,1.7,0.66,-2.35,1.99,12.75,-18.61,-0.53,1.41,-5.96,7.32,8.61,0.09,-6.14,9.39,-2.96,6.22,3.54,-3.75,4.23,-2.34,-9.77,10.18,-1.76,1.43
13.9926,-89.6545,49.77,-1305.68,222.42,1.2,-8.8,1.6,-1.24,2.88,0.29,-1.48,2.07,9.21,-14.58,-6.05,1.88,-9.43,6.51,6.8,0.28,1.58,4.17,1.11,-11.93,2.77,-4.67,4.71,-1.58,-9.12,14.08,-2.01,-0.29
13.9927,-89.6537,28.12,-470.98,92.3,2.36,-11.07,0.76,-0.27,2.4,0.62,-2.97,1.43,10.74,-11.43,-1.59,3.02,-2.31,-1.08,4.36,3.09,-3.22,3.73,0.4,2.32,0.78,-5.4,5.46,-0.97,-9.41,9.86,-1.24,1.08
13.9912,-89.7159,-10.25,-1039.66,115.91,0.41,6.0,4.57,-3.79,-7.83,13.32,-18.09,6.49,-28.11,-13.54,-3.57,11.88,-7.45,-1.88,2.77,5.22,-8.96,6.89,-4.81,1.43,-8.78,0.5,-6.17,3.3,6.93,-10.91,3.36,4.27
13.9913,-89.7152,115.92,-4041.58,634.54,-1.21,4.5,3.48,-5.06,-5.76,12.95,-16.92,7.24,-30.05,-24.77,-2.77,2.52,9.12,-1.99,1.94,-4.0,2.85,-6.46,1.59,-5.07,-9.42,-3.69,-0.85,5.37,17.28,-2.59,5.68,4.54
13.9913,-89.7144,83.29,-3225.0,495.55,0.57,3.84,4.01,-7.42,-7.95,11.91,-15.4,7.43,-18.13,-18.27,-0.6,-4.6,-10.23,4.3,-0.0,5.33,-14.05,-7.74,-3.78,2.59,-0.76,-3.6,1.35,1.08,9.74,1.18,3.08,2.56
13.9913,-89.7137,-3.87,-1167.3,139.25,2.3,5.32,4.03,-6.52,-6.19,11.92,-14.81,7.69,-26.24,-9.69,-3.25,7.34,-14.32,-10.75,-0.0,-3.62,-6.7,6.31,3.33,1.77,0.74,11.06,-1.78,7.93,11.81,-13.63,3.46,5.11
13.9913,-89.7129,81.34,-2824.67,444.09,0.02,5.31,2.75,-5.45,-6.14,13.57,-13.72,7.63,-20.29,3.01,-5.61,5.29,-6.1,5.98,-20.19,-10.19,-0.78,2.65,3.55,2.92,-7.26,-0.26,-3.37,1.98,11.81,-2.96,5.29,3.58
13.9913,-89.7122,19.65,-3164.51,413.22,-0.3,5.31,2.87,-5.58,-6.01,10.74,-12.97,8.42,-29.0,-0.0,-2.53,-15.83,-8.5,-7.36,-7.13,-0.78,-8.95,6.48,4.88,-5.16,-22.17,6.79,-2.02,5.33,8.43,-8.16,3.89,3.98
13.9913,-89.7115,12.5,-2117.17,275.75,0.1,5.66,3.33,-7.66,-6.02,11.46,-12.54,7.59,-12.85,0.88,-3.34,-13.84,2.65,-1.51,-2.6,-3.78,-6.39,-7.53,-2.16,-18.19,-9.79,-1.86,-2.07,7.53,6.01,-7.66,3.89,3.98
13.9913,-89.7107,9.03,-759.42,104.3,-4.16,3.99,3.69,-5.78,-5.73,9.64,-11.78,7.07,-11.04,-4.75,-2.32,7.42,-6.51,-0.1,-1.64,-4.57,3.04,-0.0,-8.79,5.9,-10.28,10.46,-6.59,10.12,7.2,-7.66,4.73,0.51
13.9913,-89.71,27.04,-828.57,134.11,-3.36,5.61,2.66,-9.06,-0.92,6.15,-10.49,6.71,-0.0,18.22,-3.33,2.69,-22.5,0.13,4.67,-7.17,-2.11,-14.98,1.34,-0.59,-3.09,6.78,-6.72,11.11,6.92,-6.29,4.11,3.55
13.9913,-89.7092,12.68,706.88,-72.22,3.11,4.16,4.81,-7.38,-1.95,7.67,-8.75,7.38,-0.0,26.09,0.13,7.81,-11.01,-1.53,-7.04,-5.0,-2.61,3.03,-1.17,1.11,-1.82,14.81,-9.21,0.72,10.91,-9.16,4.17,0.62
13.9913,-89.7085,100.31,-1917.32,355.0,-1.47,3.93,4.37,-9.39,-3.28,6.44,-7.8,7.39,-12.28,15.33,-2.9,-0.35,-13.27,-3.18,3.07,1.1,-0.96,-1.55,-2.55,18.46,-0.82,6.41,-6.07,3.96,18.94,-1.67,2.79,1.48
13.9913,-89.7078,65.2,-1293.79,236.64,-1.76,3.03,3.65,-8.31,-1.28,5.86,-8.09,7.67,-1.19,13.83,-2.08,-2.71,-12.25,-2.7,-5.41,-10.8,4.77,3.42,0.86,20.0,-6.11,-0.28,-3.49,0.76,18.94,-7.66,5.27,-0.2
13.9913,-89.707,-33.32,-432.51,14.03,-0.73,4.0,3.66,-10.61,-1.42,5.45,-6.66,6.71,-0.0,2.77,-2.74,-1.24,-18.67,0.58,-10.6,-18.41,-6.57,5.51,7.83,4.09,-6.6,-7.05,-2.54,12.5,6.54,-10.04,3.77,-3.34
13.9914,-89.7063,-1.85,-616.38,73.9,-1.61,4.37,2.84,-5.99,-1.83,3.46,-5.31,5.85,-0.57,10.21,-4.99,2.61,1.31,-2.19,-17.39,-11.48,-2.21,2.21,-9.75,5.53,-9.62,2.58,4.77,0.68,11.78,-6.81,1.3,-3.34
13.9914,-89.7055,-16.49,-192.78,4.32,-2.73,5.66,2.99,-7.84,-3.74,3.86,-4.46,6.34,-1.58,8.72,-4.37,1.18,-3.53,-6.21,-17.44,-7.13,-0.3,-0.43,8.78,-1.83,1.65,3.14,0.03,-0.06,5.63,-6.81,3.18,-3.16
13.9914,-89.7048,-8.51,238.21,-39.47,0.07,4.79,0.77,-6.3,-1.17,1.1,-2.73,5.61,-0.0,23.7,-4.18,7.67,-15.36,-2.84,-20.54,1.53,-17.32,2.82,0.23,4.78,10.18,16.33,-12.44,3.33,9.23,-8.36,2.66,-1.79
13.9914,-89.7041,-12.0,954.17,-132.03,-3.2,3.3,-0.35,-6.26,-0.98,0.01,-1.63,3.64,-5.93,29.25,-2.28,13.27,-5.77,1.89,-4.4,-8.84,-4.71,0.96,-12.83,16.66,-9.09,7.77,4.15,3.91,9.0,-10.11,3.7,-1.05
13.9914,-89.7033,-43.54,1626.67,-252.39,-1.2,1.7,-0.62,-6.82,-0.85,-3.27,0.06,3.91,-3.87,13.24,-4.35,7.29,1.09,-5.07,-1.22,-7.97,4.14,-0.27,-3.32,18.59,-0.97,11.49,5.48,2.8,4.52,-10.24,2.35,-1.26
13.9914,-89.7026,6.43,-406.1,57.77,-0.91,2.88,0.76,-4.88,-2.5,-1.35,-1.28,2.97,-6.37,1.84,-4.92,9.94,-3.37,0.35,-5.22,-6.19,1.71,10.72,-1.43,-6.25,-1.47,0.55,-12.96,-0.89,5.64,-3.82,1.65,-0.79
13.9914,-89.7018,-12.06,-904.51,97.54,-5.13,3.28,1.18,-5.1,-0.76,-3.53,-1.14,3.67,-6.13,-10.34,-5.46,-3.1,-4.69,-1.28,-3.61,0.28,-8.64,3.28,-0.46,-2.27,4.1,1.18,0.12,3.21,5.09,-5.09,1.33,-1.75
13.9914,-89.7011,-39.94,100.17,-59.57,-0.87,4.95,0.82,-4.1,-2.01,-1.47,-0.82,4.18,-0.0,-2.24,-4.88,5.7,-4.14,-3.57,-9.23,-3.3,-0.96,-4.29,1.49,-12.48,-0.36,-1.0,-1.09,-2.26,5.09,-7.76,0.6,-2.48
13.9914,-89.7004,-41.57,88.38,-60.04,-1.37,4.9,0.4,-2.3,-1.32,-1.61,-0.33,4.11,8.9,-0.0,-6.25,-1.21,-15.75,-1.57,4.97,0.86,-6.0,-3.58,1.02,-8.81,6.41,-0.49,0.1,0.82,3.57,-6.93,0.15,-2.02
13.9914,-89.6996,8.87,-581.47,82.38,-0.67,4.36,0.59,-2.48,-0.81,-2.82,-0.13,4.15,16.68,7.43,-5.36,-3.55,-5.95,-1.71,-2.97,-2.61,-4.11,-1.2,-0.39,-18.26,-7.3,3.62,-0.26,-9.47,5.59,-1.43,0.15,-2.02
13.9914,-89.6989,10.5,-719.39,101.39,1.62,4.35,-0.85,-3.25,-1.04,0.03,-1.37,4.7,8.09,-11.39,-4.92,-3.94,5.68,-0.19,-7.86,-1.81,-5.34,3.59,1.75,-8.2,-1.73,1.14,0.52,-4.56,5.6,-2.17,0.89,-1.47
13.9914,-89.6981,-10.85,380.91,-59.94,-1.76,4.39,-1.4,-3.15,-1.16,-1.46,-1.22,4.03,7.09,3.07,-5.18,-1.82,0.26,1.16,-3.74,4.95,1.33,-8.43,-2.59,4.1,1.83,-2.94,-2.69,-2.2,2.31,-1.51,-0.64,-1.55
13.9914,-89.6974,8.93,-1408.18,184.79,-2.38,3.88,-0.59,-3.87,-0.36,-2.43,-0.03,3.69,-14.05,-3.09,-5.33,-2.59,-11.59,1.01,-0.62,2.47,0.73,-4.78,-1.92,-3.24,-0.02,1.51,-5.03,-5.03,2.6,-0.88,0.01,0.8
13.9915,-89.6967,0.23,-1196.62,148.36,-2.22,3.96,-1.1,-2.83,-0.86,-3.88,1.27,4.09,-15.66,-5.69,-4.74,-3.73,-5.15,-0.23,0.78,-7.45,-0.03,-4.4,0.43,-0.37,4.74,1.37,2.72,-4.06,3.37,-0.88,-1.08,-0.31
13.9915,-89.6959,5.04,-308.23,44.12,-3.63,1.53,-1.89,-3.65,-2.31,-3.1,0.35,2.34,-0.0,-2.85,-4.88,2.84,-3.68,-0.94,-0.33,1.26,-1.93,-4.65,-0.73,1.58,-0.47,1.91,2.6,-3.55,1.42,-0.11,0.14,-0.46
13.9915,-89.6952,12.79,-915.51,128.47,-2.3,1.47,-2.21,-3.62,-0.65,-1.89,1.83,3.23,-2.74,-0.0,-3.49,-2.02,-5.5,-0.01,-2.45,0.41,2.67,-1.35,-0.29,-0.87,0.38,2.69,0.25,-4.09,1.79,-0.06,0.35,0.4
13.9915,-89.6944,4.75,-231.47,34.28,-2.53,1.89,-0.92,-2.91,-0.3,-2.42,2.12,2.83,7.01,-0.0,-2.45,-1.71,-4.55,0.26,-2.57,1.13,3.85,-3.33,0.36,1.57,2.28,0.57,1.11,-2.89,1.61,0.37,-1.1,0.16
13.9915,-89.6937,4.41,-16.25,7.23,-2.14,1.61,-0.47,-3.44,-0.24,-3.06,0.64,2.51,14.09,-0.0,-3.13,0.54,-3.58,0.81,-3.63,1.09,5.09,-3.41,0.13,-0.67,2.58,1.61,-0.48,-3.83,1.62,0.55,-1.26,0.01
13.9915,-89.693,-0.88,119.22,-15.81,-1.75,1.25,-0.09,-2.9,-0.44,-2.73,0.66,2.17,0.53,2.81,-3.21,-0.81,-1.33,1.48,-3.14,0.05,4.55,-3.06,0.73,0.15,1.5,1.0,-0.79,-4.14,1.87,-0.2,-1.54,0.27
13.9915,-89.6922,-1.73,747.24,-94.63,-2.31,-0.05,-0.16,-3.08,-0.55,-1.99,1.13,2.32,11.79,6.55,-1.85,1.11,-0.28,1.09,-2.78,-0.43,3.77,-3.53,0.54,-0.02,1.92,1.51,-0.16,-3.72,1.53,-0.07,-1.54,0.27
13.9915,-89.6915,-3.05,936.75,-119.7,-2.15,-0.56,0.14,-2.19,-0.86,-1.94,1.32,1.86,17.77,7.09,-1.84,-0.66,-0.95,0.4,-1.96,-0.14,3.82,-2.34,0.04,-0.16,1.73,2.18,-0.46,-3.23,0.59,0.39,-0.65,-1.2
13.9915,-89.6907,0.18,827.41,-102.34,-1.87,-1.22,-0.2,-2.03,-0.7,-1.57,1.08,1.58,18.92,3.5,-1.4,0.88,-1.74,1.3,-1.58,-0.53,3.93,-1.94,0.47,-0.81,0.44,1.92,-0.35,-4.1,0.67,0.39,-0.35,-0.99
13.9915,-89.69,-0.32,267.06,-33.48,-1.19,-1.15,-0.2,-1.61,-1.13,-0.69,1.56,0.71,16.83,-11.19,-1.57,0.8,-0.41,0.71,-2.21,-1.28,3.47,-2.21,0.79,-0.5,1.4,2.2,-1.08,-3.23,-0.08,1.03,-0.67,-0.97
13.9915,-89.6893,-2.18,672.7,-85.99,-1.39,-1.33,0.24,-1.52,-0.96,-0.87,1.49,0.59,15.64,-0.5,-1.48,1.14,-0.77,1.12,-0.84,-1.03,3.4,-2.03,0.75,-1.22,0.94,1.74,-0.89,-2.95,-0.62,1.09,-0.34,-1.51
13.9915,-89.6885,-1.18,460.63,-58.52,-1.22,-1.33,0.1,-1.45,-0.49,-0.75,1.05,-0.04,18.61,-0.0,-1.32,0.95,-0.07,1.75,-1.3,-0.22,2.99,-1.92,0.38,-0.63,1.28,1.35,-1.25,-2.82,-1.11,1.18,-0.6,-0.55
13.9916,-89.6878,2.76,417.23,-48.49,-0.86,-1.65,0.2,-2.24,-0.14,-0.72,1.17,-0.11,12.23,-1.55,-1.51,0.7,-0.75,1.74,-0.9,-0.14,2.76,-1.82,0.64,-0.48,1.17,0.99,-1.11,-3.08,-0.91,1.13,-0.26,-0.29
13.9916,-89.687,-0.38,691.14,-86.2,-0.67,-1.89,0.45,-1.91,-0.54,-0.09,1.35,-0.24,7.0,7.32,-1.04,0.86,-0.64,2.01,-0.39,-0.27,2.62,-1.47,1.05,-0.66,1.31,1.0,-1.04,-3.09,-0.91,0.98,-0.41,-0.49
13.9916,-89.6863,-7.17,420.49,-60.67,-0.35,-2.28,0.69,-1.25,-0.3,0.04,1.82,-0.24,-0.0,-4.74,-1.1,0.49,-0.58,1.85,-0.6,0.19,2.55,-1.68,1.36,-0.47,1.58,0.76,-1.04,-2.91,-0.83,0.41,-0.82,-0.48
13.9916,-89.6856,-13.03,-367.16,30.16,0.04,-2.24,1.08,-1.72,-0.15,-0.19,1.84,-0.21,-13.21,-12.7,-1.06,0.22,-0.32,2.13,-0.25,0.25,1.74,-1.5,0.34,-0.35,1.35,0.7,-0.19,-2.61,-1.32,0.23,-0.98,-0.7
13.9916,-89.6848,-12.76,-641.99,64.6,-0.01,-2.83,1.63,-1.34,-0.5,-0.01,2.42,0.01,-16.44,-18.94,-0.64,0.1,-0.89,2.79,-1.4,0.39,1.82,-0.95,1.44,-0.49,1.71,0.04,0.45,-3.22,-1.91,0.12,-0.81,-0.03
13.9916,-89.6841,-9.09,-475.45,48.28,0.27,-2.69,1.32,-1.45,-0.56,-0.52,2.36,0.31,-12.76,-14.83,-0.43,-0.35,-0.82,2.91,-0.66,0.04,1.11,-1.05,1.35,0.06,1.74,0.13,0.29,-2.76,-2.15,-0.02,0.05,-0.03
13.9916,-89.6833,-13.67,602.95,-91.05,0.08,-3.08,1.71,-1.6,-0.9,-0.97,2.91,0.16,-0.0,-4.06,-0.69,0.06,-1.23,3.21,0.11,0.39,1.06,-1.04,1.36,-0.27,1.36,-0.16,0.16,-2.67,-2.34,-0.75,0.36,-0.15
13.9916,-89.6826,-16.98,1221.23,-171.79,-0.1,-3.86,1.75,-1.54,-0.94,-0.75,2.75,0.38,10.44,7.94,-0.92,0.35,-1.08,3.34,-0.29,0.7,0.84,-1.03,0.91,-0.35,1.45,-0.23,0.99,-2.59,-2.87,-0.75,0.08,0.07
13.9916,-89.6819,-19.55,39.94,-28.1,-0.14,-4.16,1.84,-1.21,-1.27,-0.9,3.27,0.04,-1.58,-17.38,-0.15,0.19,-1.43,3.17,-0.48,1.09,0.5,-0.6,1.28,-0.01,1.69,-0.63,0.97,-2.53,-3.86,-0.92,0.44,0.21
13.9916,-89.6811,-20.99,-719.38,64.55,-0.32,-4.28,2.2,-0.74,-1.45,-0.82,2.94,-0.11,-18.1,-25.58,-0.19,0.24,-1.49,3.63,0.15,1.19,0.6,-0.79,1.25,-0.29,1.87,-0.7,1.13,-2.25,-4.32,-0.79,0.32,0.29
13.9916,-89.6804,-24.13,-27.17,-25.18,-0.47,-4.28,2.33,-1.0,-1.5,-0.4,3.14,-0.07,-7.15,-18.21,-0.14,0.21,-1.45,3.74,-0.06,1.18,0.07,-0.25,1.54,-0.2,1.6,-1.08,2.03,-1.91,-4.51,-1.66,0.69,0.64
13.9916,-89.6796,-23.7,853.65,-134.17,-0.56,-4.85,2.04,-0.93,-1.92,-0.05,2.72,-0.09,-7.87,10.84,-0.55,0.07,-1.33,3.57,-0.4,1.12,-0.18,-0.34,1.18,0.02,1.94,-1.39,1.87,-1.96,-4.51,-1.48,0.24,1.1
13.9917,-89.6789,-20.06,320.38,-63.57,-0.72,-4.87,2.08,-0.71,-2.08,0.25,2.58,-0.25,-9.87,-1.35,-0.41,0.16,-1.15,3.7,-0.25,1.86,-0.53,-0.29,0.84,-0.02,2.13,-1.74,1.69,-1.69,-4.07,-1.53,0.66,0.89
13.9917,-89.6782,-19.8,219.9,-50.79,-1.02,-4.83,1.83,-0.69,-2.34,0.57,2.19,-0.25,-7.76,-6.12,-0.47,0.21,-0.97,3.61,-0.06,1.73,-0.76,0.4,0.67,0.22,2.08,-1.95,1.66,-1.47,-3.98,-1.54,0.66,0.89
13.9917,-89.6774,-22.3,-264.83,6.54,-1.17,-4.48,1.77,-0.2,-2.41,1.61,1.56,0.16,-11.08,-19.95,-0.4,-0.16,-1.31,3.84,0.44,1.85,-0.89,0.44,0.54,0.19,2.24,-1.78,2.64,-1.41,-4.02,-2.09,1.17,0.52
13.9917,-89.6767,-22.35,1186.91,-174.12,-1.24,-5.03,1.22,0.21,-2.54,1.85,0.95,0.35,5.98,7.01,-0.24,0.0,-1.58,3.8,-0.13,1.71,-0.8,0.71,0.49,0.4,2.4,-2.31,2.87,-1.37,-4.7,-1.94,1.24,0.85
13.9917,-89.6759,-20.96,777.76,-121.6,-1.41,-4.72,0.94,-0.05,-2.57,2.19,1.12,0.17,-0.23,1.12,-0.27,0.48,-1.28,3.81,-0.26,1.67,-0.95,0.89,0.35,0.75,2.41,-2.72,3.23,-0.86,-4.63,-1.94,1.68,0.39
13.9917,-89.6752,-11.66,1304.03,-176.1,-1.76,-4.88,0.76,0.55,-2.7,2.68,0.24,0.1,10.88,10.64,-0.46,0.91,-0.76,3.98,0.17,1.16,-0.54,1.15,0.39,0.8,2.29,-3.42,3.68,-0.73,-4.64,-1.46,1.93,1.34
13.9917,-89.6745,-14.6,931.35,-133.23,-1.59,-4.92,0.3,0.66,-2.45,2.61,0.62,0.27,14.31,-4.75,-0.38,1.22,-2.45,3.88,0.13,1.25,-0.45,1.07,0.74,0.48,2.43,-2.88,4.03,-0.36,-5.34,-1.04,1.55,1.28
13.9917,-89.6737,-12.76,300.61,-52.54,-1.77,-5.09,-0.16,0.18,-2.56,3.0,0.28,0.77,0.33,-7.68,-0.41,0.75,-2.11,3.58,-0.12,0.9,-0.62,0.94,1.56,0.57,2.64,-3.12,3.99,0.1,-5.4,-0.98,1.98,1.0
13.9917,-89.673,-21.81,975.98,-147.37,-1.88,-4.91,-0.02,1.25,-2.46,2.66,1.85,0.28,12.83,-7.68,-0.85,1.29,-1.8,3.67,0.59,0.73,-0.57,1.09,0.39,0.89,2.94,-3.17,3.87,-0.12,-5.48,-1.2,1.13,0.7
13.9917,-89.6722,-18.67,972.1,-143.19,-1.72,-4.45,0.15,1.43,-1.83,2.32,0.52,0.13,4.44,4.5,-0.53,1.51,-3.17,3.68,0.38,-0.05,0.09,1.12,0.57,0.22,2.94,-3.16,3.94,-0.48,-5.76,0.14,0.36,0.63
13.9917,-89.6715,-11.55,664.26,-96.43,-1.17,-5.5,-0.4,1.85,-2.89,2.63,1.08,0.55,13.71,-9.51,-0.66,1.31,-1.97,3.96,1.01,-0.01,-0.19,0.6,0.01,0.25,2.66,-3.67,4.57,-0.46,-5.64,0.58,0.1,1.82
13.9917,-89.6708,-2.77,347.56,-46.59,-1.54,-4.94,-0.84,1.52,-2.99,2.14,1.46,-0.06,13.71,-9.51,-0.24,0.89,-2.44,3.83,-0.54,-0.2,-0.53,0.97,0.3,-0.16,2.13,-3.23,3.56,0.2,-5.45,1.43,0.08,2.24
13.9918,-89.67,-6.97,455.81,-65.07,-1.48,-5.33,-1.76,1.9,-2.63,2.68,1.36,-0.14,11.7,-11.74,-0.24,1.81,-2.9,4.6,2.01,-0.07,-0.5,0.98,0.4,0.41,2.4,-3.41,3.71,0.32,-5.68,1.32,-0.25,2.24
13.9918,-89.6693,-2.99,-52.66,3.02,-1.21,-5.72,-2.02,1.17,-2.81,2.48,0.68,0.17,-2.45,-8.61,0.13,1.11,-3.09,4.56,2.59,-0.53,-0.32,1.17,-0.42,0.65,2.66,-3.43,3.68,0.16,-5.62,1.89,-0.17,2.0
13.9918,-89.6685,-0.35,-330.87,40.84,-1.38,-5.4,-2.07,1.45,-2.49,2.17,0.68,0.07,-4.45,-14.58,-0.2,2.43,-2.58,4.51,2.46,-0.07,-1.25,0.44,1.14,0.52,2.55,-3.21,3.49,0.02,-5.33,2.09,-0.06,1.79
13.9918,-89.6678,-5.8,132.59,-23.4,-0.63,-5.2,-2.16,2.24,-2.15,1.43,0.77,0.74,-1.16,-5.42,-0.37,3.01,-2.65,3.87,0.92,-1.26,0.55,0.75,0.05,-0.04,2.33,-5.03,3.75,-0.27,-6.25,3.26,-1.6,1.88
13.9918,-89.6671,-9.5,37.32,-15.91,0.11,-5.23,-2.1,1.31,-1.9,1.48,0.64,-0.03,-1.16,-13.35,-0.3,1.84,-1.26,4.32,3.86,-0.16,-0.29,0.79,-0.6,0.02,2.19,-4.45,4.23,-0.22,-7.51,3.28,-1.64,2.38
13.9918,-89.6663,-6.22,-585.2,65.63,-0.49,-5.51,-2.02,1.23,-2.02,2.27,0.99,-1.15,-14.94,-13.35,-0.3,2.35,-3.23,4.61,3.48,-1.97,0.62,1.07,-0.38,-0.88,2.5,-4.08,5.41,-1.12,-7.44,3.55,-1.23,1.92
13.9918,-89.6656,1.0,-91.53,12.61,-0.2,-4.82,-1.21,1.41,-1.13,1.4,1.1,-0.26,-2.9,-8.02,-0.96,2.74,-1.17,4.33,2.82,-1.82,-0.86,1.85,0.04,-0.66,1.74,-3.69,3.8,-0.27,-7.07,4.46,-1.41,1.9
13.9918,-89.6648,8.53,41.69,4.91,0.1,-5.1,-0.36,0.85,-1.3,0.55,-0.48,-0.16,-4.58,7.51,-0.45,2.54,-2.61,4.67,0.86,-0.5,-0.92,1.39,-1.67,-0.86,2.58,-4.47,4.31,-1.89,-7.46,5.94,-1.66,1.96
13.9918,-89.6641,4.05,-830.56,108.47,-0.64,-5.62,-0.11,1.04,-0.17,1.34,0.5,-0.02,-16.1,-15.34,-0.98,3.1,-1.86,4.34,3.33,-1.0,-2.37,1.61,0.2,0.49,2.22,-3.96,4.49,-1.24,-8.17,6.24,-1.96,1.7
13.9918,-89.6634,4.41,-128.16,21.22,0.26,-5.79,-0.17,1.22,-0.33,1.2,1.26,0.55,-2.47,-6.13,-1.35,3.99,-3.04,5.56,2.07,-2.08,-1.05,1.91,-1.57,0.05,0.96,-4.25,3.5,-0.47,-8.17,6.65,-2.34,1.67
13.9918,-89.6626,-1.7,-125.79,13.69,0.53,-6.4,0.04,0.47,-0.42,-0.61,-0.82,-0.63,-11.77,3.93,0.61,4.57,-2.79,3.55,2.27,-2.82,-1.95,1.29,-1.96,0.9,2.24,-3.48,3.72,-1.53,-7.88,5.54,-2.67,2.36
13.9918,-89.6619,4.66,456.77,-51.52,2.09,-6.63,0.67,-0.11,0.06,0.14,1.65,1.75,-3.3,5.48,-0.48,4.53,-2.24,6.35,6.53,-1.44,-2.26,1.76,-3.2,-0.04,0.74,-3.57,3.71,-1.64,-8.68,6.89,-2.67,2.36
13.9919,-89.6611,7.68,-197.99,33.84,0.78,-7.06,-0.46,0.11,-1.24,1.35,-1.2,0.06,-0.0,-13.27,-0.47,4.27,-4.49,5.23,10.46,-2.59,-2.73,0.95,-1.1,-3.61,1.35,-3.96,4.4,-0.61,-7.49,6.73,-2.97,2.58
13.9919,-89.6604,9.38,-333.11,52.74,-0.64,-7.0,0.41,-0.15,-0.22,1.22,-2.14,0.91,1.12,-5.69,0.53,3.68,-3.79,3.47,2.54,-0.33,-1.81,-0.58,-0.26,-1.54,-0.82,-3.39,3.41,-1.11,-7.59,6.24,-2.12,2.6
13.9919,-89.6597,11.74,-265.94,47.15,0.49,-8.33,0.86,0.52,0.6,1.21,-0.69,1.08,-2.0,-1.2,0.17,3.07,-3.2,4.37,-0.87,-0.65,-0.94,1.9,-3.19,-0.98,1.76,-2.71,4.76,-1.51,-6.72,6.86,-2.83,2.24
13.9919,-89.6589,20.39,-452.06,80.68,2.05,-8.66,0.88,0.59,0.04,2.14,-0.12,0.02,-2.68,-9.47,-0.78,6.28,-1.11,5.19,3.88,-2.52,-1.47,1.17,-0.19,-1.28,0.86,-2.31,4.82,-2.15,-5.75,8.36,-3.31,1.36
13.9919,-89.6582,8.34,119.68,-5.08,0.03,-6.8,0.73,-0.55,-0.46,0.05,-0.17,1.44,-0.0,-9.89,-1.03,4.65,-0.66,4.71,2.69,-0.86,-6.31,0.29,10.97,-2.26,3.6,-1.72,3.72,-2.38,-8.1,6.49,-1.23,1.03
13.9919,-89.6574,41.36,-654.51,130.88,-0.27,-10.67,1.85,1.12,-0.05,0.38,-0.01,1.27,-0.0,-23.16,0.49,4.92,-2.63,5.42,11.16,-2.26,3.96,3.8,-2.55,1.09,4.7,-5.46,4.58,-3.41,-7.33,11.29,-2.79,2.01
13.9919,-89.6567,55.34,-597.08,140.3,1.94,-10.44,1.42,0.53,1.51,-0.61,-0.36,2.16,17.29,-13.33,0.38,4.29,4.94,6.29,0.39,-2.31,3.77,-3.7,0.04,-2.05,1.62,-4.06,2.26,-4.13,-7.73,13.25,-2.15,1.26
13.9919,-89.656,30.3,-302.87,73.82,1.81,-8.75,1.02,0.56,2.74,-0.57,-0.96,2.52,11.11,-12.64,0.03,1.18,-7.18,6.75,8.38,-3.79,8.65,-2.4,-0.56,-4.88,2.91,-1.79,6.61,-1.35,-7.73,10.71,-1.98,-0.48
13.9919,-89.6552,40.92,-1142.09,191.42,1.9,-6.89,1.47,-0.75,2.15,-0.82,-2.39,1.33,-0.17,-14.92,1.15,0.26,-2.08,7.27,3.09,-0.66,0.27,-2.46,-3.02,0.44,5.74,-3.05,5.42,-0.85,-6.79,10.53,-2.1,1.51
13.9919,-89.6545,52.57,-1113.73,201.71,0.5,-7.87,0.28,-0.05,2.66,-0.33,-1.87,1.64,4.56,-10.68,-1.53,2.39,-0.31,5.99,5.88,0.19,-5.51,0.36,-1.7,1.06,0.36,-3.25,4.39,-2.7,-9.09,13.91,-2.53,1.51
13.9919,-89.6537,6.31,-191.16,31.4,3.54,-10.41,2.17,-1.18,2.99,0.41,-2.31,1.76,-0.11,0.9,-0.25,1.15,-4.34,2.19,0.41,-0.68,-4.57,5.4,0.23,-3.57,3.11,-3.05,4.8,-2.85,-10.57,9.68,-2.32,-0.72
13.9905,-89.7159,32.36,-2026.01,287.64,-4.26,5.34,3.78,-5.71,-5.76,12.7,-16.97,5.9,-19.65,-11.26,-5.21,2.96,-0.2,6.4,9.89,1.49,-17.27,2.59,0.08,-14.44,-12.15,-3.56,-9.63,2.53,13.85,-12.47,5.97,5.31
13.9905,-89.7151,52.94,-2257.06,340.43,0.25,5.75,2.44,-6.13,-5.27,13.71,-16.03,6.2,-30.06,-0.0,-2.25,2.44,3.93,-2.7,-0.0,3.94,-2.01,7.42,-12.19,-0.0,-16.04,1.85,-2.14,5.99,8.11,-3.1,4.31,2.62
13.9905,-89.7144,14.41,-1659.25,221.38,0.64,4.9,3.28,-5.06,-6.24,9.17,-16.23,7.25,-19.79,-12.05,-4.15,11.39,-8.75,1.36,2.38,-5.76,1.02,3.42,-14.28,-3.1,-1.26,-2.1,-7.8,5.4,8.11,-8.65,3.33,4.9
13.9905,-89.7137,-38.46,-724.44,43.85,3.6,3.74,3.69,-6.55,-6.69,11.02,-14.71,5.35,-22.84,-4.83,-3.24,6.01,-2.31,1.86,-14.13,8.27,-6.14,5.99,-16.37,1.03,-13.76,3.27,-7.54,4.58,16.52,-20.63,3.77,3.62
13.9906,-89.7129,-3.06,-1350.16,162.75,2.77,3.92,2.06,-6.03,-5.07,13.46,-16.59,7.31,-15.28,-0.0,-5.89,3.92,-11.26,2.86,-20.38,-0.42,-8.58,10.32,-5.36,14.26,-6.57,4.12,7.56,4.79,2.08,-6.75,4.04,2.89
13.9906,-89.7122,21.11,-2091.37,282.67,-6.71,5.39,0.49,-5.29,-5.32,8.77,-13.77,7.98,-0.0,-9.74,-3.62,11.77,-11.57,-5.78,-16.77,-0.99,-8.2,-10.81,-14.16,-1.24,-2.92,11.54,-1.81,8.31,4.63,-5.11,4.04,2.89
13.9906,-89.7114,23.5,-1466.81,208.56,5.62,6.01,2.84,-7.13,-4.84,9.05,-12.56,7.24,-0.0,-19.05,-4.11,5.2,0.97,2.47,-10.27,-4.73,4.42,-0.0,-1.43,-15.68,-11.78,-3.59,-0.65,5.98,10.11,-5.11,0.94,2.35
13.9906,-89.7107,5.18,-1384.13,176.77,2.38,5.33,3.14,-8.27,-5.0,9.2,-12.95,7.46,-0.0,-12.46,-5.54,-2.9,-10.7,0.7,-0.0,6.87,0.71,-0.0,0.95,7.22,-10.83,14.83,-2.81,0.61,6.52,-4.52,-0.05,2.42
13.9906,-89.71,-10.28,290.02,-47.91,-3.52,5.82,2.51,-7.23,-2.26,6.87,-10.64,6.5,-8.4,-2.97,-1.3,2.89,-8.62,-0.78,2.1,13.42,-9.39,1.94,9.42,-0.92,3.05,-0.17,-2.97,-1.25,6.4,-8.69,3.34,0.78
13.9906,-89.7092,-8.62,243.62,-40.23,8.26,4.52,3.46,-6.01,-0.97,8.34,-8.45,8.0,-1.85,8.49,-2.08,0.84,-7.62,-2.15,6.56,-15.07,0.77,-1.27,-0.36,7.16,-6.42,3.36,-7.82,5.33,7.59,-10.44,3.13,3.13
13.9906,-89.7085,-20.9,547.52,-92.23,0.58,6.01,3.26,-5.67,-2.86,6.89,-7.99,7.71,-5.43,15.43,-1.27,0.9,-11.63,-1.81,5.67,-4.57,-7.11,3.29,-0.18,11.05,-12.95,1.17,-0.87,-9.33,7.59,-10.89,2.43,2.0
13.9906,-89.7077,0.8,603.65,-73.53,0.17,5.16,3.23,-8.04,-2.42,5.51,-7.6,5.83,-9.42,11.57,-1.15,1.15,-4.52,-2.86,1.08,8.76,4.42,4.17,-1.02,6.95,-3.85,2.57,-12.14,3.56,10.46,-9.09,1.71,2.0
13.9906,-89.707,-43.9,842.18,-155.78,-2.5,2.96,1.91,-7.96,-1.62,4.74,-8.42,6.27,2.74,16.17,-2.07,-0.17,-9.06,1.39,2.0,-12.72,-4.74,-1.45,-1.74,7.82,-7.43,-0.27,1.7,1.95,6.26,-10.75,1.71,-1.02
13.9906,-89.7063,-24.1,1392.43,-200.34,-0.82,2.4,3.3,-6.61,-2.19,4.43,-3.42,7.17,15.74,15.52,-2.5,0.76,-0.42,-8.98,-6.37,4.32,-1.7,-2.52,-6.56,18.78,-5.25,-0.34,-5.36,3.43,10.56,-10.75,2.64,-2.52
13.9906,-89.7055,56.18,-973.66,186.57,0.53,4.88,4.12,-6.0,-1.38,1.85,-3.28,5.2,2.16,15.82,-2.96,-2.11,-0.47,-0.67,-10.35,-2.27,2.97,2.17,-17.13,9.35,2.75,-0.46,-8.23,0.13,15.69,-5.12,4.05,-1.37
13.9906,-89.7048,-4.94,167.25,-26.49,-1.55,4.79,1.26,-4.49,-1.94,2.26,-3.75,4.56,11.13,-0.0,-3.23,-1.88,-14.54,-4.24,-7.92,8.26,5.88,10.23,-5.98,4.58,13.4,-1.91,1.13,1.93,11.46,-8.18,2.22,-3.1
13.9907,-89.704,23.46,-520.37,91.98,-1.2,3.34,0.33,-5.38,0.72,0.35,-2.84,3.42,-0.0,31.42,-4.32,0.05,-9.86,-3.2,-17.18,-1.69,-7.56,-5.79,-4.29,11.73,-3.6,4.39,-3.76,7.94,11.45,-6.28,2.18,0.21
13.9907,-89.7033,-11.76,602.95,-88.38,1.2,5.74,0.22,-4.88,-0.19,-1.16,-2.21,3.73,-4.64,6.51,-5.57,4.3,-8.68,-4.32,-0.0,8.43,-3.25,2.49,-2.82,-1.72,-4.75,-4.75,-5.47,-6.08,9.1,-9.86,3.18,-0.78
13.9907,-89.7026,-10.3,-732.82,78.38,0.72,4.59,1.41,-6.32,1.26,-2.21,-1.54,3.37,6.88,0.91,-7.1,-2.28,-7.02,-0.05,-15.63,-0.62,-0.47,-0.19,-7.17,-2.9,-3.3,-0.49,3.58,1.29,6.72,-6.98,2.96,-2.45
13.9907,-89.7018,-38.13,-424.57,7.42,-2.89,2.67,0.41,-4.77,-1.83,-1.77,-1.56,5.1,-11.68,-13.19,-4.31,-2.03,-6.72,-1.7,-2.84,4.39,-3.3,-1.67,1.03,-2.37,0.8,4.17,-0.2,2.5,3.07,-6.74,0.56,-1.58
13.9907,-89.7011,-13.84,-808.26,83.55,-5.34,2.46,-1.74,-4.32,-1.84,-2.14,-0.38,4.34,-1.93,5.67,-5.89,-1.56,-7.28,-0.89,-4.0,-1.19,-3.17,-4.32,-2.69,-16.9,1.34,3.37,-6.66,0.34,5.19,-6.1,2.03,-1.58
13.9907,-89.7003,-34.12,-73.68,-31.21,-2.98,3.91,-1.36,-2.46,-1.3,-2.14,1.33,3.3,2.89,0.3,-5.62,-1.93,-5.02,-0.78,-2.5,-3.84,-9.86,-5.12,1.92,-7.7,4.69,7.6,-1.98,-9.71,3.5,-5.7,0.45,-2.77
13.9907,-89.6996,0.81,363.26,-43.96,0.17,3.95,-0.01,-3.33,0.2,-2.76,-0.55,4.16,16.32,-10.68,-5.17,-3.28,-3.6,-0.53,-0.59,-4.09,5.91,-2.31,0.83,5.51,12.58,2.15,8.38,-1.29,6.05,-3.04,0.84,-2.65
13.9907,-89.6989,-2.77,146.34,-21.37,1.78,4.27,-0.48,-2.73,-1.21,-0.88,-0.9,3.27,12.27,-2.26,-5.3,-2.21,-2.14,0.3,-4.58,-2.02,6.84,-2.71,1.74,-0.38,0.6,-2.76,-1.48,-6.45,2.64,-2.24,0.74,-1.03
13.9907,-89.6981,8.42,-410.31,60.71,-3.35,4.24,0.09,-4.0,-1.11,-2.23,0.42,3.19,16.26,-6.65,-5.18,-1.69,-4.3,0.35,-6.14,2.42,2.43,-8.96,-2.65,0.42,3.25,-0.68,-1.18,-4.07,4.68,-2.24,0.8,-0.62
13.9907,-89.6974,3.69,89.9,-6.76,-2.94,1.17,0.01,-3.5,-0.5,-0.25,-0.84,3.89,9.38,0.12,-5.04,0.63,-2.94,1.01,-3.76,2.23,3.23,-6.57,-0.42,1.32,-0.73,2.49,-0.62,-3.54,4.05,-1.05,-0.75,-0.53
13.9907,-89.6966,4.12,251.82,-26.29,-4.69,2.77,-1.25,-4.38,-0.15,-3.71,1.31,2.99,8.08,0.39,-5.41,2.83,-3.77,-0.87,-1.59,7.4,1.87,-3.35,0.04,1.22,0.5,-0.89,3.05,-2.15,3.27,-0.53,-0.61,-0.63
13.9907,-89.6959,3.5,-227.65,32.32,-2.1,4.86,-1.67,-3.57,-2.54,-4.2,2.68,2.47,-0.0,2.28,-4.69,-2.45,1.15,1.62,-7.33,-3.5,3.16,-2.87,-0.92,-2.19,-1.51,0.38,5.18,-2.91,2.04,-0.65,-0.13,-0.1
13.9908,-89.6952,9.05,-575.37,81.93,-3.31,3.38,-1.93,-3.84,-0.3,-3.5,2.4,1.98,6.93,-0.0,-3.77,-0.52,-2.11,-0.13,-2.71,-0.77,2.16,-2.4,-0.72,-1.38,0.52,1.94,-4.14,-4.02,2.04,0.08,-0.52,0.37
13.9908,-89.6944,8.75,-300.11,47.51,-1.93,3.89,-1.61,-3.28,0.1,-2.91,2.7,2.12,9.7,-8.98,-3.46,-2.8,-1.61,1.04,-3.3,0.64,3.45,-2.93,-0.1,-0.71,1.7,0.57,-2.55,-3.55,3.22,-0.56,-0.62,0.22
13.9908,-89.6937,8.11,-298.14,46.51,-2.13,2.25,-0.13,-2.81,-0.39,-2.77,2.19,1.91,7.76,-15.55,-2.36,2.47,-1.62,1.11,-3.38,0.46,5.22,-3.17,0.91,-0.57,1.62,0.83,-2.5,-4.3,2.73,-0.76,-0.62,0.94
13.9908,-89.6929,11.61,221.62,-13.73,-2.32,1.89,-0.75,-2.9,0.02,-2.86,2.09,1.75,20.0,-0.0,-1.9,-0.34,-1.15,1.39,-2.36,1.15,5.13,-3.43,0.41,-0.07,1.78,2.19,-0.86,-4.01,2.55,-0.01,-0.79,0.97
13.9908,-89.6922,4.94,-142.56,23.51,-1.14,1.09,-0.31,-2.55,0.42,-2.84,1.77,2.16,4.78,-5.71,-2.34,0.68,-1.17,1.2,-3.54,-1.12,4.21,-3.96,0.28,-0.38,1.22,0.65,0.3,-3.73,1.82,0.59,-0.94,-0.56
13.9908,-89.6915,6.6,170.59,-13.34,-1.95,0.18,-0.84,-2.33,-0.69,-2.26,2.11,1.91,-0.0,1.28,-1.37,0.16,-1.19,1.09,-2.48,-0.43,4.01,-2.62,0.25,-0.45,1.37,1.87,-0.76,-4.16,1.57,0.51,-0.82,0.11
13.9908,-89.6907,-1.59,754.01,-95.34,-2.23,-0.46,-0.03,-2.07,-0.38,-1.64,1.87,1.56,15.02,4.73,-2.18,1.45,-0.87,0.78,-2.55,-1.0,3.79,-2.54,0.79,-1.23,1.11,1.58,0.19,-3.87,0.94,0.26,-0.5,-1.16
13.9908,-89.69,5.67,170.53,-14.43,-1.24,-0.26,0.1,-1.56,-0.38,-1.53,1.66,0.86,22.63,-16.99,-1.32,0.31,-1.08,1.3,-1.5,-1.44,4.57,-2.59,0.63,-0.51,2.04,1.04,-0.29,-3.42,0.43,0.96,-0.03,-0.95
13.9908,-89.6892,-1.32,808.81,-101.85,-1.51,-0.81,0.54,-1.19,-0.56,-0.89,1.81,0.16,26.79,-6.66,-1.79,1.14,-0.71,1.55,-1.36,-1.32,3.48,-2.24,0.6,-0.54,1.55,1.63,-1.26,-3.36,-0.31,0.87,-0.74,-0.57
13.9908,-89.6885,-1.74,332.61,-43.3,-1.15,-1.09,0.04,-1.28,-0.28,-1.12,1.65,-0.4,28.09,-21.46,-1.59,0.69,-0.43,1.39,-1.0,-0.84,3.47,-2.47,0.82,-1.58,1.73,1.86,-0.96,-3.15,-0.31,0.66,-0.73,-0.38
13.9908,-89.6878,-6.47,263.08,-40.29,-0.71,-1.59,0.06,-1.79,-0.26,-1.12,1.07,-0.63,23.78,-23.3,-0.72,1.15,0.09,1.16,-0.84,-0.14,2.94,-2.34,0.64,-0.86,1.65,1.1,-0.82,-2.97,-1.13,0.36,-0.45,-0.51
13.9908,-89.687,-2.34,835.71,-106.45,-0.84,-1.72,0.21,-1.55,-0.22,-0.04,1.65,-0.3,-0.0,-0.0,-0.87,0.55,-0.59,1.56,-0.42,-0.02,2.27,-1.77,0.52,-1.06,1.58,0.68,-0.88,-2.88,-0.49,0.48,-0.45,-0.41
13.9909,-89.6863,-2.54,942.43,-119.95,-0.37,-2.22,0.87,-2.03,0.07,-0.17,2.07,-0.29,20.27,0.87,-1.11,0.46,-0.59,1.9,-0.06,-0.03,2.25,-1.33,0.36,-1.12,1.71,0.84,-0.54,-3.25,-0.69,0.33,-0.14,-0.41
13.9909,-89.6855,-3.8,-404.59,45.71,-0.06,-2.3,0.91,-1.48,0.03,-0.13,2.43,-0.25,-4.37,-17.91,-1.04,0.27,-0.09,2.0,-0.2,-0.22,2.5,-1.41,1.02,-0.83,1.99,0.17,0.45,-2.49,-1.13,0.27,-0.03,-0.26
13.9909,-89.6848,-2.87,-634.27,75.35,-0.2,-2.54,1.34,-1.47,-0.44,-0.27,2.48,0.09,-7.41,-21.55,-0.78,0.2,-0.85,2.4,-0.08,0.33,2.04,-0.83,1.15,-0.6,1.59,0.24,0.3,-3.1,-1.08,0.17,-0.15,0.29
13.9909,-89.6841,-4.13,-363.8,40.28,0.17,-2.65,1.33,-0.81,-0.18,-1.27,2.39,-0.12,6.16,-26.67,-0.43,0.01,-0.77,2.46,0.13,0.37,1.4,-1.54,1.71,-0.41,1.8,0.16,-0.47,-2.67,-1.41,0.17,0.15,-0.15
13.9909,-89.6833,-9.73,-262.88,21.13,0.03,-3.34,0.98,-0.86,-0.48,-0.71,2.51,-0.36,-3.64,-17.51,-0.75,0.28,-1.07,2.7,0.15,0.43,1.09,-0.93,1.36,-0.31,1.83,-0.05,0.45,-2.44,-2.04,-0.01,-0.3,0.19
13.9909,-89.6826,-14.51,552.1,-85.75,-0.22,-3.65,1.55,-0.82,-0.65,-0.68,3.45,-0.27,4.85,-5.81,-0.21,0.17,-1.37,2.8,0.08,1.0,0.81,-0.89,1.34,-0.64,2.02,-0.31,0.65,-2.41,-2.79,-0.39,0.04,-0.02
13.9909,-89.6818,-20.15,392.17,-72.57,-0.11,-3.75,1.69,-1.0,-0.75,-0.63,3.29,0.01,0.01,-0.0,-0.12,0.12,-0.76,3.04,-0.34,1.11,0.71,-0.71,1.19,-0.59,1.98,-0.72,1.02,-2.29,-3.56,-0.84,0.21,-0.02
13.9909,-89.6811,-17.82,-106.26,-7.88,-0.46,-4.06,1.83,-0.78,-1.23,-0.9,3.17,-0.27,-6.03,-15.71,-0.15,-0.08,-1.56,3.01,0.2,1.21,0.5,-0.78,1.17,-0.51,1.95,-0.83,1.37,-1.66,-3.56,-1.2,0.55,0.57
13.9909,-89.6804,-17.91,-172.57,0.26,-0.7,-3.91,1.91,-1.05,-1.32,-0.74,2.77,-0.38,-16.17,-8.16,-0.27,0.01,-1.03,2.97,-0.03,1.79,-0.03,-0.19,1.04,-0.58,2.06,-1.23,1.97,-1.65,-3.85,-1.43,0.75,0.88
13.9909,-89.6796,-19.34,258.86,-55.07,-0.83,-4.4,1.76,-0.36,-1.55,-0.31,2.68,-0.12,-4.28,-8.0,-0.55,-0.02,-0.67,3.21,-0.11,1.58,-0.34,-0.3,0.94,-0.1,2.02,-1.38,1.91,-1.51,-3.87,-1.62,0.75,0.88
13.9909,-89.6789,-23.14,-314.96,11.77,-0.99,-4.35,2.11,-0.2,-1.72,0.42,2.11,-0.28,-12.3,-20.19,-0.26,0.03,-1.14,3.71,0.2,1.61,-0.55,0.14,0.68,-0.02,2.06,-1.59,2.01,-1.52,-3.99,-2.04,0.92,0.57
13.9909,-89.6781,-14.92,-455.1,38.93,-1.28,-4.72,1.68,-0.11,-1.98,1.26,1.88,-0.06,-9.72,-20.91,-0.37,-0.17,-1.23,3.5,0.23,1.73,-0.85,0.47,0.53,-0.13,2.17,-2.15,2.17,-1.41,-3.82,-1.68,1.56,0.68
13.9909,-89.6774,-14.26,26.12,-20.13,-1.52,-4.6,1.18,0.27,-2.24,1.72,1.83,-0.18,-1.64,-14.78,-0.32,-0.15,-1.31,3.34,0.44,1.74,-0.89,0.55,0.75,0.2,2.17,-2.12,2.94,-1.52,-3.34,-1.9,1.79,0.37
13.991,-89.6767,-20.65,696.18,-111.06,-1.5,-4.32,0.9,-0.08,-2.36,2.01,1.13,0.11,9.59,-10.16,-0.23,0.48,-1.17,3.53,0.07,1.59,-1.09,0.86,0.43,0.46,2.2,-2.11,3.21,-1.1,-4.35,-1.87,1.43,0.46
13.991,-89.6759,-18.19,35.95,-26.01,-1.4,-4.72,1.16,0.31,-2.41,1.98,0.95,0.5,-8.6,-0.0,-0.26,0.29,-1.48,3.33,0.49,1.43,-1.13,0.9,0.25,0.27,2.24,-2.75,3.34,-0.73,-4.91,-1.67,1.88,0.56
13.991,-89.6752,-10.64,-32.8,-8.52,-1.75,-4.63,0.7,0.69,-2.27,2.25,0.47,-0.12,-0.0,-18.77,-0.36,0.67,-1.55,2.86,-0.06,0.92,-1.0,0.84,0.37,0.02,2.08,-3.32,3.5,-0.7,-4.79,-1.38,2.38,0.91
13.991,-89.6744,-13.36,680.88,-100.57,-2.03,-4.15,0.29,0.88,-2.37,2.85,0.43,-0.2,14.76,-0.0,-0.46,0.74,-1.62,2.97,0.43,0.87,-0.59,1.4,0.18,0.29,2.42,-3.67,3.74,-0.28,-5.3,-1.28,2.41,0.62
13.991,-89.6737,-14.32,735.53,-108.53,-2.09,-4.67,-0.17,0.89,-2.31,2.84,0.45,0.11,5.23,0.99,-0.8,0.88,-1.9,3.1,0.37,0.58,-0.3,1.24,0.2,-0.04,2.73,-3.41,3.56,-0.05,-5.26,-1.02,1.9,0.71
13.991,-89.673,-14.36,885.43,-127.26,-2.09,-4.35,-0.87,1.27,-2.37,3.09,0.54,0.25,9.3,0.99,-0.66,1.18,-2.35,3.06,0.34,0.18,-0.38,1.46,0.09,0.76,2.65,-3.54,4.04,0.23,-5.67,-0.82,1.91,0.75
13.991,-89.6722,-5.81,751.15,-100.43,-1.94,-4.2,-0.67,1.94,-1.99,2.87,0.83,0.23,18.36,-7.18,-0.49,1.31,-1.99,3.04,0.55,-0.03,-0.71,1.32,0.01,0.21,2.93,-3.27,3.97,-0.11,-5.73,0.44,1.83,0.75
13.991,-89.6715,-8.66,417.04,-62.21,-1.26,-4.22,-1.08,2.07,-2.7,2.89,0.69,0.09,-0.0,-7.18,-0.16,1.2,-2.33,3.94,-0.25,1.0,-0.79,1.4,0.73,0.03,2.93,-3.64,3.72,0.25,-5.85,-0.08,2.01,0.85
13.991,-89.6707,-1.87,281.98,-37.34,-1.61,-4.65,-1.74,1.96,-3.16,2.83,1.24,0.39,-0.0,-6.17,-0.24,1.35,-1.59,3.36,0.78,-0.09,-0.46,0.99,0.13,-0.49,3.27,-3.5,3.37,0.31,-5.57,1.4,0.77,1.57
13.991,-89.67,0.46,331.06,-40.71,-1.68,-5.02,-1.92,1.77,-2.64,2.75,0.69,-0.11,2.3,-0.16,0.29,1.87,-2.84,3.73,1.16,-0.05,-0.44,1.26,0.65,0.39,2.63,-3.74,3.66,0.62,-5.75,1.64,0.98,1.6
13.991,-89.6693,-6.98,472.79,-67.2,-1.39,-5.03,-1.84,1.66,-2.27,2.17,1.26,0.31,-0.0,-3.31,-0.23,1.23,-2.6,4.08,1.03,-0.52,-0.53,0.92,0.98,0.26,2.69,-3.86,3.39,0.63,-6.02,1.64,0.3,1.23
13.991,-89.6685,-4.48,467.31,-63.57,-1.28,-5.21,-1.74,1.37,-1.85,1.67,1.04,0.26,-0.0,-2.4,-0.35,2.17,-2.8,3.99,1.74,-0.48,-0.79,0.8,0.99,0.4,2.51,-3.85,3.79,0.31,-5.85,2.1,-0.36,1.86
13.9911,-89.6678,-4.48,-423.14,47.46,-0.51,-5.0,-2.53,0.94,-1.97,1.16,1.3,0.19,-17.63,-2.4,-0.12,1.48,-1.69,3.6,1.33,-0.66,-0.49,1.43,-2.32,0.39,2.07,-3.86,3.74,-0.06,-6.88,3.29,-0.82,1.63
13.9911,-89.667,1.78,-57.33,9.26,-0.5,-5.34,-1.98,2.1,-1.81,1.23,0.72,-0.14,-6.03,-0.94,-0.24,1.78,-0.86,3.64,1.22,-0.87,-1.13,2.09,-0.43,-0.12,1.64,-3.62,4.07,-0.54,-6.48,3.41,-0.31,1.64
13.9911,-89.6663,4.92,-200.9,30.89,-0.63,-5.91,-1.56,1.73,-2.19,1.66,0.82,0.19,-1.9,-5.95,0.07,1.41,-1.8,4.46,0.74,-1.1,-0.66,1.24,-1.17,0.28,1.61,-3.4,4.6,-0.61,-6.49,3.2,-0.19,2.52
13.9911,-89.6656,8.9,-519.09,75.31,-0.25,-5.1,-0.67,1.04,-1.3,1.04,0.46,-0.16,-1.9,-11.56,-0.04,2.08,-2.52,4.13,2.01,-1.78,-0.95,0.66,-0.27,-0.2,1.42,-3.83,3.51,-1.03,-6.49,4.25,-0.16,1.56
13.9911,-89.6648,12.58,-658.06,97.03,-0.5,-4.93,-1.08,0.91,-1.02,0.63,0.53,0.4,-14.65,-2.37,-1.28,3.27,-1.76,3.34,1.6,-1.08,-0.73,1.09,-0.38,-0.33,2.16,-4.09,4.44,-0.41,-6.12,5.72,-1.62,1.81
13.9911,-89.6641,-1.05,-258.61,31.03,-0.54,-5.17,-0.94,0.94,-0.33,0.25,-0.09,0.34,-15.62,-0.01,-0.59,3.5,-1.81,4.2,2.39,-1.36,-1.75,0.84,0.41,0.15,2.16,-3.87,4.08,-0.26,-7.02,4.78,-1.79,1.53
13.9911,-89.6633,6.69,-21.28,10.58,-0.15,-5.69,-1.35,0.98,-0.62,0.52,0.46,0.56,-6.92,4.86,-1.49,4.2,-3.98,4.22,2.54,-1.96,-1.87,1.03,1.22,0.08,2.7,-3.14,4.18,-1.14,-6.7,5.39,-1.79,1.93
13.9911,-89.6626,11.99,290.53,-22.06,0.44,-6.16,-0.35,1.07,-0.2,0.03,0.49,0.09,0.08,11.66,-1.1,3.34,-3.58,3.69,2.67,-2.12,-1.17,1.02,-0.66,0.65,2.5,-3.31,4.38,-0.82,-7.87,6.23,-1.28,2.15
13.9911,-89.6619,24.02,-803.33,128.8,1.04,-6.05,0.03,0.14,0.12,0.6,-0.85,0.51,-3.79,-7.62,-0.27,4.21,-3.11,3.98,1.9,-3.06,-0.61,0.38,-3.36,0.66,3.72,-3.52,3.74,0.0,-8.28,8.93,-2.43,2.54
13.9911,-89.6611,34.26,-321.52,80.77,-0.34,-6.53,-0.67,0.29,-0.07,0.2,-1.33,1.56,9.7,-3.77,-0.04,4.8,-3.81,4.08,0.68,0.14,-0.13,2.12,-1.57,-0.48,1.85,-2.8,4.91,-0.35,-6.92,8.93,-1.94,2.73
13.9911,-89.6604,-0.42,471.94,-59.46,-0.09,-7.27,-0.73,-0.05,0.12,0.73,-1.04,1.52,9.11,-1.58,0.59,3.9,-4.21,3.09,2.73,0.19,1.23,0.93,-0.6,-2.71,1.45,-2.53,3.72,-0.13,-5.92,4.86,-2.48,1.49
13.9911,-89.6596,-17.39,787.93,-119.08,-0.28,-7.98,-0.77,0.31,0.52,-0.09,1.02,1.14,-1.76,4.51,0.47,4.87,-2.24,3.92,2.43,-0.36,-0.32,0.27,-2.15,0.57,2.11,-2.89,3.16,-1.02,-7.0,2.79,-2.26,1.93
13.9912,-89.6589,-15.47,1115.73,-157.79,-0.19,-8.76,0.04,-0.39,0.73,0.18,0.57,0.59,3.8,10.73,-1.47,5.72,-1.71,4.93,3.71,0.88,-3.39,-1.11,-0.33,-2.01,2.59,-2.25,5.97,-2.71,-7.9,4.57,-3.87,2.81
13.9912,-89.6582,26.59,-329.27,72.69,1.27,-7.95,0.15,-0.55,0.68,-1.0,-1.12,1.78,-0.0,0.85,-1.18,2.19,0.75,7.75,-2.26,-1.91,-4.6,-0.02,-1.67,0.11,2.01,-1.41,4.83,-2.26,-6.95,9.44,-2.74,1.35
13.9912,-89.6574,-26.7,402.14,-81.94,2.55,-8.39,0.43,0.91,0.27,1.0,-0.3,0.64,-0.0,-13.49,-0.92,3.84,-2.16,2.33,6.26,-2.44,-6.51,-1.78,2.03,0.21,2.37,-3.81,5.44,-1.76,-6.95,3.09,-2.65,-0.25
13.9912,-89.6567,34.54,-62.31,48.75,1.05,-9.43,0.35,2.15,3.42,-0.71,-0.78,-0.15,-0.0,-1.61,-2.05,2.39,2.74,3.17,4.51,0.5,2.82,0.11,-0.49,1.06,2.8,-4.46,5.88,-1.48,-8.56,11.92,-1.62,-1.19
13.9912,-89.6559,13.33,-505.51,79.04,1.28,-7.66,0.42,1.1,2.39,-2.4,-1.2,1.56,6.4,-15.54,1.61,0.24,1.21,5.71,-2.32,0.36,-3.91,-1.08,-0.72,1.85,2.46,-4.12,5.24,-2.74,-8.31,8.9,-1.62,-1.19
13.9912,-89.6552,36.29,-776.24,140.15,1.65,-9.15,0.92,-0.03,3.02,0.25,-2.25,2.09,-12.45,-7.86,5.0,3.86,-2.05,5.93,-1.08,1.12,-0.22,2.43,-2.3,6.78,5.49,-3.31,3.67,-0.8,-7.99,12.49,-3.17,0.03
13.9912,-89.6545,31.48,-638.57,117.25,0.91,-8.96,2.13,-0.32,4.27,-0.05,-3.63,0.25,-3.85,-2.49,2.21,0.07,-3.71,6.4,2.24,0.16,-2.09,3.68,1.1,-2.04,3.78,-3.69,3.5,-2.5,-7.85,11.33,-2.79,0.18
13.9912,-89.6537,33.09,333.83,-2.54,1.28,-8.11,-0.56,-0.18,3.32,-1.71,-2.98,1.74,10.79,14.12,-1.11,5.26,-2.05,11.07,-2.73,1.67,-6.19,1.97,-0.97,-2.39,2.32,-1.6,4.69,-1.13,-9.46,11.33,-0.8,-0.86
13.9898,-89.7159,67.71,-3482.27,508.64,1.2,4.72,2.39,-3.91,-4.83,12.57,-18.63,6.37,-19.58,-6.73,-3.42,-7.28,-10.35,-4.25,-15.42,-4.58,-9.43,13.29,-1.94,-1.34,-1.48,2.28,6.57,4.87,11.86,-4.75,3.88,5.53
13.9898,-89.7151,11.26,-903.43,124.54,3.89,6.54,1.9,-4.12,-6.42,10.89,-18.68,5.47,-29.61,-0.0,-4.11,13.51,1.58,-3.03,-2.48,1.73,6.18,6.04,-1.55,3.51,-3.39,4.68,-17.36,6.14,7.07,-7.4,2.42,4.41
13.9898,-89.7144,12.5,-739.14,105.8,3.55,3.87,1.74,-5.38,-4.05,10.42,-17.3,7.32,-14.54,-6.07,-3.36,0.28,-4.39,-1.46,-0.0,-11.54,-0.95,4.45,-7.55,-4.3,-16.18,5.04,-4.24,1.64,6.98,-5.77,0.93,4.41
13.9898,-89.7137,-18.89,-630.31,55.36,2.46,4.59,1.35,-4.33,-5.81,13.76,-16.37,7.93,-7.62,6.38,-4.32,8.06,0.98,1.79,-0.0,1.8,-3.39,7.37,-7.79,-6.34,-3.18,-2.18,-8.56,-2.58,9.03,-10.43,0.93,3.04
13.9898,-89.7129,-12.27,-1608.48,183.71,0.0,5.59,3.53,-4.66,-4.35,10.89,-15.89,6.22,-7.19,-20.64,-2.95,1.62,-14.39,-2.25,-10.16,-8.53,-1.63,8.57,-7.41,1.97,-0.5,5.53,-4.94,3.41,8.04,-10.43,2.5,3.2
13.9898,-89.7122,39.12,-2862.45,398.96,2.02,4.22,2.09,-6.94,-5.83,11.88,-14.49,6.16,-5.65,-8.34,-2.01,0.27,-3.95,0.09,-16.96,-9.08,-2.85,-3.16,-12.17,-11.19,-7.44,12.2,-7.65,1.66,8.0,-2.83,0.71,4.78
13.9898,-89.7114,53.92,-1695.21,272.62,3.99,3.56,2.45,-6.95,-4.52,9.82,-13.71,6.84,-0.0,-8.34,-1.69,4.88,-6.7,-1.01,-15.26,2.9,14.02,-0.0,-14.54,1.11,-7.18,-0.0,-4.79,-2.05,5.64,-2.91,4.16,5.41
13.9899,-89.7107,7.41,-2132.52,271.67,1.6,4.61,3.12,-6.81,-3.77,8.12,-12.92,7.3,-17.15,-12.36,-0.53,5.85,-9.1,-0.44,-11.07,-8.13,-1.7,1.55,-4.99,1.64,-13.95,-4.59,-4.66,-2.2,7.48,-3.38,-1.27,1.85
13.9899,-89.71,33.11,9.36,37.93,1.05,4.77,3.03,-7.96,-2.48,8.31,-11.42,6.64,-4.96,-4.76,-0.25,2.14,-9.73,-0.78,5.24,4.06,6.12,11.54,12.7,10.59,-10.15,1.71,-9.79,-0.65,10.99,-5.22,2.85,0.74
13.9899,-89.7092,36.03,-741.65,134.02,3.66,4.8,3.88,-7.41,-2.09,7.41,-8.83,7.2,-4.96,-0.0,-0.92,5.39,-0.61,-0.1,10.74,-7.3,-3.47,7.8,-6.63,-0.76,-4.82,6.86,-4.99,-3.92,10.99,-7.27,4.2,2.75
13.9899,-89.7085,-31.11,323.81,-76.68,-1.37,5.02,2.86,-6.96,-3.9,6.76,-9.81,6.68,-4.52,20.11,0.52,11.25,-21.54,-0.76,2.9,-18.44,-5.22,0.86,-2.56,2.41,-1.0,1.0,-3.71,1.23,-1.33,-8.74,4.2,2.75
13.9899,-89.7077,-59.66,1902.45,-305.19,2.11,5.26,3.44,-9.01,0.94,5.76,-8.68,5.41,7.1,17.97,-1.26,3.59,-16.96,0.46,5.6,-4.8,-5.17,1.84,4.33,8.39,-6.02,1.27,-2.27,-1.76,-3.18,-8.74,2.83,0.19
13.9899,-89.707,25.18,920.81,-83.9,1.14,4.15,1.97,-5.25,-2.06,5.78,-7.76,5.86,4.88,23.6,-2.2,6.03,-0.49,-2.68,2.79,-0.24,-4.6,0.34,6.87,8.27,-3.83,-0.36,-1.83,-1.11,12.05,-6.77,3.2,-0.37
13.9899,-89.7063,-73.6,1483.32,-270.02,-1.45,3.86,1.76,-5.41,-2.57,2.98,-5.98,6.02,-6.1,20.69,-3.0,-0.98,-9.69,-1.62,2.38,2.09,-13.11,4.53,2.52,0.94,-2.23,-0.42,-12.42,1.75,-7.2,-8.2,4.04,-1.66
13.9899,-89.7055,-7.86,1843.99,-236.94,-1.8,3.08,3.45,-4.98,-1.25,2.4,-4.65,6.38,18.09,29.76,-2.75,1.52,-9.49,-1.31,6.48,0.06,1.17,-4.2,-5.5,10.15,11.87,-10.69,-4.9,0.93,8.56,-9.41,3.59,-0.55
13.9899,-89.7048,-8.0,1867.53,-240.06,-4.47,2.61,0.53,-6.49,-3.09,1.44,-3.85,5.41,23.88,29.33,-2.34,-1.9,1.06,-1.06,-9.45,1.89,4.29,4.14,-7.31,-0.13,9.21,5.64,-4.36,-1.66,8.56,-9.64,3.51,-0.24
13.9899,-89.704,14.51,1359.27,-150.75,-2.47,2.98,0.94,-5.36,0.14,-0.53,-1.68,5.0,13.55,30.33,-3.95,-2.35,-1.2,-0.72,1.29,10.25,0.39,0.83,-10.41,-2.88,-0.65,14.08,-1.61,1.42,12.58,-7.67,2.11,-0.64
13.9899,-89.7033,56.54,-1169.85,211.31,-2.97,4.58,0.51,-6.38,0.3,-1.95,-1.88,3.64,-0.0,6.33,-5.53,8.26,-5.45,-3.73,-11.69,-2.98,4.5,-1.53,0.39,2.73,-4.85,10.02,-5.3,-0.3,7.19,-0.06,3.57,-0.46
13.9899,-89.7026,23.53,-1200.42,176.12,8.37,2.68,-0.63,-7.15,1.84,-2.84,-0.2,4.3,5.22,-0.0,-6.06,-6.09,-2.79,-0.89,-0.0,0.83,5.81,-4.5,9.05,-3.97,-1.7,1.46,-10.36,1.47,9.96,-6.03,3.57,-0.64
13.99,-89.7018,-0.65,-468.55,57.13,-1.73,2.69,1.04,-3.62,-0.61,-2.51,-2.1,2.31,1.26,-0.0,-5.21,-0.34,-8.36,-2.25,7.56,-11.22,7.0,4.27,2.87,-0.42,-4.07,5.4,-0.7,-1.43,3.06,-3.9,3.34,-2.14
13.99,-89.7011,-7.95,-59.3,-2.06,-3.5,3.72,1.55,-5.98,-1.85,-1.59,-0.23,1.56,11.23,-0.0,-5.29,1.39,-7.44,-1.99,-0.22,1.68,3.31,-0.16,1.97,-5.32,-0.99,8.3,-0.41,-9.29,3.87,-5.1,2.6,-1.43
13.99,-89.7003,-26.96,23.49,-34.76,-4.52,4.68,-0.2,-5.51,-0.73,-3.13,1.27,4.89,7.51,-0.0,-4.94,1.51,-7.31,-1.5,-11.82,8.72,2.45,-1.68,-4.9,-4.44,-0.03,5.11,-1.53,6.75,3.52,-5.81,1.32,-2.28
13.99,-89.6996,-5.15,412.31,-57.07,-3.08,3.99,0.49,-3.11,-0.18,-2.71,0.06,4.37,4.69,-0.0,-5.06,-2.05,-1.13,-1.13,-8.07,2.81,4.3,-0.58,19.82,1.76,5.0,8.75,-4.61,-6.82,5.74,-5.65,2.72,-2.08
13.99,-89.6989,-8.59,-439.02,44.14,-3.49,3.67,-1.12,-2.79,-0.26,-1.07,1.2,3.57,-3.15,-0.0,-4.97,0.44,-5.12,0.78,-4.5,-5.11,10.44,-5.49,-1.82,5.29,5.12,-5.13,-1.23,-10.21,5.3,-3.0,-0.48,-2.02
13.99,-89.6981,12.18,-679.62,98.47,-2.69,2.99,-2.02,-3.6,-1.01,-3.03,-0.34,1.96,0.67,5.19,-5.28,0.26,-2.57,-2.15,-6.94,0.72,3.68,-6.11,-1.91,0.44,-0.22,0.11,-1.17,-3.35,3.25,-2.21,1.92,-0.05
13.99,-89.6974,3.61,-353.27,47.98,-1.18,3.31,-2.86,-3.86,-0.82,-3.03,0.56,3.19,3.7,-16.24,-4.4,1.27,0.03,-0.17,-4.11,13.49,0.73,-3.51,-0.54,-3.44,1.09,-0.13,1.0,-2.56,3.27,-1.44,0.15,-0.46
13.99,-89.6966,2.31,-964.12,122.04,-2.99,2.49,-0.85,-4.29,-0.64,-3.28,1.16,2.45,-3.04,-15.83,-3.97,0.23,0.21,-0.12,-3.27,-4.11,1.49,-2.41,0.05,0.71,-0.7,-0.52,0.9,-1.98,2.79,-0.55,-0.36,-0.89
13.99,-89.6959,11.98,-854.14,119.88,-3.42,4.31,-2.47,-3.76,0.67,-4.4,2.56,2.36,1.21,-9.84,-3.76,-1.63,-1.54,-0.88,-4.66,-1.94,3.26,-2.6,-0.73,-2.27,1.57,4.65,0.1,-3.98,2.79,-0.7,0.35,0.42
13.99,-89.6952,12.73,-339.77,57.11,-3.1,3.98,-2.84,-3.24,0.27,-3.9,2.66,1.75,-0.0,-1.44,-3.62,0.5,-1.6,0.19,-2.77,-2.9,2.75,-2.23,-0.04,-0.82,1.17,1.42,-3.14,-4.03,2.47,-0.51,0.35,0.43
13.99,-89.6944,-0.44,-611.22,75.17,-1.94,4.24,-1.22,-3.07,-0.05,-3.1,3.5,1.6,-1.05,-17.78,-3.74,1.07,-0.65,0.47,-3.59,-0.12,4.43,-3.15,-0.55,-0.42,1.92,1.13,-2.21,-3.67,2.69,-0.66,-1.54,0.25
13.99,-89.6937,5.42,55.39,-0.45,-1.81,3.49,-1.11,-2.9,0.05,-3.5,2.85,1.53,18.22,-13.68,-2.22,0.77,-1.31,0.7,-2.5,-0.05,4.67,-3.25,0.01,-0.7,1.55,0.9,-2.37,-4.12,2.65,-0.66,-0.87,0.6
13.9901,-89.6929,5.9,343.5,-35.58,-1.53,2.68,-0.8,-2.62,0.19,-3.14,2.47,1.26,7.17,4.03,-1.76,0.3,-1.06,0.92,-2.78,-0.31,5.35,-3.48,0.95,-0.81,1.85,1.31,-0.23,-3.96,2.18,-0.37,-1.01,1.0
13.9901,-89.6922,11.41,24.19,10.5,-1.23,1.81,-0.72,-2.46,0.29,-2.76,1.91,0.82,0.92,4.31,-1.35,0.63,-1.06,0.57,-1.61,-0.43,4.25,-3.02,0.49,-0.95,1.81,1.21,-0.01,-4.25,1.83,0.56,-0.72,0.66
13.9901,-89.6915,11.48,183.87,-9.21,-1.9,0.9,-0.41,-2.27,-0.65,-2.77,2.34,0.78,15.92,-3.14,-1.54,0.1,-0.79,0.89,-2.56,0.14,3.65,-3.08,0.14,-0.71,0.97,1.42,-0.2,-3.75,1.34,0.71,-0.14,0.1
13.9901,-89.6907,2.76,375.39,-43.27,-1.3,-0.24,0.13,-1.66,-0.05,-2.07,2.33,0.71,6.77,4.71,-1.73,0.71,-1.2,0.72,-1.9,-0.78,3.58,-2.88,0.37,-1.24,1.92,1.63,-0.38,-3.56,0.79,0.39,-0.29,-0.51
13.9901,-89.69,3.66,428.01,-48.73,-0.97,-0.39,0.2,-1.82,0.18,-1.63,2.26,0.28,21.85,-8.48,-0.9,0.37,-1.26,0.96,-1.72,-0.9,4.03,-2.95,0.68,-0.92,1.44,1.17,-0.78,-3.53,0.38,0.75,-0.21,-0.64
13.9901,-89.6892,4.53,-203.28,30.56,-0.82,-0.68,-0.21,-1.31,-0.07,-1.35,1.96,-0.17,-0.0,-9.59,-1.27,0.25,-1.02,0.47,-1.96,-1.09,4.24,-2.87,0.65,-0.92,1.29,1.27,-1.1,-3.55,0.38,0.42,0.04,-0.34
13.9901,-89.6885,2.56,716.7,-85.85,-0.85,-0.95,-0.09,-1.48,-0.09,-1.01,1.67,-0.42,35.79,-14.8,-0.8,0.32,-0.6,1.49,-0.59,-1.33,3.74,-2.68,0.74,-1.58,1.64,1.56,-0.7,-3.13,0.29,0.25,0.04,-0.45
13.9901,-89.6878,-0.36,275.45,-34.6,-0.69,-1.48,0.13,-1.51,-0.0,-1.32,1.94,-0.61,-0.0,-1.68,-0.58,0.72,-0.42,1.3,-0.97,-0.55,2.91,-2.07,0.86,-1.18,1.45,1.21,-0.52,-3.22,-0.11,0.59,-0.51,-0.45
13.9901,-89.687,-4.04,974.59,-125.68,-0.56,-1.51,0.07,-2.06,0.13,-0.69,2.15,-0.75,33.18,-0.0,-0.67,0.49,-0.25,1.19,-0.44,-0.43,3.21,-2.13,0.73,-1.21,1.66,0.47,-0.62,-3.22,-0.32,0.59,-0.55,-0.96
13.9901,-89.6863,-3.33,1007.45,-128.95,-0.73,-1.74,0.7,-2.15,-0.12,-0.71,2.31,-0.71,34.58,-0.0,-0.59,0.01,-0.95,2.03,0.08,-0.3,2.09,-1.67,1.1,-1.28,1.64,0.45,-0.6,-3.08,-0.43,0.53,-0.2,-1.09
13.9901,-89.6855,-2.74,881.14,-112.6,-0.44,-2.46,1.02,-1.13,-0.23,-0.71,2.3,-0.41,12.11,7.21,-0.65,0.67,-0.54,1.37,-0.15,-0.04,2.15,-1.94,1.31,-1.22,1.63,-0.04,0.13,-2.66,-0.65,0.53,-0.25,-0.58
13.9901,-89.6848,-0.52,197.37,-25.11,-0.22,-2.57,0.81,-0.97,-0.01,-0.06,2.41,-0.44,12.79,-13.28,-0.42,-0.31,-0.89,1.73,-0.12,-0.06,1.93,-1.27,1.42,-0.44,1.84,0.28,0.47,-2.83,-1.04,0.54,0.13,-0.25
13.9902,-89.6841,-4.19,-416.85,46.8,-0.33,-2.66,0.9,-0.79,-0.05,-1.29,2.87,-0.25,0.12,-22.12,-0.09,0.04,-1.04,2.04,0.18,0.2,1.39,-1.22,1.73,-0.66,1.95,0.23,-0.0,-2.4,-1.16,0.3,0.06,-0.51
13.9902,-89.6833,-6.71,-15.01,-6.08,-0.01,-2.75,1.4,-0.58,-0.29,-1.48,2.93,-0.32,2.76,-14.72,-0.79,0.04,-0.45,2.52,-0.06,0.72,0.94,-0.8,1.24,-0.47,1.86,-0.1,0.5,-2.07,-1.79,0.17,-0.1,0.01
13.9902,-89.6826,-7.93,-140.47,8.06,-0.29,-3.41,1.26,-0.78,-0.5,-0.95,3.43,-0.38,-0.64,-15.92,-0.4,0.15,-1.01,2.57,0.04,0.77,0.9,-0.97,1.37,-0.72,2.07,-0.4,0.71,-1.86,-2.19,-0.32,0.23,0.45
13.9902,-89.6818,-13.67,448.13,-71.85,-0.57,-3.55,1.16,-0.74,-0.84,-0.76,3.35,-0.56,7.73,-0.0,-0.34,0.17,-0.84,2.34,0.13,1.06,0.89,-0.93,1.28,-0.88,2.16,-0.93,1.0,-1.83,-2.19,-1.06,0.34,0.19
13.9902,-89.6811,-18.68,552.21,-90.73,-0.67,-3.6,1.63,-0.44,-0.98,-0.87,3.01,-0.64,7.68,-0.0,-0.2,-0.05,-0.69,2.71,0.08,1.03,0.3,-0.77,1.24,-0.62,2.21,-1.01,1.32,-1.55,-3.46,-1.28,0.66,0.22
13.9902,-89.6804,-16.2,500.99,-81.43,-1.03,-4.07,1.76,-0.31,-1.18,-0.17,2.62,-0.42,8.24,-10.6,-0.45,0.13,-0.61,2.61,-0.02,1.31,0.09,-0.23,1.02,-0.65,2.23,-1.38,1.8,-1.41,-3.43,-1.01,0.66,0.24
13.9902,-89.6796,-19.54,634.02,-101.93,-1.06,-4.17,1.59,-0.02,-1.37,0.21,2.68,-0.17,2.66,-4.31,-0.22,0.13,-0.63,2.56,0.01,1.76,-0.4,0.12,0.91,-0.21,2.23,-1.66,1.57,-1.4,-3.86,-1.45,0.77,0.51
13.9902,-89.6789,-14.65,208.98,-43.32,-1.3,-4.15,1.5,-0.13,-1.66,0.39,2.06,-0.2,0.0,-0.0,-0.19,-0.07,-1.07,2.8,-0.24,1.89,-0.49,0.18,0.7,-0.04,1.97,-1.66,2.33,-1.33,-3.9,-1.45,1.8,0.06
13.9902,-89.6781,-14.22,160.27,-36.76,-1.27,-4.16,1.38,0.04,-1.54,0.91,1.78,-0.27,-1.37,-11.12,-0.21,-0.01,-1.18,3.54,0.1,1.71,-0.84,0.47,1.08,0.03,2.16,-1.98,2.7,-0.95,-3.69,-1.69,1.94,0.16
13.9902,-89.6774,-13.27,1041.88,-145.3,-1.85,-4.39,0.95,0.11,-2.14,1.54,1.87,-0.36,20.88,-4.83,-0.64,0.22,-1.43,2.95,0.45,1.5,-0.86,0.67,0.89,0.15,2.11,-2.28,3.0,-0.82,-3.7,-1.56,1.98,0.1
13.9902,-89.6767,-13.77,476.3,-75.56,-1.93,-4.36,0.68,0.22,-2.17,2.11,1.44,-0.18,2.69,-3.52,-0.3,0.09,-1.19,2.78,-0.23,1.79,-1.36,1.0,0.55,-0.19,2.36,-2.67,2.97,-0.58,-3.94,-1.46,2.03,-0.03
13.9902,-89.6759,-10.3,87.81,-23.12,-1.85,-4.48,0.57,0.62,-2.29,2.2,0.49,-0.47,-0.0,-15.09,-0.62,0.31,-1.31,2.58,0.08,1.64,-1.36,1.31,0.42,0.46,2.17,-2.86,3.27,-0.31,-4.62,-1.48,2.75,0.44
13.9903,-89.6752,-12.79,-47.96,-9.18,-2.07,-4.48,0.09,1.02,-2.46,2.48,0.38,0.04,-5.22,-10.36,-0.48,0.52,-0.83,2.44,0.25,0.77,-0.71,1.12,0.23,0.45,1.97,-3.31,3.68,-0.48,-4.62,-1.56,2.34,0.66
13.9903,-89.6744,-15.59,389.31,-66.92,-2.04,-4.08,-0.48,1.24,-2.23,2.61,0.3,0.17,7.64,-11.62,-0.37,0.71,-0.68,2.02,0.39,0.55,-0.64,0.98,-0.1,0.14,2.48,-3.34,3.55,-0.35,-5.24,-1.52,2.22,0.79
13.9903,-89.6737,-12.74,800.03,-114.69,-2.12,-3.93,-0.65,1.1,-2.02,2.6,0.12,0.19,18.19,-8.57,-0.25,0.93,-1.11,2.45,0.62,0.34,-0.87,1.38,0.21,-0.01,2.66,-3.44,3.46,0.22,-5.52,-1.08,2.32,0.79
13.9903,-89.673,-12.47,721.24,-104.57,-2.09,-3.86,-0.6,1.61,-2.08,2.65,1.12,-0.04,18.19,-10.83,-0.21,0.93,-1.65,2.34,0.44,0.31,-0.5,1.42,0.12,0.03,2.63,-4.26,3.85,0.35,-5.54,-1.18,2.69,0.43
13.9903,-89.6722,-7.78,523.05,-74.35,-1.96,-3.82,-0.91,1.77,-2.53,2.77,0.66,0.46,14.97,-9.5,-0.6,1.26,-2.38,2.56,0.24,0.65,-0.58,1.38,0.12,-0.72,2.78,-3.98,3.96,0.27,-5.33,-0.49,2.16,0.91
13.9903,-89.6715,-9.95,881.54,-121.6,-1.67,-3.82,-1.28,1.85,-2.99,2.99,1.04,0.07,22.31,-9.5,0.05,1.48,-2.27,2.58,0.88,1.23,-1.13,1.62,0.29,-0.03,3.03,-4.47,4.03,-0.31,-5.67,0.18,1.17,1.19
13.9903,-89.6707,-9.77,1060.23,-143.67,-1.52,-3.93,-1.79,2.02,-2.63,2.64,1.07,-0.12,15.7,1.26,0.5,1.39,-2.07,3.37,0.73,0.13,-1.22,1.52,1.03,0.34,2.87,-3.64,4.27,0.48,-5.66,0.18,1.16,1.33
13.9903,-89.67,-10.67,1056.88,-144.34,-1.49,-4.19,-1.95,1.8,-2.57,2.27,0.57,0.17,-0.0,11.79,0.16,1.87,-2.51,2.94,1.16,-0.16,-0.87,1.14,0.78,0.07,3.0,-3.67,3.62,0.52,-5.86,0.63,0.67,1.4
13.9903,-89.6693,-9.81,1054.97,-143.12,-1.38,-4.45,-1.89,1.88,-2.12,1.74,1.67,0.47,-0.0,11.79,-0.4,1.91,-1.96,3.22,1.41,-0.04,-1.24,1.28,-0.42,0.3,2.51,-3.87,3.7,0.37,-6.1,0.87,0.67,1.46
13.9903,-89.6685,0.04,160.71,-19.99,-1.19,-4.5,-2.28,1.78,-2.13,1.64,1.32,-0.23,-0.0,-6.47,-0.45,1.86,-1.94,3.22,1.0,0.12,-0.91,0.77,0.29,0.23,2.35,-4.07,3.92,-0.17,-6.51,2.22,0.74,1.71
13.9903,-89.6678,3.99,142.42,-13.04,-1.0,-4.73,-2.05,1.61,-2.01,1.32,1.53,-0.03,-0.0,-6.44,-0.13,1.75,0.22,2.97,0.83,-0.27,-0.63,0.96,0.31,0.07,2.05,-4.0,4.03,-0.77,-6.19,3.06,0.53,1.15
13.9903,-89.667,-0.11,103.9,-13.09,-0.94,-5.55,-1.71,1.36,-1.69,0.75,0.5,0.93,-0.0,-6.44,0.49,1.6,-2.4,2.6,1.51,0.08,-1.9,0.23,0.09,0.09,2.13,-3.27,4.29,-0.34,-6.19,2.96,-0.22,1.55
13.9903,-89.6663,-3.63,2.24,-4.58,-0.37,-4.94,-1.48,1.46,-2.31,1.48,0.5,-0.61,-5.15,-2.56,0.39,1.84,-0.93,2.59,0.41,-0.45,-1.12,1.86,0.26,-0.03,2.86,-3.49,4.71,-0.51,-6.89,3.46,-0.81,1.51
13.9904,-89.6656,11.35,382.84,-34.31,-0.28,-4.33,-0.99,1.39,-1.38,1.0,0.18,0.6,-0.0,6.35,-0.13,1.68,-1.27,2.7,1.1,-1.11,-0.48,1.56,0.91,-0.21,1.77,-3.82,5.3,-0.76,-6.38,5.15,-0.81,1.51
13.9904,-89.6648,16.85,-146.67,38.27,-0.26,-4.58,-0.89,1.13,-1.01,0.43,-0.08,0.31,-0.0,-6.18,-0.27,2.56,-1.67,3.33,1.69,-0.21,-1.02,0.64,1.46,0.05,1.45,-3.41,4.59,-0.63,-6.88,4.92,0.25,2.09
13.9904,-89.6641,11.04,-106.07,26.32,-0.16,-4.66,-0.26,0.85,-1.07,0.46,0.74,-0.18,0.93,-4.46,0.09,3.47,-2.02,3.88,1.79,-0.86,-0.61,0.78,0.03,-0.64,2.26,-3.39,4.67,-1.13,-7.24,5.81,-1.24,1.9
13.9904,-89.6633,13.05,15.01,13.59,0.63,-5.32,-1.0,0.82,-0.51,-0.01,1.27,0.45,3.56,3.22,-0.35,3.09,-2.17,2.94,1.1,-2.34,-1.23,0.17,-0.64,0.03,1.83,-4.51,4.92,-1.35,-7.12,5.81,-1.5,2.64
13.9904,-89.6626,5.71,45.78,1.06,0.46,-5.02,-0.18,0.61,0.06,0.15,0.43,0.54,3.56,-0.89,-1.35,2.66,-3.59,3.81,2.66,-1.6,-0.6,-0.63,-0.19,-0.84,2.23,-3.75,4.41,-1.39,-6.71,4.86,-1.28,1.77
13.9904,-89.6619,3.02,-106.2,16.85,0.74,-5.79,-1.04,0.18,0.68,-0.21,0.72,-0.63,-3.26,-0.89,-0.49,2.23,-3.76,2.88,4.79,-2.42,-0.27,1.14,-0.7,-0.13,1.76,-3.86,4.47,-1.14,-7.6,5.57,-1.58,1.37
13.9904,-89.6611,16.34,-76.44,28.92,0.65,-6.83,-0.99,0.56,0.49,-0.05,0.23,1.27,0.02,3.23,-0.9,2.87,-1.41,3.45,1.91,-0.8,-0.05,-0.89,-1.23,-0.31,1.29,-1.5,4.43,-0.78,-6.71,6.16,-1.61,2.57
13.9904,-89.6604,1.92,-608.05,78.24,0.35,-6.42,-1.21,0.05,0.82,-0.64,-0.32,0.26,-11.6,-0.0,-1.16,3.69,-2.86,4.52,2.82,-1.09,-1.14,0.86,1.06,-1.52,3.23,-3.96,4.12,-1.39,-6.7,5.21,-1.99,1.47
13.9904,-89.6596,-7.85,162.74,-29.64,-0.12,-7.37,-0.37,0.18,0.68,0.07,-1.13,0.99,-13.17,5.0,0.5,3.95,-1.2,3.96,2.16,-1.84,-0.28,1.13,-0.32,-1.33,2.11,-2.07,4.92,-1.23,-6.13,3.01,-1.72,2.03
13.9904,-89.6589,-1.26,396.42,-51.04,0.26,-7.99,-0.18,0.5,0.7,0.55,-1.3,0.64,2.22,5.0,-0.54,3.55,-2.96,4.05,3.12,-1.15,-1.16,0.59,-0.74,-0.53,1.3,-3.22,4.33,-2.69,-6.13,4.36,-2.21,2.0
13.9904,-89.6582,34.99,-1181.53,189.19,0.74,-7.41,0.74,0.72,0.51,-0.9,-0.77,1.68,-8.02,-8.3,-0.27,4.0,-2.83,4.5,0.91,-1.68,-0.53,0.09,-0.95,-0.98,2.79,-1.86,3.44,-2.1,-6.55,9.81,-2.03,1.17
13.9904,-89.6574,69.33,-1881.69,317.48,2.02,-8.08,0.76,0.83,1.62,-1.38,-2.19,0.58,-0.0,-16.59,0.03,4.44,-3.05,5.01,0.48,-4.51,-0.64,-1.65,0.07,-0.36,3.6,-3.09,5.17,-1.11,-7.17,14.35,-1.66,1.38
13.9905,-89.6567,38.59,-230.35,74.57,1.16,-8.15,1.18,0.46,2.29,-0.73,-0.51,-0.22,-2.65,7.58,0.19,3.19,-1.07,3.77,6.77,1.04,-2.17,0.91,0.04,-1.17,4.77,-5.39,4.86,-2.9,-8.65,10.47,-0.95,1.38
13.9905,-89.6559,38.19,-789.35,144.02,2.31,-8.01,1.41,0.56,2.94,-1.06,0.29,2.95,-3.6,-1.93,1.5,1.12,-3.65,5.24,3.88,-0.91,-1.65,-0.12,2.23,-4.98,0.56,-4.53,5.72,-4.35,-8.91,11.51,-1.73,0.97
13.9905,-89.6552,50.41,-1104.18,197.92,1.02,-6.63,0.75,0.04,2.16,-0.97,0.08,1.82,-11.83,-3.4,2.29,4.25,-3.08,9.9,3.25,-0.42,-0.99,1.4,-3.38,-1.57,2.73,-5.64,4.43,-2.4,-7.71,11.51,-0.76,1.0
13.9905,-89.6545,13.82,-396.52,66.01,0.96,-8.38,0.23,0.13,4.17,-2.12,-2.02,0.96,-5.41,-0.0,1.61,1.01,-1.85,7.04,3.52,0.41,-0.24,1.27,-0.22,-1.28,3.67,-1.39,4.93,-1.07,-7.3,8.56,-2.7,0.17
13.9905,-89.6537,42.57,-1120.67,190.75,1.54,-8.82,-0.31,0.89,3.48,-1.61,-2.27,0.96,-1.79,-5.07,-1.07,2.3,-6.77,6.04,3.03,0.18,-2.49,2.41,-0.02,-1.77,2.54,-1.27,4.16,-2.9,-8.58,11.45,-0.53,-0.18
13.9891,-89.7159,64.84,-3090.35,456.99,2.73,3.45,3.62,-4.21,-5.49,11.41,-18.58,6.55,-25.95,-13.23,-2.11,-2.99,-6.54,2.85,-3.47,-0.0,-7.18,0.42,-2.87,-4.19,-2.12,12.32,-1.7,-0.27,9.46,-7.81,5.52,10.24
13.9891,-89.7151,-1.28,-1155.32,140.76,2.22,6.03,2.99,-4.33,-5.09,12.24,-17.78,6.78,-6.99,-0.0,-6.43,-4.48,-3.62,-0.06,3.07,-10.49,-8.23,4.09,-3.42,1.12,3.55,10.08,-12.08,0.49,4.79,-7.04,2.26,3.58
13.9891,-89.7144,9.69,199.25,-13.1,2.66,4.82,2.41,-2.55,-4.97,12.16,-16.12,6.59,6.07,2.1,0.92,3.39,-11.84,-0.22,9.11,6.2,-6.4,6.62,-5.13,-14.45,6.12,0.98,-1.29,-2.72,9.78,-7.42,1.17,3.26
13.9891,-89.7136,10.77,-740.38,103.92,-0.87,4.0,3.16,-5.23,-5.11,12.54,-15.91,6.49,-2.04,-15.46,-2.36,4.86,0.81,-1.53,-1.74,0.27,0.1,5.06,-3.57,-8.82,0.87,0.51,-4.11,-0.6,7.47,-7.42,2.31,4.28
13.9891,-89.7129,-12.57,463.0,-71.88,1.3,4.91,3.27,-5.18,-4.71,11.31,-15.12,6.51,-14.14,5.91,-2.02,2.1,0.23,0.71,1.36,3.78,-5.27,6.35,3.28,1.47,-9.9,12.38,-4.82,-5.71,8.44,-11.58,2.73,4.38
13.9891,-89.7122,-10.2,103.53,-24.8,0.81,5.38,1.28,-5.31,-5.47,11.76,-14.76,6.45,-0.15,10.92,-2.22,7.93,-7.57,-5.68,-19.32,1.8,-4.75,11.5,3.35,-9.4,2.36,11.38,-5.78,5.15,3.21,-5.26,1.71,1.04
13.9891,-89.7114,68.96,-1885.89,313.87,1.15,5.02,1.93,-4.94,-3.6,9.65,-12.93,5.34,-21.65,13.68,-3.69,5.36,-7.64,-1.46,-11.26,3.49,-8.45,6.76,2.98,-1.2,-3.97,13.95,-4.61,4.89,18.67,-5.32,2.31,1.96
13.9891,-89.7107,55.33,-2692.89,397.32,1.51,3.67,4.33,-6.43,-3.52,10.13,-12.47,7.19,-20.77,6.75,-3.22,8.59,-16.26,-4.66,-4.11,-0.55,0.83,2.91,-19.68,1.76,-12.79,-5.16,-7.07,-1.86,18.67,-8.49,2.58,3.84
13.9891,-89.7099,28.13,-1407.12,206.73,-0.15,4.3,0.5,-5.44,-2.96,9.47,-12.1,7.0,-13.06,7.46,-0.83,12.91,-10.05,-1.6,-4.55,-3.95,-12.66,-0.95,-2.15,-6.35,-2.73,4.87,-6.94,0.82,9.58,-6.44,5.0,-0.17
13.9891,-89.7092,34.59,-524.18,105.49,-2.26,3.76,3.43,-6.27,-2.02,9.24,-10.4,7.79,1.01,-2.74,-2.22,0.13,-1.98,1.2,7.51,11.5,-6.67,5.34,-13.6,-7.58,-4.86,2.95,-5.02,5.77,10.57,-6.25,5.0,-0.17
13.9892,-89.7085,-4.85,-550.44,62.17,-1.19,5.11,3.39,-5.25,-1.71,5.5,-11.41,6.31,-8.84,9.06,-0.07,-6.66,-10.68,-0.33,-0.71,-5.28,-3.66,0.98,-3.45,2.47,-5.47,12.48,-2.19,1.43,7.53,-6.25,0.12,1.46
13.9892,-89.7077,-9.25,174.84,-32.5,-0.95,4.08,2.32,-6.02,-1.24,3.99,-8.85,5.68,-5.71,5.29,-2.6,0.52,2.43,-3.38,-0.38,-0.57,-2.82,-4.95,0.7,5.63,1.9,1.76,0.21,-5.19,4.19,-6.15,0.38,3.43
13.9892,-89.707,11.42,517.77,-50.41,1.66,6.17,2.89,-4.41,-1.66,3.43,-8.23,6.54,3.85,11.34,-2.22,1.23,-4.6,-0.47,8.41,6.86,-6.12,1.3,-2.49,2.43,-12.35,1.31,3.63,1.87,11.77,-8.34,3.17,-0.52
13.9892,-89.7062,12.06,1427.01,-161.89,-5.1,4.37,1.85,-6.11,-1.29,1.73,-6.2,6.5,10.22,7.85,-2.34,0.44,1.49,-3.25,6.9,14.91,-0.3,1.6,0.57,8.19,4.13,-0.52,3.96,0.63,8.39,-7.82,4.03,0.98
13.9892,-89.7055,-49.58,2810.83,-405.57,0.31,3.59,3.0,-5.54,-0.71,0.67,-4.69,4.89,7.47,24.91,-3.72,-1.67,2.54,3.35,1.41,3.32,2.15,3.46,0.71,2.52,1.09,5.41,2.4,1.36,8.39,-13.85,2.37,-0.48
13.9892,-89.7048,12.97,1206.41,-133.65,-1.3,3.9,1.57,-5.61,0.34,-0.11,-4.25,5.07,10.17,29.18,-3.37,-1.83,-2.2,7.5,-0.0,-7.7,0.95,-2.61,-1.73,-9.64,3.78,4.02,-0.75,-0.78,12.32,-7.84,2.37,-0.71
13.9892,-89.704,79.76,-1065.64,225.83,-2.84,4.72,0.85,-3.74,-0.08,0.46,-4.49,4.78,12.04,13.09,-4.64,-2.59,0.84,-1.29,-4.7,-2.45,-1.63,-3.14,3.22,4.83,-2.61,5.07,-2.88,-0.19,21.3,-5.75,4.02,-1.13
13.9892,-89.7033,14.73,-387.95,65.33,-0.85,4.05,0.28,-5.21,-0.62,-0.68,-2.74,4.97,-6.72,24.26,-5.96,5.25,-3.44,0.28,-13.8,-3.73,6.5,-2.17,-1.08,-6.83,-8.08,3.57,-0.51,-2.46,8.08,-4.08,1.99,-1.76
13.9892,-89.7025,20.91,-919.74,138.34,-1.03,3.45,0.79,-5.15,-0.33,-1.71,-2.22,4.61,-8.37,-0.0,-6.71,2.56,-0.52,-0.96,3.42,-7.33,3.25,-9.39,8.67,-4.23,3.64,15.66,0.46,1.66,11.21,-4.08,0.51,-1.25
13.9892,-89.7018,13.67,-1242.58,169.7,-3.92,3.19,0.35,-3.07,1.05,-0.02,-1.16,2.4,11.55,-0.0,-6.02,-11.78,-9.2,-1.98,-0.37,-4.06,2.53,-0.3,5.26,-15.66,1.09,4.06,-1.42,2.75,9.18,-4.75,2.12,-2.03
13.9892,-89.7011,-16.06,-302.17,18.37,-1.94,3.29,-0.09,-4.61,0.14,-0.92,0.75,1.94,11.9,-0.0,-4.9,-1.41,-7.96,-0.83,7.67,-15.36,0.48,6.37,-3.92,-4.17,-5.77,-1.11,1.29,-1.4,5.43,-7.44,2.39,-0.63
13.9892,-89.7003,-40.64,337.18,-89.7,-4.61,2.23,0.91,-3.09,0.27,-2.58,2.36,1.93,17.39,-13.6,-5.05,-1.4,-10.09,-2.4,-2.31,-2.8,1.3,1.95,3.79,1.44,-10.76,3.23,-2.9,-3.08,5.83,-9.02,1.67,-2.94
13.9893,-89.6996,-20.18,-404.0,26.1,-1.66,0.13,-2.39,-2.7,0.87,0.06,2.22,4.67,-6.62,-17.73,-5.27,3.21,-9.07,0.6,-3.21,-0.15,-0.84,-6.22,16.99,-1.69,1.42,-2.4,1.82,-5.76,6.02,-5.62,0.25,-2.06
13.9893,-89.6988,13.35,-398.41,65.05,-2.93,5.59,-0.84,-3.7,1.04,-1.98,-2.45,2.58,1.93,6.18,-5.29,2.43,-5.07,-1.73,-13.77,-0.98,4.02,-6.9,8.12,4.18,4.57,0.27,2.84,-2.23,6.02,-2.48,1.27,-1.25
13.9893,-89.6981,-2.05,-523.67,62.36,-3.12,2.62,-2.4,-3.48,1.16,-1.8,1.06,3.24,-0.0,-0.0,-4.49,1.71,-4.2,-1.45,0.74,7.68,1.4,-6.08,-3.25,4.98,2.09,-2.96,-0.87,-4.65,4.64,-3.27,0.5,-0.71
13.9893,-89.6974,3.11,-852.43,109.14,-0.44,4.84,-2.74,-3.83,1.36,-2.36,1.89,0.89,-5.0,-10.34,-5.26,-1.66,-6.03,-0.0,2.0,-1.32,3.5,-4.25,-1.05,-0.24,1.34,2.1,0.68,-5.59,3.1,-1.33,0.28,-0.76
13.9893,-89.6966,8.25,-622.1,86.73,-0.96,4.68,-3.1,-3.54,0.49,-3.94,3.76,0.73,-0.65,-10.86,-4.72,-0.21,-3.57,-0.91,-0.9,-0.35,7.83,-3.66,0.17,-0.97,1.7,-0.64,5.45,-4.92,4.57,-0.88,0.15,-1.67
13.9893,-89.6959,2.03,-1339.93,168.24,-3.18,5.0,-2.01,-4.02,0.93,-4.43,3.56,1.89,-18.13,-18.69,-3.45,0.76,-1.12,-0.46,-2.89,-1.19,3.61,-1.28,-0.95,-0.5,-0.65,0.28,1.66,-2.89,3.1,-0.88,0.15,-1.67
13.9893,-89.6951,9.13,-833.12,113.93,-2.22,5.27,-2.61,-3.64,0.42,-3.67,3.56,1.68,-9.39,-9.45,-4.18,0.48,-1.21,0.52,-3.8,0.55,4.21,-2.27,-0.57,-0.68,2.05,1.69,-0.8,-3.37,2.9,-0.59,-0.63,0.78
13.9893,-89.6944,-1.0,-384.45,46.42,-1.7,4.67,-1.32,-2.93,0.06,-3.07,2.95,1.46,0.05,-14.3,-2.19,1.11,-0.59,0.06,-3.31,-0.11,4.7,-2.48,0.04,-0.88,1.83,0.86,-1.55,-3.67,2.34,-0.5,-1.51,0.16
13.9893,-89.6937,-0.95,174.44,-22.72,-1.77,4.2,-1.36,-2.64,0.08,-3.14,2.64,1.07,9.13,-7.06,-1.7,0.38,-1.32,0.58,-2.15,0.17,4.76,-2.79,0.78,-0.35,1.7,0.19,-0.66,-4.0,2.22,-0.26,-1.66,0.11
13.9893,-89.6929,4.9,-24.12,8.78,-1.52,3.26,-1.22,-2.47,0.19,-2.93,2.57,0.94,-3.88,3.39,-1.73,0.74,-1.03,0.59,-2.34,-0.24,4.73,-3.1,0.76,-0.91,1.93,0.56,-0.09,-3.89,2.14,0.21,-1.43,0.45
13.9893,-89.6922,12.93,-594.39,88.93,-1.42,2.18,-0.63,-2.68,-0.2,-2.41,2.5,0.87,3.72,-16.97,-1.38,0.84,-0.28,0.37,-1.72,-0.01,4.0,-3.08,0.69,-0.82,1.76,1.25,-0.39,-3.42,1.89,0.71,-0.58,0.48
13.9893,-89.6914,13.08,164.22,-4.88,-1.79,1.16,-0.97,-2.67,-0.22,-1.86,2.86,0.34,6.9,2.23,-1.19,0.8,-0.58,0.25,-1.29,-0.11,4.55,-2.84,0.73,-1.09,1.82,1.63,-0.07,-3.91,1.43,0.81,-0.46,0.75
13.9894,-89.6907,4.76,485.43,-54.53,-1.3,0.13,0.29,-2.16,-0.17,-2.02,3.1,-0.19,16.39,-0.0,-0.81,0.16,-0.86,0.61,-1.56,-1.34,5.09,-3.31,0.23,-1.42,1.37,1.02,-0.21,-3.96,0.9,0.27,-0.23,0.0
13.9894,-89.69,4.49,407.99,-45.26,-1.04,0.22,0.09,-1.93,0.32,-2.24,2.3,-0.33,23.21,-8.14,-1.34,0.08,-0.37,0.63,-1.44,-1.35,4.19,-3.45,0.91,-1.54,1.82,1.21,-0.5,-3.88,1.14,0.16,-0.15,-0.3
13.9894,-89.6892,4.66,-611.7,81.35,-0.61,-0.16,0.39,-1.58,0.26,-1.81,2.01,-0.61,17.39,-33.74,0.08,0.52,-0.54,0.31,-1.52,-1.23,3.7,-2.48,0.73,-2.03,1.59,0.97,-0.47,-3.74,0.87,0.32,-0.15,-0.3
13.9894,-89.6885,-0.06,855.22,-106.13,-0.57,-0.66,0.46,-1.68,0.09,-1.32,2.39,-0.66,39.05,-15.29,-0.63,0.67,-0.16,0.5,-1.86,-0.68,3.52,-2.67,1.17,-1.12,1.77,0.9,0.04,-3.71,0.5,0.07,-0.42,-0.2
13.9894,-89.6877,-2.08,251.54,-33.66,-0.17,-1.41,0.67,-1.52,0.37,-1.23,2.24,-0.79,-0.0,-4.58,-0.56,0.16,-0.15,0.94,-0.49,-0.46,3.54,-2.45,1.64,-1.38,2.25,0.41,-0.08,-3.73,0.03,0.41,-0.69,-0.33
13.9894,-89.687,-3.11,698.25,-90.3,-0.62,-1.52,0.39,-1.63,-0.07,-1.36,2.15,-1.14,26.6,-0.0,-0.21,0.33,-0.41,1.1,-0.67,-0.52,3.09,-2.59,1.3,-1.49,2.33,0.25,-0.59,-3.61,0.06,0.41,-0.53,-0.82
13.9894,-89.6863,-0.86,722.35,-90.65,-0.34,-1.93,0.66,-0.73,-0.13,-0.91,2.33,-1.1,28.5,-0.0,-0.5,0.25,-0.45,1.06,-0.63,-0.31,2.7,-2.46,1.31,-1.77,1.93,0.15,-0.15,-3.15,-0.11,0.47,-0.12,-0.81
13.9894,-89.6855,0.29,712.7,-88.1,-0.35,-2.07,1.1,-1.03,-0.0,-1.15,2.57,-0.91,25.96,-0.0,-0.13,0.36,0.02,1.13,-0.49,-0.09,2.54,-1.88,1.47,-0.97,2.17,0.2,0.22,-2.76,-0.21,0.64,-0.15,-0.65
13.9894,-89.6848,1.15,-303.62,39.05,-0.29,-2.19,0.71,-0.65,-0.12,-1.09,2.99,-0.61,5.52,-19.12,-0.56,-0.37,-0.4,1.32,-0.09,0.31,1.89,-1.78,1.43,-0.72,2.16,0.05,0.45,-2.77,-0.57,0.38,0.47,-0.58
13.9894,-89.684,-2.35,-673.19,80.8,-0.43,-2.4,0.67,-0.47,-0.28,-1.28,3.19,-0.44,-6.1,-22.23,-0.43,-0.33,-0.7,2.18,0.04,0.46,1.54,-1.2,1.52,-0.93,2.26,0.02,0.62,-2.64,-0.53,0.28,0.01,-0.62
13.9894,-89.6833,-1.25,-408.42,49.24,-0.09,-2.41,1.2,-0.45,-0.21,-1.62,3.21,-0.59,2.49,-22.75,-0.28,-0.28,-0.73,2.4,0.2,0.62,1.33,-0.94,1.44,-0.84,2.25,0.02,0.91,-2.04,-0.53,0.08,-0.0,-0.05
13.9894,-89.6826,-3.26,0.77,-3.96,-0.37,-2.69,0.95,-0.14,-0.58,-1.67,3.56,-0.63,-0.0,-14.16,-0.35,-0.19,-0.95,2.35,0.02,0.65,1.02,-1.01,1.49,-0.8,2.12,-0.54,1.03,-1.86,-1.14,-0.22,0.37,0.03
13.9895,-89.6818,-11.53,371.86,-59.84,-0.55,-3.51,1.11,-0.1,-0.68,-1.1,3.24,-0.72,7.12,-0.0,-0.28,0.06,-0.87,2.53,0.1,1.04,0.72,-1.04,1.71,-1.05,2.21,-0.9,0.98,-1.86,-2.03,-0.81,0.37,0.03
13.9895,-89.6811,-15.03,77.2,-27.38,-0.89,-3.58,1.3,-0.08,-0.92,-0.76,3.19,-0.57,-4.63,-0.0,-0.61,0.15,-0.7,2.57,-0.12,1.29,0.64,-0.69,1.54,-0.96,2.28,-0.92,1.52,-1.73,-2.66,-1.08,0.46,0.18
13.9895,-89.6803,-14.36,292.48,-53.34,-1.16,-3.81,1.5,0.0,-1.05,-0.39,3.12,-0.42,3.42,-11.08,-0.26,-0.08,-0.45,2.25,0.2,1.59,0.09,-0.58,1.44,-0.86,2.16,-1.28,1.48,-1.48,-3.12,-1.08,0.86,0.17
13.9895,-89.6796,-14.5,-119.11,-2.36,-1.12,-4.01,1.37,0.29,-1.18,-0.38,2.8,-0.1,3.9,-23.45,-0.15,-0.13,-0.88,2.57,-0.12,1.6,0.04,-0.36,1.42,-0.72,2.31,-1.64,1.73,-1.29,-3.5,-1.08,1.18,0.03
13.9895,-89.6789,-16.04,-153.7,0.12,-1.2,-4.05,1.08,0.43,-1.44,0.21,2.32,-0.35,-5.24,-16.12,-0.26,-0.0,-0.48,2.39,-0.01,1.85,-0.27,-0.18,0.89,-0.7,2.11,-1.92,2.15,-1.29,-3.64,-1.4,1.65,-0.36
13.9895,-89.6781,-13.4,-580.92,56.38,-1.39,-4.07,1.05,0.28,-1.86,0.83,2.12,-0.29,-9.06,-23.48,-0.27,-0.0,-0.6,2.35,0.25,1.7,-0.75,0.21,1.05,-0.21,2.09,-2.05,2.4,-1.02,-3.35,-1.63,1.94,-0.11
13.9895,-89.6774,-11.9,518.34,-78.55,-1.71,-3.82,0.57,0.95,-1.89,1.19,1.58,-0.41,21.12,-18.24,-0.44,0.24,-1.09,2.33,0.14,1.6,-0.77,0.35,0.28,0.03,2.23,-2.24,2.52,-0.83,-3.65,-1.6,2.36,-0.12
13.9895,-89.6766,-6.0,367.49,-52.82,-1.81,-4.16,0.35,1.11,-1.98,1.79,1.43,-0.31,10.53,-0.0,-0.2,0.4,-1.15,2.67,-0.41,1.51,-0.74,0.87,0.46,0.56,2.17,-2.8,2.92,-0.59,-3.65,-1.43,2.91,0.08
13.9895,-89.6759,-6.8,20.07,-10.55,-1.76,-4.14,0.08,1.32,-2.21,1.79,0.71,-0.29,12.17,-19.65,-0.04,0.25,-1.2,2.26,-0.61,1.1,-0.89,0.99,0.12,-0.03,2.63,-3.18,3.08,-0.44,-3.82,-1.21,2.61,0.16
13.9895,-89.6752,-11.67,769.72,-109.6,-2.03,-3.93,-0.43,1.32,-2.16,2.37,0.46,-0.46,22.19,-11.83,-0.29,0.92,-0.69,2.28,-0.27,0.85,-1.01,1.33,0.2,0.19,2.82,-3.09,2.93,-0.1,-4.6,-1.37,2.61,0.16
13.9895,-89.6744,-13.03,863.08,-122.85,-2.11,-3.81,-0.8,1.37,-2.03,2.54,1.32,0.16,15.5,-5.0,-0.31,1.0,-0.51,1.56,0.36,0.7,-0.94,1.59,0.68,-0.06,2.52,-3.48,2.86,-0.14,-5.03,-1.37,2.48,0.51
13.9895,-89.6737,-10.28,552.57,-80.97,-2.11,-3.87,-0.92,1.71,-2.12,2.81,1.65,-0.44,17.84,-14.06,-0.19,0.73,-1.07,2.09,0.49,0.6,-1.07,1.72,0.1,-0.05,2.61,-3.7,3.39,0.3,-5.38,-0.99,2.94,0.08
13.9896,-89.6729,-12.57,852.97,-121.09,-1.81,-3.75,-0.52,1.97,-1.81,2.46,1.27,-0.39,13.27,-0.18,-0.46,0.87,-1.74,2.04,-0.02,0.49,-1.13,1.7,-0.39,-0.26,2.52,-4.07,3.49,0.56,-5.32,-1.06,2.85,-0.31
13.9896,-89.6722,-10.29,893.92,-123.51,-1.77,-3.77,-0.69,2.29,-2.2,2.13,1.04,-0.64,14.21,-0.18,0.04,1.28,-1.01,2.48,0.08,0.1,-0.92,1.78,0.17,-0.52,2.51,-3.74,3.68,0.46,-5.27,-1.12,2.52,0.8
13.9896,-89.6715,-7.19,651.67,-89.69,-1.63,-3.71,-1.32,2.3,-2.6,2.5,1.35,-0.61,5.7,2.86,-0.08,1.38,-1.32,2.7,0.06,0.03,-0.9,1.51,0.49,-0.21,2.8,-4.22,4.14,0.08,-5.63,-0.73,2.92,0.67
13.9896,-89.6707,-2.46,1276.25,-161.92,-1.61,-3.48,-2.03,2.3,-2.56,2.45,3.24,-0.0,21.73,6.46,-0.1,1.41,-1.3,2.54,0.54,0.18,-1.29,1.62,0.51,-0.12,2.69,-3.96,3.59,0.57,-5.66,0.11,2.52,1.06
13.9896,-89.67,-4.38,722.62,-95.24,-1.59,-3.53,-2.43,2.1,-2.37,2.09,1.28,-0.23,5.73,6.46,-0.09,1.84,-1.13,2.26,0.65,-0.02,-1.46,1.45,0.64,0.17,2.87,-3.97,3.84,1.04,-6.05,0.43,2.01,1.35
13.9896,-89.6692,-8.2,705.98,-97.71,-1.74,-3.65,-3.05,1.86,-1.8,1.29,1.4,0.34,-0.0,4.43,-0.21,1.74,-1.69,2.34,0.96,0.42,-1.52,1.31,0.0,0.4,2.53,-4.01,3.9,0.05,-5.91,0.89,0.88,1.29
13.9896,-89.6685,4.1,-155.16,24.2,-1.39,-4.65,-2.34,2.05,-1.8,1.97,1.14,0.18,-6.76,-0.14,-0.27,1.57,-0.39,1.91,0.11,-0.06,-0.96,1.31,-0.74,0.11,2.51,-3.73,3.75,0.32,-5.91,2.38,1.48,0.58
13.9896,-89.6678,3.8,-75.33,13.89,-1.5,-4.42,-1.63,1.65,-1.36,1.44,1.43,-0.39,-2.42,-0.14,0.04,1.13,-1.26,1.97,-0.37,-0.44,-1.15,0.9,0.7,-0.46,2.31,-3.49,3.96,-0.52,-6.16,2.46,1.17,1.15
13.9896,-89.667,0.84,-118.3,15.75,-0.76,-4.52,-1.57,1.81,-1.07,1.21,0.1,0.0,-0.0,-13.71,1.41,2.0,-0.71,1.8,-0.04,-0.95,-0.77,0.49,0.76,0.83,2.77,-4.58,3.53,-0.53,-6.5,3.35,-0.03,1.15
13.9896,-89.6663,7.5,-11.25,10.29,-0.34,-5.08,-1.09,2.19,-1.35,1.46,1.6,-0.2,-0.0,-7.38,0.51,2.7,-1.08,2.55,0.1,-0.78,-1.55,1.0,0.43,-0.09,2.2,-3.8,3.86,-0.34,-6.64,3.69,0.19,1.89
13.9896,-89.6655,20.12,-226.8,52.14,-0.33,-4.91,-1.59,1.21,-1.57,1.31,1.51,0.45,-0.0,-6.34,0.11,2.85,-1.63,2.16,0.01,-0.62,-0.34,1.97,1.4,-0.38,2.12,-3.9,4.6,-1.15,-6.78,5.47,0.31,1.68
13.9896,-89.6648,21.48,374.12,-21.23,-0.56,-5.13,-1.65,1.31,-1.11,0.36,0.27,-0.24,4.37,16.06,0.41,2.44,-1.02,2.04,2.18,-0.55,-0.84,0.65,-0.09,-1.11,1.44,-2.87,4.46,-1.53,-7.15,5.47,0.31,2.37
13.9896,-89.6641,17.74,624.06,-56.86,-0.01,-4.73,-0.94,1.7,-0.53,0.53,0.46,-0.3,15.55,5.16,-0.58,3.19,-0.55,2.02,4.69,-1.66,0.36,0.85,-0.12,-0.35,1.78,-2.88,4.78,-1.46,-6.91,5.45,-0.5,2.54
13.9897,-89.6633,-9.52,282.97,-46.61,0.39,-4.4,-0.99,1.2,-0.06,0.12,-0.03,0.11,-8.92,1.81,0.16,2.02,0.65,3.17,2.07,-0.4,-0.03,0.75,0.08,-0.25,1.59,-2.96,5.16,-1.67,-6.41,2.48,-0.86,1.31
13.9897,-89.6626,7.08,442.85,-46.91,0.25,-5.22,-0.64,1.43,0.04,0.47,0.77,1.26,-0.0,5.38,-0.85,2.23,-1.34,3.72,0.91,-2.29,1.43,-0.19,-0.12,-0.1,1.39,-2.98,5.01,-0.93,-6.11,4.62,-1.49,2.12
13.9897,-89.6618,-0.11,131.49,-16.55,0.65,-5.35,-1.11,1.18,0.34,-0.29,0.23,0.7,-16.35,13.17,-0.64,3.46,-0.93,3.48,1.65,0.19,-1.79,0.61,-0.86,-0.28,2.18,-3.38,4.63,-1.55,-8.48,6.0,-2.06,1.54
13.9897,-89.6611,9.8,58.85,4.26,0.12,-5.95,0.04,1.44,0.03,-0.14,-0.15,0.69,-1.33,4.26,-0.66,3.26,-0.59,2.79,2.14,-0.85,-1.5,0.52,-0.73,-0.45,2.17,-3.72,3.36,-0.9,-8.48,5.88,-1.16,2.7
13.9897,-89.6604,22.66,7.51,25.92,0.06,-6.26,-0.1,0.75,0.52,-0.3,-0.82,1.72,-1.58,12.84,-0.58,3.63,-0.37,2.61,2.97,-0.73,-2.92,0.97,-3.01,-1.43,1.09,-3.29,5.1,-1.78,-7.2,6.67,-0.52,2.01
13.9897,-89.6596,23.8,-909.71,141.88,-0.56,-6.47,0.24,0.64,0.76,-1.25,0.24,1.25,-2.11,-18.12,-0.1,3.69,-0.41,3.82,1.63,-0.33,-0.62,1.08,0.36,-1.51,1.83,-2.02,4.92,-2.19,-6.61,6.51,-1.21,3.05
13.9897,-89.6589,22.46,-1233.85,180.84,-0.06,-6.41,-0.1,0.85,0.63,-0.58,0.22,1.15,-14.89,-12.73,0.15,2.53,-1.16,3.76,1.98,-0.83,-1.93,1.35,0.01,-0.64,1.05,-2.83,4.91,-3.17,-6.33,7.23,-1.28,1.32
13.9897,-89.6581,22.37,-402.78,76.87,0.18,-8.12,0.04,0.34,1.78,0.24,0.57,0.92,3.34,-7.37,-0.93,3.74,-2.09,6.51,0.86,-1.9,-1.43,-0.17,-0.97,1.12,2.25,-1.6,3.93,-3.66,-7.4,7.88,-1.28,1.32
13.9897,-89.6574,44.83,-816.06,155.18,1.53,-8.05,0.67,0.2,2.26,-0.96,-1.54,1.55,-2.29,0.45,1.16,4.2,-3.25,5.78,2.24,-2.15,-2.16,0.7,1.48,-2.96,2.16,-2.25,5.08,-2.82,-6.83,10.05,-0.98,1.71
13.9897,-89.6567,36.51,-903.89,156.32,1.55,-7.96,0.25,0.02,2.84,-2.11,-1.18,0.58,-11.38,2.1,0.51,3.84,-2.12,6.46,1.18,-2.0,-2.58,0.36,-0.18,-0.46,3.34,-1.83,6.25,-2.47,-7.9,10.05,-1.04,0.97
13.9897,-89.6559,39.72,-593.37,121.31,2.0,-8.12,1.24,0.35,2.16,-1.64,0.81,2.11,-5.16,5.02,0.91,2.97,-1.68,5.48,0.66,-1.99,-1.54,0.23,0.82,1.61,1.69,-4.79,4.11,-3.48,-7.67,9.56,-0.97,2.23
13.9897,-89.6552,32.85,-648.19,120.05,1.76,-8.05,0.89,0.42,2.16,-1.57,0.6,2.72,-11.02,-4.17,0.42,3.44,-2.56,6.11,2.32,-1.44,-1.68,0.13,0.17,11.25,3.69,-3.84,3.12,-1.24,-8.2,10.53,-1.77,0.74
13.9898,-89.6544,30.57,-1468.59,220.01,1.71,-8.38,0.55,-0.71,4.22,-2.86,-1.31,1.01,-13.28,-14.3,-0.95,4.1,-3.88,5.77,1.14,0.17,-1.88,0.75,-0.86,-0.51,3.42,-1.19,4.34,-1.09,-7.86,9.81,-0.89,-0.3
13.9898,-89.6537,12.0,352.9,-29.93,1.67,-8.54,1.04,0.01,4.49,-2.69,-2.03,0.64,6.31,6.14,0.42,4.02,-3.04,5.4,2.29,-0.03,-2.63,1.01,-1.2,-1.57,2.82,-1.94,5.75,-0.93,-8.21,8.88,-1.85,-1.16
13.9884,-89.7159,39.83,-1534.47,235.92,1.4,4.26,1.32,-4.81,-6.91,11.42,-16.65,5.26,-16.56,-2.74,-2.0,5.17,-9.78,-8.6,5.47,-0.56,-7.48,4.92,-1.3,7.65,1.1,16.78,-7.97,-1.33,6.08,-4.94,2.69,7.51
13.9884,-89.7151,44.66,-1798.54,274.17,1.94,4.12,1.01,-3.98,-5.9,12.25,-18.34,5.82,-19.67,-0.82,-3.31,8.2,4.51,-5.5,-4.41,7.62,-17.81,9.72,-9.92,-1.06,-2.1,1.72,-1.68,0.26,6.77,-4.94,3.8,6.16
13.9884,-89.7144,27.55,-1065.07,163.69,2.03,5.38,3.15,-3.36,-4.52,12.42,-17.35,5.74,2.33,-5.46,-1.65,-1.45,-6.89,0.86,-4.62,0.62,-7.05,6.99,5.23,0.5,-7.33,-5.31,-4.02,-4.78,9.82,-7.21,2.05,5.65
13.9884,-89.7136,11.52,-770.64,108.53,-0.47,4.04,0.76,-4.62,-4.62,12.06,-17.77,5.74,-4.5,-3.39,-3.87,3.12,-6.0,2.09,-3.51,-2.0,-7.0,8.08,-7.56,-5.86,11.6,9.79,-6.85,1.19,4.09,-6.2,2.04,6.44
13.9884,-89.7129,-17.02,-463.06,36.96,0.56,4.35,2.99,-4.64,-4.51,9.87,-16.24,7.26,-2.91,-2.71,-2.51,-1.62,-4.51,-9.1,-2.63,6.83,-5.64,-4.31,1.07,7.44,-11.39,4.45,-5.04,-0.14,5.55,-12.33,4.89,4.39
13.9884,-89.7122,-36.18,-813.61,57.56,2.14,4.69,1.47,-4.45,-4.69,9.8,-14.47,6.26,-13.14,-7.19,-2.64,-0.29,-13.67,-8.84,0.15,0.23,-6.94,2.9,-8.86,-0.41,0.69,11.87,1.27,-0.51,17.22,-18.07,0.91,3.43
13.9884,-89.7114,74.1,-2326.76,374.28,0.43,4.94,2.51,-5.52,-5.63,9.94,-14.29,6.81,-12.49,0.69,-2.2,11.39,-3.53,-6.16,-10.72,-8.68,-1.53,0.72,-4.26,-0.86,4.06,15.57,-5.55,-4.41,17.22,-5.39,1.28,6.47
13.9884,-89.7107,35.54,-374.61,88.14,-0.85,3.84,1.96,-5.68,-2.74,8.42,-11.18,6.08,-7.54,-4.77,-0.27,12.44,3.66,-1.36,1.76,-1.72,8.22,3.93,-5.43,-1.19,-5.34,4.44,-11.03,-4.64,8.97,-5.5,1.28,6.47
13.9884,-89.7099,42.12,-1283.38,207.98,1.81,3.16,2.43,-6.22,-4.11,8.95,-12.75,6.42,-16.73,-0.0,0.64,11.82,-8.81,-2.31,11.59,1.1,1.67,-1.7,-0.38,-3.79,-4.71,2.3,-3.44,-2.83,8.57,-5.5,3.64,4.69
13.9884,-89.7092,46.17,-1824.58,279.55,-2.4,4.31,2.79,-4.06,-2.42,5.37,-9.9,6.26,-11.4,-1.48,-1.76,-10.25,-4.97,0.34,-15.96,7.9,-4.63,10.0,2.57,4.91,-0.67,-7.18,-1.68,2.43,8.49,-4.72,3.56,4.41
13.9884,-89.7085,27.86,-1584.35,228.34,-2.43,4.81,1.51,-4.22,-1.18,5.3,-7.91,6.17,-8.26,-0.0,-0.29,-8.93,-2.95,-0.89,-3.1,-3.16,-2.5,1.01,0.26,-2.06,-1.22,9.12,-3.1,-4.69,5.63,-4.81,3.6,3.22
13.9884,-89.7077,31.31,-171.74,58.17,1.63,3.0,1.48,-5.96,-1.25,5.59,-7.53,6.18,2.21,5.79,-1.92,-2.06,-0.51,-2.58,0.26,-3.38,2.24,2.75,1.31,5.21,2.5,4.38,-7.06,-1.73,7.17,-3.95,3.04,1.7
13.9885,-89.707,-9.41,1147.51,-152.73,3.79,3.7,2.38,-4.92,-2.2,3.02,-7.08,6.02,-7.75,22.82,-1.47,-0.1,12.26,-3.99,1.9,-0.13,-1.76,0.09,0.38,3.09,-8.43,7.87,-5.74,0.61,6.55,-7.03,1.26,0.97
13.9885,-89.7062,-17.83,2276.83,-302.08,-3.07,2.36,1.27,-5.1,-1.37,1.57,-7.24,4.96,2.84,16.3,-2.06,-0.98,5.38,1.11,4.97,19.36,0.82,1.6,1.8,4.48,0.47,1.34,6.51,-0.48,6.55,-8.97,3.29,-0.88
13.9885,-89.7055,41.79,319.3,9.94,-2.68,4.37,1.28,-4.49,-2.42,0.3,-5.45,5.34,6.07,18.57,-3.01,-0.07,1.6,-2.23,0.11,-0.8,-1.44,1.76,12.62,1.05,0.37,4.15,-1.58,1.8,8.17,-2.02,3.29,-0.88
13.9885,-89.7048,7.85,1079.26,-123.99,2.83,5.17,1.69,-5.72,-1.54,0.52,-5.33,3.4,16.99,28.52,-2.48,0.57,5.29,-12.93,7.39,-6.98,-1.95,1.32,2.35,-8.39,2.56,5.23,-3.97,2.34,10.28,-8.11,3.42,-0.86
13.9885,-89.704,45.51,-1876.95,285.56,-1.35,4.62,2.89,-3.35,0.42,-0.72,-5.12,4.36,-0.93,11.14,-4.32,-0.13,-7.48,-2.3,-9.58,-13.85,-1.63,-1.09,2.19,-12.27,0.15,7.92,-4.58,-0.37,14.8,-5.47,2.51,-0.22
13.9885,-89.7033,7.0,-465.1,65.72,-3.37,3.38,0.58,-2.84,0.55,-1.27,-3.44,4.27,0.07,14.06,-4.6,0.28,-11.04,-1.53,-0.39,-6.26,0.63,-0.72,-4.23,0.21,-6.23,6.02,-3.99,1.26,1.61,-3.5,2.7,1.22
13.9885,-89.7025,-44.27,629.32,-130.05,-0.96,4.0,0.6,-3.13,0.63,-1.0,-1.95,4.94,-13.22,-0.48,-4.21,9.02,-8.03,-3.23,-4.51,-3.4,-4.01,8.58,7.78,3.86,-5.4,5.52,3.23,-0.26,8.35,-12.05,1.37,-1.02
13.9885,-89.7018,-5.63,-633.48,71.63,-0.7,3.9,1.01,-5.03,-0.39,-1.61,-1.26,3.28,8.72,-14.53,-4.34,-9.43,-7.67,-0.15,-1.23,-1.06,0.04,-6.53,14.51,3.3,-4.69,1.24,-1.28,-5.58,5.5,-4.81,2.09,-2.53
13.9885,-89.7011,-2.16,-896.1,108.2,0.18,2.81,-0.54,-3.12,-0.05,-1.03,-2.69,3.39,12.41,-1.8,-5.59,-2.25,-8.79,-0.15,-2.9,-17.72,3.7,-9.12,3.23,-2.03,-3.54,2.81,-3.07,-1.28,4.89,-4.78,2.01,-0.87
13.9885,-89.7003,-2.59,-797.2,95.49,-2.33,3.32,0.41,-2.74,-0.74,-2.44,-3.1,0.96,-1.69,-1.8,-3.93,1.71,-9.81,-1.65,-4.68,4.17,3.05,-6.99,2.65,1.01,-13.18,4.85,-3.67,-6.19,4.89,-4.22,1.14,-0.54
13.9885,-89.6996,-7.6,-269.3,24.32,-4.36,2.0,0.31,-3.36,-0.88,-1.45,-1.53,2.49,-0.0,6.46,-4.98,-1.85,-12.46,0.32,-1.89,-1.27,16.05,-5.91,-11.53,-4.7,-10.1,3.75,-0.66,10.43,5.25,-4.41,0.85,-1.28
13.9885,-89.6988,-3.31,-679.32,80.1,-0.88,1.84,-1.0,-3.04,2.02,-1.53,-0.76,1.24,-4.64,-17.47,-4.37,3.47,-3.72,-1.79,6.44,1.69,3.49,-5.87,1.94,-5.22,0.74,-1.07,-5.23,-4.16,3.29,-3.78,2.05,-1.1
13.9886,-89.6981,19.52,-1106.43,159.92,-1.94,2.57,-1.21,-4.56,2.48,-3.43,-0.04,2.05,-8.63,-0.0,-4.21,-1.01,-5.98,1.33,-0.54,7.45,4.84,-5.7,-5.96,3.18,2.58,1.5,-3.58,-3.27,8.75,-3.07,0.97,-1.1
13.9886,-89.6974,9.6,-849.31,116.42,-1.44,2.6,-0.37,-3.67,-0.73,-3.61,1.52,3.35,-13.9,7.09,-3.47,-1.51,4.52,-0.48,-1.22,-13.1,0.57,-0.84,0.06,-6.24,2.1,-0.51,2.68,-2.19,4.28,-1.97,1.14,-0.73
13.9886,-89.6966,1.24,-868.28,108.91,-1.13,4.37,-1.25,-3.53,0.08,-5.42,3.19,1.3,-10.88,-15.35,-4.89,-0.82,1.08,-1.62,-1.66,4.08,5.28,0.92,-0.57,-3.24,-1.06,-0.31,0.13,-4.13,3.03,-1.97,1.0,-1.15
13.9886,-89.6959,1.31,-844.93,106.13,-1.93,4.39,-2.83,-3.29,0.72,-3.68,2.63,1.94,-9.16,-15.35,-3.03,3.06,-1.75,-1.44,-1.96,0.38,3.26,-1.7,-0.3,-0.57,0.14,-0.13,0.0,-3.23,3.42,-1.27,-0.15,-1.08
13.9886,-89.6951,7.05,-355.88,52.39,-1.82,5.34,-1.74,-3.2,0.75,-3.31,3.08,1.17,2.68,-7.08,-3.8,1.36,-1.06,-1.08,-2.9,0.29,4.07,-2.02,-0.45,-0.38,1.68,1.08,-5.53,-3.91,3.05,-0.92,-0.42,0.33
13.9886,-89.6944,2.34,-131.51,19.05,-1.48,4.69,-1.69,-2.95,0.55,-2.65,2.7,1.19,4.57,-0.0,-1.8,1.49,-1.08,0.07,-3.25,0.11,4.93,-2.06,0.19,-1.39,2.29,0.03,-0.35,-3.86,2.94,-1.07,-0.84,0.2
13.9886,-89.6937,9.41,153.72,-7.91,-1.42,4.2,-2.28,-2.43,0.26,-2.53,2.26,0.43,-0.0,3.6,-1.69,1.47,-0.53,-0.87,-2.2,-0.54,4.78,-2.1,-0.06,-1.1,1.8,-0.06,-1.0,-3.74,2.88,-0.48,-0.94,1.08
13.9886,-89.6929,11.57,176.07,-8.13,-1.68,2.93,-1.54,-2.64,-0.07,-3.12,2.41,0.4,-0.0,4.73,-0.93,0.97,0.34,-0.45,-2.56,0.08,4.35,-3.03,0.56,-0.95,1.57,0.67,-0.03,-3.07,3.25,0.32,-1.26,0.37
13.9886,-89.6922,13.9,-1013.42,141.99,-1.82,1.56,-0.79,-2.41,-0.28,-2.71,2.64,-0.07,-7.65,-14.55,-0.6,0.86,0.54,-0.98,-2.02,-0.27,3.87,-3.18,0.11,-1.29,1.5,0.12,-0.0,-3.73,2.85,0.5,-0.45,-0.15
13.9886,-89.6914,7.91,245.22,-21.03,-1.25,1.43,-1.03,-2.74,0.42,-1.31,2.68,-0.07,1.29,7.86,-0.91,0.21,-0.1,-0.01,-1.1,-0.62,4.31,-3.05,1.19,-1.46,2.02,0.32,-0.1,-3.87,1.97,0.55,-0.73,-0.15
13.9886,-89.6907,5.15,-219.26,33.26,-0.54,0.86,-0.46,-2.49,-0.21,-1.68,3.21,-0.41,-10.37,3.86,-0.45,0.65,-0.65,0.27,-0.99,-2.45,4.48,-2.6,0.43,-1.42,3.35,0.74,0.49,-3.72,1.36,0.59,-0.76,-0.09
13.9886,-89.69,1.07,257.01,-30.6,-1.08,0.24,0.24,-1.68,-0.19,-2.01,2.83,0.66,23.43,-15.24,-0.48,0.22,-1.34,0.15,-0.89,-1.18,3.85,-3.53,1.2,-3.61,2.52,0.84,0.56,-3.82,1.14,0.17,-0.76,-0.09
13.9886,-89.6892,7.22,72.88,-0.5,-0.62,-0.12,0.73,-1.87,0.16,-1.92,2.04,-0.47,29.46,-22.97,-0.51,-0.31,0.33,0.8,-1.5,-1.24,3.76,-3.17,1.02,-2.23,2.49,0.15,0.25,-4.11,1.21,0.23,-0.27,0.36
13.9887,-89.6885,2.27,81.41,-7.41,-0.54,-0.4,0.57,-1.39,0.31,-2.1,2.47,-0.54,10.44,-8.28,-1.89,0.47,-0.36,0.66,-0.72,-0.75,3.82,-3.28,1.27,-1.7,2.4,0.48,0.29,-3.52,0.59,0.23,-0.5,0.21
13.9887,-89.6877,3.26,285.48,-31.55,-0.45,-1.1,0.74,-1.18,0.23,-1.25,2.5,-0.89,23.16,-15.39,-0.43,-0.2,-0.45,0.94,-0.48,-0.48,3.57,-2.87,1.03,-1.6,2.31,0.3,0.44,-3.81,0.32,0.54,-0.36,-0.05
13.9887,-89.687,1.57,389.01,-46.4,-0.47,-1.36,0.32,-1.05,0.36,-1.2,2.27,-1.02,22.09,-12.7,-0.14,-0.04,-0.68,0.9,-0.38,-0.67,3.85,-2.42,1.2,-1.96,2.45,0.47,0.89,-3.92,0.59,0.59,-0.43,-0.7
13.9887,-89.6863,-0.41,136.59,-17.44,-0.16,-1.77,0.52,-0.78,-0.09,-1.18,3.02,-1.05,10.68,-10.83,-0.27,-0.04,-0.19,1.21,-0.49,-0.59,3.08,-2.12,1.39,-1.86,1.9,0.15,0.74,-3.58,0.33,0.46,-0.34,-0.76
13.9887,-89.6855,2.33,992.33,-120.4,-0.35,-2.05,0.66,-0.49,-0.14,-1.21,3.34,-0.89,21.71,5.09,-0.33,-0.33,-0.44,1.27,-0.22,-0.24,2.51,-2.04,1.36,-1.71,2.39,0.28,0.67,-3.21,0.06,0.49,-0.08,-0.28
13.9887,-89.6848,1.67,96.04,-9.94,-0.23,-1.95,0.63,-0.23,-0.13,-1.4,3.34,-1.0,-0.0,-7.65,-0.47,-0.34,-0.29,1.45,0.09,-0.14,2.43,-1.79,1.5,-1.37,2.19,0.42,0.89,-2.68,0.47,0.36,-0.02,-0.74
13.9887,-89.684,1.42,380.96,-45.61,-0.17,-2.17,0.63,-0.12,-0.43,-1.31,3.31,-0.73,5.22,1.3,-0.67,-0.36,-0.38,2.21,-0.14,0.05,1.98,-1.46,1.45,-1.34,2.19,-0.3,0.82,-2.25,0.47,0.18,-0.02,-0.56
13.9887,-89.6833,-1.41,-516.38,62.45,-0.21,-2.22,0.77,0.05,-0.47,-1.7,3.31,-0.83,-2.58,-19.97,-0.34,-0.28,-0.69,2.06,0.3,0.35,1.56,-1.28,1.91,-1.33,2.49,-0.44,1.11,-1.97,0.09,0.02,-0.02,-0.59
13.9887,-89.6826,-1.98,403.84,-52.5,-0.64,-2.67,0.87,0.35,-0.55,-1.47,3.53,-0.83,22.27,-17.55,-0.33,-0.08,-0.82,1.99,0.18,0.42,1.45,-1.07,1.73,-0.78,2.49,-0.54,1.07,-1.71,-0.67,-0.15,0.24,-0.1
13.9887,-89.6818,-5.25,114.86,-20.48,-0.84,-2.82,0.97,0.14,-0.62,-1.46,3.14,-0.86,18.06,-23.5,-0.2,0.02,-0.67,2.12,0.04,0.88,0.68,-0.78,1.57,-0.92,2.4,-0.78,1.29,-1.49,-1.56,-0.15,0.15,0.19
13.9887,-89.6811,-10.02,66.92,-20.17,-0.86,-3.03,0.91,0.17,-0.85,-1.12,3.15,-0.81,-1.06,-0.0,-0.49,0.31,-0.59,2.42,-0.19,1.16,0.41,-0.7,1.78,-1.14,2.52,-1.04,1.69,-1.49,-2.42,-0.56,0.6,-0.02
13.9887,-89.6803,-10.87,193.48,-36.91,-1.0,-3.59,1.02,0.51,-1.04,-0.75,2.97,-0.5,15.7,-23.51,-0.41,0.28,-0.5,2.46,0.12,1.32,0.06,-0.41,1.78,-1.05,2.41,-1.18,1.66,-1.09,-2.89,-0.73,0.97,-0.01
13.9888,-89.6796,-8.0,385.01,-57.33,-1.19,-3.7,1.13,0.75,-1.15,-0.41,2.7,-0.38,19.32,-18.25,-0.31,-0.04,-1.02,2.28,-0.27,1.65,-0.17,-0.36,1.77,-0.97,2.4,-1.84,1.67,-1.08,-2.64,-1.02,1.48,0.1
13.9888,-89.6789,-8.68,794.75,-109.07,-1.3,-3.85,1.06,0.88,-1.47,-0.13,2.37,-0.47,17.01,-4.47,-0.22,-0.0,-0.65,2.47,-0.45,1.77,-0.42,-0.23,1.26,-0.62,2.36,-1.91,2.08,-1.07,-3.0,-1.07,1.79,-0.08
13.9888,-89.6781,-7.45,-352.78,35.04,-1.69,-3.93,0.4,1.16,-1.64,1.06,1.99,-0.43,-0.6,-20.31,-0.56,0.18,-1.11,2.33,-0.18,1.89,-0.66,0.29,1.06,-0.47,2.22,-2.05,2.56,-1.12,-3.0,-0.89,1.99,-0.43
13.9888,-89.6774,-6.84,214.49,-34.77,-1.87,-3.8,0.34,0.75,-1.85,1.4,1.53,-0.46,13.94,-16.68,-0.62,0.31,-0.61,2.03,-0.09,1.79,-0.89,0.52,0.42,-0.12,2.28,-2.27,2.55,-0.71,-3.25,-0.9,2.16,-0.26
13.9888,-89.6766,-8.03,235.79,-38.84,-1.81,-3.69,-0.04,1.11,-1.78,1.6,1.12,-0.41,1.13,-4.5,-0.18,0.44,-1.03,2.09,-0.35,1.43,-0.98,0.86,0.78,-0.1,2.35,-2.55,2.87,-0.55,-3.38,-0.98,2.16,-0.26
13.9888,-89.6759,-3.3,604.52,-79.12,-1.82,-3.76,-0.27,1.29,-1.71,1.71,1.3,-0.43,20.25,-0.0,0.0,0.6,-0.96,2.3,-0.38,1.43,-0.89,0.9,0.35,-0.12,2.92,-3.22,2.96,-0.22,-3.86,-0.88,2.85,0.09
13.9888,-89.6752,-4.09,732.39,-95.98,-2.04,-4.08,-0.59,1.54,-1.74,2.4,0.86,-0.29,8.11,4.77,-0.36,0.8,-0.53,1.88,0.1,1.08,-0.78,1.26,0.45,-0.43,2.62,-2.94,3.03,-0.03,-4.5,-0.26,2.69,-0.2
13.9888,-89.6744,-6.36,530.59,-73.57,-2.35,-3.79,-0.7,1.85,-1.89,2.2,1.11,-0.39,16.41,-0.0,-0.5,0.71,-0.34,1.57,-0.3,0.88,-1.0,1.36,0.62,-0.28,2.9,-2.89,3.18,0.2,-4.98,-0.26,2.68,-0.2
13.9888,-89.6737,-5.38,961.49,-126.07,-2.24,-3.93,-0.89,2.04,-1.77,2.59,1.9,-0.62,15.57,3.5,-0.22,0.72,-1.09,2.15,0.33,0.69,-1.2,1.39,0.21,-0.1,2.51,-3.48,3.28,0.39,-4.71,-0.64,2.92,-0.05
13.9888,-89.6729,-9.0,932.01,-126.7,-2.31,-3.65,-1.09,2.28,-1.97,2.49,1.21,-0.89,15.57,2.89,-0.05,0.86,-1.12,1.34,-0.27,0.29,-1.33,1.66,0.14,0.37,2.64,-4.33,3.04,0.99,-4.85,-0.99,2.98,-0.28
13.9888,-89.6722,-6.14,714.1,-96.21,-2.01,-3.94,-1.2,2.38,-1.76,2.06,1.28,0.07,9.43,2.89,-0.04,0.89,-0.79,1.54,-0.2,0.32,-1.6,1.69,0.25,0.06,2.47,-3.56,3.6,0.61,-5.22,-0.54,2.81,0.29
13.9888,-89.6715,-2.5,777.79,-99.84,-1.81,-3.16,-1.98,2.34,-2.19,2.27,1.5,-0.66,14.71,2.89,-0.22,0.82,-0.99,1.76,-0.54,-0.04,-1.39,2.29,0.63,-0.12,2.11,-3.44,3.53,0.87,-5.29,-0.24,2.81,0.77
13.9889,-89.6707,0.71,540.38,-66.49,-1.65,-3.26,-2.34,2.46,-2.24,1.89,1.63,-0.06,11.06,-1.38,-0.12,1.41,-1.06,2.36,0.08,0.26,-1.17,1.92,1.08,-0.06,2.71,-3.83,3.79,1.2,-5.81,0.34,2.85,1.1
13.9889,-89.67,2.56,122.97,-12.3,-1.52,-3.13,-2.39,1.83,-1.85,1.59,1.99,-0.07,0.06,-1.38,-0.35,1.51,-0.66,2.54,-0.67,0.04,-1.17,1.1,1.58,0.19,3.42,-3.98,3.78,1.03,-5.81,1.04,2.31,1.2
13.9889,-89.6692,-5.62,449.96,-62.73,-1.5,-3.27,-2.68,2.56,-1.15,1.32,2.24,-0.96,-0.0,-0.32,-0.13,1.84,-1.0,2.11,-0.93,0.3,-1.49,1.09,0.47,0.1,2.44,-4.38,3.76,0.78,-5.89,0.92,1.55,0.79
13.9889,-89.6685,9.55,391.19,-37.45,-1.39,-4.6,-2.13,2.36,-2.29,1.62,2.0,-0.85,-0.0,7.65,0.1,1.76,-0.91,2.54,-0.44,-0.44,-0.96,1.07,0.51,-0.37,2.64,-4.32,3.72,0.8,-5.8,2.71,1.74,0.79
13.9889,-89.6678,11.53,-547.87,81.98,-1.09,-4.28,-1.88,2.4,-1.04,1.15,1.67,-0.11,-8.03,-4.79,0.32,1.47,-0.73,2.09,-0.8,-0.27,-1.24,0.73,0.4,-0.58,2.86,-4.04,3.64,0.13,-6.22,3.13,1.74,0.95
13.9889,-89.667,9.46,-167.13,32.05,-0.89,-4.47,-1.69,2.37,-1.62,1.34,1.25,-0.83,-0.0,-7.76,0.95,1.13,-2.36,2.14,0.48,-0.74,-1.56,1.01,1.54,-0.0,1.98,-3.56,4.84,-0.09,-6.58,3.33,1.01,1.65
13.9889,-89.6663,6.94,582.14,-64.39,-0.98,-4.93,-1.53,2.22,-1.26,0.91,1.44,-0.43,6.14,13.22,0.66,1.52,-1.83,1.88,-0.51,-0.98,-1.11,1.22,0.8,-0.54,1.67,-3.39,4.64,0.23,-6.88,3.48,0.52,1.86
13.9889,-89.6655,10.89,-693.21,99.39,-0.9,-5.02,-1.73,2.13,-0.23,0.31,1.1,-0.31,0.02,-17.96,0.26,1.87,-1.23,2.66,0.88,-0.84,-0.77,1.15,-0.15,-1.14,1.83,-2.0,5.27,-0.3,-7.1,3.97,0.78,1.73
13.9889,-89.6648,13.48,596.91,-58.51,-0.37,-5.3,-0.89,1.59,-0.48,-0.06,1.82,-1.73,6.29,16.3,0.78,2.19,-0.71,1.64,0.44,-0.02,-1.19,1.17,-0.07,-0.33,1.41,-3.73,4.63,-0.66,-7.29,4.8,0.33,1.79
13.9889,-89.6641,3.95,687.86,-81.16,-0.84,-4.44,-1.23,1.18,0.49,0.77,0.08,-1.01,6.19,14.16,0.42,2.35,-1.1,2.27,1.5,-0.66,-0.54,-0.23,-1.98,0.01,1.76,-4.17,4.9,-2.01,-7.57,3.9,-0.01,1.93
13.9889,-89.6633,3.84,844.26,-100.84,-0.32,-4.01,-0.72,0.87,0.04,0.07,0.36,0.07,6.19,12.93,0.05,2.33,0.21,2.08,1.43,-1.65,2.03,0.39,-0.13,0.55,3.09,-4.38,5.09,-0.98,-7.57,3.86,-0.18,2.19
13.9889,-89.6626,3.85,1095.49,-132.21,0.19,-4.1,-1.06,0.84,-0.11,-0.04,1.07,-0.23,14.28,15.4,0.03,3.36,-0.44,1.73,3.06,0.17,-1.6,-1.0,-1.35,0.43,0.7,-3.2,4.65,-1.44,-6.32,4.28,-1.16,1.62
13.989,-89.6618,14.18,636.52,-62.68,-0.17,-5.2,0.09,1.93,-0.13,-0.06,1.18,0.95,-0.0,14.27,-0.32,2.54,-2.28,3.35,1.32,-0.58,0.78,1.15,-0.05,-0.93,1.63,-2.63,4.12,-2.07,-8.09,6.66,-1.02,1.62
13.989,-89.6611,24.7,155.36,9.87,0.21,-5.52,-0.46,1.29,1.44,-0.37,1.17,0.28,-3.22,14.27,-2.35,3.73,1.93,2.68,1.33,-0.15,-1.04,0.8,-0.35,-0.23,1.66,-3.12,5.49,-0.57,-6.74,6.57,-0.31,1.75
13.989,-89.6604,17.5,87.41,9.83,0.09,-5.25,-0.61,2.04,0.61,-0.51,0.4,-0.83,7.9,0.52,-3.18,3.83,0.87,2.41,1.65,-0.18,-0.64,0.14,-0.03,-0.01,2.44,-2.64,5.35,-2.43,-7.53,5.88,-0.31,2.19
13.989,-89.6596,23.05,-487.8,88.28,0.67,-6.0,-0.52,1.4,0.98,-1.23,0.3,0.36,4.76,-7.81,-0.57,2.65,-0.06,3.62,0.69,-1.84,-0.2,1.75,-1.5,-0.37,0.68,-3.22,4.95,-2.83,-7.25,6.36,-0.37,2.51
13.989,-89.6589,23.34,-39.43,32.6,0.89,-6.52,-0.99,0.76,0.75,-0.68,0.41,0.57,-0.0,2.26,-0.32,2.63,-0.06,3.83,1.98,-1.23,-1.0,0.92,-0.64,0.4,1.12,-2.52,3.09,-2.44,-7.04,6.67,-0.52,2.07
13.989,-89.6581,22.82,-619.23,104.46,0.85,-7.38,-0.33,1.28,2.18,-1.16,-0.0,1.52,-9.37,-0.44,0.07,3.95,-2.1,4.69,0.78,-1.16,-1.84,-0.12,-0.07,-0.01,2.06,-1.81,4.14,-1.6,-6.41,6.99,-1.42,2.13
13.989,-89.6574,24.58,-1101.42,166.85,1.1,-7.75,0.88,0.45,2.08,-0.95,0.07,2.38,-6.8,-18.4,-0.31,3.11,-2.89,3.59,2.77,-1.99,-1.15,1.92,1.37,0.61,1.78,-0.69,4.93,-2.9,-7.65,7.96,-0.64,0.95
13.989,-89.6567,48.14,-1817.72,284.38,2.25,-7.44,0.8,0.31,2.72,-0.66,0.39,1.92,-16.25,-13.45,0.43,2.19,-2.69,3.39,2.06,-1.05,-1.56,1.34,-0.61,0.59,2.44,-2.03,5.29,-1.9,-6.57,9.87,0.35,0.4
13.989,-89.6559,39.89,-907.06,160.75,1.59,-7.08,1.32,0.82,3.23,-0.81,0.31,2.72,-9.49,0.26,-0.28,2.35,-1.76,2.07,2.07,0.11,-0.48,-0.05,0.29,-1.11,1.66,-1.97,5.31,-1.14,-7.37,9.82,-0.05,0.04
13.989,-89.6552,34.19,-624.07,118.61,2.09,-7.73,1.65,1.63,3.87,-1.81,-0.85,2.44,-0.08,-0.78,0.53,1.1,-4.67,4.3,2.27,-1.11,-1.29,1.17,-0.99,-1.32,3.11,-2.38,5.37,-0.35,-6.83,8.63,-0.7,1.23
13.989,-89.6544,20.1,-416.55,75.96,2.1,-8.31,0.73,0.81,3.99,-2.2,-1.33,2.27,-5.19,-3.17,-1.11,3.82,-3.11,4.26,2.09,0.25,-0.94,1.85,-0.25,0.29,3.03,-1.67,5.59,-1.19,-7.76,8.96,-1.2,-0.89
13.989,-89.6537,33.59,-1257.82,197.25,1.75,-9.59,1.23,0.94,3.58,-1.68,-2.22,1.96,-15.41,-8.45,-0.01,3.96,-0.99,5.83,1.9,0.66,-3.74,1.91,-1.26,-1.11,2.79,-2.44,5.17,-1.77,-8.97,10.6,-0.28,-0.72
13.9876,-89.7158,11.0,-2078.16,268.82,3.44,5.18,0.03,-2.82,-6.08,9.43,-17.12,5.24,-20.2,-6.08,-4.46,-4.93,-4.68,0.07,-1.66,-11.58,-12.09,9.41,-7.07,-0.46,1.49,7.78,0.49,0.38,4.25,-7.66,3.52,6.09
13.9876,-89.7151,-10.13,-599.51,61.86,0.19,4.49,2.57,-3.86,-5.38,12.17,-18.41,5.17,-25.89,-10.58,-5.08,7.42,-1.66,2.24,0.58,12.86,-3.96,5.21,0.67,-9.43,-3.58,2.03,-5.36,0.19,4.62,-7.53,1.28,4.04
13.9876,-89.7144,14.6,-628.02,94.57,-0.97,3.92,2.92,-3.44,-4.73,11.98,-17.36,5.38,-0.0,-12.81,0.65,-0.91,-10.78,5.08,-0.51,0.73,-5.64,10.01,-1.89,-2.0,-2.41,2.35,-2.22,0.66,6.05,-6.15,2.23,4.48
13.9877,-89.7136,-6.43,-57.02,-0.57,1.42,4.67,3.21,-3.79,-4.3,13.04,-16.45,5.42,-12.81,1.09,-3.65,-0.55,-7.3,-2.5,4.49,-0.0,-7.67,2.51,4.89,13.48,1.35,5.07,-3.76,3.18,10.88,-11.04,1.91,3.5
13.9877,-89.7129,11.33,-317.44,52.48,3.5,4.44,2.48,-3.55,-2.67,9.74,-13.54,4.84,-18.05,0.65,-5.07,-3.48,4.71,1.98,3.02,2.42,-1.01,7.54,-1.98,2.45,-7.2,5.48,-0.12,1.92,12.28,-11.18,4.14,2.93
13.9877,-89.7121,12.59,696.82,-71.01,0.08,4.38,2.61,-3.84,-4.63,11.0,-14.51,5.61,-16.97,-9.44,-0.63,2.51,7.69,11.18,6.49,7.64,-1.93,16.22,-2.95,6.38,0.12,6.98,-5.33,-9.14,12.28,-7.84,-0.73,4.93
13.9877,-89.7114,1.6,-758.86,95.43,-0.25,2.83,0.81,-3.3,-4.66,9.8,-13.56,6.32,-3.58,-3.63,-3.86,3.72,-4.37,-3.2,-2.92,-0.23,-9.72,0.64,-2.36,0.45,6.59,0.25,-6.25,-0.56,9.16,-7.5,-0.73,4.93
13.9877,-89.7107,8.43,12.03,8.47,1.35,5.33,2.52,-2.95,-4.0,9.83,-12.66,6.28,-15.68,6.63,-0.3,5.46,-2.55,-1.62,1.21,4.97,-2.34,0.3,3.07,-5.23,4.7,5.02,-6.04,-3.77,8.11,-7.5,2.39,2.7
13.9877,-89.7099,32.75,-1634.96,240.27,-0.48,4.1,3.24,-3.89,-2.95,7.55,-12.79,6.27,-14.88,6.59,-1.33,6.07,-6.41,-3.91,5.67,-3.03,-2.01,-7.62,-6.44,2.22,-18.63,-3.43,-4.39,-1.51,7.05,-3.12,1.63,3.11
13.9877,-89.7092,-16.38,-1341.72,146.13,0.66,3.07,3.19,-3.04,-3.85,7.48,-10.46,6.29,-14.88,-0.0,-1.67,-6.24,-18.04,-3.08,17.15,-4.74,-2.99,-6.44,-2.76,6.32,-9.81,-10.81,-0.46,1.25,2.7,-8.84,2.26,5.2
13.9877,-89.7084,40.79,-1446.52,226.6,-0.71,1.82,1.41,-3.19,-2.64,4.94,-9.97,6.35,-7.26,-0.0,-0.75,-1.04,-6.33,-3.75,-3.97,6.89,-5.03,2.24,9.77,0.23,0.19,2.54,-8.63,3.83,4.51,-1.73,2.67,3.55
13.9877,-89.7077,78.65,-1110.94,229.94,1.06,3.62,1.01,-3.64,-3.01,4.75,-8.97,6.05,-4.87,-8.31,-1.93,-3.47,21.26,-2.67,9.1,-4.1,-1.39,-3.23,3.43,4.51,1.49,4.65,-4.5,3.57,4.51,3.17,2.42,4.26
13.9877,-89.707,9.02,2361.74,-280.79,-2.66,3.02,2.4,-4.39,-3.57,2.88,-9.83,5.48,15.79,23.56,-2.29,0.99,15.0,-2.3,10.9,-6.35,2.27,6.85,11.2,0.4,4.22,7.26,-4.76,-2.1,5.64,-5.14,2.48,1.06
13.9877,-89.7062,11.34,40.62,8.38,-0.84,4.94,0.13,-3.68,-2.66,3.72,-8.39,5.77,-7.49,26.49,-2.79,-2.9,1.57,0.54,-5.33,3.15,-4.56,-2.55,1.33,-4.58,-0.66,-1.31,-1.52,0.19,6.13,-5.14,2.48,1.06
13.9877,-89.7055,-1.07,1291.84,-160.74,-3.15,4.2,-0.27,-4.12,-2.37,1.03,-6.76,5.46,0.3,29.11,-2.65,0.82,1.78,3.12,6.9,-5.6,-1.83,-2.3,0.71,7.09,0.59,2.66,-3.28,-3.24,6.1,-5.56,1.27,0.74
13.9878,-89.7047,-15.51,883.91,-127.46,-1.24,4.65,-2.12,-4.54,-2.05,0.48,-5.32,4.91,0.74,32.83,-3.26,0.46,-5.71,0.29,-0.29,1.6,-1.02,-3.67,-14.68,-1.98,-1.13,13.75,-0.9,-0.26,6.73,-7.87,1.72,-0.19
13.9878,-89.704,25.1,-395.9,78.54,-0.09,3.56,1.2,-2.48,-0.8,-0.33,-3.76,4.93,-9.16,33.62,-3.54,0.98,-9.23,2.01,3.96,-2.86,-6.31,-7.7,-3.05,-4.78,-4.43,4.62,-3.07,0.73,9.56,-5.86,3.87,-0.82
13.9878,-89.7033,2.62,57.28,-3.98,1.87,4.09,-0.81,-1.2,-0.79,-0.44,-3.91,4.43,-0.0,21.24,-4.77,0.2,-1.49,-2.65,-9.03,-9.26,7.73,-1.08,-1.67,-2.03,-4.96,-0.36,-9.93,0.02,7.45,-6.12,2.14,-0.72
13.9878,-89.7025,-4.56,-60.14,2.04,-2.91,2.74,-0.76,-2.87,0.76,-0.34,-3.16,2.39,9.58,6.47,-5.73,1.05,-3.8,-1.39,-2.96,-9.0,1.47,-1.07,-3.03,-1.0,-4.14,9.5,-3.08,0.24,4.57,-3.72,0.66,-1.13
13.9878,-89.7018,-17.83,-90.91,-9.83,-2.28,3.19,0.84,-3.18,0.68,-1.72,-2.1,2.12,0.18,11.22,-4.85,0.96,-5.45,-1.93,-3.72,-1.91,1.13,-7.03,-2.51,-5.16,-5.23,5.49,-3.18,-0.02,5.26,-6.82,1.62,-0.94
13.9878,-89.7011,-17.25,1014.31,-145.75,-0.84,5.36,0.38,-1.5,-0.04,-1.65,-2.8,2.61,6.48,21.33,-5.22,-7.63,-6.51,-0.84,-0.62,3.75,3.83,-3.3,3.93,-0.02,2.8,1.61,-1.65,3.82,6.31,-5.86,0.63,-1.91
13.9878,-89.7003,-7.98,-545.37,57.98,-1.15,4.2,0.23,-3.27,-0.58,0.43,-0.29,1.32,3.9,-5.06,-4.18,3.14,-8.35,0.32,-1.22,-3.16,1.53,-6.85,-1.3,-7.84,-6.57,5.13,1.29,-1.55,6.24,-4.54,0.05,-0.9
13.9878,-89.6996,-24.39,-274.86,5.17,-0.23,2.76,-0.8,-0.82,-1.74,0.42,-3.11,1.85,-6.41,-5.06,-4.81,-0.15,-4.68,-1.57,4.27,-1.14,0.28,-1.8,8.66,-10.08,-7.82,-0.13,-2.46,-2.19,3.02,-4.71,0.05,-0.9
13.9878,-89.6988,-1.88,-784.05,94.74,-1.64,3.21,-0.52,-3.37,1.32,0.2,-0.46,1.64,-6.18,3.54,-4.97,-0.2,3.09,-3.87,-8.1,0.88,-3.11,-7.67,1.37,-7.29,-1.89,0.11,-1.45,-0.95,5.31,-3.43,0.37,-0.8
13.9878,-89.6981,-11.71,-1652.18,190.52,0.1,1.04,-1.84,-3.1,1.45,-0.34,0.28,1.27,-10.15,-0.0,-4.11,0.32,-11.91,-2.85,-0.57,-10.54,-1.5,-6.06,-0.21,-7.45,0.8,1.53,-1.66,-2.41,4.36,-3.43,-0.86,-0.16
13.9878,-89.6974,-6.5,-609.53,67.73,-2.04,3.12,-1.36,-4.24,0.23,-4.99,1.32,1.05,-10.15,5.27,-2.51,-1.0,-7.6,-4.36,-0.36,-1.28,4.5,-1.95,-0.05,-3.0,-1.31,0.83,0.9,-3.74,3.45,-3.14,0.63,-0.86
13.9878,-89.6966,-0.29,-746.48,92.03,-0.85,3.82,-2.38,-3.45,0.56,-2.05,2.0,1.7,-12.56,-4.66,-2.05,-0.18,1.27,-2.96,-4.55,-2.13,4.53,-3.23,-0.13,-2.84,1.52,0.66,1.43,-2.26,3.88,-2.37,0.51,-1.11
13.9879,-89.6959,7.36,-879.89,117.6,-1.65,4.42,-1.98,-3.26,0.9,-3.36,2.29,0.85,0.84,-17.08,-2.61,-1.24,1.01,-2.2,-3.66,-1.23,4.85,-2.19,0.41,-1.59,0.56,-0.02,-1.07,-3.11,4.37,-1.43,-0.22,-0.4
13.9879,-89.6951,6.11,-504.76,69.7,-1.62,4.21,-2.38,-2.23,0.83,-2.91,2.48,1.6,4.91,-16.13,-3.9,0.4,0.51,-1.0,-3.1,0.09,4.46,-1.96,0.43,0.01,1.08,0.39,-1.06,-3.72,4.37,-1.82,-0.4,0.23
13.9879,-89.6944,9.74,-489.23,72.08,-1.18,4.33,-2.09,-3.0,0.54,-3.15,2.54,0.2,-7.28,-1.37,-2.25,-0.02,-0.01,-1.53,-0.91,0.13,3.54,-2.0,0.34,-0.71,2.06,-0.08,-0.43,-3.63,4.15,-1.22,-0.31,0.11
13.9879,-89.6937,16.42,-1035.65,147.66,-1.79,3.29,-1.18,-2.96,0.49,-2.02,2.57,0.46,-13.61,-8.94,-1.88,1.28,1.42,-1.36,-2.45,-0.52,4.07,-3.35,-0.09,-0.75,2.01,0.22,0.03,-3.72,2.98,0.06,-0.06,0.35
13.9879,-89.6929,18.92,-1165.76,166.76,-1.83,2.59,-1.24,-3.11,0.61,-1.87,2.25,0.05,-15.77,-0.0,-0.54,1.39,1.56,-1.6,-2.43,-0.28,3.72,-3.3,0.37,-1.21,2.25,0.57,-0.15,-3.96,3.53,0.12,-0.06,0.3
13.9879,-89.6922,15.13,-914.22,131.15,-1.74,1.36,-0.99,-2.88,-0.15,-2.6,2.75,0.02,-12.92,-8.35,-0.07,1.36,1.46,-1.27,-0.99,-1.13,4.08,-3.43,0.59,-1.25,2.95,-0.67,0.87,-3.49,2.22,0.49,-0.26,0.55
13.9879,-89.6914,8.04,-956.79,128.06,-1.11,1.02,-0.25,-2.58,0.21,-1.78,2.9,-0.38,-10.03,-14.62,-0.54,0.86,-0.32,-1.22,-1.72,-1.24,4.34,-3.03,0.88,-1.5,2.12,0.12,0.62,-3.18,1.19,0.86,-0.77,0.26
13.9879,-89.6907,7.54,-696.35,95.22,-0.91,1.16,0.07,-2.4,0.01,-1.16,3.05,-0.26,-2.03,-17.71,-0.55,0.96,0.03,-0.18,-0.97,-1.01,4.37,-3.53,0.76,-2.11,2.69,0.85,0.08,-4.0,1.44,0.35,-0.23,-0.01
13.9879,-89.69,6.94,-75.67,17.59,-0.65,0.92,-0.49,-2.15,0.29,-1.59,2.89,-0.45,8.73,-0.0,-0.3,1.12,0.54,-0.11,-1.09,-0.97,4.32,-3.45,0.98,-2.66,2.5,0.54,0.01,-3.99,1.42,0.46,-0.65,0.36
13.9879,-89.6892,5.61,139.13,-10.62,-0.63,0.11,0.15,-1.77,0.59,-1.64,3.01,-0.61,20.02,-14.23,0.3,-0.04,-0.2,-0.24,-1.08,-0.85,4.34,-3.45,1.05,-2.32,2.71,-0.14,0.52,-4.16,1.09,0.25,-0.81,1.02
13.9879,-89.6885,4.65,-653.13,86.49,-0.27,-0.86,0.38,-1.66,0.48,-1.54,2.98,-0.9,14.27,-32.93,-0.44,0.36,-0.06,0.15,-0.79,-0.99,4.5,-3.55,1.33,-2.01,2.57,-0.22,0.47,-3.99,0.98,0.25,-0.47,0.34
13.9879,-89.6877,2.48,-41.08,8.03,-0.41,-0.97,0.55,-1.26,0.57,-1.48,3.44,-0.98,1.48,-6.21,-0.15,0.16,0.01,0.58,-0.3,-0.82,4.22,-2.96,1.23,-2.24,2.64,0.33,0.82,-3.88,0.75,0.64,-0.82,-0.06
13.988,-89.687,3.3,737.55,-87.59,-0.7,-1.09,0.55,-1.09,0.25,-1.28,3.27,-1.05,23.68,-4.25,0.28,-0.35,0.36,0.54,0.01,-0.58,3.55,-2.12,1.11,-2.44,2.38,0.38,1.19,-4.05,0.72,0.36,-0.27,-0.21
13.988,-89.6863,7.65,8.45,8.0,-0.22,-1.43,0.65,-0.45,0.09,-1.46,3.38,-1.13,17.24,-17.42,0.16,-0.17,0.4,0.27,-0.29,-0.43,3.64,-2.21,1.48,-1.83,2.46,0.58,1.24,-4.03,1.38,0.53,-0.19,-0.33
13.988,-89.6855,8.4,259.69,-22.29,0.02,-1.73,0.68,-0.12,-0.01,-1.58,3.4,-0.93,11.31,-4.64,0.19,0.1,0.13,0.98,0.15,-0.38,2.83,-2.12,1.64,-1.78,2.4,-0.01,1.43,-3.04,1.38,0.52,0.01,-0.44
13.988,-89.6848,2.5,-331.98,44.16,-0.21,-1.98,0.57,0.16,-0.21,-1.64,3.47,-0.74,-4.26,-10.07,0.05,-0.17,-0.62,1.57,-0.04,-0.2,2.64,-1.94,1.33,-1.57,2.47,0.16,1.14,-2.72,0.9,0.63,-0.32,-1.01
13.988,-89.684,0.21,422.62,-52.22,-0.32,-2.66,0.64,0.26,-0.41,-1.68,3.34,-1.02,10.92,-2.64,-0.4,-0.3,-0.48,1.49,-0.14,0.15,2.13,-1.62,1.51,-1.27,2.41,-0.41,1.2,-2.4,0.91,0.3,-0.32,-1.01
13.988,-89.6833,0.68,-527.48,66.3,-0.48,-2.31,0.83,0.33,-0.65,-1.73,3.5,-1.04,1.1,-22.08,-0.19,-0.25,-0.23,1.59,0.06,0.17,1.6,-1.29,1.78,-1.05,2.48,-0.41,1.48,-2.19,0.44,0.3,-0.03,-0.91
13.988,-89.6826,-4.19,-247.93,25.83,-0.58,-2.33,0.56,0.55,-0.8,-1.68,3.69,-0.95,0.69,-16.18,-0.25,-0.31,-0.69,1.7,0.15,0.44,1.16,-1.09,1.83,-0.91,2.51,-0.57,1.13,-1.7,-0.46,-0.04,0.03,-0.66
13.988,-89.6818,-7.18,210.87,-34.69,-0.75,-2.52,0.61,0.7,-0.73,-1.46,3.54,-0.9,4.08,-8.93,-0.09,0.01,-0.43,1.97,0.13,0.78,0.87,-0.86,1.76,-1.31,2.51,-0.83,1.52,-1.3,-1.44,-0.01,0.12,-0.54
13.988,-89.6811,-8.43,359.02,-54.58,-0.93,-2.77,0.86,0.57,-0.9,-1.41,3.44,-0.99,5.77,-6.69,-0.21,0.28,-0.49,2.32,-0.26,1.03,0.56,-0.64,1.82,-1.32,2.52,-1.26,1.57,-1.04,-2.08,-0.36,0.54,-0.22
13.988,-89.6803,-7.44,372.34,-55.08,-0.96,-3.14,0.82,1.21,-1.05,-1.14,3.05,-0.5,13.42,-13.05,-0.49,0.26,-0.3,2.24,-0.05,1.25,0.12,-0.57,1.6,-1.21,2.3,-1.35,1.65,-1.01,-2.03,-0.66,1.02,-0.28
13.988,-89.6796,-5.81,425.7,-59.79,-1.25,-3.61,0.7,1.43,-1.15,-0.55,2.91,-0.61,17.94,-14.55,-0.32,0.44,-0.97,2.32,-0.19,1.39,0.06,-0.17,1.2,-0.94,2.23,-1.56,1.82,-1.0,-2.03,-0.76,1.42,-0.36
13.988,-89.6789,-4.74,207.57,-31.41,-1.5,-3.64,0.4,1.22,-1.33,0.01,2.48,-0.42,7.54,-9.78,-0.37,0.13,-0.78,2.25,-0.23,1.88,-0.56,0.05,1.11,-0.93,2.3,-1.87,2.18,-0.99,-2.31,-0.51,1.66,-0.65
13.9881,-89.6781,-5.21,619.43,-83.19,-1.76,-3.6,-0.09,1.5,-1.52,0.45,1.88,-0.56,6.16,3.56,-0.27,0.42,-0.75,2.1,-0.55,1.91,-0.72,0.31,1.06,-0.54,2.4,-2.1,2.47,-0.81,-2.48,-0.47,1.66,-0.65
13.9881,-89.6774,-4.46,1114.72,-143.91,-1.84,-3.58,-0.03,1.72,-1.59,0.72,1.78,-0.31,12.44,12.34,-0.5,0.58,-0.84,2.07,-0.33,1.61,-0.91,0.65,1.01,-0.61,2.35,-2.31,2.59,-0.41,-2.85,-0.41,1.86,-0.48
13.9881,-89.6766,-8.07,692.02,-95.64,-1.95,-3.44,-0.61,1.55,-1.73,1.43,1.71,-0.36,-0.0,4.81,-0.41,0.52,-1.04,1.8,-0.69,1.53,-0.99,0.85,0.85,-0.3,2.22,-2.31,2.76,-0.26,-3.42,-0.63,1.86,-0.35
13.9881,-89.6759,-9.66,579.67,-83.55,-2.04,-3.61,-0.65,1.41,-1.59,1.47,1.36,-0.47,-0.0,-0.06,-0.19,0.66,-0.21,1.68,-0.55,1.52,-0.92,0.83,0.57,-0.25,2.45,-2.87,2.95,-0.07,-4.03,-0.36,1.83,-0.47
13.9881,-89.6752,-5.9,312.36,-45.86,-2.18,-3.82,-0.57,1.93,-1.56,1.71,0.81,-0.28,-0.0,-4.55,-0.28,0.84,-0.71,1.53,-0.4,1.13,-1.05,0.94,0.31,-0.46,2.7,-2.89,2.82,-0.01,-4.15,-0.18,2.35,-0.57
13.9881,-89.6744,-5.36,310.89,-45.04,-2.57,-3.89,-0.98,2.09,-1.82,2.6,1.13,-0.49,-0.0,-0.0,-0.0,1.09,-0.7,1.41,-0.54,1.08,-1.13,1.51,0.3,-0.41,2.87,-3.1,3.06,0.2,-4.57,-0.24,2.7,-0.43
13.9881,-89.6737,-3.68,285.35,-39.88,-2.53,-3.85,-1.23,2.4,-1.81,2.72,0.87,-0.34,3.72,-1.88,0.05,0.64,-1.01,1.47,-0.37,0.64,-1.33,1.71,0.05,-0.04,2.59,-3.11,3.17,0.42,-4.68,-0.12,2.96,-0.55
13.9881,-89.6729,-9.61,1026.97,-139.24,-2.39,-3.73,-1.14,2.72,-1.83,2.35,1.42,-0.35,7.99,11.22,0.13,0.73,-0.73,1.43,-0.73,0.68,-1.22,1.65,0.16,-0.1,2.88,-3.29,3.07,0.8,-4.68,-0.15,2.14,-0.63
13.9881,-89.6722,-3.14,835.55,-107.78,-2.4,-3.55,-1.15,1.97,-1.42,2.56,0.68,-0.22,-0.0,12.87,-0.11,0.68,-1.25,1.57,-0.31,0.16,-1.3,1.32,0.9,-0.28,2.66,-3.48,3.44,1.13,-4.54,-0.2,2.56,0.18
13.9881,-89.6715,-2.98,1027.37,-131.49,-2.07,-3.48,-1.92,2.56,-2.08,2.37,1.87,-0.5,17.19,6.39,0.27,0.64,-0.78,1.75,-0.46,0.1,-0.88,1.81,0.66,-0.04,2.37,-3.65,3.22,0.8,-4.91,-0.12,2.62,0.43
13.9881,-89.6707,0.52,599.08,-74.02,-1.65,-3.37,-2.28,2.35,-1.83,1.51,2.09,1.28,-0.0,6.39,0.29,1.25,-0.45,1.17,-1.61,0.44,-1.26,1.5,0.84,-0.17,3.41,-4.07,3.31,0.99,-5.28,0.5,2.62,0.64
13.9881,-89.67,-1.46,375.18,-48.48,-1.56,-3.32,-2.34,2.36,-1.58,1.21,2.84,-0.61,-5.06,10.28,-0.06,1.49,-0.6,1.7,-0.94,-0.57,-0.9,1.37,0.84,0.03,3.03,-3.87,3.24,0.93,-5.67,0.85,2.18,0.71
13.9881,-89.6692,3.4,215.47,-22.82,-1.27,-3.61,-1.9,2.49,-1.51,1.23,2.15,-0.82,7.19,-3.56,0.09,2.19,-0.78,1.77,0.04,-0.41,-1.52,1.08,0.92,-0.1,2.76,-3.96,3.54,0.88,-5.68,1.5,2.18,0.71
13.9882,-89.6685,6.22,338.08,-34.77,-1.43,-4.79,-1.6,2.62,-1.3,1.29,3.35,-0.98,-0.0,2.21,0.29,1.57,-0.05,1.27,0.34,-0.18,-1.48,1.11,0.92,-0.6,2.66,-3.9,3.43,0.88,-6.13,2.51,1.78,0.69
13.9882,-89.6678,15.76,279.28,-16.15,-1.06,-4.38,-1.82,3.01,-1.11,1.21,2.48,-0.69,10.63,2.21,0.6,1.39,-0.64,2.07,-0.46,0.17,-1.18,0.78,1.05,-0.35,2.09,-3.82,3.97,0.08,-6.04,3.44,2.14,0.59
13.9882,-89.667,7.74,-20.71,11.76,-0.89,-4.41,-2.17,2.45,-1.33,0.68,0.88,-0.97,-0.0,-3.7,0.2,0.67,-0.35,1.82,-0.57,-0.31,-1.56,1.39,1.25,-0.21,2.6,-3.26,4.98,0.19,-6.41,3.15,1.1,1.25
13.9882,-89.6663,5.26,238.23,-23.48,-0.88,-4.47,-2.08,1.73,-1.66,0.62,1.84,-0.19,7.94,0.07,0.29,1.84,-0.85,1.97,0.02,-0.55,-2.02,0.94,0.77,-0.8,2.19,-3.0,4.39,0.22,-7.19,3.35,0.75,1.7
13.9882,-89.6655,2.58,53.19,-3.58,-0.68,-4.6,-1.25,1.74,-0.3,0.22,1.63,-0.95,-7.86,7.15,-0.07,1.82,-0.79,2.64,-0.05,-0.65,-1.21,0.63,2.12,-1.21,2.03,-3.59,4.58,-0.89,-7.13,3.58,0.31,1.29
13.9882,-89.6648,9.13,63.18,2.93,-0.74,-4.31,-1.36,1.59,-0.39,-0.08,1.2,-0.83,5.07,-0.43,0.22,1.76,-1.15,2.28,1.21,-0.39,-1.55,0.2,1.23,0.1,1.16,-3.35,4.79,-0.9,-7.48,4.9,-0.29,1.84
13.9882,-89.6641,-2.46,96.01,-14.9,-0.32,-4.77,-1.5,2.22,-0.5,0.59,-0.65,-0.23,-4.79,3.53,0.7,1.74,-0.07,2.66,-0.0,-0.43,-0.77,-0.34,0.29,-0.76,1.74,-4.39,4.83,-0.56,-7.34,3.82,-0.85,1.7
13.9882,-89.6633,-3.4,539.86,-71.42,-0.07,-4.53,-0.27,1.03,-0.4,-0.14,0.31,-1.3,11.84,2.71,-0.13,1.74,-1.98,1.96,0.82,-0.78,-2.14,0.95,-0.11,0.62,2.22,-3.67,5.38,-1.67,-6.69,2.89,-0.46,1.7
13.9882,-89.6626,23.99,73.35,19.28,0.25,-4.05,-0.5,1.17,0.32,-0.69,1.11,-1.2,6.43,10.07,-0.64,1.79,-1.31,2.39,-0.05,-1.24,-0.4,1.35,-0.42,0.11,0.82,-2.99,5.29,-0.2,-5.68,6.06,-0.97,2.28
13.9882,-89.6618,23.16,-99.81,39.91,0.4,-4.69,0.02,1.91,0.25,-0.84,0.89,0.06,2.35,2.31,0.18,2.36,-0.93,1.56,3.27,-0.35,-0.14,1.01,-0.55,0.76,0.81,-3.43,4.56,-0.86,-6.7,7.05,-1.07,1.6
13.9882,-89.6611,19.63,556.05,-46.18,0.52,-4.99,-0.38,1.16,0.98,-0.72,1.35,0.14,8.33,14.08,-0.55,2.5,0.06,2.41,0.88,-0.41,-0.14,0.48,-0.38,0.44,1.06,-3.44,6.07,-0.78,-6.18,5.0,0.22,1.81
13.9882,-89.6604,27.19,454.97,-24.61,-0.29,-5.2,-0.2,1.5,0.95,-0.29,-0.46,-0.23,15.4,7.72,-0.85,3.06,0.69,2.93,1.23,-0.31,-0.88,1.42,-0.05,1.34,1.32,-3.09,5.41,-1.24,-7.29,6.73,-0.35,2.77
13.9883,-89.6596,25.56,-97.01,42.42,0.8,-6.41,-0.94,1.62,0.34,-0.86,0.37,1.01,3.17,6.04,-0.71,1.95,0.15,3.17,1.72,-1.13,-0.27,0.45,-0.87,0.34,0.6,-2.93,4.87,-2.22,-7.17,7.42,-0.29,1.04
13.9883,-89.6589,5.31,670.98,-77.56,1.48,-6.03,-1.08,1.08,0.48,-1.09,0.63,0.73,12.92,12.8,-1.67,1.82,-1.57,1.72,0.8,-1.11,-0.49,0.06,-1.57,-0.09,0.8,-2.49,4.93,-1.56,-6.62,5.3,-1.06,0.66
13.9883,-89.6581,17.84,-540.42,88.7,1.0,-5.98,-0.08,1.37,1.3,-1.49,0.87,0.61,3.29,-0.0,-0.84,2.68,-1.22,3.18,0.1,-0.65,-1.18,0.13,-0.91,0.59,1.47,-2.2,4.76,-2.36,-6.36,6.7,-1.23,1.17
13.9883,-89.6574,31.71,-293.63,74.3,1.13,-6.52,0.63,0.52,1.7,-0.7,0.79,0.48,14.82,-8.44,0.02,2.76,-0.29,2.93,2.04,-2.15,-0.25,0.48,-0.53,-0.12,1.54,-2.8,4.54,-2.01,-6.5,7.92,-0.52,1.29
13.9883,-89.6567,42.37,-926.29,166.07,1.21,-7.81,0.66,0.79,2.52,-1.07,1.2,1.77,7.31,-18.48,0.79,3.5,1.45,3.22,3.14,-2.35,-1.43,1.16,-0.29,-0.57,1.9,-2.63,4.77,-1.78,-6.57,9.73,-0.35,0.4
13.9883,-89.6559,46.0,-1428.88,233.26,1.26,-8.88,1.43,1.89,2.18,-1.0,2.63,0.21,-11.98,-10.94,-0.81,3.19,-0.58,4.33,1.68,-0.51,-1.68,2.72,0.2,-1.27,2.34,-2.67,5.26,-0.97,-6.57,10.15,-0.4,0.59
13.9883,-89.6552,32.66,-722.46,129.1,2.08,-7.8,0.95,1.26,2.64,-1.54,-1.67,1.71,-0.0,-0.0,-0.81,2.47,-0.14,3.74,3.51,-1.21,-0.27,2.57,-0.26,-0.96,3.83,-1.84,4.94,-2.25,-5.78,8.13,0.05,-0.59
13.9883,-89.6544,17.85,-864.4,129.31,2.23,-8.89,1.14,1.25,3.46,-2.48,-1.38,0.43,-6.26,-16.83,0.3,2.3,-1.74,5.18,3.86,0.34,-2.25,1.97,0.77,-0.81,2.82,-1.6,5.49,-1.75,-9.05,8.58,-0.42,-0.59
13.9883,-89.6537,35.66,-1309.77,206.2,1.81,-8.96,2.0,1.72,3.58,-1.77,-2.98,2.0,-9.15,-0.0,-1.46,1.22,-2.13,3.87,2.17,-2.36,-0.53,2.33,-1.19,1.06,4.09,-2.97,6.26,-1.07,-8.16,10.62,-0.42,-0.94
13.9869,-89.7158,50.6,-3844.7,533.02,1.66,4.14,1.54,-4.14,-5.12,8.75,-18.46,3.98,-35.09,-17.87,-3.6,-5.18,-5.09,-4.15,-3.71,-4.87,-10.95,7.54,-0.46,-3.14,0.06,4.7,-2.21,0.55,8.41,-4.23,1.32,8.29
13.9869,-89.7151,32.15,-482.36,97.33,1.57,4.5,3.11,-4.43,-3.36,9.6,-17.26,4.65,-0.0,-11.92,-4.82,-5.23,3.31,4.12,5.42,-0.0,-17.27,9.49,1.2,11.5,1.31,17.76,-7.98,0.08,8.87,-4.65,1.74,3.55
13.9869,-89.7144,-0.57,-548.75,66.91,-0.16,3.17,1.08,-3.33,-5.47,10.68,-17.17,5.18,-6.75,-0.0,-0.81,8.24,-11.51,1.83,9.46,-0.0,-7.3,9.63,-0.48,-8.2,-12.91,8.59,-4.42,-0.41,5.96,-7.73,1.21,5.33
13.9869,-89.7136,10.23,585.65,-60.06,-0.07,4.14,2.3,-3.39,-5.02,10.61,-15.87,5.4,-23.84,18.64,-0.86,5.87,-11.01,3.51,11.84,6.14,-3.97,13.69,0.92,5.14,-2.85,8.78,-12.32,-0.29,5.68,-6.38,2.06,4.62
13.9869,-89.7129,21.57,216.37,-1.19,0.4,3.74,0.87,-3.31,-4.96,10.22,-13.67,5.44,-5.74,8.87,-0.26,-2.93,-5.32,4.72,2.02,5.09,-9.33,4.02,4.12,18.23,-1.18,0.8,-1.74,7.3,8.45,-6.38,1.89,4.62
13.9869,-89.7121,9.75,-542.42,78.35,-0.18,3.76,1.96,-3.04,-3.72,9.97,-15.7,5.67,-8.22,-0.04,2.21,2.36,-0.83,-5.34,-4.7,9.26,-9.18,1.83,-1.61,-6.26,1.92,9.14,-5.33,1.93,12.37,-9.68,1.89,3.2
13.987,-89.7114,48.07,-1294.35,216.28,-1.13,2.54,2.47,-4.86,-2.08,9.46,-14.28,5.32,3.29,-4.22,-1.83,-3.51,-6.81,-3.94,5.36,5.57,-4.54,-2.75,-1.0,-3.58,2.21,7.93,-3.92,1.44,9.67,-5.4,3.52,4.87
13.987,-89.7107,-12.24,-451.77,41.25,0.89,3.94,1.87,-3.91,-2.93,8.37,-12.48,5.43,5.0,-0.0,-0.62,5.62,-13.02,-0.6,8.2,-8.34,1.81,-7.44,-4.05,-9.8,-3.99,7.62,-2.42,8.87,2.33,-7.15,2.79,2.77
13.987,-89.7099,53.48,-1446.55,241.5,-1.87,3.65,2.84,-4.43,-3.39,8.58,-12.69,5.66,-0.15,-9.4,-0.22,-5.82,-9.3,2.41,16.48,-0.44,1.33,-0.17,1.46,-9.38,-9.75,3.76,-1.31,-2.02,10.53,-3.44,1.11,5.55
13.987,-89.7092,54.49,-1652.69,268.16,-0.46,3.24,2.0,-4.19,-2.52,7.44,-12.3,5.86,-0.0,6.0,-2.98,-2.37,-11.17,-3.46,8.83,-7.88,-4.47,-7.01,-4.67,5.41,-8.56,6.31,-2.48,-1.09,10.53,-5.78,3.55,5.99
13.987,-89.7084,-12.3,389.86,-62.61,-0.56,3.5,1.12,-2.49,-2.44,6.3,-11.24,5.38,13.9,4.28,-1.71,-3.46,-8.59,-2.36,-0.81,3.0,-2.98,1.02,-4.96,1.95,-1.28,5.44,-0.23,0.59,1.98,-6.52,1.63,3.82
13.987,-89.7077,15.2,-376.83,64.44,-1.03,3.13,1.56,-1.88,-1.29,4.04,-9.76,6.46,-2.59,-2.79,-2.13,-5.31,-8.73,-3.2,0.5,4.7,10.3,-1.7,2.28,0.85,-0.93,3.45,6.92,0.84,6.86,-5.86,1.63,3.82
13.987,-89.707,0.49,1202.27,-147.78,1.22,4.27,0.37,-3.41,-1.81,3.43,-9.0,5.59,9.84,24.56,-2.24,-0.02,12.68,-0.41,1.73,-9.92,2.77,-0.93,-0.01,-3.37,-6.79,3.28,-6.96,0.95,3.6,-6.38,3.37,2.01
13.987,-89.7062,13.36,403.71,-34.05,-0.89,3.99,0.88,-2.11,-1.8,3.9,-9.17,5.94,6.19,29.63,-3.23,-3.03,-0.0,0.76,4.07,-6.66,-2.47,-2.96,1.13,-7.07,-5.42,0.14,-6.08,-0.41,6.6,-6.38,3.12,2.21
13.987,-89.7055,16.44,1389.83,-152.14,-2.28,3.6,-0.68,-2.32,-1.13,3.56,-7.93,5.37,13.79,36.9,-2.37,-1.82,10.26,-3.25,11.84,-4.57,-4.22,-1.61,1.2,-15.37,-4.19,9.11,-3.07,-1.26,6.2,-4.79,2.98,0.77
13.987,-89.7047,-10.49,31.55,-16.29,-1.97,2.92,-0.65,-2.39,-1.13,2.05,-5.22,4.24,-9.15,13.73,-3.6,2.92,12.2,-6.78,-0.89,-7.17,-0.42,-2.17,-7.9,-8.35,-1.97,5.86,-1.2,0.74,5.21,-5.95,1.2,0.16
13.987,-89.704,17.11,-1581.29,215.49,0.02,3.2,0.35,-0.97,-0.72,-0.2,-5.83,3.88,-6.29,-0.0,-4.16,-0.97,-7.39,-0.76,1.47,2.34,-1.6,-12.3,-4.39,2.95,-1.41,-0.05,-3.94,2.06,5.93,-4.85,2.81,1.2
13.987,-89.7033,-19.84,1370.18,-192.68,-1.95,2.87,-0.05,-2.89,-0.53,-1.16,-6.0,4.25,7.16,28.19,-3.67,2.28,-2.05,-0.48,2.21,-2.21,2.83,0.25,0.49,-17.13,8.41,3.99,-7.16,2.06,1.71,-6.68,2.14,1.2
13.9871,-89.7025,-15.0,1414.62,-192.48,-2.58,4.19,-0.01,-2.7,0.47,0.23,-3.58,3.9,20.6,23.26,-3.88,3.46,-9.16,-2.59,3.0,2.57,0.73,-5.36,5.06,-9.26,-1.84,0.82,-2.88,-2.06,4.5,-5.41,0.14,0.23
13.9871,-89.7018,-48.71,1488.14,-241.43,-0.84,3.76,-0.63,-1.22,-0.6,-0.19,-2.83,3.41,2.2,14.18,-4.89,-1.02,-4.57,-1.12,0.8,1.31,7.18,2.09,1.7,-5.07,-4.7,2.95,-3.47,-2.24,5.46,-11.34,1.57,-0.5
13.9871,-89.701,8.28,64.62,1.8,-3.05,1.84,-1.72,-2.96,0.03,-1.5,-3.98,0.18,10.69,4.75,-4.83,2.39,-2.04,-1.55,4.45,3.14,6.16,-2.97,-8.92,-7.2,3.18,1.32,-4.85,1.76,8.04,-4.9,1.72,-1.2
13.9871,-89.7003,11.02,83.89,2.66,0.74,2.09,0.79,-1.08,0.23,-1.58,-4.32,1.2,11.1,8.47,-4.8,3.4,-8.05,-1.22,0.25,1.86,5.87,-4.46,3.99,-8.19,-2.09,2.76,-3.47,-2.45,3.63,-1.08,1.64,-2.13
13.9871,-89.6996,0.17,-1439.96,178.23,-1.39,0.62,-0.99,-1.73,-0.1,-1.05,-2.56,2.09,-0.0,3.95,-3.6,-1.6,-9.85,-0.8,-15.96,-14.59,2.48,-6.63,4.2,-10.1,-0.92,-0.57,0.15,-1.36,5.03,-2.76,1.32,-2.62
13.9871,-89.6988,10.83,-537.12,79.22,0.48,3.62,-3.29,-1.42,1.42,-0.19,-0.49,1.23,-9.41,7.1,-3.48,-0.5,10.58,-4.51,-5.86,-3.2,0.53,1.07,0.51,-5.98,-4.06,-0.29,-3.02,-2.26,7.34,-2.68,0.86,-2.06
13.9871,-89.6981,29.46,-474.89,93.55,-0.63,3.56,0.47,-3.16,1.76,-1.83,1.68,3.08,-14.36,8.38,-3.32,-1.26,14.77,-1.41,-7.39,-1.29,6.9,-2.49,1.31,-4.15,-0.48,-0.44,-2.38,-3.12,6.93,-1.79,2.37,-1.28
13.9871,-89.6973,-0.49,-604.42,74.2,-0.25,4.62,-1.14,-2.21,-0.02,-2.47,0.33,1.93,-19.88,-1.11,-4.86,1.7,4.98,-1.0,-4.3,0.17,3.6,-2.61,-1.44,-0.4,-0.03,4.07,0.93,-3.95,4.35,-2.34,-0.1,-0.81
13.9871,-89.6966,3.43,-418.36,55.81,-1.39,4.61,-1.74,-2.6,1.38,-2.34,1.22,1.76,-5.58,-4.11,-2.26,-0.22,-1.43,-2.04,-0.58,0.35,5.15,-3.0,-0.63,-0.71,0.18,1.06,-1.4,-3.48,4.35,-1.96,-0.04,-0.75
13.9871,-89.6959,10.31,-434.16,65.91,-1.06,5.27,-1.9,-2.58,1.56,-4.43,1.6,0.38,5.05,-11.36,-2.68,1.86,1.9,-0.4,-2.66,-1.65,4.92,-1.58,-0.34,-2.19,0.59,-0.55,-0.28,-3.76,4.55,-1.76,0.56,-0.61
13.9871,-89.6951,7.86,-255.33,40.9,-1.03,4.27,-1.73,-3.49,0.82,-2.7,1.81,0.24,5.97,-8.11,-3.02,0.75,0.22,-1.02,-1.91,0.41,4.94,-2.52,1.1,-1.28,1.53,-0.51,-1.56,-4.05,4.68,-1.4,-0.39,-0.41
13.9871,-89.6944,3.25,-464.59,61.37,-1.59,4.05,-1.45,-3.6,1.6,-2.0,1.97,0.17,2.95,-15.99,-1.55,0.82,1.8,-1.11,-2.31,0.04,3.56,-4.41,1.24,-0.8,1.76,-0.16,0.12,-4.25,4.26,-1.43,-0.48,-0.83
13.9872,-89.6936,16.4,-638.42,98.44,-1.81,2.45,-1.46,-3.04,0.37,-2.24,2.3,0.34,-5.3,-2.96,-0.87,0.99,1.02,-2.1,-1.89,-0.33,3.72,-3.43,0.04,-1.45,1.63,-0.44,0.74,-3.38,3.51,-0.32,0.03,0.36
13.9872,-89.6929,15.38,-1122.39,157.2,-2.61,2.27,-0.59,-3.02,0.45,-1.96,2.65,-0.44,-0.67,-24.21,0.09,0.81,1.41,-1.37,-0.33,-1.52,3.56,-3.4,0.1,-1.95,1.3,-0.6,0.86,-3.75,3.47,0.36,-0.63,0.03
13.9872,-89.6922,14.43,-848.27,122.14,-1.88,1.95,-0.78,-3.0,0.27,-2.18,2.75,0.13,-3.21,-17.11,-0.51,2.79,1.34,-0.79,-1.7,-0.42,3.81,-3.7,0.37,-1.89,2.23,0.24,0.83,-3.22,2.73,0.99,-0.87,-0.04
13.9872,-89.6914,9.29,-621.44,87.98,-1.0,0.92,0.34,-3.0,0.39,-1.86,2.83,-0.17,-6.41,-5.8,-0.68,0.43,0.32,-1.27,-1.64,-1.76,4.0,-3.06,0.59,-2.61,2.65,0.03,0.8,-3.55,1.97,0.54,-0.56,-0.05
13.9872,-89.6907,7.27,-792.08,106.75,-0.99,1.04,-0.0,-2.58,0.53,-1.54,3.19,-0.58,-12.6,-10.47,-0.48,0.51,1.04,-0.54,-0.8,-1.1,4.96,-3.47,1.01,-2.59,2.62,0.18,0.12,-3.7,1.65,0.54,-0.6,-0.04
13.9872,-89.6899,5.75,99.64,-5.55,-0.94,0.97,0.62,-2.42,0.39,-1.14,3.0,-0.73,8.65,-5.46,0.22,0.55,0.53,-0.88,-0.73,-0.93,4.78,-3.46,1.04,-2.63,2.66,0.03,0.14,-3.81,1.45,0.48,-0.78,0.25
13.9872,-89.6892,4.72,-190.6,29.21,-0.54,0.21,0.12,-1.82,0.6,-1.39,3.19,-0.82,3.82,-0.0,0.51,0.16,0.35,-0.25,-1.17,-0.93,4.67,-3.4,1.19,-2.56,2.7,-0.23,0.34,-3.79,0.93,0.52,-0.62,0.24
13.9872,-89.6885,4.91,-543.23,73.16,-0.32,-0.43,0.56,-1.13,0.55,-1.4,3.35,-1.01,2.64,-19.58,0.18,0.2,0.17,-0.04,-0.66,-0.77,4.39,-3.35,1.04,-2.42,2.87,-0.04,0.39,-4.11,1.14,0.43,-0.44,-0.09
13.9872,-89.6877,2.44,-148.78,21.34,-0.18,-0.85,0.73,-0.92,0.49,-1.68,3.36,-1.15,13.95,-20.59,0.27,-0.06,0.02,0.28,-0.47,-0.58,4.33,-3.25,1.15,-2.5,2.96,0.23,0.65,-3.85,0.87,0.34,-0.52,-0.13
13.9872,-89.687,5.82,130.1,-9.25,-0.02,-1.1,0.64,-0.61,0.35,-1.57,3.22,-1.02,11.58,-8.69,0.34,-0.25,0.32,0.43,-0.45,-0.66,4.29,-2.89,1.3,-2.44,2.82,0.12,1.11,-3.61,0.87,0.5,-0.25,-0.02
13.9872,-89.6862,2.67,268.28,-30.13,0.02,-1.38,0.7,-0.28,-0.07,-1.54,3.54,-1.07,10.36,-5.18,-0.03,-0.4,0.12,0.77,-0.28,-0.61,4.05,-2.64,1.29,-2.41,2.74,0.09,1.19,-3.55,1.25,0.48,-0.53,-0.69
13.9872,-89.6855,5.33,328.56,-34.47,-0.02,-1.53,0.97,0.29,-0.21,-1.8,3.68,-0.86,24.99,-17.01,0.51,-0.34,-0.24,0.92,-0.16,-0.17,3.66,-2.52,1.41,-2.25,2.64,0.02,1.36,-3.38,1.41,0.6,-0.53,-0.45
13.9873,-89.6848,3.83,-728.34,94.93,-0.08,-1.71,0.74,0.39,-0.31,-1.99,3.39,-0.83,-2.49,-22.15,0.21,-0.44,-0.46,1.39,-0.13,-0.16,3.07,-1.97,1.43,-1.94,2.7,-0.07,1.46,-3.05,1.65,0.56,-0.63,-0.86
13.9873,-89.684,4.99,-335.97,47.61,-0.37,-1.85,0.74,0.58,-0.5,-1.89,3.76,-0.98,-5.16,-7.88,0.28,-0.13,-0.38,1.58,-0.11,0.13,2.22,-1.68,1.52,-1.81,2.62,-0.21,1.2,-2.55,1.34,0.56,-0.35,-0.72
13.9873,-89.6833,-0.64,-327.46,39.9,-0.64,-2.27,0.58,0.95,-0.57,-1.75,3.89,-1.04,3.76,-20.51,0.44,-0.24,-0.24,1.58,-0.09,0.16,2.02,-1.31,1.81,-1.55,2.63,-0.31,1.58,-2.06,0.44,0.42,-0.34,-0.88
13.9873,-89.6825,-3.82,-149.41,14.04,-0.73,-2.22,0.69,0.99,-0.74,-1.75,3.97,-1.0,11.65,-25.32,0.29,0.06,-0.12,1.59,0.08,0.29,1.69,-1.15,1.85,-1.21,2.57,-0.7,1.49,-1.28,-0.26,0.37,-0.2,-1.06
13.9873,-89.6818,-6.31,74.69,-16.75,-0.89,-2.36,0.57,1.13,-1.02,-1.74,3.77,-1.16,2.95,-10.84,0.08,0.14,-0.32,2.01,-0.1,0.66,1.13,-1.0,1.73,-1.46,2.45,-0.85,1.4,-0.99,-0.69,0.13,-0.21,-0.8
13.9873,-89.6811,-4.1,393.56,-53.75,-0.85,-2.95,0.55,1.4,-1.09,-1.51,3.54,-0.9,-0.0,-3.06,-0.08,0.21,-0.27,2.11,-0.18,1.13,0.71,-0.76,1.68,-1.54,2.48,-1.16,1.34,-1.06,-0.69,-0.29,0.35,-0.45
13.9873,-89.6803,-8.75,485.96,-70.74,-1.13,-3.16,0.45,1.41,-1.07,-1.06,3.34,-0.78,19.05,-15.46,-0.1,0.17,-0.38,1.99,-0.24,1.28,0.19,-0.44,1.63,-1.24,2.36,-1.36,1.57,-1.02,-1.49,-0.21,0.46,-1.02
13.9873,-89.6796,-11.55,115.58,-28.04,-1.41,-3.11,0.42,1.64,-1.13,-0.86,2.96,-0.56,-0.31,-0.0,-0.26,0.33,-0.41,2.19,-0.42,1.51,-0.08,-0.22,1.65,-1.03,2.24,-1.42,1.89,-0.84,-1.8,-0.4,0.46,-1.02
13.9873,-89.6788,-6.18,277.69,-41.83,-1.55,-3.2,-0.1,1.78,-1.17,-0.39,2.94,-0.53,-0.0,-0.0,-0.39,0.49,-0.63,2.19,-0.41,1.63,-0.35,-0.04,1.43,-0.8,2.15,-1.83,2.34,-0.95,-1.57,-0.29,0.71,-0.61
13.9873,-89.6781,-4.5,572.91,-76.56,-1.78,-3.54,-0.44,1.95,-1.45,0.13,2.61,-0.53,6.37,2.18,-0.43,0.61,-0.61,2.08,-0.38,1.72,-0.48,0.12,1.08,-0.8,2.25,-2.1,2.69,-0.47,-1.96,-0.12,1.13,-0.76
13.9873,-89.6774,-6.47,287.69,-43.44,-1.91,-3.47,-0.32,1.93,-1.44,0.5,2.5,-0.81,1.77,-2.44,-0.25,0.62,-0.78,1.88,-0.84,1.59,-0.66,0.5,0.97,-0.34,2.25,-2.28,2.71,-0.26,-2.55,0.11,1.05,-0.88
13.9873,-89.6766,-9.53,581.02,-83.55,-2.11,-3.27,-0.76,1.95,-1.38,0.66,1.71,-0.47,-1.72,8.22,-0.18,0.41,-0.44,1.75,-0.73,1.34,-0.9,0.77,0.67,-0.25,2.31,-2.53,2.85,0.01,-3.1,-0.23,1.25,-0.73
13.9874,-89.6759,-5.45,-112.17,7.5,-2.49,-3.52,-1.04,1.94,-1.41,1.03,1.41,-0.54,-11.9,0.7,-0.03,0.46,-0.54,1.63,-1.0,1.46,-0.89,1.15,0.6,-0.38,2.4,-2.68,2.9,0.16,-3.68,0.03,1.89,-0.61
13.9874,-89.6751,-7.15,73.82,-17.65,-2.59,-3.49,-1.14,2.15,-1.42,1.53,1.45,-0.28,3.34,-0.0,0.0,0.7,-0.58,1.43,-0.86,0.99,-1.23,1.31,0.67,-0.16,2.37,-2.91,2.91,0.33,-4.0,-0.11,2.1,-0.72
13.9874,-89.6744,-4.03,-79.52,5.12,-2.75,-3.76,-1.24,2.54,-1.5,1.87,1.48,-0.39,-0.0,-0.0,-0.07,0.72,-0.82,1.32,-0.6,0.87,-1.35,1.53,0.41,-0.32,2.55,-3.0,2.74,0.53,-4.43,0.18,2.4,-0.46
13.9874,-89.6737,-6.55,-113.32,6.35,-2.54,-3.89,-1.85,2.78,-1.51,1.85,0.7,-0.69,5.36,-15.42,0.07,0.69,-1.03,1.29,-1.04,0.99,-1.29,1.57,0.61,0.07,2.67,-3.08,2.94,0.98,-4.27,-0.04,2.27,-0.63
13.9874,-89.6729,-11.47,523.0,-78.69,-2.53,-3.89,-2.2,2.66,-1.65,2.11,1.08,-0.27,8.9,-4.45,0.23,0.71,-0.74,1.57,-0.46,0.44,-1.4,1.73,0.58,-0.33,2.6,-3.16,3.02,1.21,-4.27,-0.45,2.1,-0.81
13.9874,-89.6722,-6.98,233.65,-37.37,-2.47,-4.01,-1.58,2.25,-1.96,2.22,1.64,-0.4,3.3,-4.45,0.23,0.46,-1.06,1.59,-0.41,0.55,-1.3,1.48,0.7,-0.72,2.91,-2.74,2.88,1.13,-4.22,-0.23,2.05,-0.09
13.9874,-89.6714,0.44,260.68,-31.95,-2.3,-4.08,-1.88,2.7,-2.05,2.05,1.45,0.06,3.3,2.0,0.63,0.32,-0.82,1.11,-0.96,0.25,-1.37,1.62,0.96,-0.72,2.63,-3.53,2.51,1.15,-4.85,0.86,2.59,-0.4
13.9874,-89.6707,0.42,1043.5,-129.5,-1.7,-3.79,-2.36,3.03,-1.92,1.92,1.45,-0.02,10.02,17.51,0.59,0.63,-0.11,0.98,-0.62,0.09,-1.17,1.39,0.27,-0.79,3.38,-4.19,2.63,1.52,-5.24,0.57,2.93,-0.01
13.9874,-89.67,3.19,251.54,-27.57,-1.56,-3.63,-2.39,2.72,-1.5,1.43,2.1,-0.92,12.17,-4.9,0.25,1.91,-0.88,1.23,-0.81,-0.29,-1.29,0.91,0.57,-0.39,2.86,-3.67,2.28,1.09,-5.4,1.27,2.68,0.01
13.9874,-89.6692,0.59,149.97,-17.99,-1.49,-3.75,-1.93,2.61,-1.47,1.31,2.68,-0.68,6.39,-4.9,-0.05,1.04,-0.51,1.38,-0.4,-0.19,-1.45,1.18,1.05,-0.17,2.61,-4.09,3.2,0.73,-5.88,1.27,2.25,0.59
13.9874,-89.6685,3.7,387.82,-43.96,-1.36,-4.02,-1.91,2.8,-1.47,1.26,2.73,-0.82,14.15,-4.92,0.65,0.8,-0.0,1.55,-0.53,-0.11,-1.58,1.28,1.64,-0.48,2.8,-3.95,3.68,0.45,-5.98,1.9,2.21,0.36
13.9874,-89.6677,9.52,-453.03,67.76,-1.37,-4.22,-2.25,2.1,-1.46,0.93,2.25,-1.56,-4.64,-4.92,0.59,1.2,-0.7,1.99,-0.33,-0.25,-1.17,0.86,0.99,-1.03,2.2,-3.69,4.32,0.72,-5.87,2.99,1.57,0.66
13.9874,-89.667,3.75,128.51,-11.58,-1.41,-4.02,-1.15,2.09,-1.35,0.56,2.19,-1.11,-0.0,-1.92,0.81,1.3,-0.61,1.72,-0.66,-0.5,-1.14,0.45,1.26,-1.29,2.5,-3.81,4.37,0.78,-6.52,3.34,0.86,0.47
13.9875,-89.6663,3.67,117.47,-10.31,-0.74,-4.53,-1.05,1.79,-1.02,0.45,1.68,-0.02,-0.0,-3.86,0.64,1.67,-0.37,2.29,-0.63,-0.5,-1.11,0.97,0.59,-1.03,2.45,-3.77,4.51,0.22,-7.3,3.86,0.62,0.79
13.9875,-89.6655,5.64,172.32,-14.82,-0.64,-4.7,-1.41,2.06,-0.46,-0.26,1.4,-0.72,12.87,-5.83,0.27,1.49,-0.31,2.25,-0.21,-0.89,-1.26,0.56,1.26,-1.0,2.13,-3.65,4.57,-0.39,-7.3,4.08,0.49,1.09
13.9875,-89.6648,16.68,-261.12,52.35,0.33,-4.4,-1.18,1.89,0.05,-0.34,2.57,-0.65,-0.0,-5.83,0.94,1.51,0.11,2.01,-0.99,-1.62,-0.39,0.1,0.36,0.08,1.4,-3.5,4.52,-0.8,-7.03,5.14,0.4,1.68
13.9875,-89.664,33.69,-519.59,104.77,0.12,-4.21,-1.02,1.52,-0.28,-0.75,-0.03,-0.62,-0.0,2.81,0.47,1.84,-0.88,2.73,-1.33,-1.74,-2.45,0.44,-0.67,-0.04,2.29,-3.12,4.74,-1.19,-6.94,7.5,0.24,1.68
13.9875,-89.6633,10.61,-99.03,24.94,0.5,-4.88,0.07,2.04,1.45,-1.81,0.82,-1.31,-0.0,-1.83,-0.31,1.43,-1.05,3.33,0.35,-1.16,-2.13,0.41,-0.18,-1.37,1.98,-2.77,5.19,-0.61,-6.83,5.8,-0.78,0.67
13.9875,-89.6626,9.98,-202.82,37.15,0.25,-4.4,-0.25,1.13,0.43,-0.31,1.13,0.19,-4.54,4.66,-1.2,2.06,-1.84,2.11,0.29,-1.2,-1.65,-0.56,0.44,1.93,0.68,-2.9,5.04,-1.38,-6.78,5.8,-0.7,0.28
13.9875,-89.6618,16.03,612.51,-57.48,-1.15,-5.79,0.34,2.08,0.47,-1.1,0.89,-0.72,-0.0,17.36,-0.39,2.84,-1.4,1.91,2.97,0.2,0.18,-0.64,-0.11,0.34,0.59,-3.2,4.87,-0.87,-7.45,5.78,0.01,1.29
13.9875,-89.6611,21.99,-285.03,61.67,-0.0,-4.83,1.34,1.13,0.99,-1.25,-0.8,0.25,-8.96,11.16,-0.39,2.54,-0.13,2.36,0.33,-0.57,-0.36,0.34,0.24,0.23,0.82,-3.72,4.2,-0.59,-6.59,5.77,0.13,1.59
13.9875,-89.6603,14.5,827.26,-86.16,0.54,-4.99,-0.07,0.98,1.69,-0.95,1.02,0.45,10.78,18.94,-1.71,2.32,0.25,2.57,1.49,-1.32,-1.2,0.42,-0.89,1.17,0.55,-2.2,3.66,-0.21,-7.83,5.93,-0.1,1.34
13.9875,-89.6596,-5.39,1221.04,-158.95,0.1,-5.86,-0.75,1.52,1.17,-1.38,1.5,1.17,12.25,17.87,-1.4,2.02,-0.28,3.12,0.82,-1.98,-1.39,1.27,-1.21,0.62,0.81,-3.04,5.03,-1.02,-9.2,4.46,-0.29,1.13
13.9875,-89.6589,8.78,-199.42,35.33,0.37,-5.81,0.06,0.86,1.19,-1.61,0.83,0.62,2.79,-5.28,-2.48,2.8,1.13,2.7,1.12,-1.26,-0.7,0.39,-1.62,0.83,0.72,-2.05,4.1,-1.11,-7.45,5.79,-0.72,0.99
13.9875,-89.6581,3.35,-180.27,26.51,0.71,-6.29,0.19,1.05,2.1,-1.64,0.67,0.6,1.55,-8.1,-0.94,1.88,0.37,2.95,2.24,-1.78,-0.49,1.12,-1.48,0.79,1.14,-4.28,4.27,-2.18,-6.23,4.67,-0.56,0.11
13.9876,-89.6574,37.09,-311.65,82.94,1.41,-7.01,1.1,0.94,2.9,-0.9,-1.12,0.93,-0.0,-0.0,-0.17,2.39,1.1,2.66,-0.12,-1.79,-0.98,-0.61,0.33,-0.69,1.86,-3.49,4.44,-1.25,-6.23,8.19,0.4,0.35
13.9876,-89.6566,43.77,-600.46,126.98,1.24,-8.31,1.14,0.74,2.95,-1.16,0.79,0.24,5.0,-0.75,-1.11,3.5,-1.96,4.58,3.01,-2.98,-2.03,2.88,0.14,-0.22,1.9,-2.13,4.05,-1.45,-7.64,10.14,0.34,0.08
13.9876,-89.6559,26.82,-451.13,88.22,1.32,-6.86,1.63,1.27,4.43,-1.83,0.06,1.6,5.84,-9.26,1.09,2.69,-0.58,3.81,1.76,-4.27,-2.4,2.83,-1.01,0.89,1.3,-1.48,4.9,-1.21,-8.97,10.38,-1.55,0.08
13.9876,-89.6552,13.97,-447.47,72.54,3.13,-8.11,0.7,1.08,2.64,-1.5,-1.95,0.9,0.16,-16.52,0.55,2.84,-4.01,3.84,3.67,2.62,2.05,1.84,-0.21,1.31,2.84,-2.3,5.71,-2.05,-9.34,7.93,-0.13,-0.51
13.9876,-89.6544,41.18,-1434.1,228.26,2.34,-8.6,1.14,2.04,3.89,-1.34,0.2,-0.22,-18.0,-6.34,1.04,2.96,-3.78,3.13,5.74,-0.75,-0.57,1.38,0.36,-2.9,2.43,-1.67,5.46,-3.48,-7.24,10.6,-0.04,-1.19
13.9876,-89.6537,35.07,-1176.33,188.8,1.69,-8.23,1.91,1.08,4.5,-2.09,-1.43,0.56,-20.17,-9.53,0.22,3.11,0.24,5.93,3.7,0.45,1.18,3.03,-0.17,-1.34,3.02,-1.29,5.7,-1.98,-8.31,10.6,-0.32,-1.04
13.9862,-89.7158,14.37,-1151.58,158.71,1.67,4.01,0.65,-4.22,-5.74,9.11,-15.8,3.09,-25.97,-2.79,-3.0,4.45,-2.35,6.36,7.56,-1.94,-17.21,8.49,1.09,1.36,3.97,-6.04,-3.95,0.39,5.74,-7.03,2.14,6.22
13.9862,-89.7151,29.17,-1143.16,175.17,2.18,3.9,2.63,-3.79,-3.66,7.84,-15.65,3.03,-10.13,-12.77,-3.25,-3.28,-3.21,-6.21,0.13,11.94,-4.14,8.32,0.35,11.34,2.59,3.48,-4.76,-4.48,4.69,-5.63,3.98,5.53
13.9862,-89.7144,47.23,-1442.03,233.32,1.68,3.64,1.91,-4.29,-3.61,8.12,-15.31,3.59,-7.83,-11.02,-3.46,1.72,-10.1,1.5,4.21,0.33,-1.81,5.0,0.11,11.29,-1.04,4.66,-2.38,-0.76,4.84,-4.76,3.98,8.19
13.9862,-89.7136,0.24,-522.1,64.59,2.49,3.66,2.44,-4.52,-4.6,11.21,-15.92,3.91,-17.91,0.13,-2.78,8.09,-4.96,-3.4,1.15,7.28,-7.59,7.46,-0.69,-1.14,-4.2,-0.77,-1.21,-2.09,9.59,-8.13,0.64,3.32
13.9862,-89.7129,3.65,-1230.94,155.96,1.44,2.71,1.07,-3.34,-1.9,11.54,-12.77,3.68,-24.68,11.62,0.84,-2.24,-18.54,-13.47,-5.05,3.57,-4.49,6.07,1.14,12.23,0.62,0.12,-5.13,2.57,6.43,-8.13,2.65,4.44
13.9862,-89.7121,15.81,-1066.39,150.06,0.72,3.56,1.25,-2.63,-3.26,9.93,-13.66,4.49,-15.96,2.27,-1.16,2.68,-14.6,-4.68,1.82,12.51,-4.31,-0.96,0.11,1.17,-4.78,1.99,-2.92,-14.19,7.68,-6.37,1.43,4.64
13.9862,-89.7114,26.66,-462.06,88.42,-0.22,2.72,1.45,-3.59,-2.76,8.75,-14.1,5.23,-12.02,13.96,-1.99,0.13,-1.12,-4.79,3.8,7.17,-3.11,-0.67,1.81,-5.33,-3.59,6.13,-2.33,1.66,8.89,-7.35,2.73,5.35
13.9862,-89.7107,19.5,-731.18,113.15,0.32,2.95,1.3,-3.89,-2.07,7.05,-12.97,4.8,-4.14,1.9,1.24,-1.06,-7.17,-2.66,5.81,2.89,-1.58,-1.35,-11.98,2.53,-1.85,7.42,-3.24,-0.51,10.8,-6.31,0.01,3.98
13.9863,-89.7099,57.1,-1352.59,234.18,-0.47,2.32,2.24,-3.58,-2.86,8.04,-13.22,4.55,1.29,11.51,0.0,-1.76,-1.54,-0.53,-2.11,-3.28,-4.69,-9.69,0.48,3.6,-4.94,6.14,-5.49,-1.86,10.33,-3.15,1.54,5.37
13.9863,-89.7092,-4.52,-383.82,42.0,0.74,3.12,1.98,-2.57,-2.44,7.32,-12.77,5.67,-0.0,2.39,-1.86,-1.29,-10.19,-1.28,0.26,-3.23,-4.36,3.18,-5.23,-1.62,-7.73,6.95,-4.86,2.75,3.66,-6.05,0.43,4.91
13.9863,-89.7084,15.14,-263.44,50.37,0.43,2.84,1.55,-2.83,-2.42,5.21,-11.49,5.36,9.45,6.73,-1.21,4.7,-11.63,-1.04,-1.59,0.56,-5.02,2.64,-3.3,2.94,-5.52,-0.72,-1.47,1.42,6.57,-5.03,0.43,4.58
13.9863,-89.7077,12.92,491.68,-45.4,0.24,3.89,0.6,-2.48,-2.27,5.07,-10.55,5.64,16.22,2.53,-2.06,0.95,-8.52,-1.41,-1.68,5.79,-5.95,0.68,10.84,6.01,-2.59,11.5,-5.19,0.25,7.57,-5.03,0.17,3.36
13.9863,-89.707,24.93,116.74,15.03,0.23,4.54,0.27,-3.18,-1.91,4.4,-8.81,5.77,9.11,9.77,-1.59,0.17,-5.17,0.32,-3.84,3.06,-1.97,-1.32,6.63,2.8,-2.29,4.04,-2.3,-1.89,7.21,-2.43,0.1,2.12
13.9863,-89.7062,13.97,1136.81,-123.8,-1.06,3.26,0.12,-1.96,-0.99,4.81,-8.19,6.1,10.48,15.84,-2.87,0.3,-0.0,-2.65,13.19,-1.19,3.15,0.19,-2.52,1.21,-1.18,6.73,-2.39,0.28,5.85,-4.88,2.23,1.96
13.9863,-89.7055,29.12,725.13,-55.12,-1.25,3.69,0.17,-1.35,-1.39,4.51,-7.93,5.23,-8.86,25.78,-3.12,-1.33,17.51,-2.61,-6.75,4.83,1.24,6.78,-1.8,12.3,-10.96,2.17,-2.15,0.81,5.55,-2.57,2.1,2.01
13.9863,-89.7047,-6.04,963.4,-126.08,0.39,3.49,-0.72,-1.74,-2.15,1.49,-5.77,5.05,1.33,25.21,-3.68,2.69,8.26,-3.86,-11.73,3.83,-1.52,7.9,-2.77,-1.32,-4.05,0.44,-2.95,-0.34,5.55,-7.05,2.64,0.6
13.9863,-89.704,4.96,-230.02,34.26,-1.71,3.84,-1.15,-1.05,-1.95,1.12,-6.66,4.15,-3.62,-0.0,-3.9,-5.78,20.26,-5.09,0.15,-2.58,0.11,1.12,2.46,4.69,0.46,-3.04,-3.02,-1.59,2.96,-3.04,0.91,1.52
13.9863,-89.7033,-8.75,2031.48,-261.25,0.8,2.56,-1.38,-2.44,-0.45,0.54,-5.18,3.26,2.66,41.86,-5.21,6.08,4.9,-3.57,4.04,-2.29,1.73,0.37,5.66,-3.46,0.51,-3.49,9.07,-1.49,4.5,-4.7,0.22,0.45
13.9863,-89.7025,-35.21,1454.84,-221.32,-1.83,2.78,-2.03,-1.95,0.71,-1.03,-4.17,0.52,10.55,33.05,-4.4,-2.12,4.92,-3.14,2.4,1.32,-1.93,-0.77,-3.85,-14.42,-9.01,1.99,-5.54,1.85,4.36,-7.63,-0.05,-0.17
13.9863,-89.7018,-8.61,516.81,-74.03,-0.71,2.25,-1.83,-0.44,-0.0,-1.73,-3.44,1.51,9.61,27.93,-4.64,-1.4,-2.9,-1.29,-11.88,2.2,-0.47,-1.29,1.6,-8.1,-2.75,2.13,-3.02,-1.44,7.0,-5.85,0.82,-1.2
13.9864,-89.701,29.35,599.0,-39.35,0.43,2.42,-2.23,-0.97,0.63,-1.59,-4.43,-0.1,15.31,26.49,-4.35,2.67,2.75,-1.55,1.91,3.32,4.77,-8.58,-2.56,-4.62,-1.39,2.38,-4.75,0.61,11.58,-3.31,0.47,-0.96
13.9864,-89.7003,-5.53,161.15,-26.45,-0.38,1.26,-1.42,-3.88,-0.15,-2.05,-6.14,-0.05,-0.0,6.67,-4.33,0.84,-3.78,-2.31,-3.67,1.54,6.06,1.79,7.59,-7.72,-0.97,2.24,-3.05,-0.57,4.85,-3.31,0.17,-1.16
13.9864,-89.6996,-7.6,514.9,-72.64,-1.14,2.57,-3.77,-1.47,1.13,0.47,-0.45,0.96,-3.55,19.13,-4.29,-2.49,-5.28,-1.23,9.58,-1.41,3.17,3.31,-3.93,-7.68,-2.1,0.5,0.32,0.24,3.91,-2.76,-0.02,-1.12
13.9864,-89.6988,10.57,140.09,-4.84,-0.68,2.87,-2.55,-1.43,0.09,-0.3,0.42,-0.97,3.97,22.9,-3.76,-1.12,-5.63,-1.8,-1.17,-0.76,3.14,-4.29,-0.68,-5.17,3.13,-0.47,0.4,-1.25,4.75,-0.36,-0.11,-1.84
13.9864,-89.6981,2.53,1286.67,-156.15,-1.58,2.63,-1.69,-2.15,-0.33,-0.69,0.28,2.13,-0.0,22.79,-4.09,2.86,11.08,-3.33,0.13,0.42,4.91,-0.79,0.34,-4.16,-0.89,-0.74,-1.26,-0.5,4.55,-1.97,0.02,-1.07
13.9864,-89.6973,6.78,-289.56,43.84,-1.24,3.96,-1.17,-2.36,0.37,-1.36,0.52,0.57,-0.0,5.86,-2.17,-0.74,-7.4,-2.44,-6.09,-1.22,2.98,-0.94,1.47,-3.44,1.51,1.01,0.45,-2.41,4.55,-1.76,0.18,-0.85
13.9864,-89.6966,12.06,-97.24,26.29,-1.12,5.43,-2.58,-2.84,0.95,-0.84,1.04,0.43,12.67,5.03,0.17,-4.62,1.96,-2.96,-4.89,-0.53,2.83,-4.24,-0.94,-4.71,0.98,0.9,-2.93,-3.72,6.05,-2.17,0.34,-0.85
13.9864,-89.6959,1.9,222.65,-25.31,-0.95,4.07,-2.54,-2.59,1.0,-2.13,1.55,0.81,16.22,-2.97,-2.46,0.4,0.78,-1.12,-3.66,-0.16,3.77,-2.89,0.23,-3.38,1.28,0.5,-3.3,-3.4,3.17,-1.84,0.97,-1.62
13.9864,-89.6951,11.65,572.66,-57.12,-0.63,4.17,-1.46,-2.34,0.56,-1.02,2.36,0.48,21.19,5.66,-2.02,-1.08,0.16,-0.84,-1.89,-0.65,4.01,-2.7,0.67,-2.37,1.77,-0.82,-1.12,-4.15,4.76,-0.99,0.0,-0.91
13.9864,-89.6944,17.31,-126.66,36.14,-1.11,4.02,-1.2,-3.13,0.74,-2.18,2.06,-0.7,7.56,-1.42,-1.65,-0.64,1.14,-1.28,0.29,0.36,3.89,-3.96,0.46,0.06,0.44,0.49,1.56,-3.8,4.66,-0.12,-0.08,-0.85
13.9864,-89.6936,16.99,-171.39,41.31,-1.99,3.53,-2.14,-3.05,0.99,-2.58,2.35,-0.57,-0.0,0.92,-0.96,1.09,0.96,-1.28,-2.29,-0.9,3.04,-3.59,0.89,-1.42,1.97,0.42,1.72,-3.84,4.19,-0.12,-0.25,-0.17
13.9864,-89.6929,16.59,-657.29,101.02,-1.89,2.55,-1.47,-3.02,0.61,-2.19,2.73,-0.97,-0.0,-12.85,0.96,0.07,0.55,-1.86,-1.07,-1.32,2.96,-3.83,0.45,-2.47,2.09,0.33,0.84,-3.78,3.54,0.14,-0.25,-0.0
13.9864,-89.6922,14.3,-1491.44,201.66,-1.78,2.06,-1.37,-2.84,0.89,-2.12,2.87,-0.89,-17.03,-16.99,-0.78,-0.19,0.55,-2.01,-0.96,-0.17,2.91,-3.9,0.17,-2.09,3.49,1.18,-0.29,-3.74,2.74,0.19,-0.63,0.91
13.9865,-89.6914,5.92,-549.55,75.09,-1.0,1.21,-0.15,-2.99,1.25,-1.93,3.03,-0.98,6.2,-21.17,-0.51,0.26,1.56,-1.5,-0.87,-0.12,4.02,-2.42,0.72,-2.89,2.92,0.5,-0.16,-3.8,1.33,0.42,-0.66,0.2
13.9865,-89.6907,10.5,-412.91,63.59,-0.84,0.91,-0.32,-2.41,1.01,-1.89,3.14,-0.7,2.79,-9.56,-0.03,0.23,0.89,-0.99,-0.88,-1.42,5.03,-3.65,0.66,-3.07,2.16,0.24,-0.38,-3.77,1.79,0.38,-0.18,0.17
13.9865,-89.6899,6.04,-613.9,83.23,-0.66,0.66,0.4,-2.05,0.76,-1.5,3.36,-1.02,-7.07,-0.0,-0.1,-0.4,0.85,-1.1,-0.69,-0.85,4.72,-3.63,0.98,-2.68,3.0,0.0,0.46,-3.84,1.53,0.7,-1.12,0.34
13.9865,-89.6892,1.94,-95.89,14.18,-0.6,0.25,0.58,-1.64,0.64,-1.68,3.37,-1.12,3.82,-0.0,1.34,0.31,0.79,-1.04,-0.75,-0.56,4.52,-3.5,1.18,-2.85,3.24,-0.17,0.67,-3.72,1.53,0.49,-1.35,0.1
13.9865,-89.6885,2.71,-392.18,51.84,-0.4,-0.06,0.84,-1.04,0.72,-1.76,3.48,-1.14,12.56,-27.16,0.7,-0.19,0.79,-0.27,-0.15,-0.59,4.61,-3.63,1.23,-2.85,3.05,0.03,0.97,-3.65,0.97,0.4,-0.7,0.01
13.9865,-89.6877,0.44,-709.61,88.52,-0.14,-0.71,0.75,-0.71,0.59,-1.76,3.43,-1.23,-0.0,-30.51,0.76,-0.25,0.06,-0.26,-0.21,-0.46,4.36,-3.28,1.12,-2.71,2.98,0.02,0.79,-3.77,0.88,0.37,-0.9,-0.04
13.9865,-89.687,4.21,-645.45,85.04,-0.16,-0.96,0.74,-0.42,0.06,-1.73,3.57,-0.95,-0.0,-27.36,0.84,0.0,0.12,0.06,-0.37,-0.52,4.48,-3.09,1.48,-2.72,2.87,-0.02,1.09,-3.63,1.05,0.74,-0.93,0.1
13.9865,-89.6862,5.77,-25.74,10.02,-0.11,-1.4,0.63,0.16,-0.18,-1.72,3.66,-0.76,3.18,-5.36,0.43,-0.38,0.15,0.54,-0.27,-0.68,4.27,-3.02,1.48,-2.42,2.95,-0.05,1.22,-3.56,1.43,0.62,-0.8,0.07
13.9865,-89.6855,5.04,299.93,-31.26,-0.22,-1.44,0.6,0.41,-0.25,-2.03,3.68,-0.85,12.57,-5.36,0.67,-0.62,-0.01,0.75,-0.04,-0.44,3.51,-2.22,1.28,-2.22,2.82,0.02,1.23,-3.29,1.84,0.54,-0.81,-0.4
13.9865,-89.6848,3.69,-81.5,14.48,-0.38,-1.61,0.54,0.55,-0.34,-2.11,3.82,-0.8,-0.0,-11.0,0.64,-0.63,-0.36,1.08,-0.25,-0.14,3.16,-2.11,1.5,-2.02,2.69,-0.23,1.46,-3.08,1.78,0.54,-0.68,-0.86
13.9865,-89.684,3.04,188.89,-19.86,-0.45,-1.93,0.83,0.9,-0.51,-2.13,4.11,-0.9,4.04,-2.55,0.75,-0.26,-0.36,1.2,-0.26,0.07,2.45,-1.73,1.67,-1.96,2.64,-0.06,1.6,-2.64,1.48,0.57,-0.49,-1.08
13.9865,-89.6833,-0.97,-11.65,0.29,-0.62,-2.21,0.66,1.23,-0.71,-1.96,4.12,-0.89,-7.67,-0.29,0.52,-0.35,-0.14,1.42,0.13,0.23,2.04,-1.38,1.78,-1.75,2.57,-0.51,1.35,-1.68,0.73,0.61,-0.62,-1.12
13.9866,-89.6825,-1.42,-470.37,56.74,-0.79,-2.05,0.59,1.6,-0.93,-1.96,4.04,-1.12,-6.62,-14.62,0.65,-0.46,-0.22,1.59,-0.09,0.33,1.77,-1.22,1.78,-1.74,2.6,-0.77,1.4,-1.17,0.52,0.49,-0.43,-1.14
13.9866,-89.6818,-1.24,-448.9,54.29,-1.0,-2.26,0.56,1.38,-1.09,-1.89,3.86,-1.09,-5.7,-14.78,0.51,-0.07,-0.33,1.77,-0.17,0.66,1.42,-1.1,1.89,-1.23,2.42,-1.02,1.46,-1.06,0.52,0.19,-0.28,-0.85
13.9866,-89.6811,-5.64,-15.52,-4.74,-1.18,-2.71,0.19,1.73,-1.11,-1.49,3.42,-0.99,-0.0,-15.53,0.14,0.01,-0.09,1.92,-0.11,0.94,0.66,-0.69,1.66,-1.31,2.27,-1.11,1.49,-0.93,-0.19,0.06,-0.28,-0.92
13.9866,-89.6803,-8.42,583.37,-82.46,-1.19,-2.98,0.3,2.08,-1.16,-1.37,3.42,-0.78,16.75,-0.0,0.01,0.28,-0.41,1.94,-0.24,1.09,0.53,-0.62,1.45,-1.29,2.09,-1.42,1.73,-0.92,-0.85,-0.04,-0.14,-0.92
13.9866,-89.6796,-8.41,550.46,-78.37,-1.42,-2.95,-0.01,2.16,-1.15,-0.97,3.3,-0.73,-0.0,-0.53,-0.05,0.41,-0.54,1.97,-0.51,1.33,0.16,-0.28,1.48,-1.06,1.94,-1.55,2.01,-0.69,-1.29,-0.1,0.43,-1.26
13.9866,-89.6788,-8.25,361.13,-54.65,-1.64,-2.94,-0.27,1.91,-1.26,-0.66,3.07,-0.86,-0.0,-5.37,-0.22,0.47,-0.35,1.75,-0.37,1.49,-0.09,-0.09,1.24,-0.92,1.81,-1.76,2.29,-0.59,-1.35,-0.1,0.54,-1.35
13.9866,-89.6781,-6.62,191.18,-31.61,-1.86,-3.09,-0.48,2.32,-1.35,-0.39,2.9,-0.72,-8.63,4.63,-0.23,0.51,-0.52,1.86,-0.47,1.41,-0.47,0.22,1.0,-0.67,2.09,-1.8,2.58,-0.41,-1.54,0.13,0.76,-1.53
13.9866,-89.6774,-5.45,335.94,-48.23,-2.08,-3.24,-0.68,2.52,-1.29,0.16,2.63,-0.9,2.88,-1.15,-0.02,0.5,-0.62,1.57,-0.58,1.46,-0.58,0.69,0.9,-0.53,2.13,-2.56,2.59,-0.08,-1.86,0.29,0.8,-1.27
13.9866,-89.6766,-7.37,225.06,-36.72,-2.38,-3.15,-1.11,2.09,-1.25,0.33,2.16,-0.88,-4.17,2.05,0.13,0.47,-0.25,1.57,-0.99,1.53,-0.83,0.92,0.75,-0.61,1.87,-2.46,2.59,0.11,-2.62,0.2,1.0,-1.07
13.9866,-89.6759,-6.57,545.93,-75.7,-2.64,-3.01,-1.28,2.29,-1.16,0.42,1.39,-0.91,3.21,5.3,0.05,0.56,-0.03,1.55,-1.06,1.22,-1.02,1.0,0.66,-0.35,2.23,-2.5,2.77,0.44,-3.36,0.49,1.37,-1.17
13.9866,-89.6751,-2.0,-472.96,56.49,-2.64,-3.35,-1.34,2.53,-1.23,0.73,1.43,-0.53,-8.26,-0.0,-0.02,0.48,-0.52,1.42,-1.06,1.01,-1.16,1.22,0.42,-0.24,2.17,-2.85,2.8,0.62,-3.36,0.68,1.8,-1.07
13.9866,-89.6744,-0.04,-131.52,16.32,-2.85,-3.51,-1.65,3.05,-1.5,1.38,1.38,-0.56,-9.67,1.93,0.39,0.48,-0.28,1.08,-0.83,0.82,-1.25,1.49,0.6,-0.26,2.11,-2.97,2.7,0.64,-3.39,0.57,2.06,-0.76
13.9867,-89.6737,-1.32,226.81,-29.8,-3.1,-3.69,-1.93,3.27,-1.57,1.71,1.05,-0.5,-1.87,3.99,0.25,0.59,-0.44,1.13,-0.54,0.67,-1.37,1.66,0.86,-0.02,2.01,-3.11,2.67,1.15,-3.83,0.32,2.29,-0.49
13.9867,-89.6729,-4.83,325.03,-46.19,-2.66,-3.74,-2.2,2.98,-1.53,1.39,1.31,-0.36,-4.15,6.63,0.24,0.75,-0.29,1.38,-0.64,0.41,-1.34,1.79,0.85,-0.28,2.31,-2.95,2.63,1.41,-3.99,0.12,2.34,-0.88
13.9867,-89.6722,-0.86,700.55,-88.25,-2.49,-4.1,-2.17,3.33,-1.45,1.47,1.87,-0.68,10.5,6.63,0.58,0.36,-0.14,1.28,-0.73,0.45,-1.61,1.13,0.62,-0.53,2.39,-2.75,2.71,1.48,-4.09,0.33,2.45,-0.37
13.9867,-89.6714,1.82,215.13,-24.64,-2.35,-4.11,-1.85,3.4,-1.38,1.31,2.33,-1.03,-0.96,4.14,0.78,0.42,0.14,1.13,-0.62,0.24,-1.35,1.23,1.06,-0.36,2.47,-3.02,2.57,1.15,-4.51,0.94,2.41,-0.28
13.9867,-89.6707,-0.98,658.67,-83.21,-1.89,-4.13,-2.31,3.23,-1.46,1.18,1.76,-0.6,10.9,4.14,1.05,0.69,-0.0,0.92,-0.37,0.05,-1.34,1.57,0.97,-0.76,3.31,-3.49,2.39,0.86,-5.17,0.94,2.33,-0.09
13.9867,-89.67,-1.71,439.83,-56.83,-1.72,-3.87,-1.99,3.4,-1.44,0.93,2.75,-1.08,2.21,7.05,0.78,0.64,-0.73,1.16,-0.71,-0.17,-1.2,1.2,0.71,-0.53,2.67,-3.78,2.87,0.94,-5.56,1.32,2.09,-0.12
13.9867,-89.6692,5.37,591.08,-67.3,-1.44,-4.19,-1.56,3.43,-1.85,1.45,2.63,-0.9,22.56,-5.84,1.1,0.61,-0.29,1.34,-0.44,0.24,-1.76,0.99,1.43,-0.24,3.1,-3.77,2.97,0.93,-5.6,1.81,2.41,0.22
13.9867,-89.6685,6.96,134.11,-8.48,-1.48,-4.23,-1.98,2.69,-1.49,1.24,2.39,-1.58,10.18,-5.84,0.95,0.8,0.13,1.47,-0.34,-0.12,-1.46,1.41,1.71,-0.56,2.91,-3.77,3.56,1.25,-5.3,2.34,1.97,0.01
13.9867,-89.6677,5.41,201.33,-18.69,-1.07,-4.06,-2.16,2.37,-1.32,1.12,2.5,-1.81,8.83,-1.44,0.28,0.93,0.12,1.91,-0.61,-0.23,-1.33,1.12,1.2,-1.38,2.25,-3.76,4.06,0.64,-5.69,2.74,1.24,0.47
13.9867,-89.667,6.56,-31.34,11.68,-0.81,-3.99,-1.91,2.05,-1.25,0.68,2.42,-1.61,5.83,-4.14,0.77,1.3,-0.13,1.89,-0.71,-0.29,-1.49,0.49,0.84,-1.21,2.75,-3.98,3.95,1.0,-5.69,3.72,0.52,0.14
13.9867,-89.6663,9.52,694.03,-75.28,-0.7,-4.19,-0.96,2.13,-0.41,0.34,1.98,-0.61,19.5,3.8,0.93,1.06,-0.23,1.92,-0.21,-0.42,-1.46,0.87,0.85,-0.83,2.29,-4.05,4.14,0.69,-6.89,4.38,0.86,0.47
13.9867,-89.6655,10.76,311.6,-26.12,-0.0,-4.68,-0.74,1.54,-0.57,0.07,1.63,-0.7,14.94,0.67,0.81,1.18,-0.6,2.09,-0.37,-0.75,-1.14,0.57,-0.16,-0.61,1.43,-3.85,4.37,-0.42,-7.2,4.75,0.86,0.47
13.9868,-89.6648,16.22,-414.89,70.98,0.1,-4.81,-1.29,1.29,-0.07,-0.14,1.14,-0.79,1.23,-4.23,0.8,1.41,0.07,1.36,-1.1,-0.21,-0.72,0.72,0.88,-0.87,1.6,-3.51,4.72,-0.24,-6.27,5.46,0.21,0.54
13.9868,-89.664,5.49,532.46,-59.94,0.07,-4.64,-0.35,0.5,0.69,-2.0,1.55,-0.54,17.89,1.33,1.04,1.28,-0.52,1.5,-0.92,-0.92,-1.25,0.5,0.46,0.28,1.86,-2.19,4.73,-0.89,-6.75,4.21,0.16,0.76
13.9868,-89.6633,-7.13,-428.5,45.03,0.12,-5.08,-0.06,2.08,1.0,-1.63,2.39,-1.26,-7.74,-0.0,1.23,0.87,0.36,1.26,-0.88,-0.86,-0.71,0.59,-0.98,-0.52,1.06,-2.6,4.44,-1.16,-7.95,4.21,-0.72,0.45
13.9868,-89.6626,-1.14,221.22,-28.97,-0.56,-4.68,0.32,1.18,1.38,-1.23,1.24,-0.03,-7.74,10.4,0.28,1.27,0.2,1.84,-0.01,-0.94,-0.05,0.85,-0.03,-0.41,0.38,-2.6,4.51,-1.67,-6.65,4.46,-0.55,-0.28
13.9868,-89.6618,6.32,796.24,-91.93,0.16,-4.26,-0.34,0.86,1.04,-1.42,2.74,-0.2,3.52,19.25,-0.0,2.2,0.82,1.3,0.14,-0.77,-0.27,0.6,-1.17,1.45,0.41,-2.94,4.81,-0.92,-6.4,5.34,-0.72,-0.12
13.9868,-89.6611,18.48,1018.14,-105.25,0.7,-4.46,0.12,0.77,1.24,-1.56,0.28,-0.29,21.92,16.86,-0.49,2.51,0.64,1.48,0.99,-1.22,-0.13,0.28,0.51,0.14,0.83,-2.66,4.48,-1.37,-6.87,6.37,-0.49,1.06
13.9868,-89.6603,-0.33,1237.46,-154.96,0.51,-5.13,0.46,1.05,1.78,-2.6,1.12,-0.07,19.12,16.86,-0.6,2.36,0.89,1.91,-0.46,-2.95,-0.75,-0.25,-0.68,0.64,1.43,-1.33,5.46,-1.67,-8.73,4.53,0.17,0.86
13.9868,-89.6596,11.3,-409.14,64.51,0.75,-5.77,-0.54,1.02,1.67,-1.34,2.13,0.12,-9.42,2.99,-0.88,1.98,-0.23,2.15,-0.24,-1.55,-0.83,-0.12,0.81,-0.06,1.02,-2.19,5.95,-2.27,-8.73,6.46,0.04,0.5
13.9868,-89.6589,-4.58,282.06,-40.68,0.18,-6.15,0.04,0.89,1.36,-1.7,1.67,1.54,8.01,-4.24,-0.32,2.08,0.0,2.35,-0.6,-1.74,-0.47,-0.54,0.3,1.35,0.09,-2.61,4.32,-1.08,-8.57,4.99,-0.94,0.78
13.9868,-89.6581,16.04,-93.45,30.7,0.79,-6.58,0.84,1.81,2.11,-1.28,1.15,0.93,-0.62,1.99,-1.51,1.26,-1.23,2.59,2.64,-1.22,0.13,1.6,2.13,-0.24,0.53,-2.36,4.33,-1.69,-7.98,8.18,-0.8,-0.79
13.9868,-89.6574,-2.72,651.44,-84.66,1.24,-6.31,-0.04,1.03,1.92,-2.52,1.65,1.7,3.82,11.34,0.11,0.77,-1.59,2.04,0.25,-1.94,1.14,1.57,-0.25,-0.48,1.14,-1.43,4.85,-2.08,-8.56,5.26,0.02,-0.79
13.9868,-89.6566,58.36,-163.76,89.68,1.18,-7.93,0.83,1.13,2.55,-1.32,1.47,0.26,13.63,13.37,-0.07,3.17,-1.0,2.85,2.21,-2.35,-0.54,1.42,-0.1,-0.06,1.01,-2.54,4.3,-2.05,-8.15,11.91,1.06,-0.18
13.9868,-89.6559,39.55,-1020.93,174.58,1.72,-6.86,1.6,1.87,2.95,-2.42,1.33,-0.52,-4.31,-0.0,-1.54,3.43,-1.24,4.29,1.7,-1.59,2.72,1.83,-1.08,0.76,0.56,-0.61,5.88,-1.05,-6.5,9.82,-0.6,-0.14
13.9869,-89.6552,41.86,-645.78,130.42,1.42,-7.04,0.06,0.61,4.13,-2.7,-0.96,-0.56,-5.19,3.96,-0.54,3.03,0.87,2.68,5.54,-2.45,-0.24,0.65,0.13,1.08,1.73,-0.02,5.78,-2.56,-6.64,9.82,-0.33,0.13
13.9869,-89.6544,20.93,-817.51,127.1,1.43,-8.24,0.85,0.97,4.09,-1.92,1.57,-1.38,-11.65,-7.24,-0.03,2.55,-1.67,3.04,2.88,-0.79,0.3,1.7,1.79,0.63,0.69,-2.37,6.11,-2.03,-7.77,8.63,-0.13,-1.81
13.9869,-89.6537,37.94,-1107.62,183.6,2.31,-7.48,1.06,1.26,5.61,-2.34,-0.27,-0.36,-5.92,-7.24,-0.48,3.5,-1.61,5.06,1.94,-0.11,-2.43,-0.61,0.39,-0.83,1.58,-3.09,4.65,-1.06,-8.85,9.9,0.8,-0.32
13.9855,-89.7158,34.46,-2445.16,341.66,3.21,2.16,1.31,-3.82,-4.31,9.47,-14.94,3.04,-25.24,-24.12,-0.52,3.66,-1.14,-2.09,-1.3,1.76,-6.1,6.48,-6.3,-2.22,2.53,4.54,-4.28,-3.91,8.67,-7.25,2.12,8.22
13.9855,-89.7151,3.92,-1847.0,232.03,1.93,4.41,1.59,-4.23,-3.44,9.51,-15.06,4.21,-21.92,-8.41,-1.24,2.21,-13.03,-1.5,2.33,-1.24,0.55,8.13,-17.9,-5.01,-3.11,0.02,-6.19,-2.28,7.58,-10.5,2.54,7.29
13.9855,-89.7143,9.0,-1029.14,137.36,1.69,2.62,2.09,-3.46,-2.54,10.06,-15.61,3.84,-17.91,-4.12,0.03,0.17,-7.62,0.7,0.97,-1.49,-6.62,7.62,3.49,-0.48,-0.24,0.97,-4.27,-2.16,8.11,-10.5,3.42,6.61
13.9855,-89.7136,20.99,-1823.05,249.32,-1.77,2.63,1.25,-3.74,-2.35,10.6,-15.61,3.01,-15.6,2.48,-0.0,2.76,-16.63,-9.27,1.72,-9.22,-4.81,5.5,-0.88,2.41,1.9,1.1,-2.95,-2.53,8.72,-8.04,2.4,6.19
13.9855,-89.7129,27.87,-1707.1,243.2,1.06,3.83,1.42,-3.28,-1.95,9.46,-12.73,3.85,-13.48,19.56,-3.94,-2.09,-10.65,-5.74,-1.14,-4.66,-6.26,1.79,-2.56,-14.49,-2.45,0.83,0.06,-1.1,9.24,-6.04,1.36,5.45
13.9855,-89.7121,21.49,-2530.56,337.19,-1.79,4.55,0.81,-3.42,-3.65,9.65,-12.94,5.29,-37.22,5.5,-0.44,3.59,-18.92,-6.78,2.53,-0.71,-3.1,0.56,-0.74,-9.45,-13.0,2.78,-1.01,-0.48,9.31,-8.03,2.21,5.89
13.9855,-89.7114,41.89,-1099.14,184.92,0.04,2.62,0.3,-3.38,-2.81,9.61,-12.94,5.08,-24.05,13.97,-1.21,2.49,-4.46,-2.31,6.54,2.64,-4.73,2.85,-2.42,2.12,-4.79,3.1,-2.58,-4.89,9.31,-7.2,2.96,7.88
13.9855,-89.7106,28.33,-379.1,80.18,0.14,2.71,1.24,-3.37,-1.38,7.21,-12.06,4.72,-9.87,18.26,-0.6,-1.34,-2.79,-1.51,-0.62,0.1,-4.8,3.52,1.72,1.73,-2.09,7.34,-5.36,-1.91,10.57,-7.02,0.06,7.47
13.9855,-89.7099,12.21,-826.49,116.32,-1.72,3.34,2.4,-4.98,-2.05,6.67,-13.95,4.87,-20.99,7.26,-1.16,0.54,-2.04,-1.47,2.6,-1.07,-2.9,2.71,-2.0,1.24,-2.71,4.69,-5.3,-1.37,7.48,-6.43,0.06,5.95
13.9855,-89.7092,29.9,-450.13,90.82,-0.01,3.45,2.2,-3.25,-0.69,6.41,-12.41,4.59,-9.19,5.55,-0.85,-0.68,-3.17,-1.9,1.84,9.61,-1.88,0.75,-1.41,6.43,-3.76,5.48,-4.65,-1.52,8.13,-6.43,2.21,6.0
13.9855,-89.7084,-6.99,142.49,-25.83,-0.03,3.41,0.99,-2.74,-1.4,5.89,-12.13,4.31,8.2,-0.85,0.28,-0.56,-2.69,-1.84,-1.2,0.92,-1.73,1.78,-1.64,1.21,-5.27,2.64,-4.49,-0.6,4.94,-8.18,2.34,3.63
13.9856,-89.7077,27.55,-744.02,124.32,0.45,3.44,0.45,-1.93,-1.37,5.18,-11.2,4.11,9.31,-7.92,-1.34,0.99,-4.54,-1.54,-0.07,0.78,-1.93,2.0,-2.32,-0.15,-3.17,5.72,-5.02,0.18,8.32,-4.1,0.74,3.46
13.9856,-89.7069,10.93,-17.48,15.06,-0.13,3.52,-0.22,-1.66,-1.69,5.16,-10.79,5.74,2.49,-0.97,-2.69,-1.14,3.87,2.66,5.27,0.08,-2.85,2.61,-0.84,-6.6,-4.23,3.73,-3.12,-2.71,8.62,-5.24,0.47,1.62
13.9856,-89.7062,6.16,940.4,-108.78,0.32,3.75,-1.1,-1.47,-0.64,4.83,-10.38,5.12,4.04,19.49,-2.19,1.06,11.32,-1.31,4.94,-5.06,-0.86,-0.8,-3.54,1.88,-3.82,3.82,-4.4,0.12,4.44,-4.3,1.2,2.26
13.9856,-89.7055,-2.78,143.65,-21.02,-1.32,3.48,-0.55,-1.38,-0.7,2.99,-7.65,4.97,-4.41,23.95,-3.82,-4.25,3.66,-2.39,-2.44,-4.75,-1.6,-4.53,-0.22,0.07,-1.68,1.03,-4.93,-0.74,4.44,-3.28,-0.75,1.46
13.9856,-89.7047,-8.71,901.33,-121.57,-1.56,3.58,-1.02,-0.77,-1.36,3.35,-6.56,5.04,-2.02,17.53,-4.15,3.55,6.04,-3.46,4.55,-1.24,-2.94,-5.69,1.52,3.96,-1.87,3.92,-4.61,-0.99,4.89,-4.13,-0.75,1.0
13.9856,-89.704,-4.66,366.18,-50.72,-1.43,3.78,-2.01,-0.05,-1.7,2.14,-6.46,3.63,-9.09,34.75,-4.12,-2.84,-0.57,-7.35,3.04,0.83,-2.96,-1.98,3.65,-5.78,-5.19,0.44,-2.64,-0.73,4.55,-4.13,0.01,1.0
13.9856,-89.7032,27.34,-618.95,108.75,-2.58,4.29,-1.9,-0.9,-1.26,1.52,-7.11,1.65,-17.19,33.33,-4.58,-1.01,3.62,-2.31,3.35,-8.84,-0.58,-4.22,0.73,-4.09,-2.65,-2.24,-1.64,0.96,7.34,-0.69,-0.1,-0.51
13.9856,-89.7025,16.25,-66.14,27.36,-1.04,4.77,-3.32,1.0,0.32,-0.17,-4.35,0.93,-5.12,36.34,-5.12,-6.26,-0.48,-0.99,-3.21,4.56,-0.01,1.07,0.19,-8.56,-5.85,-12.27,-1.59,1.18,5.48,-2.56,1.09,0.12
13.9856,-89.7018,-28.77,1931.26,-272.62,-0.68,4.03,-2.82,1.0,0.14,-1.05,-3.43,2.87,4.83,35.98,-3.86,11.77,1.8,-2.55,-4.54,0.32,-2.69,-3.71,1.54,-1.0,-1.91,-1.79,-1.91,0.58,4.77,-7.55,0.79,-0.55
13.9856,-89.701,-16.69,1122.93,-158.5,-1.39,2.0,-1.73,-0.67,0.45,-1.25,-2.46,0.22,6.46,36.39,-4.26,4.09,-7.9,-2.13,-9.48,1.33,-1.68,-1.08,4.31,-0.04,-1.34,2.0,-5.72,1.87,4.2,-5.97,1.38,-0.69
13.9856,-89.7003,-7.5,907.38,-121.02,0.75,1.82,-1.19,0.86,0.33,-1.01,-2.95,-1.03,-0.0,28.39,-3.84,1.69,-1.42,-2.07,-2.15,-2.82,2.39,1.35,-1.55,-3.3,-0.47,-0.08,-4.1,2.18,4.4,-3.95,1.09,-1.55
13.9856,-89.6995,0.15,1517.66,-187.45,-0.82,2.7,-1.56,-0.05,0.84,-2.36,-0.57,-0.41,9.09,30.77,-4.47,-0.17,2.05,-0.2,4.11,-0.41,4.56,-1.47,6.94,-3.07,-0.1,-1.2,-1.48,-10.11,4.38,-1.67,0.17,-2.05
13.9857,-89.6988,-6.96,1655.89,-212.98,0.13,2.64,0.28,-1.27,1.33,0.28,-0.99,-0.25,-4.91,35.84,-3.5,1.2,3.05,-1.2,6.31,3.04,5.34,-3.62,1.69,-2.56,1.04,-2.16,0.84,-0.55,4.61,-2.89,0.91,-3.04
13.9857,-89.6981,30.01,-782.73,132.28,-2.65,4.46,-0.96,-1.69,0.69,-0.57,-0.38,0.06,-6.48,24.46,-3.79,-0.34,-8.37,-4.38,-8.0,0.46,3.06,-3.3,2.13,-3.13,0.91,1.38,-3.27,-1.45,5.98,-0.51,0.83,-0.04
13.9857,-89.6973,20.57,-224.17,52.04,-0.83,4.42,-1.27,-1.98,0.78,-1.47,0.08,0.95,-0.0,14.84,-3.83,-0.94,-7.06,-0.75,-7.49,0.5,3.55,-2.15,0.82,0.08,1.48,2.64,-2.48,-4.43,5.27,-1.43,0.83,-0.04
13.9857,-89.6966,19.89,241.14,-6.33,-0.91,4.41,-0.89,-2.45,1.55,-3.24,0.81,1.14,17.95,15.4,-0.62,-1.09,-5.25,-1.63,-6.31,-0.08,3.31,-2.88,0.17,-3.09,2.37,1.19,-1.82,-3.87,6.03,-0.77,-0.06,-0.82
13.9857,-89.6958,20.98,629.28,-53.07,-0.47,4.69,-1.49,-2.43,1.41,-3.79,2.88,0.17,26.72,7.54,-0.39,-0.65,1.8,-1.47,-0.93,-0.87,0.0,-2.68,0.42,-1.39,1.31,1.39,-0.93,-2.46,4.04,-0.77,1.35,-0.54
13.9857,-89.6951,19.01,598.86,-51.65,-1.24,5.34,-1.85,-2.27,1.8,-2.11,2.45,0.53,18.49,10.49,-0.26,0.16,1.23,-1.74,-3.18,-0.77,4.18,-2.99,0.82,-1.12,1.72,0.37,-1.86,-3.0,4.61,-0.76,0.74,-0.56
13.9857,-89.6944,22.54,-171.82,47.92,-1.63,3.54,-2.04,-2.88,0.61,-2.89,2.63,-0.51,13.98,-2.47,-1.66,-0.16,1.58,-2.01,-1.85,0.88,3.4,-4.09,-0.94,-1.0,3.93,0.79,-0.46,-3.71,4.74,-0.36,0.67,-0.5
13.9857,-89.6936,12.31,421.97,-37.69,-1.1,3.26,-2.41,-2.39,0.95,-2.35,2.35,-1.05,6.58,10.54,0.94,0.63,1.4,-1.12,0.52,0.01,3.54,-4.21,0.52,-1.95,1.93,1.3,-0.47,-3.41,3.25,-0.31,-0.19,-0.08
13.9857,-89.6929,22.04,-1185.58,172.89,-1.15,1.87,-1.78,-3.19,1.02,-2.47,2.71,-1.53,-7.44,-0.0,-0.82,-0.9,0.78,-1.1,-0.42,-0.47,3.05,-4.03,0.6,-4.37,2.34,1.05,0.54,-4.18,3.32,0.2,0.36,0.4
13.9857,-89.6921,14.52,-1036.83,145.6,-1.17,2.12,-1.78,-2.98,1.38,-1.89,2.79,-1.13,-1.91,-16.69,-1.44,-1.37,1.03,-0.82,-0.7,-1.2,3.71,-3.39,0.45,-2.82,2.33,0.19,0.27,-3.48,2.38,0.15,-0.22,0.71
13.9857,-89.6914,12.95,-1461.41,196.38,-0.58,1.59,-0.68,-2.64,1.35,-1.7,2.75,-1.19,-6.7,-29.09,0.22,0.15,1.46,-2.14,-1.16,-0.52,4.59,-3.97,0.67,-2.93,2.79,-0.18,-0.28,-3.73,2.38,0.59,-0.68,0.41
13.9857,-89.6907,11.13,-820.62,114.86,-0.91,1.49,0.66,-2.47,1.37,-1.65,3.42,-1.39,9.58,-28.15,0.93,-0.02,0.86,-1.83,-0.72,-0.89,4.44,-3.61,0.5,-3.14,2.58,-0.07,0.25,-3.96,2.16,0.83,-0.65,-0.18
13.9858,-89.6899,4.57,-600.5,79.83,-0.92,1.06,0.46,-1.86,1.47,-1.59,3.27,-1.34,1.37,-20.37,0.91,-0.07,0.99,-1.25,-0.72,-0.64,4.51,-3.08,1.05,-2.96,2.85,0.04,1.66,-3.65,1.47,0.69,-0.84,-0.42
13.9858,-89.6892,-0.68,-56.3,6.17,-0.45,0.25,0.69,-1.35,0.91,-1.93,3.49,-1.36,-3.25,-3.06,1.05,-0.08,1.15,-0.96,-0.46,-0.97,4.54,-3.26,1.24,-2.87,2.84,-0.08,1.07,-3.73,1.08,0.58,-1.24,-0.42
13.9858,-89.6884,3.54,-230.51,32.76,-0.35,-0.09,0.9,-1.08,0.7,-2.03,3.38,-1.3,6.26,-14.41,1.22,0.03,0.59,-0.79,-0.58,-0.72,4.43,-3.33,1.32,-3.17,3.01,0.06,0.95,-3.38,0.91,0.72,-0.92,0.0
13.9858,-89.6877,4.73,-288.26,41.34,-0.25,-0.78,0.79,-0.28,0.48,-2.03,3.49,-1.01,-0.0,-15.43,1.06,-0.2,0.27,-0.28,-0.43,-0.48,4.54,-3.31,1.19,-3.05,2.81,-0.0,0.71,-3.53,1.06,0.77,-0.86,-0.01
13.9858,-89.687,5.33,-780.38,103.11,-0.09,-1.06,0.93,0.22,0.0,-1.78,3.56,-0.95,-6.54,-17.36,1.05,-0.34,0.23,-0.18,-0.36,-0.99,4.3,-3.16,1.11,-2.9,2.86,0.06,1.08,-3.57,1.56,0.66,-0.8,-0.25
13.9858,-89.6862,8.16,-442.99,64.61,-0.11,-1.47,0.77,0.4,-0.18,-1.9,3.66,-0.87,5.78,-18.06,1.09,-0.65,0.16,0.2,-0.28,-0.53,4.2,-2.85,1.24,-2.63,2.71,-0.16,1.3,-3.45,1.96,0.66,-0.68,-0.16
13.9858,-89.6855,7.98,320.63,-30.35,-0.13,-1.6,0.77,0.47,-0.49,-1.97,3.94,-0.71,3.37,6.24,1.07,-0.7,0.14,0.32,-0.36,-0.21,3.63,-2.32,1.07,-2.45,2.89,-0.2,1.64,-3.37,2.1,0.81,-0.75,-0.5
13.9858,-89.6847,5.1,143.84,-11.82,-0.53,-1.69,0.74,0.65,-0.5,-2.22,3.88,-0.68,-0.33,2.89,0.8,-0.48,-0.09,0.82,-0.08,-0.35,3.26,-2.32,1.17,-2.25,2.68,-0.17,1.51,-2.57,1.76,0.85,-0.53,-1.26
13.9858,-89.684,5.09,647.0,-74.3,-0.53,-1.91,0.83,1.25,-0.79,-2.11,4.06,-0.84,24.22,-6.7,0.83,-0.49,-0.2,1.1,0.03,-0.46,2.72,-1.66,1.65,-2.14,2.68,-0.28,1.62,-2.23,1.93,0.72,-0.53,-1.23
13.9858,-89.6833,1.36,503.75,-60.93,-0.81,-2.18,0.77,1.59,-0.86,-2.22,4.24,-0.96,9.82,0.04,1.09,-0.78,-0.17,1.07,0.13,0.11,2.48,-1.53,1.87,-1.88,2.66,-0.55,1.47,-1.73,1.45,0.72,-0.64,-1.46
13.9858,-89.6825,3.62,-39.49,9.19,-0.95,-2.02,0.37,1.7,-0.97,-2.13,4.38,-0.99,16.58,-20.72,1.08,-0.79,-0.23,1.51,-0.12,0.2,1.87,-1.22,1.6,-1.73,2.65,-0.8,1.47,-1.28,1.45,0.8,-0.46,-1.4
13.9858,-89.6818,-1.5,-743.82,90.62,-1.13,-2.31,0.5,1.94,-1.11,-2.18,3.98,-1.16,-6.83,-21.51,0.74,-0.42,-0.19,1.63,-0.26,0.75,1.23,-0.97,1.53,-1.82,2.44,-0.79,1.57,-1.07,0.74,0.53,-0.46,-1.4
13.9858,-89.681,-5.52,-395.68,42.62,-1.31,-2.64,0.26,2.2,-1.05,-1.61,3.71,-1.2,-0.0,-26.01,0.57,-0.16,-0.31,1.73,-0.11,0.77,0.85,-0.85,1.55,-1.45,2.16,-1.25,1.61,-0.93,0.22,0.36,-0.45,-1.52
13.9859,-89.6803,-6.86,512.51,-71.8,-1.51,-2.68,0.23,2.29,-1.11,-1.52,3.54,-1.16,15.73,-0.0,0.6,-0.01,-0.16,1.59,-0.18,0.84,0.79,-0.37,1.48,-1.35,1.93,-1.44,1.91,-0.76,-0.56,0.36,-0.28,-1.27
13.9859,-89.6796,-7.71,-89.36,1.98,-1.63,-2.74,-0.03,2.49,-1.28,-1.42,3.39,-0.97,-2.55,-9.8,0.22,0.13,-0.32,1.75,-0.43,1.02,0.36,-0.15,1.37,-1.18,1.81,-1.55,1.99,-0.62,-1.01,0.27,0.37,-1.89
13.9859,-89.6788,-9.73,725.47,-101.7,-1.76,-2.99,-0.21,2.86,-1.28,-0.68,3.62,-1.02,9.14,0.84,0.12,0.26,-0.36,1.69,-0.41,1.23,0.17,-0.06,1.2,-0.85,1.63,-1.49,2.11,-0.48,-1.14,0.11,0.22,-1.72
13.9859,-89.6781,-5.69,85.36,-17.35,-2.16,-2.89,-0.66,2.67,-1.24,-0.49,2.99,-1.17,4.6,-0.0,0.36,0.44,-0.47,1.6,-0.66,1.25,-0.4,0.31,0.98,-0.64,1.68,-1.69,2.21,-0.34,-1.0,0.27,0.45,-1.61
13.9859,-89.6773,-8.46,219.21,-37.27,-2.33,-2.85,-1.14,2.72,-1.22,-0.39,2.95,-0.86,-0.57,-3.35,0.31,0.49,-0.02,1.54,-0.6,1.27,-0.67,0.55,1.05,-0.43,1.64,-1.91,2.53,-0.17,-1.49,0.26,0.3,-1.51
13.9859,-89.6766,-5.39,1101.74,-143.42,-2.41,-2.84,-1.28,2.75,-1.18,-0.0,2.18,-1.04,12.56,13.45,0.34,0.29,-0.39,1.42,-0.91,1.19,-0.74,0.74,0.82,-0.39,1.66,-2.06,2.68,0.18,-1.49,0.5,0.59,-1.68
13.9859,-89.6759,-2.61,713.11,-91.8,-2.61,-2.94,-1.63,3.05,-1.09,0.1,1.59,-1.07,2.06,14.73,0.4,0.24,-0.25,1.31,-1.12,1.17,-0.75,0.77,0.73,-0.28,1.66,-2.37,2.56,0.31,-2.1,0.66,1.2,-1.6
13.9859,-89.6751,-3.05,-299.26,33.63,-2.68,-2.89,-1.57,2.9,-1.25,0.28,1.8,-1.04,-3.85,-0.0,0.59,0.34,-0.51,1.1,-0.48,1.04,-0.97,1.09,0.59,-0.3,1.78,-2.44,2.54,0.55,-2.72,0.56,1.6,-1.46
13.9859,-89.6744,-6.04,-99.76,5.26,-2.93,-3.04,-1.75,3.43,-1.2,0.75,1.93,-0.82,-5.73,-4.44,0.46,0.42,-0.39,1.0,-0.81,0.7,-1.16,1.45,0.78,-0.3,1.93,-2.61,2.56,0.74,-3.27,0.81,1.28,-1.46
13.9859,-89.6736,-9.94,3.93,-12.26,-3.05,-3.69,-2.29,3.75,-1.3,1.07,2.27,-1.06,-5.73,-4.44,0.77,0.57,-0.39,0.94,-0.56,0.7,-1.45,1.8,0.88,-0.26,1.94,-2.71,2.54,1.04,-3.63,0.5,1.3,-1.48
13.9859,-89.6729,-3.7,-210.48,21.83,-2.77,-3.58,-2.21,3.49,-1.22,0.57,1.79,-0.84,-7.35,-4.44,0.91,0.53,-0.61,1.24,-0.7,0.59,-1.36,1.22,1.25,-0.29,2.14,-2.86,2.46,1.17,-3.43,0.29,2.03,-0.99
13.9859,-89.6722,-2.99,-43.03,1.81,-2.67,-3.73,-2.1,3.76,-1.15,0.71,2.01,-0.91,-0.19,-6.24,0.79,0.17,-0.23,1.3,-0.84,0.39,-1.26,1.37,1.32,-0.79,2.61,-3.12,2.85,1.55,-4.09,0.29,2.51,-0.86
13.986,-89.6714,-4.63,485.24,-65.92,-2.23,-3.89,-2.09,4.08,-1.47,1.04,2.39,-0.92,8.88,-0.37,0.92,0.35,-0.24,1.09,-0.68,0.52,-1.33,1.27,0.54,-0.89,2.43,-3.22,2.59,0.98,-4.55,0.54,2.18,-0.65
13.986,-89.6707,3.92,392.39,-44.24,-1.83,-3.98,-1.95,3.9,-1.26,0.72,2.4,-1.48,9.1,2.57,0.99,0.4,-0.32,1.03,-0.26,-0.02,-1.67,1.58,0.64,-0.76,2.88,-3.47,2.77,0.74,-4.98,1.36,2.57,-0.26
13.986,-89.6699,-1.32,483.81,-61.84,-1.94,-4.29,-2.08,3.44,-1.54,0.75,2.4,-1.48,-0.0,6.2,0.68,0.5,-0.02,0.68,-0.52,0.03,-1.46,1.25,0.65,-0.9,2.92,-3.51,3.08,1.28,-5.29,1.44,2.05,-0.48
13.986,-89.6692,4.96,247.36,-24.94,-1.6,-4.43,-1.72,3.54,-1.26,0.96,2.66,-2.21,-1.24,8.64,0.59,0.67,0.69,0.97,-0.11,-0.15,-1.44,1.22,0.82,-0.75,2.77,-3.68,2.97,1.37,-5.01,1.9,2.02,-0.06
13.986,-89.6685,4.17,241.35,-25.15,-1.09,-4.17,-1.54,3.1,-1.6,1.29,2.3,-1.92,-2.74,8.64,1.46,0.36,0.18,1.02,0.16,-0.05,-1.3,1.56,1.11,-1.16,2.87,-3.88,3.45,1.3,-5.01,2.42,1.45,-0.26
13.986,-89.6677,5.12,174.55,-15.7,-0.91,-4.25,-1.9,2.62,-1.17,0.6,2.42,-2.07,12.19,-5.89,1.38,0.83,0.21,1.1,0.16,-0.28,-1.13,1.18,0.79,-1.62,2.83,-3.77,3.77,1.13,-5.35,2.23,1.77,0.11
13.986,-89.667,6.08,326.07,-33.45,-0.65,-4.14,-1.51,2.02,-0.74,0.43,1.74,-1.82,17.28,-5.89,1.15,0.88,0.29,1.45,0.24,-0.14,-1.5,1.02,1.04,-1.22,2.63,-3.86,4.34,0.77,-5.64,2.52,1.77,0.11
13.986,-89.6662,13.76,-618.91,93.49,-1.08,-4.34,-0.78,1.74,-0.73,-0.05,3.05,-1.41,4.3,-17.36,1.33,0.88,-0.3,1.56,0.03,-0.18,-1.17,1.05,1.84,-1.18,3.1,-3.95,3.94,-0.16,-6.05,4.78,1.03,-0.39
13.986,-89.6655,4.71,27.3,2.17,-0.36,-4.39,-0.63,1.41,0.19,0.22,2.36,-1.13,9.04,-9.61,1.54,1.14,0.55,1.17,1.73,-0.62,-1.87,0.8,1.13,-1.16,2.13,-4.33,4.43,-0.7,-5.97,3.22,0.81,0.51
13.986,-89.6648,1.93,-135.13,19.15,-0.28,-5.01,-0.74,1.12,0.16,-0.53,0.99,-1.95,1.24,-0.59,1.35,0.85,0.64,0.4,-0.17,-1.19,-1.89,0.61,-0.4,-1.34,1.96,-3.32,4.02,-0.63,-6.18,3.22,0.34,0.82
13.986,-89.664,9.31,-1034.44,140.12,-0.02,-5.26,-0.25,1.48,0.62,-1.19,1.23,-0.03,-13.66,-11.9,1.21,1.25,0.5,0.8,-1.1,-0.35,-1.39,0.72,0.85,-0.55,1.38,-3.64,4.75,-0.07,-6.2,4.88,-0.01,0.21
13.986,-89.6633,2.04,-445.3,58.0,0.57,-4.68,-0.13,1.97,0.83,-1.33,0.84,-0.5,-0.71,-0.0,0.46,0.82,1.58,0.57,-2.25,-0.63,0.7,1.8,-0.94,-2.4,0.03,-2.85,4.98,-0.36,-7.86,5.15,-0.68,0.88
13.9861,-89.6625,10.31,871.91,-96.63,0.58,-4.38,-0.05,0.69,0.34,-1.93,-0.12,-0.83,7.83,22.13,0.05,2.21,0.53,0.94,1.18,0.25,-0.59,2.12,0.26,-1.34,0.91,-2.94,4.66,-1.39,-5.77,5.4,-1.07,0.74
13.9861,-89.6618,7.05,1590.76,-190.27,0.12,-4.47,-0.34,1.86,1.57,-1.91,1.62,-0.95,15.74,30.95,-0.53,2.56,1.18,1.47,1.33,-0.7,-0.26,1.82,0.15,-2.14,1.08,-3.74,4.48,-0.51,-6.61,4.6,0.18,0.27
13.9861,-89.6611,13.61,1365.12,-154.35,0.99,-4.45,0.72,1.63,1.62,-1.71,2.25,0.32,15.05,27.85,-0.71,1.66,0.35,1.5,1.72,-0.85,-0.53,0.27,1.18,-0.55,0.98,-1.51,4.07,-1.89,-6.61,5.63,-0.11,0.43
13.9861,-89.6603,14.05,701.96,-71.03,0.99,-4.9,0.29,1.32,1.79,-2.48,1.99,-0.72,14.79,12.87,-0.2,2.83,0.54,2.08,-0.84,-1.18,-0.77,-0.0,-0.17,0.8,0.72,-2.54,4.77,-1.78,-6.8,5.15,0.17,1.09
13.9861,-89.6596,13.76,534.12,-50.41,0.74,-5.16,-0.02,1.51,1.82,-1.91,1.78,-0.58,1.9,20.97,-0.76,2.05,0.39,0.75,0.86,-0.9,-0.61,0.47,-0.07,0.68,0.03,-2.35,3.96,-1.32,-7.43,5.76,-0.12,1.09
13.9861,-89.6588,0.52,-272.3,34.64,1.47,-5.45,0.03,0.81,1.98,-3.24,2.91,0.44,-10.22,0.44,0.14,1.63,0.2,1.97,-0.53,-1.09,-0.06,-0.47,0.11,1.18,0.46,-2.67,4.54,-1.77,-8.03,5.25,-0.18,-0.34
13.9861,-89.6581,22.84,209.85,0.85,1.46,-5.55,0.72,0.93,1.96,-2.59,3.01,0.65,1.8,13.73,-0.25,3.03,-0.66,2.75,0.6,-1.97,-0.54,0.74,0.44,0.89,0.2,-2.38,4.3,-2.0,-8.15,8.37,-0.18,-0.37
13.9861,-89.6574,7.94,411.9,-42.08,0.85,-5.84,-0.05,0.81,1.96,-2.59,2.05,1.32,-3.02,17.31,-0.07,2.26,-1.6,3.11,0.88,-2.12,-0.43,1.34,-0.56,0.01,0.24,-2.28,4.6,-0.84,-8.86,6.26,0.53,-0.54
13.9861,-89.6566,36.59,-88.35,54.44,1.27,-6.21,-0.02,1.0,2.1,-2.2,1.58,0.58,-6.63,21.38,-0.59,3.02,-1.63,4.54,2.84,-1.51,-1.72,0.56,0.2,-0.27,1.37,-2.11,4.91,-1.41,-6.54,9.44,-0.32,-0.54
13.9861,-89.6559,22.91,77.88,17.43,0.45,-5.93,1.46,0.5,3.39,-3.01,2.84,-0.18,-5.35,13.49,-0.6,3.26,-1.35,3.76,4.02,-2.5,0.49,0.7,-0.32,-0.36,1.24,-0.95,5.17,-2.38,-8.88,9.13,0.16,-1.44
13.9861,-89.6551,18.47,319.77,-18.1,1.27,-6.24,1.71,0.7,2.99,-3.03,1.19,-0.29,-4.08,19.05,0.12,3.46,-1.65,4.18,1.55,-1.87,-0.29,0.89,1.78,-1.44,0.34,-0.5,4.52,-2.41,-7.96,8.0,0.2,-1.59
13.9861,-89.6544,31.65,-948.16,156.15,1.94,-7.58,1.2,0.18,3.74,-3.42,-0.84,0.52,-5.02,-3.94,-0.49,3.97,-1.73,2.67,0.88,-1.5,0.35,0.66,1.11,-0.31,0.56,-2.59,4.85,-2.82,-8.75,9.83,0.42,-1.2
13.9862,-89.6537,36.67,-1084.18,179.15,1.68,-7.61,1.21,1.92,4.61,-3.84,-0.53,1.2,-4.97,-11.43,-0.15,3.69,-1.99,3.97,3.15,-1.1,0.3,1.52,0.7,-0.3,1.15,-3.03,4.87,-0.61,-9.15,10.11,1.37,-1.57
13.9847,-89.7158,81.06,-1957.18,336.58,1.57,3.24,0.48,-4.05,-3.25,8.46,-13.56,2.91,-11.03,-9.3,-1.2,6.77,-2.45,-0.92,-1.06,0.74,-5.85,6.48,10.55,-1.41,2.19,4.83,-4.19,-3.03,5.71,-2.09,5.21,8.53
13.9847,-89.7151,23.18,-1702.05,236.91,3.84,2.47,1.02,-3.11,-3.58,8.08,-14.31,4.03,-19.96,-18.64,0.39,3.38,-4.14,-2.79,-3.7,4.84,-4.29,7.44,-0.86,-5.25,3.22,9.23,-3.57,-2.93,4.79,-7.1,3.33,7.68
13.9848,-89.7143,18.53,-894.14,131.97,1.47,2.77,1.99,-3.9,-2.68,7.2,-13.43,3.82,-27.25,4.28,0.08,4.45,-13.32,-0.0,5.03,9.34,-6.3,6.1,4.04,-5.79,-0.53,8.74,-2.96,-2.4,10.81,-11.07,3.35,7.03
13.9848,-89.7136,26.5,-615.85,107.13,1.66,2.16,1.05,-3.31,-3.18,8.67,-13.95,3.4,-0.0,16.41,-4.44,0.1,-11.12,-0.58,3.38,0.79,-5.46,7.68,-4.25,-5.24,-2.84,-11.4,-0.87,-4.62,9.06,-8.13,1.84,8.12
13.9848,-89.7129,0.25,-783.56,96.82,-0.29,2.87,1.53,-3.12,-3.54,9.08,-13.16,2.5,-27.39,8.26,-1.16,1.09,-0.27,-3.41,-0.68,-9.44,-2.55,4.87,-0.84,12.38,-1.86,0.03,0.33,-2.91,7.0,-7.52,-0.56,6.92
13.9848,-89.7121,4.72,-497.0,66.81,0.42,2.7,1.09,-3.21,-2.13,9.45,-13.49,4.36,-19.57,9.5,-1.63,0.8,-0.38,-4.09,4.33,3.3,-4.69,5.04,-0.29,-0.87,-14.21,2.72,-0.93,-1.46,7.0,-9.4,2.86,5.77
13.9848,-89.7114,21.21,-1445.72,203.21,0.29,2.02,1.88,-3.67,-0.71,8.32,-13.22,4.49,-20.48,0.67,-1.74,0.72,-8.6,-1.84,1.14,-0.57,-5.94,7.33,-1.45,5.35,-13.93,6.46,-3.81,-3.02,8.42,-8.3,2.86,6.06
13.9848,-89.7106,13.95,112.46,2.61,-0.61,3.12,0.64,-2.8,-0.78,7.47,-12.89,4.42,-0.0,9.58,-1.47,-4.05,-2.49,-2.18,0.68,1.04,-4.93,3.5,1.12,7.34,-3.31,5.32,-3.15,-1.9,8.81,-8.3,0.98,6.79
13.9848,-89.7099,61.65,-878.39,181.08,-0.15,3.49,1.23,-2.98,-0.95,6.91,-12.92,4.13,-0.0,3.63,-0.32,0.17,-1.02,0.08,0.86,-0.03,-2.1,3.34,-2.3,1.31,-3.01,7.03,-2.7,-1.74,9.95,-3.57,2.23,6.47
13.9848,-89.7092,44.02,-1138.97,192.43,0.15,2.35,1.3,-3.34,-0.91,6.54,-12.62,3.74,-0.0,-6.97,-0.84,-0.53,-2.09,-0.35,0.16,-1.73,-2.57,1.61,-0.69,-0.18,-3.0,6.95,-4.18,-0.18,9.13,-4.77,1.86,5.88
13.9848,-89.7084,14.02,233.92,-12.3,-0.42,2.51,0.9,-2.45,-0.61,6.66,-11.94,4.64,0.65,12.74,-0.78,0.51,-1.03,0.14,0.1,0.89,-1.88,2.53,-1.41,-0.19,-1.15,4.98,-3.24,-0.55,5.64,-6.05,1.86,4.81
13.9848,-89.7077,5.19,349.83,-37.02,-0.3,3.86,0.89,-1.66,-0.56,5.61,-11.27,3.78,-0.0,11.29,-1.3,1.77,-4.8,0.19,1.13,-0.14,-1.49,0.52,-4.68,1.57,-1.28,5.37,-3.08,-0.55,6.54,-6.11,0.48,4.03
13.9848,-89.7069,2.0,303.09,-35.04,0.18,2.56,0.3,-1.39,-0.14,4.6,-10.64,5.72,3.31,11.32,-1.83,1.88,-3.67,0.52,3.02,-0.35,-1.55,-0.11,0.34,-7.78,-4.31,5.06,-3.9,-1.1,6.54,-5.62,0.94,1.68
13.9848,-89.7062,1.95,-491.79,63.0,0.19,3.64,-0.73,-1.33,-1.07,3.6,-9.64,4.15,-1.37,5.25,-1.03,0.86,-14.52,-0.01,5.31,1.62,-1.66,-4.48,-1.4,-5.82,-1.37,2.73,-3.79,-1.32,7.02,-5.22,0.23,1.57
13.9849,-89.7055,6.59,5.87,7.06,-1.7,3.5,-0.95,-1.02,-1.05,3.41,-8.93,4.05,-17.3,31.61,-2.83,0.56,1.35,-2.37,-3.67,-0.62,-1.16,-0.85,-4.64,1.47,-4.31,5.89,-3.42,0.16,6.91,-3.71,-0.67,1.57
13.9849,-89.7047,4.69,567.86,-64.57,-1.02,3.56,-1.98,-0.56,-0.51,3.48,-7.73,3.94,0.5,38.05,-3.15,-4.85,11.72,-7.44,-10.52,0.39,-2.37,-2.09,-1.85,2.95,-3.14,-4.03,-2.15,-2.16,6.23,-3.71,-0.67,1.85
13.9849,-89.704,-8.98,1699.76,-220.49,-0.98,3.7,-1.93,-0.11,-0.84,2.52,-6.86,2.8,-0.0,45.74,-3.53,-1.32,9.38,-7.15,9.66,-1.23,-1.78,-9.52,0.96,-2.3,-4.46,-1.08,-3.66,-0.15,2.38,-4.86,1.28,1.68
13.9849,-89.7032,28.8,26.71,30.72,-1.12,3.48,-2.26,0.93,-0.89,1.5,-4.84,1.87,-10.09,29.29,-4.66,-2.73,-2.29,0.56,18.3,0.14,-1.36,-3.45,-2.58,-6.71,-4.38,0.74,-1.6,0.23,6.77,-1.83,0.7,1.27
13.9849,-89.7025,8.65,774.74,-85.49,-1.55,2.99,-2.64,-0.8,-0.34,0.63,-3.18,0.16,2.56,41.31,-4.27,-7.51,-0.73,-4.62,7.21,2.96,-0.98,-2.26,4.12,-16.16,7.17,-1.68,-1.67,-1.56,4.59,-2.32,0.69,-0.42
13.9849,-89.7018,-21.82,1535.89,-215.55,-0.44,3.71,-3.6,3.33,0.63,-1.0,-1.15,0.28,-4.15,41.95,-4.31,3.93,1.28,-4.07,0.02,0.5,-2.28,-3.94,3.75,-5.72,-1.6,1.0,1.74,-2.34,5.5,-5.93,0.26,-1.69
13.9849,-89.701,14.34,618.73,-59.52,-1.14,2.58,-3.03,0.43,-0.42,-2.06,-4.76,1.3,2.99,37.03,-3.77,-1.87,4.46,-1.02,0.36,-1.64,-4.68,-2.34,2.19,-3.77,3.41,-2.7,-3.4,-0.37,7.49,-2.44,0.44,-1.69
13.9849,-89.7003,-19.11,1359.14,-190.57,-0.79,3.58,-2.92,1.01,-0.74,-1.88,-2.19,1.38,-0.0,28.52,-3.74,1.2,2.11,-1.27,4.97,-1.45,-1.43,-3.59,4.65,-8.96,-3.34,-5.24,8.92,-3.32,4.42,-4.31,-0.09,-1.86
13.9849,-89.6995,-0.7,669.26,-83.56,-1.17,4.23,-1.89,-0.78,0.3,-2.54,-3.92,0.83,17.09,16.26,-3.86,0.14,-1.95,-0.6,-0.52,0.5,6.18,-4.66,1.59,-12.29,-1.21,2.16,-1.98,-0.71,4.7,-1.29,-0.55,-2.15
13.9849,-89.6988,13.66,957.03,-102.2,-1.41,3.14,0.28,-0.36,1.94,-1.36,-0.58,-0.54,-6.85,34.04,-2.53,-0.48,11.28,1.13,-7.79,3.29,2.48,-1.21,1.55,-2.82,1.66,-0.4,-0.47,-1.59,5.11,-0.5,-0.2,-1.18
13.9849,-89.6981,18.02,-579.7,92.99,-1.16,3.01,-1.85,-0.22,0.96,-2.45,-0.04,0.47,-13.38,20.03,-2.81,-0.99,2.21,-4.02,-4.47,1.11,-0.78,-2.9,-0.09,-3.46,1.29,0.62,-4.42,-3.07,5.68,-0.5,-0.04,-1.18
13.9849,-89.6973,18.4,107.55,8.44,-0.02,5.76,-0.85,-1.86,1.15,-2.92,0.18,0.1,6.65,20.58,-2.97,-0.47,-3.37,-0.27,-8.05,0.8,3.1,-3.3,1.89,-1.64,1.33,1.79,-3.73,-4.17,6.35,-2.51,0.08,1.34
13.985,-89.6966,9.97,498.21,-49.86,-1.5,4.09,-1.34,-2.19,1.16,-3.4,1.35,-0.55,11.22,14.8,1.1,1.93,-3.45,0.84,-2.56,-0.64,3.51,-3.6,-0.41,-5.12,1.0,3.26,-2.71,-2.54,5.52,-1.97,-0.73,0.52
13.985,-89.6958,18.57,6.94,21.1,-0.49,4.98,-2.46,-3.17,1.18,-2.25,1.76,-1.52,5.87,9.95,-1.86,-2.43,2.75,-0.24,-2.78,-0.22,1.02,-1.34,0.34,-2.73,2.67,2.59,0.18,-2.97,5.03,-1.43,0.41,0.44
13.985,-89.6951,20.78,160.31,4.73,-1.63,4.63,-1.41,-2.77,0.89,-2.31,2.55,-1.38,17.82,1.13,0.36,1.24,0.68,-4.66,-1.55,1.69,2.13,-3.26,2.07,-1.81,0.51,2.77,-0.67,-2.51,4.14,-1.03,1.13,0.2
13.985,-89.6944,16.82,279.46,-14.71,-1.03,3.56,-1.52,-2.71,1.12,-1.32,2.53,-0.52,13.1,2.25,0.35,1.95,0.98,-2.49,-0.81,1.95,2.64,-3.15,-0.27,-2.26,2.08,2.01,-1.03,-3.02,3.97,-0.81,0.69,-0.29
13.985,-89.6936,15.91,-610.73,94.43,-1.86,2.99,-1.69,-2.82,1.31,-2.8,2.56,-1.02,-1.59,-4.37,2.47,-0.35,0.86,-3.32,-1.75,-0.86,3.45,-4.28,0.98,-2.32,2.29,1.3,-0.6,-2.99,3.85,-0.45,0.12,-0.17
13.985,-89.6929,14.22,-870.95,124.68,-0.8,3.41,-1.93,-2.57,1.28,-2.48,2.63,-1.21,-4.55,-0.0,1.47,-1.27,-0.79,-2.46,-0.46,0.05,3.1,-3.68,0.9,-2.84,2.35,1.76,-0.79,-3.65,2.86,0.17,-0.21,-0.05
13.985,-89.6921,12.9,-789.99,113.1,-0.88,2.65,-1.4,-2.53,1.62,-2.34,2.72,-1.47,-1.81,-11.78,0.9,-0.47,0.54,-2.67,-1.37,-0.45,3.84,-4.1,1.2,-2.91,2.72,1.4,-0.08,-3.35,3.48,0.14,-0.61,-0.26
13.985,-89.6914,10.84,-786.59,110.27,-0.77,1.96,-0.71,-1.91,1.24,-1.96,3.12,-1.45,-3.85,-12.09,1.02,-1.0,1.11,-1.94,-0.46,-1.04,3.91,-3.61,0.5,-3.52,2.61,0.66,-0.46,-3.93,2.77,0.16,-0.72,0.26
13.985,-89.6907,10.2,-555.31,80.87,-0.72,1.31,-0.47,-1.85,1.56,-1.74,3.38,-1.52,-5.05,-5.56,0.76,-1.26,1.24,-1.78,0.15,-0.91,3.83,-3.87,0.45,-3.02,2.63,0.03,1.1,-3.84,2.0,0.7,-0.67,-0.02
13.985,-89.6899,7.47,-272.15,42.56,-0.56,1.12,0.33,-1.33,1.24,-2.16,3.69,-1.41,4.98,-10.91,1.56,-0.21,0.62,-1.5,-0.6,-0.89,4.24,-3.29,1.06,-3.11,3.07,-0.33,0.86,-3.9,1.47,0.69,-0.67,-0.07
13.985,-89.6892,8.74,-44.67,15.87,-0.44,0.07,0.59,-0.9,1.03,-2.14,3.71,-1.4,12.99,-11.02,0.83,0.2,0.68,-1.11,-0.38,-0.66,4.08,-3.61,1.4,-3.3,2.61,-0.01,0.64,-3.7,1.55,0.75,-0.76,0.16
13.985,-89.6884,5.72,0.74,6.68,-0.21,-0.27,0.31,-0.43,0.66,-2.34,3.46,-1.56,-0.0,-5.16,1.38,-0.09,0.62,-0.85,-0.53,-0.44,4.33,-3.37,1.32,-3.61,3.16,-0.01,1.05,-3.43,1.29,0.69,-0.91,0.14
13.9851,-89.6877,8.59,211.41,-16.06,-0.13,-0.57,0.51,0.01,0.43,-2.04,3.28,-1.51,11.55,-2.13,1.66,-0.26,0.55,-0.6,-0.43,-1.05,4.16,-3.25,0.94,-3.07,2.77,-0.12,0.63,-3.35,1.92,0.69,-0.88,0.18
13.9851,-89.687,10.36,-50.98,18.58,-0.15,-1.08,0.79,0.36,0.1,-2.04,3.31,-1.12,-1.15,2.38,1.54,-0.67,0.59,-0.39,-0.19,-0.58,4.05,-3.02,1.18,-3.04,2.72,-0.08,0.91,-3.26,1.99,0.87,-0.81,0.14
13.9851,-89.6862,10.31,483.81,-47.82,-0.21,-1.27,0.96,0.57,-0.05,-2.02,3.49,-0.96,11.17,5.0,1.18,-0.87,0.78,0.24,-0.08,-0.47,4.23,-2.77,1.3,-2.93,2.68,-0.17,1.28,-3.34,2.4,1.12,-1.11,-0.21
13.9851,-89.6855,11.39,57.99,6.28,-0.32,-1.63,0.96,0.8,-0.38,-1.89,3.76,-0.76,14.66,-10.34,1.39,-0.93,0.22,0.24,-0.13,-0.39,3.94,-2.48,1.24,-2.54,2.68,-0.08,1.61,-2.98,2.37,1.17,-0.77,-0.56
13.9851,-89.6847,10.38,-10.8,13.62,-0.41,-1.69,0.87,1.04,-0.64,-2.17,3.94,-0.8,-0.0,-4.47,1.43,-0.61,-0.25,0.63,-0.17,-0.43,3.54,-2.22,1.09,-2.43,2.71,-0.13,1.73,-2.63,2.55,1.11,-0.69,-1.04
13.9851,-89.684,7.48,-222.97,36.53,-0.73,-2.25,1.02,1.75,-0.73,-2.36,4.14,-0.83,2.38,-0.0,1.23,-0.82,0.08,1.01,-0.03,-0.25,2.91,-2.05,1.41,-2.03,2.74,-0.34,1.68,-2.03,2.55,1.02,-0.92,-1.23
13.9851,-89.6833,8.13,506.81,-53.3,-0.86,-2.01,1.06,1.97,-0.91,-2.28,4.43,-1.0,24.94,-0.0,1.45,-0.83,-0.11,1.09,0.05,-0.16,2.16,-1.23,1.34,-2.14,2.63,-0.42,1.62,-1.77,2.49,1.07,-0.5,-1.8
13.9851,-89.6825,7.16,-241.07,38.41,-1.11,-2.01,0.62,2.14,-0.97,-2.39,4.28,-0.88,4.76,-13.34,1.04,-0.38,0.04,1.12,-0.06,0.27,1.98,-1.23,1.65,-1.81,2.5,-0.74,1.55,-1.32,2.33,1.02,-0.5,-1.8
13.9851,-89.6818,2.63,-131.48,19.45,-1.18,-2.18,0.31,2.11,-0.97,-2.45,4.09,-0.97,3.8,-11.05,1.16,-0.46,0.06,1.18,-0.31,0.41,1.61,-0.95,1.34,-1.9,2.46,-0.77,1.65,-0.92,1.57,0.87,-0.67,-1.54
13.9851,-89.681,-3.05,294.59,-40.21,-1.37,-2.3,0.24,2.47,-1.01,-2.37,3.88,-1.11,8.23,-5.6,0.83,-0.41,0.06,1.41,-0.41,0.62,1.03,-0.75,1.26,-1.71,2.25,-1.08,1.67,-0.81,0.49,0.87,-0.59,-1.85
13.9851,-89.6803,-6.04,233.43,-36.15,-1.58,-2.54,0.22,2.89,-1.16,-1.73,3.75,-1.21,6.57,-8.56,0.86,-0.21,-0.02,1.27,-0.21,0.89,0.92,-0.48,1.38,-1.55,2.06,-1.19,1.71,-0.69,-0.33,0.92,-0.42,-2.03
13.9851,-89.6796,-7.22,-154.57,10.67,-1.81,-2.73,-0.0,2.97,-1.27,-1.55,3.77,-1.17,5.36,-19.49,0.67,0.01,0.04,1.22,-0.25,0.9,0.67,-0.23,1.28,-1.0,1.87,-1.38,1.91,-0.56,-0.59,0.5,0.0,-1.97
13.9852,-89.6788,-7.44,-570.49,62.11,-2.07,-2.89,-0.17,2.97,-1.35,-0.89,3.54,-1.2,-1.66,-24.62,0.55,0.06,0.04,1.2,-0.29,1.05,0.14,0.08,1.15,-0.99,1.53,-1.29,2.07,-0.57,-0.6,0.32,0.14,-1.94
13.9852,-89.6781,-5.04,599.56,-80.5,-2.19,-2.83,-0.97,3.03,-1.24,-0.73,3.32,-1.27,7.24,3.43,0.63,0.1,-0.24,1.42,-0.7,1.1,-0.15,0.33,0.88,-0.64,1.53,-1.56,2.2,-0.32,-0.7,0.62,0.3,-2.1
13.9852,-89.6773,-2.58,669.36,-86.29,-2.37,-2.82,-1.21,3.33,-1.13,-0.6,3.39,-1.4,11.0,2.66,0.95,0.32,-0.23,1.17,-0.76,1.39,-0.45,0.57,0.91,-0.32,1.36,-1.66,2.37,0.11,-0.7,1.06,0.18,-2.15
13.9852,-89.6766,-3.94,66.86,-12.99,-2.38,-2.64,-1.36,3.05,-0.61,-0.61,2.57,-1.41,-0.0,-9.82,0.99,0.16,-0.38,0.95,-0.74,1.12,-0.44,0.83,1.0,-0.24,1.39,-2.0,2.36,0.28,-0.91,1.0,0.18,-2.15
13.9852,-89.6759,-9.35,-1103.76,126.23,-2.63,-2.59,-1.63,3.3,-0.8,-0.3,2.45,-1.54,-10.15,-31.18,0.81,0.15,-0.21,1.26,-0.72,1.0,-0.87,1.06,0.28,-0.27,1.35,-2.11,2.62,0.51,-1.85,0.72,0.18,-1.9
13.9852,-89.6751,-8.16,-74.84,-0.35,-2.77,-3.01,-1.55,3.5,-0.96,-0.05,2.45,-1.49,-14.09,3.24,0.9,0.27,-0.31,0.79,-0.42,0.77,-0.88,1.3,0.46,-0.21,1.43,-2.2,2.77,0.43,-2.37,0.83,0.64,-1.95
13.9852,-89.6744,-5.3,50.09,-12.51,-2.89,-3.19,-1.82,3.5,-0.86,0.01,2.65,-1.33,4.83,-0.0,0.87,0.45,-0.1,0.87,-0.74,0.66,-1.0,1.67,0.71,-0.42,1.59,-2.44,2.47,0.69,-2.88,1.45,0.74,-1.93
13.9852,-89.6736,-3.85,-552.91,64.26,-2.83,-3.29,-2.15,3.83,-0.64,-0.15,2.23,-1.42,-10.13,-0.0,0.69,0.1,-0.51,1.03,-0.93,0.17,-1.49,1.22,1.17,-0.39,1.62,-2.35,2.49,1.05,-3.21,1.45,1.0,-1.64
13.9852,-89.6729,-5.85,-208.13,18.98,-2.73,-3.53,-2.12,4.18,-1.14,0.51,2.36,-1.57,-17.62,4.69,1.11,0.23,0.2,0.86,-0.69,0.45,-1.22,1.2,0.89,-1.14,1.88,-2.74,2.6,1.2,-3.23,0.56,1.23,-0.87
13.9852,-89.6722,-1.94,335.43,-44.06,-2.48,-3.71,-2.04,3.74,-0.9,0.22,2.81,-1.49,2.62,4.69,1.17,0.14,-0.37,0.52,-0.94,0.45,-1.58,1.02,1.02,-0.95,2.47,-2.99,2.84,1.28,-3.68,1.09,1.74,-1.16
13.9852,-89.6714,3.26,-645.97,84.31,-2.61,-3.02,-2.43,4.29,-1.38,-0.38,1.71,-1.77,-11.49,-7.28,1.13,0.33,-0.32,0.72,0.0,0.31,-1.27,1.25,0.9,-0.75,2.78,-2.82,2.75,1.11,-4.35,1.79,2.23,-1.21
13.9852,-89.6707,5.11,-316.05,45.42,-2.41,-4.22,-1.84,3.92,-0.66,0.01,2.02,-1.17,-0.31,-6.18,1.13,0.07,-0.64,0.89,0.04,-0.72,-1.45,1.19,1.24,-1.68,2.47,-3.35,2.93,1.21,-4.83,1.51,2.54,-0.34
13.9852,-89.6699,0.48,-310.62,39.27,-1.71,-4.53,-1.97,3.73,-1.19,0.6,2.03,-1.53,-2.87,-7.06,0.68,1.34,-0.08,0.72,-0.83,0.19,-1.68,0.92,0.95,-1.12,2.88,-3.28,2.76,1.34,-4.83,1.45,2.0,-0.57
13.9853,-89.6692,7.02,753.82,-85.62,-1.25,-4.56,-1.88,3.57,-1.28,1.12,2.58,-2.35,16.08,9.4,1.41,0.51,0.32,0.81,-0.55,-0.24,-1.49,0.81,0.79,-1.08,2.73,-3.65,3.4,1.56,-4.75,2.42,1.79,-0.46
13.9853,-89.6685,5.13,500.45,-56.3,-1.25,-4.41,-1.59,3.16,-0.86,0.79,2.79,-2.02,-0.0,9.4,1.4,0.2,0.39,1.04,-0.34,-0.13,-1.5,1.27,0.97,-1.3,2.78,-3.45,3.5,1.59,-5.18,2.69,1.53,-0.46
13.9853,-89.6677,5.53,464.6,-51.37,-0.94,-4.12,-1.8,2.78,-0.94,0.18,3.51,-1.82,14.31,-1.07,1.34,0.44,0.5,0.84,0.15,0.39,-1.55,1.44,1.93,-1.13,2.54,-3.83,3.68,1.04,-5.31,2.71,1.53,-0.28
13.9853,-89.667,15.68,248.04,-12.35,-0.81,-4.29,-1.25,3.02,-0.39,-0.02,2.9,-1.33,15.43,-1.07,1.31,0.65,0.62,0.73,-0.34,0.02,-1.31,1.09,1.42,-1.36,2.02,-3.79,3.84,0.83,-5.98,4.72,1.3,-0.36
13.9853,-89.6662,-2.89,344.07,-46.33,-0.05,-4.12,-1.75,1.41,-0.27,-0.47,3.17,-1.65,12.82,-4.26,1.46,0.74,0.2,0.37,-1.19,-0.29,-1.76,0.71,1.91,-0.77,2.61,-4.08,3.93,0.23,-6.52,3.0,0.97,-0.59
13.9853,-89.6655,-1.63,-172.95,19.64,-0.55,-4.88,-0.85,1.49,-0.74,-1.1,2.24,-2.62,5.81,-11.76,1.58,0.61,1.14,-0.64,0.91,0.18,-1.71,1.25,0.54,-1.12,3.28,-3.1,4.03,0.14,-6.55,2.84,0.89,0.21
13.9853,-89.6648,13.16,-56.53,22.64,-0.61,-5.17,-1.66,2.35,-0.1,-1.05,2.98,-2.42,0.6,9.96,1.11,-0.0,1.12,0.74,-0.84,-0.2,-2.49,0.26,0.22,-2.18,1.21,-2.83,3.76,-0.65,-5.48,4.54,0.77,-0.27
13.9853,-89.664,-3.6,82.81,-14.6,-0.11,-6.19,-0.91,2.12,0.22,-1.82,2.36,-1.95,-6.56,6.8,0.94,0.53,1.93,0.71,-0.59,-0.65,-3.43,1.54,0.25,0.37,2.86,-3.04,5.7,-0.15,-5.96,3.49,-0.16,-0.37
13.9853,-89.6633,12.78,172.96,-6.44,-0.49,-4.82,0.42,2.2,-0.01,-2.48,0.09,-2.17,-5.51,17.34,1.87,1.01,0.88,1.92,0.63,-1.53,-0.03,0.16,0.89,-2.03,2.43,-2.4,5.7,-0.3,-6.98,6.43,0.18,-1.11
13.9853,-89.6625,9.73,1069.32,-121.95,-0.43,-3.97,-0.91,0.79,-0.4,-0.84,-0.7,-0.9,8.07,30.68,0.23,0.86,-1.55,-0.49,3.19,0.14,-0.57,2.19,0.16,-2.76,2.55,-1.88,4.57,-0.38,-5.96,5.26,-0.35,-0.03
13.9853,-89.6618,-5.03,1391.91,-179.75,-0.41,-4.34,0.21,1.53,0.57,-1.4,1.69,-1.54,3.64,30.68,1.22,1.53,0.75,-0.51,1.94,-0.68,-0.74,1.08,0.74,-1.3,2.12,-2.67,4.17,0.65,-7.59,4.27,-0.28,-0.14
13.9853,-89.6611,17.38,1489.37,-165.39,0.62,-5.7,0.27,1.77,1.31,-2.9,2.63,-1.38,16.92,35.04,-0.57,0.57,-0.11,0.33,3.11,0.04,-0.26,-0.1,0.77,0.83,1.62,-2.31,4.51,-0.97,-7.54,7.08,-0.28,0.12
13.9854,-89.6603,27.36,-331.09,73.79,0.86,-5.12,0.04,1.92,0.98,-2.09,2.19,-0.55,-0.0,1.11,-0.78,1.54,-0.41,2.2,-0.25,0.46,-0.5,-0.91,-0.16,1.05,0.8,-2.05,3.8,-1.18,-6.14,7.81,0.24,-1.24
13.9854,-89.6596,7.25,313.85,-30.61,0.81,-5.04,0.13,1.96,1.23,-2.32,1.19,-1.33,-0.0,9.56,-0.72,2.03,0.46,0.6,0.94,-1.86,-0.34,-0.43,-0.41,0.27,1.51,-2.49,4.65,-0.94,-8.66,6.14,0.2,-0.32
13.9854,-89.6588,10.51,609.32,-63.67,1.42,-5.32,0.93,1.17,1.79,-2.89,2.63,0.31,4.63,14.85,-0.39,2.75,0.79,1.63,2.1,-2.04,0.24,-0.08,-0.24,0.83,0.46,-2.7,4.03,-1.04,-7.73,6.14,-0.08,-0.1
13.9854,-89.6581,19.12,413.27,-28.98,1.34,-5.62,1.09,0.78,2.11,-2.53,2.09,0.53,-6.97,26.65,0.13,3.11,0.23,2.67,1.15,-1.92,-0.49,0.94,-0.4,0.32,-0.65,-3.5,3.63,-2.02,-7.44,7.65,-0.01,-1.09
13.9854,-89.6574,18.47,303.68,-16.06,1.93,-5.7,1.5,0.95,1.98,-2.44,2.69,-0.61,-4.16,21.37,-0.27,2.18,-0.82,2.54,1.49,-1.61,-0.14,1.09,-0.38,0.67,0.2,-3.78,4.46,-1.45,-6.74,7.64,-0.4,-1.35
13.9854,-89.6566,17.12,1103.33,-117.64,1.54,-6.13,1.99,0.93,2.29,-2.27,2.46,0.46,-0.0,31.61,-0.32,3.06,-0.84,2.72,1.49,-1.42,-0.21,1.21,-1.16,0.49,0.11,-2.68,4.64,-1.69,-7.49,7.59,-0.4,-0.72
13.9854,-89.6559,17.53,96.09,8.77,1.9,-6.3,1.49,0.97,3.2,-3.38,3.04,-0.83,-14.25,22.59,-0.7,3.21,-0.84,3.11,1.49,-1.73,-0.09,1.94,-0.81,0.43,0.57,-2.61,5.0,-2.06,-8.12,8.19,0.22,-1.97
13.9854,-89.6551,18.3,-203.5,47.16,2.12,-6.51,1.89,0.65,3.7,-3.56,0.81,-0.16,-10.95,13.19,-0.73,4.17,-1.26,3.28,1.65,-2.3,-0.05,1.38,-1.5,0.6,0.39,-2.27,4.67,-2.67,-8.96,8.06,0.82,-1.62
13.9854,-89.6544,12.62,-5.38,15.64,2.18,-6.93,1.44,0.77,3.81,-4.07,0.77,-0.04,-5.76,10.24,-0.82,4.6,-1.2,3.36,1.3,-2.22,-0.38,1.8,-1.23,0.72,0.3,-2.36,5.61,-2.54,-7.58,7.9,-0.49,-2.07
13.9854,-89.6537,23.72,-190.36,51.95,2.11,-6.66,1.17,1.85,4.1,-3.66,0.44,-0.03,0.48,4.74,-1.15,4.33,-1.16,3.24,2.4,-3.38,0.13,1.65,-0.03,0.67,0.36,-2.89,5.66,-2.08,-6.88,7.43,0.67,-1.24
13.984,-89.7158,24.82,-227.19,57.25,1.43,3.06,1.0,-4.11,-3.63,6.47,-13.38,2.47,-0.0,-6.22,-1.56,5.01,1.49,-1.03,2.13,1.73,-7.88,8.85,4.16,-2.5,1.16,6.71,-5.35,-1.29,7.57,-8.08,3.35,6.72
13.984,-89.7151,35.6,-1028.65,168.66,1.71,2.18,0.82,-3.95,-2.58,8.36,-13.59,2.18,-9.9,-3.96,-0.47,4.63,-1.34,-4.03,2.88,1.04,-5.65,11.37,-2.08,-0.81,1.71,1.57,-3.14,-2.27,9.3,-6.75,1.96,7.29
13.984,-89.7143,10.96,-381.37,59.89,1.76,2.74,0.92,-3.92,-2.67,7.66,-13.14,2.48,-0.0,-10.99,-1.18,5.52,-3.42,0.23,-0.48,1.44,-7.71,4.54,1.41,-0.62,2.37,5.23,-4.97,-2.2,7.05,-8.42,0.88,8.59
13.984,-89.7136,-10.83,-529.98,52.49,4.12,2.75,1.12,-2.79,-2.26,8.0,-13.95,3.02,-21.77,4.55,-3.03,-4.62,-0.66,-2.54,-2.51,-6.32,-4.18,5.11,-2.22,9.13,13.31,6.99,-3.65,-2.8,7.17,-11.32,2.15,6.41
13.9841,-89.7128,4.19,-939.99,120.74,1.27,2.38,1.78,-3.87,-1.98,9.8,-12.84,3.41,-14.91,6.16,-3.08,0.1,-4.26,-7.23,-3.02,-0.33,-3.69,7.27,-1.72,1.37,-6.27,0.72,-2.61,-0.9,8.75,-10.37,1.98,6.84
13.9841,-89.7121,0.08,-721.26,88.97,1.92,2.93,0.83,-3.16,-0.92,8.05,-14.13,2.99,-15.8,-1.65,-0.98,-0.84,-0.84,-3.33,-1.2,2.12,-2.77,2.6,-0.15,0.84,-1.71,5.44,-3.16,-3.76,8.47,-10.37,1.98,6.11
13.9841,-89.7114,18.1,-711.4,109.03,1.76,2.51,0.9,-3.83,-0.97,7.79,-13.01,4.47,-14.84,0.85,-2.87,-0.82,-2.42,-1.03,3.41,0.26,-1.78,6.11,-0.58,4.07,-5.28,6.8,-1.29,-2.55,9.51,-9.21,2.34,6.52
13.9841,-89.7106,21.65,-844.86,129.69,0.57,3.2,1.65,-3.25,-0.3,8.15,-13.22,3.8,-22.8,5.68,-1.9,-6.08,-1.35,-0.9,10.45,0.45,-1.47,2.71,-1.27,3.45,-3.29,5.17,-3.8,-2.83,9.4,-8.75,1.94,7.22
13.9841,-89.7099,34.15,-714.71,128.43,-0.18,3.16,1.5,-3.36,-0.45,7.88,-12.82,4.04,-10.86,7.97,-1.51,-2.8,-0.09,-0.45,2.45,-0.61,-2.69,3.38,0.12,3.7,-3.15,5.69,-2.06,-2.74,9.6,-6.61,1.53,6.82
13.9841,-89.7091,44.6,-1348.42,218.94,-0.42,2.96,0.96,-2.7,-0.35,7.43,-13.33,4.03,-23.92,11.13,-0.86,1.45,-2.26,-2.26,2.87,-1.35,-2.32,3.49,-1.23,0.54,-3.33,4.77,-2.87,-1.91,9.09,-5.15,2.04,6.44
13.9841,-89.7084,11.75,-323.11,53.72,-0.58,3.3,1.59,-2.8,0.01,5.87,-12.26,5.15,-11.01,11.54,-0.54,1.03,-0.34,-0.75,1.58,-1.78,-3.19,-0.2,-4.0,1.1,-2.27,4.39,-2.77,-2.32,8.77,-8.39,1.81,5.04
13.9841,-89.7077,24.05,-257.92,60.21,-1.93,3.13,1.34,-2.31,-0.4,5.23,-10.93,3.95,-3.57,4.7,-0.65,1.69,0.55,-2.26,1.92,1.49,-1.82,3.05,1.33,-1.5,-1.39,5.38,-2.93,-3.39,8.3,-5.72,1.0,5.04
13.9841,-89.7069,32.66,-259.65,70.6,-0.63,2.1,-0.72,-1.41,0.03,4.86,-10.49,3.5,-0.4,11.04,-2.73,3.13,-2.6,1.09,3.05,-2.92,-1.58,-0.36,5.98,-2.77,-2.03,6.18,-2.74,-2.46,6.84,-3.14,1.0,4.09
13.9841,-89.7062,5.27,69.47,-2.35,-1.17,2.78,-0.77,-1.05,-0.47,3.76,-10.08,3.28,-7.39,22.26,-1.87,-0.7,-0.97,-1.14,2.58,-3.13,-3.19,-2.04,0.25,-1.71,-1.01,3.83,-1.74,-1.0,8.21,-5.61,-0.59,2.98
13.9841,-89.7054,-5.45,-74.67,2.78,-0.78,3.6,-1.16,-0.7,-0.8,3.15,-9.8,3.39,-6.62,2.19,-3.13,0.76,3.63,0.38,0.54,-3.44,-2.09,-2.54,-0.81,5.68,-1.56,3.12,-1.94,0.79,5.22,-5.61,-0.22,3.11
13.9841,-89.7047,4.42,656.76,-75.86,-1.1,3.9,-1.67,-0.55,0.08,3.29,-9.37,3.63,-4.44,25.22,-2.94,-1.62,10.47,-5.05,2.71,-4.69,-0.87,-2.64,2.37,3.89,-1.61,2.33,-2.42,0.35,5.76,-3.39,-0.93,2.15
13.9841,-89.704,-5.4,25.55,-9.53,-1.32,3.63,-1.81,-0.67,-0.08,3.12,-7.09,1.78,-8.32,15.29,-3.09,-0.87,4.53,-0.01,-4.34,-2.49,1.4,-2.28,-3.87,-1.77,-2.35,3.87,-2.33,-0.66,3.81,-3.85,-0.38,1.85
13.9842,-89.7032,33.08,1280.0,-119.0,-0.31,3.42,-1.9,1.15,-0.37,2.03,-5.58,2.78,9.99,40.49,-3.32,-3.69,3.44,-5.67,21.48,0.18,-1.31,-2.9,1.83,0.32,-4.8,-2.82,-3.54,-0.99,7.85,-1.29,0.18,1.06
13.9842,-89.7025,-8.57,2029.06,-260.77,-0.89,3.11,-2.64,1.4,0.63,0.52,-1.93,0.45,11.9,42.91,-3.83,-0.86,4.69,1.7,10.25,-1.72,1.68,-6.94,-7.48,-0.17,-3.81,-1.65,-0.22,-1.74,7.85,-5.76,-0.7,0.3
13.9842,-89.7017,-7.54,2444.94,-310.98,-0.69,3.0,-2.82,1.88,1.62,-0.33,-1.81,0.27,17.1,47.29,-4.06,-2.09,4.41,-2.09,7.58,0.3,0.4,-4.1,1.52,-3.65,-0.25,4.89,-0.19,-0.01,5.56,-4.52,-0.24,-0.03
13.9842,-89.701,36.87,506.96,-19.08,0.36,4.34,-2.29,1.76,1.58,-2.02,-1.91,0.16,14.85,36.97,-3.81,-3.93,-1.26,-0.07,1.67,2.21,-3.72,-3.99,0.7,-7.83,1.98,1.11,-1.41,-1.81,6.58,0.02,0.44,0.32
13.9842,-89.7003,-4.76,1038.5,-133.98,0.49,3.88,-3.79,0.81,-0.69,-1.11,-4.59,-0.22,17.69,31.1,-3.35,-0.05,0.59,1.59,-5.02,-3.87,1.76,-3.7,-2.12,-5.44,-1.48,2.72,-4.81,-0.13,5.56,-3.25,-1.23,0.23
13.9842,-89.6995,-1.61,1049.39,-131.64,-0.54,4.08,-2.71,-0.41,-0.07,-2.26,-1.61,-0.35,-0.0,15.96,-2.55,-1.81,4.52,1.42,-3.8,4.19,5.13,-2.34,-2.0,9.22,1.64,1.32,-1.15,-3.27,4.91,-1.6,-1.66,-0.28
13.9842,-89.6988,-10.21,1323.83,-175.75,1.14,4.56,-1.56,-0.36,0.76,-1.56,0.51,1.32,13.44,18.03,-2.84,0.11,8.86,1.29,-1.92,-6.7,0.45,-4.91,0.97,0.54,1.22,1.64,-1.37,-1.26,4.87,-2.9,-0.44,-1.95
13.9842,-89.698,9.71,-385.35,59.13,-0.35,5.72,-1.27,-0.5,2.65,-4.42,0.96,-0.09,8.18,7.69,-3.21,-0.95,-11.51,-3.24,-1.29,-0.21,1.46,-2.87,-0.91,-2.81,1.87,1.05,-1.07,-0.18,6.27,-2.05,-0.35,-0.58
13.9842,-89.6973,18.76,657.31,-59.13,-1.53,5.12,-3.23,-1.52,1.7,-3.23,0.06,-1.1,15.84,19.43,-5.51,0.55,8.67,-2.25,-2.2,-0.92,0.74,-2.32,1.41,-1.94,1.65,0.97,-2.65,-3.42,5.82,-2.09,-0.02,1.41
13.9842,-89.6966,17.67,191.08,-2.76,-1.7,4.63,-2.24,-1.93,1.44,-3.78,1.76,-1.34,3.1,9.26,-1.68,2.03,4.06,-0.61,3.17,0.15,1.77,-4.1,1.14,-2.41,0.77,0.82,-2.91,-3.1,5.82,-1.74,0.04,0.37
13.9842,-89.6958,15.8,-222.36,46.2,-2.1,5.0,-2.61,-2.79,1.54,-2.66,0.79,-0.2,-0.35,9.26,-2.42,-3.13,2.83,-1.19,0.87,-2.06,2.14,-4.83,1.87,-1.51,2.58,1.01,-2.55,-3.09,4.49,-1.97,0.98,0.38
13.9842,-89.6951,11.33,331.3,-27.62,-1.89,3.55,-2.41,-2.21,0.96,-2.28,2.38,-1.46,18.32,5.74,-0.53,-0.94,0.05,-4.0,0.5,-0.55,1.49,-3.55,1.32,-1.42,0.75,2.14,-1.75,-1.71,4.44,-1.52,0.41,-0.38
13.9843,-89.6943,2.12,-65.51,10.62,-1.01,3.23,-1.69,-2.61,1.4,-1.61,2.75,-1.62,5.73,-1.59,0.29,-1.52,0.72,-3.2,-0.35,-0.23,3.07,-4.96,0.79,-2.62,2.08,1.36,-0.45,-3.14,2.5,-0.93,0.1,-1.03
13.9843,-89.6936,10.96,-609.24,88.39,-1.31,3.89,-1.82,-2.56,1.75,-2.33,2.63,-1.48,-0.65,-0.0,0.22,-0.91,2.32,-3.32,0.26,0.65,3.64,-4.19,0.45,-3.52,2.71,1.78,-2.16,-3.58,3.75,0.01,-0.53,-1.03
13.9843,-89.6929,16.52,-709.74,107.42,-0.9,3.79,-1.63,-2.42,1.86,-2.32,2.89,-1.86,7.14,-15.72,1.17,-0.38,0.89,-3.08,-0.7,-0.42,2.61,-4.14,1.55,-2.84,1.76,2.06,-0.32,-3.27,2.6,0.31,0.14,-0.04
13.9843,-89.6921,14.9,-685.29,102.5,-0.26,2.96,-1.82,-1.99,1.51,-2.47,3.0,-1.61,0.93,-12.58,0.83,0.13,1.36,-1.54,-0.92,-0.98,3.58,-4.18,1.42,-2.65,3.39,0.74,0.06,-4.05,2.53,0.37,-0.44,0.55
13.9843,-89.6914,11.2,-1005.45,137.8,-0.19,1.97,-1.4,-1.79,1.35,-2.24,3.26,-1.48,-17.52,-3.31,1.33,-1.74,0.04,-1.75,-0.36,-1.35,3.52,-4.03,1.08,-3.58,3.11,0.82,0.13,-3.43,2.69,0.44,-0.95,0.27
13.9843,-89.6906,9.33,-552.41,79.48,-0.33,1.86,-0.76,-1.02,1.34,-2.13,3.35,-1.62,-6.26,-6.22,1.5,-1.36,0.83,-1.65,0.01,-0.49,3.9,-3.79,1.19,-2.79,2.98,0.61,0.46,-3.57,1.65,0.44,-0.41,0.16
13.9843,-89.6899,14.01,-316.0,55.73,-0.24,1.04,-0.77,-1.01,1.22,-2.2,3.52,-1.67,2.68,-6.07,1.7,-0.24,0.83,-1.43,-0.07,-0.4,4.11,-3.78,1.57,-3.18,3.06,-0.17,0.84,-3.86,1.66,0.87,-0.3,0.33
13.9843,-89.6892,8.85,478.22,-48.82,-0.23,0.55,-0.46,-0.68,0.79,-2.38,3.29,-1.6,19.87,-1.71,1.5,-0.32,0.92,-1.36,0.18,-0.65,4.05,-3.57,1.48,-3.39,2.84,0.24,0.99,-3.57,1.65,0.81,-1.01,0.35
13.9843,-89.6884,7.77,-343.26,51.75,-0.14,0.07,0.67,-0.37,0.63,-2.6,3.35,-1.7,-0.0,-13.05,1.62,-0.44,0.93,-1.15,-0.17,-0.65,4.07,-3.53,1.19,-3.55,2.9,0.38,0.35,-3.64,1.83,0.75,-1.15,0.32
13.9843,-89.6877,6.72,15.78,5.99,-0.03,-0.27,0.89,0.15,0.41,-2.17,3.37,-1.38,-0.0,-3.86,1.63,-0.67,0.67,-0.78,-0.09,-0.82,4.19,-3.16,1.15,-3.7,2.77,-0.07,0.93,-3.16,1.97,0.9,-1.06,-0.38
13.9843,-89.6869,11.39,189.98,-10.1,-0.06,-0.96,1.11,0.44,0.22,-2.18,3.37,-1.25,19.59,-0.0,1.7,-0.67,0.8,-0.54,-0.14,-0.57,4.14,-3.13,1.3,-3.21,2.86,-0.29,0.97,-3.01,2.17,1.47,-1.13,-0.31
13.9843,-89.6862,11.71,422.55,-38.57,-0.23,-1.39,0.86,0.63,-0.09,-2.36,3.33,-0.98,15.37,1.86,1.58,-0.94,0.22,-0.01,0.0,-0.71,4.14,-2.86,1.22,-3.11,2.69,0.04,0.93,-2.9,2.44,1.37,-1.1,-0.36
13.9844,-89.6855,11.44,-586.93,86.36,-0.31,-1.56,1.0,1.26,-0.31,-2.53,3.8,-0.6,-5.32,-0.0,1.51,-0.86,0.5,0.26,0.01,-0.53,3.9,-2.77,1.16,-2.71,2.68,-0.19,1.32,-2.74,2.44,1.31,-0.85,-0.71
13.9844,-89.6847,12.43,-605.82,89.89,-0.82,-1.97,1.27,1.67,-0.58,-2.25,3.8,-0.87,-4.67,-0.0,1.66,-1.11,0.36,0.09,-0.23,-0.59,3.63,-2.15,1.2,-2.61,2.58,-0.25,1.54,-2.6,2.79,1.5,-0.86,-1.21
13.9844,-89.684,12.35,-336.36,56.36,-0.99,-2.12,1.0,1.82,-0.78,-2.52,3.92,-0.82,3.54,-10.18,1.58,-0.97,0.17,0.53,-0.03,-0.15,2.78,-1.79,1.26,-2.34,2.62,-0.22,1.4,-2.09,2.68,1.54,-0.86,-1.21
13.9844,-89.6832,8.2,-106.3,22.9,-1.16,-2.05,0.64,2.07,-0.81,-2.56,4.39,-0.66,16.22,-18.61,1.3,-0.75,0.2,0.61,-0.01,-0.16,2.47,-1.46,1.27,-2.2,2.62,-0.45,1.45,-1.81,2.83,1.37,-1.12,-1.68
13.9844,-89.6825,4.51,540.34,-61.76,-1.49,-1.81,0.22,2.44,-0.87,-2.45,4.21,-0.85,15.63,-0.88,1.2,-0.8,0.27,0.85,-0.17,0.04,2.13,-1.15,1.13,-2.22,2.29,-0.69,1.5,-1.22,2.26,1.37,-1.15,-1.89
13.9844,-89.6818,0.6,-82.9,11.01,-1.33,-2.22,0.34,2.74,-1.0,-2.55,4.16,-0.85,0.14,-6.64,1.17,-0.59,0.05,0.98,-0.42,0.31,1.78,-1.01,1.28,-2.21,2.45,-0.94,1.65,-1.0,1.63,1.41,-1.05,-2.38
13.9844,-89.681,-2.02,134.38,-19.09,-1.62,-2.26,0.24,2.95,-1.16,-2.4,4.01,-0.98,0.93,-3.02,1.31,-0.42,0.1,0.9,-0.17,0.43,1.42,-0.66,1.09,-1.84,2.36,-1.01,1.74,-0.84,0.56,1.39,-0.82,-2.17
13.9844,-89.6803,-3.82,333.42,-45.95,-2.01,-2.33,-0.05,3.17,-1.04,-2.11,3.78,-1.24,11.61,-8.07,0.88,-0.38,0.0,1.03,-0.34,0.72,1.12,-0.28,0.96,-1.4,2.07,-0.99,1.78,-0.71,0.22,1.13,-0.49,-2.3
13.9844,-89.6795,-5.63,218.5,-33.82,-1.87,-2.69,0.0,3.35,-1.18,-1.19,3.87,-1.3,12.64,-13.77,0.93,-0.28,0.03,1.02,-0.4,0.66,0.73,-0.09,0.88,-1.15,1.55,-1.26,1.99,-0.52,-0.18,0.86,-0.32,-2.09
13.9844,-89.6788,-6.51,285.39,-43.17,-2.16,-2.72,-0.44,3.28,-1.18,-1.28,3.7,-1.38,10.06,-0.0,1.0,0.02,-0.01,0.84,-0.41,0.88,0.48,0.17,1.06,-0.9,1.49,-1.19,2.03,-0.54,-0.18,0.91,-0.32,-2.43
13.9844,-89.6781,-2.63,-233.06,25.86,-2.32,-2.73,-0.97,3.31,-1.11,-1.1,3.32,-1.53,4.02,-15.59,0.84,-0.12,0.16,0.8,-0.6,0.83,0.21,0.38,0.74,-0.86,1.47,-1.19,2.36,-0.25,0.49,0.89,-0.23,-2.42
13.9844,-89.6773,-2.61,129.53,-19.2,-2.42,-2.53,-1.25,3.24,-1.09,-0.97,3.64,-1.4,8.03,-0.0,1.23,-0.04,0.36,0.97,-0.8,1.17,-0.36,0.68,0.83,-0.59,1.39,-1.72,2.14,0.11,0.05,1.14,-0.23,-2.42
13.9845,-89.6766,-3.97,118.15,-19.4,-2.52,-2.77,-1.24,3.4,-0.94,-0.63,3.12,-1.73,12.57,-14.7,1.27,0.05,0.12,0.74,-0.81,1.02,-0.33,0.89,0.69,-0.2,1.32,-1.81,2.33,0.12,-0.62,1.43,-0.21,-2.57
13.9845,-89.6759,-4.67,-686.25,79.84,-2.84,-2.83,-1.53,3.44,-0.75,-0.15,2.54,-1.94,-8.98,-17.27,1.3,0.09,-0.07,0.73,-0.81,0.94,-0.46,1.16,0.74,-0.45,1.27,-1.81,2.47,0.21,-1.53,1.44,0.29,-2.53
13.9845,-89.6751,-4.37,-514.8,58.88,-2.71,-2.84,-1.67,3.72,-0.73,0.01,2.83,-1.61,2.93,-23.0,1.19,0.15,0.01,0.58,-0.61,0.22,-0.91,1.01,0.88,-0.81,1.36,-1.88,2.61,0.27,-1.94,1.44,0.48,-2.3
13.9845,-89.6744,-3.65,-297.99,32.76,-2.71,-3.31,-1.71,3.86,-0.71,0.01,3.1,-1.56,0.4,-14.05,1.15,0.29,-0.36,0.66,-0.57,0.35,-0.96,1.47,0.59,-0.69,1.55,-2.17,2.46,0.77,-2.33,1.39,0.58,-1.74
13.9845,-89.6736,-4.11,-855.21,101.58,-2.66,-3.51,-2.03,2.76,-0.56,-0.25,3.02,-1.49,-14.88,-14.05,1.22,0.07,-0.44,0.6,-0.95,0.39,-1.35,1.26,0.47,-0.35,1.52,-1.74,2.74,1.02,-2.83,1.77,0.4,-1.68
13.9845,-89.6729,-8.55,-394.05,38.93,-2.46,-3.53,-2.15,3.44,-0.18,-0.42,2.04,-1.47,-4.43,-14.05,1.1,0.07,-0.32,0.35,-0.35,0.36,-1.2,1.05,1.19,-0.43,2.13,-1.98,2.85,1.36,-3.31,1.43,0.51,-1.75
13.9845,-89.6722,-4.15,-603.21,70.2,-2.49,-4.04,-1.69,4.09,-0.57,-0.41,1.96,-1.85,-11.53,-0.0,1.22,-0.04,0.07,0.72,0.32,-0.61,-1.2,0.98,0.78,-0.8,2.2,-2.58,2.48,0.84,-3.87,1.5,1.47,-1.67
13.9845,-89.6714,-0.86,-592.0,72.71,-1.64,-4.3,-2.21,4.35,-0.68,-0.48,1.83,-1.99,-7.88,-0.0,1.4,-0.3,-0.14,0.38,-0.11,0.05,-1.61,1.2,0.96,-0.93,2.26,-2.64,2.58,0.95,-4.32,1.31,2.09,-1.05
13.9845,-89.6707,3.19,-560.7,73.62,-1.41,-4.73,-1.16,4.21,0.12,0.06,2.98,-2.18,-7.33,-0.0,1.58,0.25,0.18,0.53,-0.27,0.44,-1.17,1.04,0.81,-1.21,1.39,-2.22,1.58,1.19,-4.32,1.54,2.22,-0.87
13.9845,-89.6699,3.85,-281.02,39.57,-1.46,-4.9,-1.44,3.93,-0.71,0.29,2.74,-2.56,4.55,-0.0,1.62,0.22,-0.07,-0.05,-0.83,0.14,-1.69,0.68,1.01,-0.89,2.6,-2.79,2.64,1.43,-4.92,1.91,2.22,-0.87
13.9845,-89.6692,5.96,-595.92,81.32,-1.35,-4.94,-1.29,3.89,-1.12,0.27,3.53,-2.39,-3.55,-12.18,2.02,-0.11,0.38,0.47,-0.66,0.04,-1.16,0.98,0.87,-1.05,2.63,-3.25,3.53,1.71,-4.96,2.57,1.74,-0.69
13.9845,-89.6685,-1.24,301.1,-38.99,-0.97,-4.54,-1.24,3.56,-0.45,-0.05,4.25,-2.76,-0.0,-1.28,2.07,0.42,0.89,0.37,-0.72,0.3,-1.5,1.54,1.33,-1.56,2.23,-3.37,3.29,1.44,-5.31,2.57,1.25,-1.19
13.9846,-89.6677,-4.79,330.41,-46.86,-0.38,-4.79,-1.35,2.43,-0.49,-0.42,3.29,-2.13,-0.0,0.58,1.59,0.11,-0.14,0.23,-0.64,0.56,-1.41,1.48,0.91,-1.86,2.52,-2.84,3.37,1.29,-5.48,2.23,1.04,-0.92
13.9846,-89.667,16.29,-800.17,119.07,-1.33,-3.67,-1.31,1.46,-0.96,-0.93,2.06,-1.66,-14.0,3.75,1.5,0.29,-0.38,1.06,-1.0,-0.41,-1.94,0.49,0.45,-1.14,2.79,-3.57,3.32,0.99,-5.51,4.52,1.21,-0.24
13.9846,-89.6662,12.23,-1327.0,179.97,-0.16,-5.33,-1.21,2.47,-0.24,-1.08,0.92,-1.54,-17.91,-7.23,0.46,0.12,0.51,0.38,-1.17,-0.36,-2.88,-0.25,0.85,-1.57,3.06,-3.87,3.48,0.38,-5.72,4.26,1.15,-0.37
13.9846,-89.6655,9.33,-477.22,70.58,-0.24,-5.05,-0.22,1.8,0.05,-1.47,2.72,-1.2,-7.23,0.15,0.54,0.4,0.66,2.25,-1.42,1.01,-2.73,0.1,1.44,-1.92,1.93,-4.67,3.64,0.07,-5.99,3.81,1.06,0.22
13.9846,-89.6648,8.19,-944.88,127.59,-0.18,-4.45,-1.1,2.36,-0.66,-1.97,3.68,-1.62,-7.29,-10.23,0.7,0.74,0.47,1.01,-2.29,-0.96,-3.04,-0.94,2.48,-0.48,1.25,-4.23,3.68,0.43,-5.66,4.58,0.78,-1.29
13.9846,-89.664,9.67,-108.03,24.93,-0.54,-4.97,-0.69,3.13,0.47,-2.88,2.27,-1.23,-7.17,6.88,1.57,0.6,2.34,-0.78,-1.26,1.18,-2.17,2.05,2.3,-1.05,3.26,-3.33,5.04,-0.72,-6.37,5.61,0.11,-0.92
13.9846,-89.6633,-0.14,484.42,-60.63,-0.68,-4.53,0.1,3.15,0.74,-3.09,2.8,-1.6,-2.12,18.23,-0.52,1.73,-0.16,-0.75,-1.16,-1.42,-0.27,0.29,2.1,0.67,2.6,-4.99,4.11,0.72,-6.0,4.28,0.19,-1.43
13.9846,-89.6625,8.42,618.81,-67.27,-1.18,-4.79,-0.93,2.46,-0.06,-2.12,3.02,-0.31,-2.12,26.25,0.24,-1.14,1.25,0.17,-0.36,0.29,-1.01,0.11,1.98,0.02,0.13,-3.28,4.49,-0.01,-4.52,4.92,-0.66,-0.8
13.9846,-89.6618,-1.61,942.17,-119.54,-1.2,-4.92,-0.37,1.48,-0.02,-0.7,2.98,1.27,-0.98,21.19,0.29,0.39,-0.17,-0.36,2.04,1.0,0.1,0.19,1.57,-0.26,1.22,-1.03,5.01,0.27,-5.71,4.31,-0.66,-0.8
13.9846,-89.6611,0.5,872.02,-108.3,0.42,-5.06,0.02,2.25,1.58,-1.43,2.5,-0.3,-1.35,25.3,0.03,1.17,1.33,-0.41,-0.96,-0.43,0.37,0.22,0.63,0.85,-0.29,-3.32,5.31,-1.51,-6.09,4.31,-0.55,-0.1
13.9846,-89.6603,9.69,791.7,-87.39,1.61,-3.93,0.3,2.19,1.66,-1.81,2.35,0.03,3.7,25.98,-0.24,1.54,-0.5,0.3,1.27,-0.83,-1.62,0.14,-0.57,-0.32,1.64,-5.03,4.25,-1.88,-6.19,5.76,0.26,-1.75
13.9846,-89.6596,24.96,542.16,-38.14,0.39,-4.97,-0.23,2.15,1.21,-2.46,2.72,-0.91,-2.75,30.43,-0.54,1.77,0.72,1.99,2.48,0.01,-0.64,0.04,-1.32,0.55,0.79,-2.66,3.79,-1.05,-7.8,8.15,-0.01,-0.25
13.9846,-89.6588,9.99,1006.44,-113.91,0.68,-4.58,0.94,1.64,1.82,-2.87,2.54,-0.71,-0.0,24.19,-1.16,2.01,0.34,2.33,3.34,-0.47,-0.32,-0.26,0.42,0.33,0.35,-2.73,6.07,-2.21,-7.65,7.07,-0.02,-2.08
13.9847,-89.6581,20.89,-697.35,111.92,1.46,-5.5,1.17,1.02,1.32,-3.13,3.27,0.08,0.87,-0.0,0.18,1.44,-0.44,2.46,2.82,-2.2,0.69,-0.9,-0.7,-0.01,-0.2,-2.27,4.05,-1.32,-8.11,8.17,-0.17,-0.71
13.9847,-89.6574,18.68,658.51,-60.17,1.34,-5.67,2.16,1.46,1.92,-2.83,2.56,-0.97,4.72,24.35,-0.23,1.73,-0.39,2.34,2.53,-2.79,-0.35,0.66,-0.32,0.34,-0.1,-2.77,4.73,-1.27,-8.11,7.78,0.28,-1.21
13.9847,-89.6566,20.92,833.59,-79.41,1.23,-6.0,1.58,1.2,2.4,-3.0,1.88,0.09,15.34,19.72,-0.18,2.47,-0.81,2.53,1.64,-2.13,0.24,1.03,-1.39,0.91,0.2,-2.82,5.11,-1.56,-8.5,9.62,-0.4,-2.32
13.9847,-89.6559,33.21,346.48,-3.95,1.91,-6.03,1.5,1.26,2.87,-3.74,1.03,-0.02,6.0,22.74,0.06,3.09,-0.31,1.88,2.09,-2.2,-0.14,1.42,-1.06,-0.14,0.26,-2.55,4.88,-1.98,-7.97,9.53,0.75,-1.63
13.9847,-89.6551,10.75,362.89,-32.63,2.11,-6.52,1.78,0.88,3.35,-3.64,0.78,-0.09,-9.46,22.74,-0.23,3.74,-0.06,2.73,2.6,-3.48,-0.47,2.12,-1.19,0.26,0.31,-1.81,5.03,-2.8,-7.78,7.27,0.56,-2.85
13.9847,-89.6544,16.83,284.02,-15.56,1.9,-5.61,1.54,0.61,3.77,-3.52,-0.16,0.33,-9.12,26.14,-0.67,4.61,-1.01,2.15,2.23,-3.06,0.5,1.81,-3.43,0.51,0.14,-2.37,5.56,-2.5,-7.98,8.97,-0.27,-2.85
13.9847,-89.6537,15.98,-521.95,84.26,2.19,-6.53,1.62,0.73,4.62,-4.19,-0.09,1.68,-15.62,4.03,-1.77,5.6,-1.46,3.95,2.57,-3.32,0.81,1.64,-0.97,1.74,0.01,-3.12,5.58,-2.22,-6.88,7.02,0.74,-2.42
13.9833,-89.7158,41.11,-1368.02,216.89,1.1,4.02,1.04,-4.15,-3.03,5.37,-11.77,1.24,-23.05,-0.0,-0.93,5.99,7.87,-0.41,-1.94,3.92,-4.89,6.15,0.98,2.28,0.44,4.03,-4.07,-2.39,9.73,-8.6,4.34,7.55
13.9833,-89.7151,23.82,-537.19,94.24,1.73,3.9,1.45,-4.42,-1.66,6.77,-12.48,0.9,-11.12,6.13,-1.19,5.85,0.84,-1.17,-0.86,2.05,-4.12,6.1,2.04,-4.79,-0.36,0.17,-2.69,-1.32,7.42,-7.91,2.86,7.15
13.9833,-89.7143,26.9,-1191.47,178.46,1.4,3.41,1.33,-3.61,-1.72,6.45,-12.76,2.37,-19.84,2.42,-0.63,3.65,-4.19,-0.39,-0.34,-2.05,-2.97,10.13,3.59,-4.35,-3.18,1.75,-6.84,-6.81,7.25,-6.93,2.37,7.15
13.9833,-89.7136,-9.73,-444.82,43.3,-0.03,2.57,0.94,-3.71,-1.27,7.06,-13.25,3.1,-31.08,6.14,-1.04,-0.56,4.54,0.48,-3.25,1.03,-3.46,5.71,3.33,2.12,-0.62,1.49,-5.2,-6.05,4.66,-9.12,2.37,5.19
13.9833,-89.7128,22.88,-1125.61,165.66,0.63,3.08,0.68,-3.91,-1.27,7.83,-13.63,3.02,-29.47,12.23,-1.2,2.27,-1.48,-0.83,-0.02,0.63,-6.32,5.33,-0.02,0.1,-1.95,4.54,-6.12,-5.96,9.78,-9.12,1.64,8.45
13.9833,-89.7121,13.05,-1183.88,161.27,-1.07,4.23,1.17,-3.77,-0.82,8.27,-13.78,3.82,-27.69,-5.94,-1.35,-3.77,7.35,-0.82,0.94,0.93,-3.65,3.31,-2.6,2.61,-3.81,4.32,4.46,-2.75,9.56,-9.82,2.37,6.37
13.9833,-89.7114,14.18,-754.73,109.74,0.48,3.97,0.77,-4.24,-0.65,8.41,-13.2,3.78,-21.05,10.14,-0.38,-3.0,-1.36,-1.93,1.76,0.5,-4.52,4.17,-1.04,-1.09,-2.14,6.16,0.89,-3.04,9.82,-9.96,1.96,7.15
13.9834,-89.7106,32.56,-1478.68,220.7,0.12,3.94,1.8,-3.24,-1.08,7.91,-12.62,3.01,-29.07,1.37,0.09,-2.72,-1.76,-1.55,1.19,2.63,-0.37,2.61,-0.44,2.59,-4.9,7.3,-1.58,-2.36,9.0,-6.25,1.89,5.96
13.9834,-89.7099,28.24,-1022.09,159.35,-0.11,3.28,1.65,-3.56,-0.15,6.88,-13.47,3.22,-27.68,16.08,-1.6,-0.88,-2.37,-0.18,2.33,-1.87,-2.67,3.81,-0.32,1.97,-3.22,6.14,-2.74,-2.9,10.29,-7.74,1.89,6.12
13.9834,-89.7091,24.02,-183.7,51.02,-1.3,3.69,1.35,-3.86,-0.13,5.63,-12.12,3.99,-14.93,23.56,-1.29,-0.62,-1.1,-0.76,2.85,-0.27,-2.29,2.67,0.03,0.06,-2.77,6.03,-0.84,-2.84,8.25,-5.65,0.79,5.38
13.9834,-89.7084,10.92,19.46,10.5,-0.94,3.19,1.49,-3.56,-0.18,6.14,-11.9,3.34,-28.74,33.47,-1.89,1.53,1.86,-1.57,0.9,-1.21,-1.0,1.27,-1.08,2.19,-2.53,5.47,-1.51,-1.89,8.21,-6.76,0.0,5.44
13.9834,-89.7077,4.01,597.21,-68.93,-1.87,3.38,0.95,-2.52,0.01,5.5,-11.32,3.26,-0.0,9.51,-0.45,-0.51,0.88,-1.01,0.7,-1.49,-0.35,1.25,6.14,1.38,-2.14,5.57,-2.49,-2.46,7.63,-6.76,-0.05,4.48
13.9834,-89.7069,16.91,88.28,9.07,-2.05,3.13,0.63,-2.2,-0.65,5.23,-10.67,3.32,-10.67,21.45,-1.41,0.87,1.01,-1.59,1.03,-1.41,-0.16,-0.41,2.16,1.21,-2.38,6.55,-1.79,-1.4,9.11,-4.9,-0.71,3.68
13.9834,-89.7062,2.18,-522.84,67.09,-1.88,3.42,-0.43,-1.53,-0.02,4.53,-11.06,2.73,1.47,-0.0,-0.42,-1.49,0.71,-0.73,1.36,-3.98,-1.44,-1.01,-1.18,3.43,-2.41,4.41,-2.39,-1.58,3.71,-3.74,-0.39,3.51
13.9834,-89.7054,-12.07,45.02,-19.82,-0.71,3.63,-0.93,-1.33,0.3,3.32,-10.16,2.31,13.05,-0.0,-4.15,4.9,0.08,-2.34,2.38,-3.08,-1.11,-3.76,-2.65,-1.33,-0.26,4.4,-2.31,-1.5,5.62,-5.43,-1.86,3.38
13.9834,-89.7047,1.97,-960.04,120.84,-1.23,3.91,-1.23,-0.84,0.08,3.21,-8.73,2.59,-7.61,-0.0,-2.43,1.81,-2.56,-6.06,1.16,-2.07,-0.72,-1.62,2.67,-0.64,0.22,1.22,-2.69,-0.1,4.52,-3.11,-0.96,2.43
13.9834,-89.704,12.74,-13.55,16.72,-1.84,4.34,-2.06,-0.29,0.27,2.43,-7.89,2.24,0.25,21.71,-2.26,0.46,-3.07,-5.27,2.12,-3.16,2.99,-0.87,-3.1,-0.54,-2.37,-2.69,0.06,-3.2,6.52,-3.64,-0.44,2.89
13.9834,-89.7032,7.47,574.83,-62.17,-0.58,3.8,-2.63,0.12,-0.12,1.89,-6.13,1.08,12.69,18.6,-2.14,-1.48,3.05,-5.49,1.31,-2.76,1.39,-1.84,1.22,2.15,-3.49,-1.52,-2.04,-1.71,6.52,-2.81,-0.9,0.82
13.9834,-89.7025,1.04,-184.11,23.97,0.56,3.33,-3.19,1.43,1.03,0.9,-3.8,1.01,3.08,-0.0,-2.89,-1.94,4.13,-3.75,7.36,-0.31,-1.14,-2.17,2.13,0.56,-2.64,-1.66,0.76,-1.21,5.9,-3.55,-0.9,1.14
13.9835,-89.7017,-9.83,2057.74,-265.85,-0.83,4.21,-2.97,0.57,1.29,0.72,-3.37,1.2,18.23,27.71,-3.35,-4.31,1.62,1.74,15.65,0.73,0.76,-4.32,0.5,-6.66,0.8,5.04,0.43,-1.66,5.28,-3.84,-0.81,-0.49
13.9835,-89.701,6.33,1387.87,-164.02,-0.44,4.63,-3.69,0.38,2.07,-1.41,-3.32,0.29,2.99,34.54,-2.75,2.91,5.05,-1.85,13.52,-1.75,-1.15,-3.46,0.85,-7.59,0.85,1.17,-2.54,-1.18,4.21,-1.79,-0.33,0.18
13.9835,-89.7003,28.75,1036.56,-94.15,0.58,3.7,-3.59,0.47,1.05,-2.36,-2.62,-0.84,12.84,40.81,-3.48,-1.31,-0.96,-3.91,8.9,-2.25,1.69,-3.6,4.03,-3.8,1.08,2.7,-1.67,2.03,7.11,-0.86,-0.16,0.65
13.9835,-89.6995,1.34,1662.01,-203.87,0.8,4.27,-3.28,-0.79,1.68,-1.58,-0.01,-0.24,20.36,27.97,-1.72,0.07,2.23,0.5,0.08,-3.12,4.9,-3.15,3.97,-4.2,1.24,3.03,-2.36,-1.61,5.54,-1.59,-1.23,-0.93
13.9835,-89.6988,5.81,444.4,-48.08,0.35,4.16,-1.05,0.54,0.46,-2.24,0.7,-2.53,12.84,19.11,-2.5,-0.02,-4.31,0.2,-3.11,-1.57,3.99,-5.47,-1.05,-4.15,2.11,0.09,-1.57,0.51,3.59,-0.69,-0.06,-1.27
13.9835,-89.698,-2.61,1272.05,-160.39,1.15,5.34,-2.3,-1.19,1.59,-3.97,0.72,-0.64,14.61,26.67,-3.15,0.65,0.52,-0.37,1.67,-0.29,1.75,-4.3,-1.13,-1.75,0.4,-0.12,-0.11,-0.81,4.11,-1.15,-1.32,-1.18
13.9835,-89.6973,0.23,911.52,-112.48,0.09,4.78,-2.24,-2.31,1.79,-2.74,0.31,-0.24,9.98,20.89,-3.55,-1.22,1.77,-0.73,1.11,1.11,0.91,-3.93,-0.24,-0.49,1.68,1.58,-1.15,-2.11,4.11,-3.39,0.6,0.2
13.9835,-89.6966,14.34,561.56,-52.53,-1.77,4.81,-2.37,-2.58,2.59,-3.57,0.8,-1.0,-0.0,20.13,0.15,-0.54,4.64,-1.7,-0.65,0.68,3.16,-4.34,-1.26,-2.5,1.86,1.46,-1.9,-2.57,6.21,-2.22,-0.09,0.2
13.9835,-89.6958,14.39,524.0,-47.83,-1.65,4.88,-1.8,-2.64,1.97,-2.74,1.9,-0.24,6.54,17.81,2.21,-0.87,0.7,0.5,-2.04,-0.22,1.93,-3.75,-0.5,-0.93,2.04,0.82,-0.67,-3.55,5.29,-1.63,0.31,-0.35
13.9835,-89.6951,11.64,373.37,-32.45,-1.36,4.47,-2.4,-2.14,1.7,-2.09,2.38,-0.96,6.39,19.2,-0.4,-4.32,-0.4,-2.55,0.2,-1.21,3.24,-2.01,0.11,-3.33,1.13,2.75,-0.68,-1.51,3.2,-0.14,-0.07,-0.62
13.9835,-89.6943,18.23,171.74,0.29,-0.49,3.92,-2.5,-2.17,2.22,-2.13,2.63,-1.91,13.75,6.8,-0.19,0.49,0.97,-4.47,0.42,-0.11,3.51,-4.36,0.97,-3.83,1.82,1.84,-2.01,-3.12,3.23,0.13,0.03,0.24
13.9835,-89.6936,14.06,-471.88,75.05,-0.32,4.12,-2.33,-1.8,1.97,-2.39,3.1,-2.18,5.63,-10.21,1.15,0.17,0.0,-1.72,0.87,-0.38,3.34,-5.15,0.55,-3.72,2.72,2.17,-0.76,-3.52,2.95,0.2,-0.32,-0.08
13.9836,-89.6929,12.93,-996.19,138.65,-0.84,4.05,-1.47,-2.12,1.53,-2.68,2.83,-1.98,-6.61,-13.55,2.49,-0.15,0.57,-2.93,0.26,-0.29,2.37,-4.62,1.53,-3.75,2.41,1.23,-1.55,-3.47,2.93,0.2,-0.47,-0.06
13.9836,-89.6921,18.54,-740.09,113.59,-0.61,2.9,-1.25,-1.64,1.66,-2.36,3.09,-1.83,-1.83,-0.0,1.69,-0.55,2.26,-1.63,0.15,-1.29,3.86,-3.81,1.07,-3.74,2.5,0.59,-1.32,-4.67,2.65,0.36,-0.33,1.13
13.9836,-89.6914,7.89,279.69,-25.32,-0.27,2.38,-0.99,-0.93,1.45,-2.35,3.41,-1.95,9.95,3.71,1.8,-1.1,0.27,-1.15,-0.23,-0.54,3.85,-4.21,1.2,-3.3,2.91,0.26,-1.39,-3.78,1.88,0.35,-0.57,-0.08
13.9836,-89.6906,20.17,-260.75,56.16,-0.74,1.95,-1.07,-1.06,1.22,-2.27,3.07,-2.14,-0.3,2.1,2.6,-0.06,1.13,-1.6,0.51,-0.27,3.63,-4.04,1.68,-3.05,2.74,0.24,-0.47,-3.58,2.37,0.61,0.13,0.79
13.9836,-89.6899,16.13,-94.35,30.76,-0.38,1.69,-0.79,-0.85,0.86,-2.51,3.22,-2.03,9.61,-5.08,2.0,0.25,0.99,-1.27,0.21,-0.57,4.27,-3.73,1.43,-3.11,2.45,0.66,0.21,-3.39,2.09,0.83,-0.5,0.79
13.9836,-89.6892,10.52,74.49,3.21,-0.24,1.22,0.01,-0.4,0.9,-2.45,3.31,-1.82,12.53,-5.83,2.04,-0.05,0.79,-1.42,0.36,-1.13,4.29,-3.74,1.46,-3.43,2.8,0.25,-0.03,-3.4,1.89,0.87,-0.79,0.11
13.9836,-89.6884,8.27,514.48,-54.0,-0.27,0.53,-0.28,-0.32,0.63,-2.36,3.24,-1.72,18.02,1.31,2.23,-0.46,0.32,-1.09,0.17,-0.77,4.12,-3.38,1.33,-3.61,2.73,0.1,0.45,-3.22,1.99,1.16,-1.1,-0.48
13.9836,-89.6877,14.42,-33.46,21.21,-0.15,-0.23,0.91,-0.04,0.31,-2.48,3.18,-1.64,15.89,-0.0,2.03,-0.96,0.98,-0.54,0.15,-0.7,3.83,-3.41,1.31,-3.49,2.78,0.19,1.12,-3.1,2.36,1.45,-0.88,-0.21
13.9836,-89.6869,8.75,-159.22,30.1,-0.31,-0.78,1.34,0.59,0.24,-2.52,3.25,-1.06,-0.0,-8.19,1.96,-1.07,0.92,-0.61,0.13,-0.64,4.04,-3.2,1.19,-3.38,2.61,-0.04,1.09,-2.89,2.14,1.53,-1.52,-0.39
13.9836,-89.6862,9.71,136.54,-5.45,-0.25,-1.64,1.48,0.98,-0.07,-2.5,3.28,-0.96,-0.0,-0.0,2.11,-1.1,0.39,-0.26,0.13,-0.55,3.93,-2.77,1.27,-2.83,2.6,-0.02,0.75,-2.79,2.2,1.79,-1.51,-0.67
13.9836,-89.6855,11.55,-664.71,96.13,-0.63,-1.81,1.72,1.33,-0.3,-2.52,3.8,-0.82,-6.7,-10.1,2.14,-1.14,0.32,-0.24,0.17,-0.5,3.74,-2.53,1.16,-2.71,2.36,-0.07,0.95,-2.57,2.43,1.77,-1.34,-0.73
13.9836,-89.6847,10.96,-973.34,133.76,-0.9,-1.93,1.13,1.7,-0.47,-2.83,3.87,-0.79,-9.3,-16.69,1.98,-1.1,0.45,-0.26,-0.08,-0.32,3.34,-2.21,1.27,-2.51,2.58,-0.29,1.28,-2.35,2.69,1.78,-1.34,-1.18
13.9836,-89.684,11.53,-890.18,124.13,-1.05,-2.11,1.0,2.03,-0.48,-2.8,3.99,-0.67,-2.31,-21.39,1.86,-1.12,0.26,0.13,0.04,-0.29,3.01,-1.81,1.54,-2.26,2.49,-0.33,1.41,-1.85,2.82,1.78,-1.2,-1.43
13.9837,-89.6832,9.49,-512.14,74.81,-1.32,-2.12,0.84,2.32,-0.87,-2.7,4.26,-0.81,16.22,-28.65,1.76,-1.07,0.24,0.25,-0.09,-0.13,2.6,-1.58,1.27,-2.29,2.34,-0.59,1.35,-1.66,2.89,1.84,-1.3,-1.96
13.9837,-89.6825,6.53,-246.54,38.35,-1.49,-1.94,0.49,3.0,-1.0,-2.45,4.31,-0.91,16.75,-23.99,1.65,-0.79,0.63,0.37,-0.19,0.07,2.24,-1.21,0.88,-2.28,2.36,-0.69,1.49,-1.39,2.54,1.84,-1.27,-2.35
13.9837,-89.6818,-2.04,570.47,-73.26,-1.45,-2.07,0.41,3.15,-1.06,-2.39,4.24,-1.05,-0.0,5.4,1.43,-0.7,0.4,0.69,-0.32,0.17,1.78,-1.05,0.9,-1.98,2.28,-0.52,1.49,-1.29,1.55,1.53,-1.54,-2.33
13.9837,-89.681,-4.0,674.81,-88.56,-1.9,-2.16,0.2,3.58,-1.13,-2.29,3.91,-1.05,6.19,6.86,1.42,-0.76,0.54,0.66,-0.21,0.34,1.35,-0.39,1.12,-2.01,2.11,-0.9,1.58,-0.94,1.08,1.45,-1.31,-2.49
13.9837,-89.6803,-6.31,471.19,-66.01,-2.12,-2.17,0.06,3.45,-1.07,-1.94,4.0,-1.15,5.8,0.07,1.53,-0.47,0.26,0.61,-0.42,0.48,1.12,-0.26,0.72,-1.68,1.96,-1.05,1.73,-0.77,0.67,1.48,-1.14,-2.91
13.9837,-89.6795,-6.27,302.68,-45.03,-2.18,-2.21,-0.31,3.72,-1.15,-1.78,3.89,-1.23,10.95,-9.68,1.18,-0.37,0.45,0.94,-0.42,0.43,0.89,-0.1,0.67,-1.48,1.7,-1.23,2.03,-0.78,0.67,1.24,-0.89,-2.88
13.9837,-89.6788,-4.54,73.66,-14.53,-2.22,-2.43,-0.42,3.97,-1.15,-1.49,3.93,-1.54,1.1,-5.22,1.25,-0.26,0.23,0.49,-0.5,0.28,0.75,0.18,0.74,-1.18,1.49,-1.35,1.87,-0.53,0.95,1.28,-0.89,-2.88
13.9837,-89.6781,-3.24,39.93,-8.8,-2.41,-2.62,-0.81,3.99,-1.09,-1.2,3.27,-1.57,3.44,-7.25,1.36,-0.3,0.35,0.6,-0.82,0.61,0.48,0.36,0.63,-1.07,1.47,-1.4,2.36,-0.4,0.94,1.29,-0.87,-2.68
13.9837,-89.6773,-4.36,-504.29,57.54,-2.65,-2.56,-1.12,3.81,-1.11,-1.13,3.34,-1.66,-12.03,-0.0,1.47,-0.04,0.57,0.55,-0.76,0.94,0.2,0.92,0.55,-0.94,1.48,-1.47,2.33,-0.23,0.35,1.38,-0.53,-3.06
13.9837,-89.6766,-4.67,-325.63,34.96,-2.84,-2.57,-1.19,3.76,-0.83,-1.07,3.03,-1.51,-4.4,-11.62,1.51,-0.1,0.55,0.51,-0.6,0.61,-0.44,1.14,0.42,-0.42,1.34,-1.42,2.4,-0.14,-0.25,1.5,-0.44,-2.84
13.9837,-89.6758,-5.26,-419.21,45.91,-2.97,-2.61,-1.61,3.92,-0.73,-1.02,3.19,-1.81,-7.12,-11.55,1.6,-0.17,0.03,0.56,-0.67,0.59,-0.53,1.1,0.81,-0.42,1.39,-1.31,2.48,0.12,-0.89,1.75,-0.34,-2.86
13.9837,-89.6751,-9.98,-900.87,100.27,-3.02,-2.85,-1.68,3.68,-0.67,-0.39,3.23,-2.0,-24.4,-11.55,1.5,0.15,0.15,0.35,-0.76,0.55,-0.79,1.36,0.53,-0.52,1.42,-1.73,2.5,0.33,-1.77,1.66,-0.4,-2.76
13.9838,-89.6744,-7.88,-964.45,110.69,-2.75,-2.84,-1.54,3.99,-0.62,-0.35,2.63,-1.94,-10.62,-25.38,1.35,0.02,0.06,0.77,-0.58,0.39,-0.7,1.2,0.7,-0.58,1.57,-1.66,2.49,0.48,-2.34,1.67,-0.08,-2.17
13.9838,-89.6736,-7.39,-598.99,65.8,-2.65,-3.25,-1.86,3.38,-0.08,-0.72,3.36,-1.68,-0.0,-31.39,1.2,0.15,0.27,0.56,-0.44,0.56,-1.04,1.32,1.52,-0.4,1.61,-1.83,2.81,0.99,-2.41,1.77,-0.17,-2.01
13.9838,-89.6729,-7.52,-1276.86,150.05,-2.17,-3.95,-1.61,4.06,-0.14,-0.43,3.52,-2.04,-12.66,-31.39,1.45,-0.09,0.52,0.34,-0.7,0.27,-0.93,0.81,0.93,-1.87,1.43,-1.67,2.94,1.03,-2.41,1.31,0.17,-1.74
13.9838,-89.6721,-5.41,-781.41,90.88,-1.86,-3.86,-1.5,4.24,-0.37,-0.61,3.1,-1.78,-6.56,-20.46,1.35,-0.11,0.1,0.13,-0.05,-0.24,-1.68,0.88,0.44,-0.54,2.07,-2.17,2.48,0.67,-3.22,1.23,1.01,-1.46
13.9838,-89.6714,-1.94,-1107.49,135.63,-1.83,-4.33,-1.48,3.93,-0.48,-0.86,2.35,-1.89,-13.1,-20.46,1.35,-0.2,0.1,0.61,-0.28,0.09,-1.36,1.0,-0.08,-0.92,2.19,-1.98,2.65,0.41,-3.42,1.59,1.61,-1.97
13.9838,-89.6707,-1.83,-614.56,74.38,-1.53,-4.6,-1.25,4.08,0.14,0.07,3.32,-1.54,-20.09,-3.34,1.55,-0.49,1.01,0.58,-0.59,0.21,-0.46,1.11,0.29,-0.94,1.93,-2.55,3.15,1.05,-3.51,1.58,1.61,-1.97
13.9838,-89.6699,-3.0,-331.1,37.7,-1.07,-5.02,-1.37,3.87,-0.31,-0.47,4.05,-1.65,-4.58,-0.0,1.75,-0.46,0.42,0.48,-0.59,-0.53,-0.76,1.37,0.62,-0.3,2.83,-2.84,2.88,1.63,-4.64,1.58,1.52,-1.03
13.9838,-89.6692,-8.95,-379.15,36.64,-0.8,-5.12,-1.48,3.43,-0.1,-0.42,4.22,-2.58,-7.86,-0.0,1.62,0.13,0.26,0.36,-0.9,-0.12,-1.09,1.05,0.64,-0.83,2.18,-3.17,3.53,1.08,-4.98,1.39,1.33,-1.45
13.9838,-89.6684,-1.03,63.36,-9.11,-0.66,-4.49,-1.31,3.69,-0.41,-0.98,5.01,-3.42,-3.97,3.81,1.69,0.09,0.14,0.36,-0.22,0.53,-1.38,1.32,0.09,-0.62,1.72,-3.35,3.59,1.4,-4.97,2.45,1.33,-1.45
13.9838,-89.6677,-9.84,-45.7,-5.96,0.05,-5.18,-1.17,3.69,0.02,-1.83,4.46,-2.44,-1.26,-0.0,1.63,0.12,0.57,1.13,0.24,0.42,-1.83,0.68,1.96,-0.44,2.68,-3.16,3.11,1.27,-5.16,1.51,1.14,-1.38
13.9838,-89.667,8.02,0.27,9.47,-0.48,-4.69,-1.8,2.63,-0.44,-1.96,4.51,-1.2,-2.4,7.98,1.16,-0.46,-0.04,0.61,0.64,0.2,-2.65,0.19,1.04,-0.46,2.99,-3.88,2.76,1.17,-5.82,3.83,1.13,-0.5
13.9838,-89.6662,21.86,-667.78,109.17,0.13,-4.48,-0.32,3.39,0.17,-2.34,1.99,-0.4,-9.14,6.39,1.06,0.02,0.86,-0.6,-0.54,0.19,-1.6,-0.52,0.36,-2.4,1.2,-2.5,4.39,-0.7,-6.19,6.01,1.03,-0.44
13.9839,-89.6655,14.7,-1611.24,218.39,0.26,-4.11,-0.8,2.5,-0.67,-2.46,3.83,-2.64,-21.3,-16.87,0.74,0.04,0.52,0.04,-0.05,1.36,-1.54,1.41,2.86,-0.05,0.35,-3.21,1.86,-0.38,-6.19,5.46,0.8,-0.74
13.9839,-89.6647,9.24,-1068.42,144.24,-0.26,-4.2,-0.0,2.44,-0.41,-1.83,3.06,-2.34,-11.21,-8.3,0.55,0.44,-0.13,0.31,-2.23,-0.7,-2.0,-0.77,0.89,0.42,1.45,-3.03,4.01,-0.17,-5.76,4.5,0.73,-0.69
13.9839,-89.664,4.31,-602.54,80.29,0.88,-5.09,0.57,1.95,2.06,-1.78,0.63,-2.55,-12.46,-0.67,0.72,0.19,1.22,-0.42,-2.83,1.3,-1.3,0.05,2.16,1.06,2.03,-3.45,4.42,-0.09,-6.24,4.57,0.81,-1.59
13.9839,-89.6633,11.27,787.25,-84.89,-0.34,-4.88,-0.73,3.42,0.03,0.15,3.77,-0.85,-3.28,30.52,0.06,0.21,3.48,0.8,-2.65,1.77,-0.77,-0.5,-0.09,-1.14,1.19,-4.13,3.78,0.99,-6.49,5.69,0.81,-1.63
13.9839,-89.6625,-6.17,818.18,-109.45,-0.75,-6.24,-0.9,3.67,-0.03,-0.43,0.73,0.67,-4.86,25.58,0.12,0.63,0.63,-2.46,1.5,1.57,-2.62,0.49,0.47,-0.7,1.08,-1.81,4.46,0.32,-5.77,4.5,-0.97,-1.62
13.9839,-89.6618,-2.23,451.12,-58.96,0.2,-4.62,0.43,2.89,0.84,-1.83,1.43,-0.74,-9.36,25.58,0.71,0.3,-0.13,-1.51,-0.38,-0.3,-3.16,-1.04,1.72,-0.3,2.31,-2.16,4.21,-0.73,-6.82,4.5,-0.4,-0.45
13.9839,-89.661,12.88,259.86,-17.18,0.11,-5.18,-0.45,1.58,2.22,-1.7,2.12,0.07,-2.69,24.02,0.01,0.09,-0.58,-1.9,-1.7,-1.19,-1.25,-0.31,1.52,-0.75,1.76,-1.46,6.05,-1.52,-6.5,6.11,-0.14,-0.47
13.9839,-89.6603,6.99,457.84,-48.89,0.25,-4.28,-1.85,2.6,1.57,-2.43,2.45,-0.49,-1.76,27.45,0.17,-0.06,-3.84,-1.38,1.81,-0.68,-0.24,0.63,0.82,-2.46,0.17,-3.97,4.48,-2.6,-7.24,6.88,-0.14,-2.48
13.9839,-89.6596,14.74,535.5,-49.42,0.68,-5.76,0.55,1.3,0.93,-1.6,2.29,-0.96,-8.15,32.2,0.06,-0.8,1.03,0.35,1.95,0.52,-0.42,0.33,0.39,-0.48,1.46,-3.38,4.48,-2.17,-6.9,7.21,-0.73,-0.77
13.9839,-89.6588,28.69,714.68,-55.29,1.99,-4.85,0.68,1.62,2.27,-3.22,2.39,0.32,-0.0,28.32,-1.03,2.71,0.42,1.46,1.62,-1.22,-0.2,1.17,-0.31,-0.13,0.88,-2.0,6.68,-2.56,-6.9,8.47,0.09,-1.11
13.9839,-89.6581,26.87,461.98,-25.88,1.53,-5.65,0.36,1.23,1.64,-2.66,1.89,-0.63,-3.24,33.24,-0.74,0.65,0.72,1.21,2.55,0.34,-0.25,-0.16,-0.02,-0.74,-0.39,-4.3,5.09,0.48,-6.51,8.61,-0.72,-1.0
13.9839,-89.6573,17.0,356.48,-24.4,1.09,-5.54,0.37,0.86,1.85,-2.65,2.63,-0.41,-4.46,23.39,0.7,0.65,0.69,0.46,3.47,-1.33,-0.51,0.26,-0.05,0.47,0.15,-2.33,3.61,-1.57,-7.65,8.21,0.04,-2.54
13.984,-89.6566,14.63,61.44,9.67,1.71,-6.08,1.1,1.39,2.82,-3.22,2.68,0.46,-2.73,10.86,-0.11,1.04,-1.37,1.5,3.5,-1.48,0.16,0.91,-1.36,1.14,0.24,-2.44,5.34,-1.73,-7.4,8.93,-0.79,-3.24
13.984,-89.6559,10.18,554.48,-57.26,2.09,-5.82,1.53,1.4,3.22,-3.5,-0.21,-0.34,-0.0,17.5,-1.2,2.74,0.06,1.32,3.46,-3.46,0.02,0.83,-1.02,0.19,0.01,-2.8,5.34,-2.57,-8.59,8.68,-0.79,-2.49
13.984,-89.6551,7.18,1003.9,-117.04,2.22,-6.15,1.18,0.56,3.21,-3.29,-0.81,-1.54,1.42,30.53,-0.22,4.25,-0.41,1.06,3.29,-3.49,0.64,1.5,-0.08,1.56,0.18,-2.41,5.85,-3.24,-6.52,6.26,0.21,-2.77
13.984,-89.6544,26.14,182.04,8.23,2.33,-6.68,1.35,0.6,3.73,-3.69,0.95,0.16,-14.57,30.53,-0.43,4.86,-1.34,3.12,2.6,-3.82,0.86,2.23,0.6,0.13,-0.06,-2.85,5.77,-2.67,-8.02,9.2,0.74,-2.67
13.984,-89.6536,21.16,-408.07,76.15,2.53,-6.86,2.02,1.67,4.58,-4.12,1.91,1.57,-26.79,22.74,-1.1,3.24,-0.81,2.82,1.33,-2.96,0.38,0.88,-0.66,1.01,1.1,-2.03,6.07,-3.28,-8.35,9.2,0.17,-2.56
13.9826,-89.7158,67.2,-2670.02,407.93,2.05,3.46,0.72,-4.38,-2.62,5.06,-9.05,1.38,-37.26,0.4,-1.85,6.33,-5.07,-2.27,-2.55,1.78,-6.66,6.66,-0.33,0.19,1.67,3.53,-4.04,-1.51,7.36,-4.29,4.59,8.29
13.9826,-89.715,37.77,-1491.14,228.15,0.51,3.81,0.77,-4.31,-1.29,4.85,-10.8,1.54,-30.4,1.86,0.63,5.73,-3.77,-1.57,-1.08,9.36,-6.72,5.14,-0.33,-0.47,0.41,3.99,-4.92,-1.09,8.54,-7.38,3.41,7.39
13.9826,-89.7143,10.86,579.46,-58.53,0.71,4.42,2.2,-4.05,-1.31,6.22,-12.13,2.07,-9.09,23.39,-0.45,2.74,1.87,-5.39,4.99,4.35,-6.22,8.31,0.83,0.02,-1.12,5.48,-4.33,-2.68,6.53,-9.43,3.19,7.22
13.9826,-89.7136,4.18,-837.06,108.02,0.47,3.23,1.19,-3.96,-1.66,6.78,-12.82,3.05,-22.48,14.68,-0.6,1.09,-8.89,-3.8,-0.49,-3.21,-2.96,6.28,-3.52,1.76,-0.89,6.04,-4.2,-3.52,5.82,-9.43,2.52,7.51
13.9826,-89.7128,9.1,-294.63,47.03,0.09,3.48,1.93,-3.55,-0.95,7.59,-12.94,2.68,-24.98,15.15,-0.9,4.11,0.8,-1.7,1.22,-0.32,-5.18,5.11,1.18,-2.26,1.04,8.85,-3.87,-3.45,6.81,-9.57,2.18,8.38
13.9826,-89.7121,17.66,-2316.04,306.2,1.41,3.12,1.08,-3.7,-0.28,6.85,-13.48,2.38,-31.2,-7.7,-3.08,-7.2,-2.7,-1.41,-5.51,0.72,-2.49,3.51,-1.8,1.85,-1.88,3.52,-3.36,-5.35,8.64,-8.97,1.79,7.86
13.9826,-89.7113,28.33,-1080.57,166.6,-1.04,3.2,1.68,-4.49,-0.28,6.85,-14.0,4.23,-15.31,16.24,-1.51,-2.52,-5.36,1.15,-2.84,-1.13,-2.16,2.24,-3.57,-1.72,-2.44,3.63,0.12,-3.07,8.64,-7.47,1.81,7.61
13.9826,-89.7106,44.76,-1144.41,193.89,0.1,3.4,1.43,-4.48,-1.07,8.13,-13.44,3.45,-28.56,11.05,0.3,2.59,-0.4,-1.75,2.36,2.69,-1.76,2.66,-0.21,0.0,0.28,7.48,0.93,-2.6,12.66,-7.12,1.41,7.14
13.9826,-89.7099,29.83,-822.9,136.66,-2.76,3.35,2.24,-3.67,-0.42,6.82,-13.59,3.19,-19.94,22.2,0.17,-3.49,-3.47,-1.15,0.57,2.41,-2.87,1.4,-1.14,1.52,-4.15,4.19,-4.7,-3.17,10.24,-7.56,1.33,7.14
13.9826,-89.7091,27.07,111.36,18.23,-1.9,4.07,0.88,-4.03,-0.36,5.52,-12.79,3.22,-18.77,33.31,-1.02,0.57,0.57,-1.29,4.18,1.38,-1.88,1.74,1.24,1.93,-3.21,5.03,0.05,-3.26,9.2,-5.58,0.53,5.37
13.9827,-89.7084,19.93,-817.77,124.38,-0.68,3.18,1.12,-3.58,0.74,5.89,-12.36,3.38,-6.35,-0.0,-1.6,1.32,-1.43,-0.9,4.75,1.04,-1.64,2.23,-0.41,1.44,-2.42,4.71,-3.76,-2.44,7.67,-5.24,-0.01,5.53
13.9827,-89.7077,25.89,-145.15,48.48,-1.31,3.42,0.51,-2.44,1.01,5.09,-11.38,2.83,-12.51,25.55,-1.99,1.54,0.7,-3.92,2.96,-1.65,-1.63,0.53,0.86,0.6,-1.45,3.99,-1.8,-2.32,8.07,-4.32,-0.46,5.53
13.9827,-89.7069,12.05,-300.52,51.31,-1.44,3.48,0.3,-2.5,1.15,5.24,-10.89,2.69,-22.67,17.13,-0.63,0.51,0.37,-1.39,3.97,0.9,-1.5,0.32,-0.48,1.03,-1.66,3.84,-3.84,-1.89,7.99,-4.87,-1.24,4.48
13.9827,-89.7062,-2.46,-32.87,1.15,-1.77,3.54,-0.23,-2.09,1.22,3.98,-10.15,1.99,-8.04,7.39,-1.75,0.7,1.28,-1.5,3.46,-1.53,-0.4,-0.9,-2.86,0.63,-1.18,3.81,-1.62,-1.75,6.41,-5.34,-1.62,4.22
13.9827,-89.7054,5.48,-335.72,47.91,-1.69,3.58,-0.23,-1.09,0.39,3.88,-9.66,2.79,-0.0,-9.19,-1.63,2.08,-0.64,-1.01,-0.58,-1.54,0.01,-1.7,-1.88,2.71,-0.9,3.82,-1.13,-2.35,7.95,-4.42,-1.94,3.36
13.9827,-89.7047,2.78,-383.11,50.58,-1.34,3.95,-1.9,-0.91,0.34,3.46,-8.9,1.9,4.57,-0.0,-1.34,-1.64,0.55,-1.75,1.14,-0.99,0.81,-1.43,-0.19,1.07,0.51,2.3,-1.76,-3.31,7.47,-4.12,-1.67,2.3
13.9827,-89.704,6.76,532.18,-57.72,-1.08,3.97,-2.58,-0.44,0.39,2.72,-7.86,2.02,10.87,13.03,-1.95,-0.22,3.01,-4.97,4.83,-3.47,0.92,-1.97,0.9,-1.91,0.07,3.61,-0.97,-1.99,6.8,-3.56,-1.68,2.96
13.9827,-89.7032,-7.3,1233.64,-160.98,0.47,3.77,-2.81,-0.13,1.08,1.46,-6.25,1.86,0.04,22.5,-2.04,-1.69,8.1,-2.88,6.96,-1.15,2.19,-1.86,2.66,-1.03,-1.07,1.95,0.02,-1.73,6.35,-4.82,-1.68,2.24
13.9827,-89.7025,12.29,79.86,4.66,-2.37,4.18,-3.39,1.05,0.64,0.16,-4.37,0.93,17.75,-0.0,-2.18,-0.3,3.38,-1.73,4.7,-2.99,1.26,-1.37,0.55,-0.11,0.6,2.68,-0.04,-1.4,6.64,-2.17,-1.12,0.9
13.9827,-89.7017,-2.91,931.12,-118.47,-0.82,4.26,-3.74,0.4,1.84,-0.84,-3.14,-0.79,9.44,26.18,-2.43,-2.98,1.65,-4.55,2.2,-0.5,1.22,-3.51,-0.64,-0.98,1.59,2.76,-1.3,-1.25,4.32,-1.38,-1.66,-0.7
13.9827,-89.701,-21.11,1832.04,-251.32,-0.15,4.26,-4.27,-1.27,1.13,-0.82,-3.35,0.14,12.21,39.54,-2.54,-3.36,1.57,-2.89,1.87,-0.09,-0.52,-4.53,0.94,-0.85,4.05,0.74,-0.9,-0.26,5.13,-4.65,-2.06,0.57
13.9827,-89.7003,-15.56,1052.21,-148.43,-0.32,3.76,-3.91,-0.64,1.06,-2.25,-2.33,-1.31,-0.0,28.75,-3.04,1.17,-1.15,-3.5,2.82,-2.78,1.35,-5.32,6.31,-9.23,1.22,2.37,0.86,-2.12,5.12,-4.65,-0.48,-0.41
13.9828,-89.6995,7.98,451.03,-46.33,-0.55,4.61,-2.34,-1.04,1.34,-2.95,-1.35,-0.35,-5.26,28.72,-2.86,-0.15,-0.0,-3.04,2.03,-1.17,1.01,-3.56,2.18,0.84,1.57,2.13,-1.64,-1.91,6.74,-1.16,-1.88,-0.37
13.9828,-89.6988,-8.07,245.27,-39.87,0.44,3.53,-2.43,0.02,1.22,-1.8,0.51,-1.83,19.8,-0.0,-1.32,0.29,1.37,-0.98,-5.11,-1.81,3.51,-2.43,1.01,-3.55,0.21,1.99,-0.96,1.28,3.29,-2.02,-0.27,-1.53
13.9828,-89.698,-10.69,1115.76,-150.62,-0.09,4.8,-2.67,-1.64,1.08,-2.9,1.08,-1.38,15.02,15.02,-2.6,0.69,5.14,-1.83,-2.8,2.64,0.8,-3.87,-0.37,-0.74,-0.97,0.11,0.81,0.24,3.29,-2.56,-0.75,-0.64
13.9828,-89.6973,14.93,757.12,-76.0,-0.23,5.08,-2.61,-1.17,2.73,-2.33,0.52,-1.57,-0.0,22.52,-2.42,0.27,2.74,-1.26,2.01,-0.03,2.04,-1.66,0.39,-1.43,1.76,2.56,-0.33,-1.17,5.85,-0.78,-0.75,-0.64
13.9828,-89.6966,21.09,170.97,3.77,-1.52,5.35,-2.35,-1.51,2.61,-3.58,1.12,-2.28,-3.21,25.15,-1.14,0.25,3.42,-4.27,0.29,-1.21,2.78,-2.85,-0.83,-1.85,2.1,1.53,-1.65,-1.05,6.0,-1.68,-0.39,1.57
13.9828,-89.6958,11.61,226.11,-14.26,-0.57,4.46,-1.51,-2.02,1.73,-3.36,1.7,-2.0,-13.8,26.58,1.77,-1.79,2.41,-1.03,-0.84,0.84,3.12,-3.58,1.57,-2.51,1.48,1.27,-1.77,-2.58,5.38,-1.62,-0.73,0.55
13.9828,-89.6951,7.03,531.91,-57.52,-0.57,4.14,-2.19,-1.18,2.4,-1.83,3.37,-1.35,-3.98,27.13,-1.57,-1.92,0.38,-4.32,2.41,-0.59,3.53,-3.16,0.29,-2.08,2.2,0.29,-1.63,-2.86,3.82,-1.36,-0.47,0.41
13.9828,-89.6943,21.36,585.44,-47.22,-0.41,4.11,-1.88,-1.68,3.14,-2.01,3.34,-2.23,12.83,17.28,0.98,-1.68,0.27,-1.31,0.46,-0.39,3.98,-3.62,2.26,-4.73,2.54,2.09,-2.11,-2.25,4.29,-0.57,0.13,0.91
13.9828,-89.6936,16.94,344.71,-22.65,-0.13,4.38,-1.7,-1.4,2.35,-2.79,3.03,-2.35,24.19,-2.78,2.9,-1.95,0.34,-1.13,0.24,-0.4,2.64,-4.11,1.43,-3.19,2.36,2.0,-1.41,-2.72,3.69,-0.75,0.06,0.9
13.9828,-89.6929,16.63,-109.34,33.2,-0.51,3.37,-1.91,-0.95,1.68,-2.74,3.4,-2.21,23.52,-18.71,1.96,-0.69,1.09,-1.12,0.14,-0.19,3.56,-3.52,1.72,-2.57,2.9,1.28,-0.85,-3.23,3.36,0.12,-0.42,0.46
13.9828,-89.6921,14.52,-582.42,89.3,0.0,3.25,-1.94,-0.92,1.73,-2.54,3.18,-1.9,2.13,-12.11,2.33,-0.88,0.21,-1.2,0.58,-0.33,3.31,-3.77,1.53,-3.26,2.57,1.59,-1.13,-3.46,2.85,-0.09,-0.36,0.84
13.9828,-89.6914,16.54,-174.93,41.23,-0.23,3.02,-1.4,-0.53,1.31,-2.52,3.5,-2.3,3.33,0.84,2.09,-0.46,0.42,-1.37,-0.06,-0.44,3.69,-4.09,1.56,-3.53,2.71,1.33,-1.28,-3.57,2.65,0.51,-0.39,0.58
13.9829,-89.6906,15.59,95.26,6.64,-0.26,2.44,-0.99,-0.77,1.09,-2.35,3.33,-1.95,14.93,-3.28,2.9,-0.48,0.12,-1.09,0.3,-0.79,3.49,-4.13,1.16,-3.45,2.72,1.02,-0.4,-3.22,2.99,0.41,-0.5,0.43
13.9829,-89.6899,19.56,-354.32,67.04,-0.48,2.06,-0.63,-0.55,0.88,-2.26,3.26,-2.06,4.19,-5.64,2.92,-0.28,0.3,-1.25,0.48,-0.47,3.95,-3.85,1.57,-2.98,2.74,0.99,-0.45,-3.17,2.99,1.15,-0.59,0.28
13.9829,-89.6892,16.91,-479.32,79.41,-0.33,1.47,-0.17,-0.28,0.62,-2.46,3.09,-2.17,-0.6,-5.85,2.95,-0.49,0.69,-1.26,0.37,-0.63,4.02,-3.58,1.21,-2.72,2.51,0.63,-0.38,-2.94,2.58,1.52,-0.86,-0.07
13.9829,-89.6884,11.43,-247.64,44.22,-0.32,1.26,-0.19,0.03,0.58,-2.45,3.12,-1.76,7.35,-9.69,2.2,-0.5,1.65,-1.3,0.28,-1.09,3.9,-3.66,1.45,-3.14,2.53,0.36,-0.28,-2.87,2.68,1.25,-1.34,-0.21
13.9829,-89.6877,10.97,-951.58,130.97,-0.2,-0.26,0.6,0.27,0.38,-2.35,3.12,-1.69,3.36,-26.97,2.43,-0.74,0.94,-0.81,0.19,-1.0,3.98,-3.39,1.13,-3.23,2.58,0.42,0.99,-2.94,2.19,1.43,-1.25,-0.21
13.9829,-89.6869,17.05,-506.44,82.98,-0.49,-0.84,0.96,0.54,0.3,-2.65,3.4,-1.33,8.84,-15.27,2.45,-1.28,0.42,-0.65,0.34,-0.51,3.64,-2.89,1.1,-2.94,2.29,0.3,0.61,-2.63,2.3,1.94,-1.15,0.11
13.9829,-89.6862,12.69,-253.75,46.49,-0.55,-1.23,1.41,0.9,0.11,-2.7,3.77,-1.33,0.31,-4.23,2.38,-1.41,0.85,-0.41,0.37,-0.4,3.9,-2.62,1.52,-2.49,2.33,-0.07,0.64,-2.54,2.42,1.91,-1.46,-0.49
13.9829,-89.6855,12.65,-892.03,125.65,-0.79,-1.87,1.73,1.21,0.15,-2.77,3.95,-0.86,-7.39,-15.12,2.41,-1.3,0.56,-0.63,0.15,-0.51,3.78,-2.45,1.15,-2.68,2.14,-0.12,1.09,-2.49,2.71,1.91,-1.52,-0.75
13.9829,-89.6847,7.92,-10.35,10.66,-1.06,-1.92,1.65,1.74,-0.28,-2.85,3.93,-1.09,9.34,-7.82,2.49,-1.26,0.51,-0.73,0.16,-0.32,3.33,-2.25,1.18,-2.52,2.2,-0.1,1.18,-2.02,2.68,2.08,-1.99,-1.39
13.9829,-89.684,10.08,70.36,3.19,-1.25,-1.96,1.16,2.27,-0.64,-2.93,3.81,-1.03,27.3,-20.88,2.3,-1.3,0.49,-0.37,0.18,-0.38,3.08,-1.93,1.19,-2.42,2.01,-0.5,1.21,-1.81,2.78,2.21,-1.72,-1.67
13.9829,-89.6832,7.87,738.07,-82.32,-1.42,-2.0,0.94,2.7,-0.73,-2.87,4.07,-0.88,24.85,-0.87,2.06,-1.04,0.62,-0.03,0.06,-0.35,2.75,-1.67,0.95,-2.31,2.19,-0.78,1.12,-1.59,2.73,2.25,-1.73,-2.2
13.9829,-89.6825,1.32,-265.37,34.52,-1.76,-1.99,0.65,3.21,-0.96,-2.38,4.05,-1.02,-0.0,-16.21,1.66,-0.86,0.62,0.05,-0.18,-0.05,1.8,-0.97,0.77,-2.09,2.12,-0.51,1.4,-1.35,2.41,1.95,-1.84,-2.71
13.983,-89.6818,0.78,-297.14,37.83,-2.04,-2.02,0.49,3.45,-1.06,-2.46,4.29,-1.09,0.47,-12.8,1.61,-0.72,0.59,0.11,-0.14,0.3,1.64,-0.7,0.98,-2.16,1.91,-0.44,1.55,-1.26,2.41,1.75,-1.65,-2.77
13.983,-89.681,-4.49,-153.8,13.79,-2.2,-1.88,0.02,3.68,-1.06,-2.32,4.18,-1.2,0.44,-11.64,1.65,-0.67,0.49,0.31,-0.3,0.3,1.38,-0.51,0.89,-1.97,2.01,-0.62,1.66,-1.11,1.73,1.78,-1.79,-3.1
13.983,-89.6788,-10.2,461.96,-69.49,-2.5,-2.15,-0.55,4.03,-1.1,-1.66,3.56,-1.77,12.06,-7.55,1.74,-0.29,0.61,0.12,-0.39,0.43,0.94,-0.03,0.35,-0.93,1.33,-0.92,1.95,-0.87,1.39,1.34,-1.74,-3.39
13.983,-89.6781,-7.99,-622.58,67.94,-2.78,-2.36,-0.76,4.4,-1.05,-1.33,3.31,-1.54,-0.56,-25.9,1.85,-0.38,0.31,0.4,-0.65,0.42,0.44,0.54,0.46,-0.96,1.47,-1.16,2.22,-0.69,1.05,1.36,-1.25,-3.37
13.983,-89.6773,-5.12,-207.04,19.68,-2.71,-2.5,-1.17,4.11,-1.0,-1.05,3.47,-1.65,-9.73,-3.96,2.01,-0.39,0.68,0.39,-0.43,0.67,0.07,0.84,0.46,-0.66,1.31,-1.33,2.33,-0.41,0.99,1.52,-0.97,-3.43
13.983,-89.6766,-4.53,-414.54,46.19,-2.75,-2.56,-1.51,3.91,-0.79,-0.88,3.76,-1.78,-10.21,-8.57,1.96,-0.32,0.63,0.22,-0.45,0.44,-0.17,1.11,0.37,-0.64,1.19,-1.38,2.3,-0.42,0.25,1.64,-0.79,-2.98
13.983,-89.6758,-5.77,-753.43,86.89,-2.84,-2.58,-1.51,4.02,-0.46,-1.12,3.18,-1.89,-9.61,-19.24,1.89,-0.34,0.39,0.45,-0.56,0.52,-0.45,1.16,0.75,-0.55,1.34,-1.49,2.24,-0.17,-0.92,1.95,-0.62,-2.83
13.983,-89.6751,-8.91,-756.97,83.62,-2.92,-2.65,-1.47,4.28,-0.3,-0.91,3.21,-2.31,-15.8,-14.54,1.85,-0.19,0.26,0.3,-0.77,0.3,-0.59,1.26,0.69,-0.74,1.46,-1.7,2.34,0.19,-1.69,1.97,-0.52,-2.9
13.983,-89.6744,-5.83,-1024.15,120.53,-2.7,-3.04,-1.73,4.67,-0.36,-0.9,3.5,-1.96,-22.15,-14.54,1.81,-0.01,0.27,-0.01,-1.0,0.28,-0.64,1.25,0.82,-0.64,1.58,-1.8,2.55,0.35,-1.53,1.89,-0.38,-2.47
13.983,-89.6736,-9.77,-864.12,95.98,-2.25,-2.94,-1.93,4.53,-0.34,-0.8,2.77,-2.04,-19.44,-14.54,1.78,-0.07,0.52,0.41,-0.62,0.52,-0.79,1.09,0.34,-1.33,1.69,-1.52,2.76,0.32,-2.17,1.64,-0.47,-2.14
13.983,-89.6729,-7.45,-1193.72,139.77,-2.26,-3.3,-1.69,4.5,-0.21,-0.85,3.33,-1.98,-17.43,-25.38,1.73,-0.35,0.98,0.52,-0.32,0.04,-1.24,1.0,0.53,-0.64,2.02,-1.54,2.69,0.34,-2.0,0.89,0.4,-1.83
13.9831,-89.6721,-10.12,-537.83,54.98,-1.89,-3.88,-1.01,5.31,-0.62,-1.05,3.47,-2.38,-6.78,-17.27,1.73,-0.45,1.04,0.3,-1.18,1.04,-1.56,0.58,1.08,-0.65,1.49,-1.88,2.73,0.68,-2.8,1.37,0.4,-2.35
13.9831,-89.6714,-3.88,-1333.55,161.48,-1.8,-4.35,-1.29,3.57,-0.12,-1.56,3.77,-1.91,-10.06,-31.62,1.38,-0.46,0.44,0.29,-0.64,0.38,-1.39,0.89,0.08,-0.86,2.36,-1.07,2.34,0.45,-2.44,1.37,0.88,-1.97
13.9831,-89.6707,-1.06,-1220.7,150.79,-1.01,-5.0,-1.13,3.89,-0.41,-1.23,3.17,-2.46,-4.51,-31.62,1.78,-0.27,0.94,-0.32,-0.76,0.58,-1.1,0.86,0.51,-0.75,2.53,-2.63,2.56,0.19,-3.27,1.6,1.62,-2.08
13.9831,-89.6699,-3.96,-648.53,76.1,-0.96,-4.82,-1.57,3.4,-0.31,-0.81,4.67,-1.88,-9.54,-14.62,1.93,-0.53,0.79,0.01,-0.56,-0.08,-1.06,1.4,0.69,-0.37,2.97,-2.5,3.11,0.78,-4.04,1.86,1.15,-1.75
13.9831,-89.6692,-1.37,-614.36,74.92,0.04,-5.03,-1.04,3.79,-0.06,-1.53,4.66,-2.2,-10.96,-0.0,1.93,-0.78,0.24,0.11,-0.59,0.35,-1.15,1.5,0.54,-0.34,2.87,-2.85,3.28,0.86,-3.89,1.94,1.29,-1.72
13.9831,-89.6684,-1.71,-371.29,44.25,-0.52,-5.15,-1.12,3.54,-0.18,-1.51,4.97,-3.37,-3.1,-0.0,2.0,-0.18,0.32,0.37,-0.82,1.11,-1.36,1.39,0.69,-1.05,2.54,-3.5,3.52,0.79,-4.49,2.02,1.46,-1.58
13.9831,-89.6677,4.94,-665.82,88.84,-0.49,-5.3,-0.59,3.37,-0.14,-2.6,4.65,-1.91,-6.8,-10.07,1.37,0.69,-1.03,0.95,-0.03,0.73,-1.93,0.33,1.71,-0.53,1.86,-3.65,3.48,0.62,-4.49,2.29,1.56,-0.65
13.9831,-89.667,9.66,-1051.84,142.58,-0.07,-4.75,-0.62,3.11,-0.24,-2.46,3.49,-2.33,-4.2,-19.09,1.25,0.52,0.02,0.8,-0.31,0.3,-1.52,0.72,0.73,-0.79,2.01,-3.37,3.09,-0.78,-4.94,4.34,0.7,-1.27
13.9831,-89.6662,8.03,-175.8,31.44,0.4,-5.04,0.39,3.69,0.6,-2.28,6.61,-3.21,-4.7,2.84,1.33,0.41,0.44,1.06,0.36,0.01,-1.94,0.25,0.7,-1.92,1.85,-4.16,3.77,0.35,-5.39,4.84,0.23,-1.24
13.9831,-89.6655,12.42,-583.64,87.51,-0.51,-4.38,-0.7,3.02,-0.24,-2.93,4.98,-2.54,-3.62,-7.46,1.88,0.19,0.12,0.38,-1.07,1.09,-1.21,1.09,0.92,1.52,1.4,-2.41,3.71,0.4,-5.43,5.13,0.64,-1.24
13.9831,-89.6647,8.63,-530.22,76.37,0.97,-4.28,1.07,2.23,0.86,-4.04,2.66,-1.95,-9.62,0.53,2.56,-0.29,1.74,1.16,-2.83,1.44,-1.52,0.33,-1.39,-0.39,1.09,-1.25,4.25,-0.19,-5.39,4.38,0.68,-0.91
13.9831,-89.664,9.76,-163.04,31.91,-0.87,-5.44,-0.79,3.01,1.26,-2.22,1.34,-2.47,-3.34,9.57,2.52,-0.64,0.99,-1.44,-3.49,-0.85,2.07,-0.78,1.07,0.48,1.49,-1.76,2.98,-0.33,-7.12,5.31,1.33,-1.42
13.9832,-89.6633,8.76,655.54,-71.43,-0.29,-5.13,-0.32,2.47,-0.1,-3.21,2.83,-2.1,-0.0,15.04,2.97,-1.17,3.51,1.82,-0.44,1.2,-2.08,-0.0,2.35,-0.56,1.3,-2.82,5.76,-0.21,-5.44,5.31,0.74,-2.54
13.9832,-89.6625,3.04,1069.16,-129.85,-0.39,-5.0,-0.62,2.8,1.42,-1.84,1.86,-1.19,-0.0,28.38,0.44,-2.28,1.65,-0.62,2.47,-0.05,-1.67,0.13,1.28,0.06,-0.19,-0.57,4.19,-1.98,-7.21,5.31,0.92,-2.24
13.9832,-89.6618,5.41,1319.42,-158.31,0.46,-4.45,0.13,3.5,1.7,-1.52,4.83,-1.2,-0.0,29.72,0.69,-0.61,2.2,-0.37,2.0,0.39,-1.52,-0.24,1.36,0.42,1.58,-2.07,4.02,-1.34,-6.63,4.94,1.17,-2.07
13.9832,-89.661,17.29,382.52,-27.27,-0.92,-4.71,-1.84,3.08,2.38,-2.99,1.54,-0.55,-3.77,29.72,0.1,0.66,0.01,-1.21,0.67,0.37,0.05,-0.16,0.83,-0.44,-0.8,-5.26,5.12,-2.33,-7.8,6.58,1.42,-1.27
13.9832,-89.6603,33.01,1078.58,-95.58,1.41,-4.28,-0.16,2.74,2.66,-2.2,1.45,0.51,7.58,43.48,-0.79,2.51,0.6,-0.63,1.22,-1.33,-0.35,2.96,-0.9,-0.98,-0.72,-3.34,4.22,-2.46,-6.9,9.15,0.11,-1.01
13.9832,-89.6596,13.76,1421.19,-161.23,1.14,-5.8,-0.02,2.27,2.0,-2.49,3.5,-1.82,15.0,33.0,0.23,1.39,-0.09,-1.35,0.92,-1.09,1.16,0.53,1.79,2.26,1.06,-1.38,3.5,-2.22,-6.9,6.86,-0.41,-0.81
13.9832,-89.6588,7.48,-200.34,33.9,1.82,-5.55,0.27,1.64,2.01,-2.32,2.46,-0.67,-11.57,15.29,0.18,1.69,-0.07,-2.01,0.9,-2.09,-0.94,1.47,0.09,-1.15,1.13,-5.79,4.49,-1.86,-6.84,6.18,-0.41,-1.34
13.9832,-89.6581,21.12,-151.75,44.0,0.47,-5.24,0.11,1.09,1.69,-1.97,2.56,0.21,-8.26,10.49,2.43,1.35,1.25,1.84,4.42,-0.6,-2.22,0.87,-1.85,0.59,-1.68,-1.2,4.64,-0.64,-8.15,8.25,1.02,-2.75
13.9832,-89.6573,24.07,390.84,-20.31,1.85,-4.91,0.67,0.54,2.21,-2.68,2.71,-0.5,-0.15,24.52,0.31,2.51,0.67,0.65,2.2,-1.8,-0.75,-0.58,1.03,0.74,-0.34,-2.78,4.58,-1.01,-8.2,9.28,0.1,-2.33
13.9832,-89.6566,17.18,378.66,-26.97,1.46,-6.29,1.0,1.3,2.85,-2.99,0.17,0.01,-0.98,23.63,0.46,0.77,-0.53,1.11,3.8,-1.36,-0.69,0.46,-0.49,-0.45,-0.04,-3.19,5.18,-2.39,-8.09,9.28,-1.02,-2.21
13.9832,-89.6559,24.23,443.62,-26.74,2.11,-6.75,1.49,0.73,3.3,-2.95,-0.06,0.51,1.9,24.24,-0.27,2.87,-0.3,1.34,2.82,-2.23,-1.29,0.94,0.84,0.82,-0.49,-1.54,5.96,-1.62,-7.28,8.93,0.15,-2.61
13.9832,-89.6551,4.61,1362.47,-164.93,2.32,-6.77,1.57,0.66,3.71,-4.43,1.49,-0.82,15.13,28.55,-0.35,2.77,-1.43,2.06,2.05,-2.99,-0.49,1.69,0.14,0.48,-0.39,-2.84,5.47,-1.71,-8.27,7.45,-0.04,-3.22
13.9833,-89.6544,-18.77,1268.3,-180.91,1.5,-7.08,0.86,0.13,3.9,-3.71,-0.42,-0.91,13.28,8.76,0.0,3.58,-1.31,3.89,3.23,-3.5,1.62,1.11,-0.52,1.64,0.57,-2.27,5.91,-2.88,-10.5,4.15,1.57,-3.08
13.9833,-89.6536,7.61,-75.68,18.5,1.73,-7.46,1.2,0.91,4.65,-3.67,-0.01,2.03,-16.07,8.76,-0.24,4.65,-0.46,4.96,2.65,-2.84,1.88,0.91,-0.15,-0.7,-0.17,-1.02,6.62,-2.33,-7.03,7.96,-0.89,-3.37
13.9819,-89.7158,33.3,-1394.91,210.98,0.62,5.02,2.79,-4.2,-1.65,4.72,-10.4,1.31,-38.66,11.64,-0.46,8.39,-1.77,-1.05,0.5,-8.01,-3.86,10.7,-1.46,5.03,0.31,1.97,-8.04,-1.45,6.79,-6.82,3.45,7.12
13.9819,-89.715,39.31,-1992.61,291.69,0.45,3.71,1.5,-5.03,-1.85,4.55,-11.01,1.02,-22.3,-3.33,-0.6,4.24,-4.62,-1.23,-2.92,-0.04,-5.47,4.12,-4.25,1.39,-1.79,6.42,-2.25,-1.34,7.89,-7.22,3.32,8.27
13.9819,-89.7143,9.04,-1173.69,155.18,0.48,4.02,1.58,-4.76,-1.18,4.47,-12.28,0.04,-23.99,2.57,-0.2,-0.13,-3.19,-0.6,1.65,-2.34,-4.91,6.59,0.46,-1.97,0.19,4.31,-5.73,-1.98,5.55,-9.14,3.09,7.45
13.9819,-89.7136,23.81,-739.12,119.13,-1.3,3.86,1.43,-4.79,-1.35,5.36,-12.55,1.33,-22.34,22.97,0.12,7.78,-2.03,-6.54,-1.67,-5.58,-6.56,5.88,4.61,-0.95,1.94,2.61,-4.07,-2.92,8.25,-8.75,1.93,9.21
13.9819,-89.7128,6.35,-612.79,82.98,-1.23,3.98,1.25,-4.44,-0.67,6.51,-12.97,2.13,-10.06,2.58,0.37,3.87,-6.4,-2.07,1.55,-1.47,-3.51,3.09,-2.03,-0.0,1.02,4.19,-3.0,-4.33,6.05,-8.98,2.06,7.72
13.9819,-89.7121,12.15,33.25,10.25,-0.04,3.01,1.12,-4.73,-0.82,6.49,-12.1,3.18,-13.33,15.01,-1.22,5.42,-0.26,-1.41,0.9,2.41,-4.54,5.3,0.04,1.96,-1.54,5.63,-3.59,-5.36,7.73,-9.66,1.94,8.53
13.9819,-89.7113,28.21,-1169.33,177.39,-1.19,3.65,1.44,-4.25,-0.29,5.88,-12.9,2.53,-4.78,-4.25,-1.48,-2.35,-2.02,-3.19,-0.07,2.9,-1.94,2.74,1.39,-0.06,-1.79,1.54,-4.25,-3.44,9.31,-8.01,1.35,8.53
13.9819,-89.7106,18.52,-483.66,81.48,-1.81,4.25,2.28,-4.74,-0.75,7.12,-13.49,3.3,-10.3,7.69,-2.49,3.36,-1.67,-2.67,-0.82,2.15,-1.47,2.2,1.25,-0.51,-0.05,3.36,0.63,-3.0,9.5,-7.52,0.39,6.69
13.9819,-89.7099,8.92,-733.37,100.94,-1.53,2.93,1.58,-5.1,0.0,6.27,-13.31,2.52,-21.42,6.27,-1.65,1.35,-2.0,-2.75,1.88,1.61,-2.47,2.74,2.76,1.54,-1.48,1.45,-1.33,-2.31,7.58,-7.52,0.29,6.66
13.9819,-89.7091,14.26,79.72,7.0,-3.19,3.31,1.72,-4.76,0.25,6.88,-12.34,3.65,-15.35,23.29,-1.53,1.36,-0.59,-1.12,0.63,1.75,-1.85,1.78,0.97,3.77,-0.45,2.45,-3.32,-2.8,8.13,-6.12,0.09,5.19
13.9819,-89.7084,3.47,214.67,-22.38,-1.79,2.92,1.55,-3.29,0.5,7.08,-11.91,2.78,-15.35,24.98,-0.46,-0.97,2.57,-2.84,3.07,0.75,-1.92,0.74,-2.48,-2.14,-0.42,3.5,-3.09,-2.65,8.0,-6.65,-0.7,4.92
13.9819,-89.7076,13.76,-609.92,91.48,-1.9,3.87,0.83,-2.59,0.25,5.6,-11.06,2.88,-19.07,8.72,-1.21,3.54,0.61,-3.4,1.83,-0.2,-1.24,-0.28,-0.17,-0.66,-2.44,4.43,-1.02,-2.21,8.38,-4.79,-1.53,4.9
13.9819,-89.7069,9.15,-53.03,17.35,-1.54,3.64,0.55,-2.2,0.86,4.78,-11.23,2.49,-14.36,20.47,-1.19,0.44,-0.92,-1.73,2.12,-2.72,-0.39,2.01,1.86,-1.65,-1.29,3.97,-1.83,-2.14,8.38,-5.32,-1.59,4.75
13.982,-89.7062,-3.41,-745.2,87.93,-1.23,3.23,-0.68,-1.28,0.97,4.05,-10.28,1.81,-12.51,-0.0,-0.98,1.91,0.49,-1.45,1.29,-1.55,0.6,-0.64,-3.01,0.38,-1.14,3.25,-0.52,-1.51,8.08,-6.13,-2.23,4.55
13.982,-89.7054,14.97,-94.12,29.3,-0.95,3.52,-0.7,-1.13,1.21,3.67,-9.66,2.4,-0.0,3.07,-1.21,1.55,1.27,-2.13,2.92,-2.82,0.17,-0.93,-1.92,0.02,-2.53,3.19,-0.33,-1.22,6.49,-3.37,-1.44,4.55
13.982,-89.7047,10.72,-55.91,19.57,-1.2,4.25,-2.12,0.19,0.33,3.18,-8.47,1.26,-0.0,2.63,-1.11,0.98,-0.19,0.27,0.16,-1.94,-0.22,-1.88,0.44,-0.26,-0.34,3.43,-0.96,-3.24,6.2,-3.46,-1.44,4.01
13.982,-89.7039,3.34,-57.21,11.0,-1.56,3.79,-2.51,0.78,0.55,3.14,-7.16,1.31,-0.0,-4.76,-1.8,1.07,1.95,-4.09,3.28,-2.53,1.26,-0.82,1.25,-0.49,-0.96,2.06,-0.8,-1.14,5.75,-3.46,-1.73,3.15
13.982,-89.7032,8.18,-685.17,94.28,-1.75,4.05,-2.85,0.49,0.35,0.58,-5.25,1.34,-0.0,-11.25,-1.86,-3.42,-2.05,-3.01,4.03,-2.45,0.11,-1.08,1.91,-1.4,-1.12,2.75,-1.36,-2.1,5.7,-1.97,-2.83,3.37
13.982,-89.7025,14.6,453.26,-38.73,-1.09,4.42,-3.91,0.68,1.34,0.24,-4.8,1.15,-0.0,14.01,-1.94,-1.2,4.57,-2.74,5.97,-2.67,2.18,-2.68,1.41,0.01,0.96,0.58,-2.22,-1.42,7.18,-2.6,-1.2,1.71
13.982,-89.7017,1.13,576.02,-69.82,-1.49,4.47,-3.71,1.17,1.18,-0.95,-4.33,0.76,10.08,10.81,-2.59,-2.57,4.38,-2.34,3.41,-2.28,2.03,-2.39,0.63,-3.01,1.45,2.5,0.28,-0.74,5.69,-2.67,-1.97,1.54
13.982,-89.701,7.82,-67.12,17.53,-0.68,5.05,-3.49,0.01,0.91,-0.54,-1.89,0.13,9.94,-0.0,-1.85,-2.67,6.34,-2.98,5.51,-1.7,1.64,-3.2,1.6,-1.98,0.35,3.5,-1.38,-1.72,6.75,-3.02,-1.1,1.32
13.982,-89.7002,-5.32,968.02,-125.92,-0.43,4.27,-3.55,-0.31,1.21,-1.83,-3.88,-1.39,5.66,31.32,-1.87,-0.76,0.89,-1.6,1.39,-2.41,2.98,-2.37,-2.77,-3.41,0.27,3.02,-1.94,-1.33,6.13,-3.95,-0.81,0.28
13.982,-89.6995,-6.46,1143.5,-148.98,-0.58,4.52,-3.63,0.28,1.57,-2.89,-2.24,-1.66,-0.0,29.46,-2.58,-0.12,3.97,-0.36,1.67,-1.24,1.81,-5.02,0.16,-3.65,0.86,2.0,-0.32,-0.82,6.06,-2.79,-1.92,-0.06
13.982,-89.6988,-2.54,-79.38,6.81,0.38,4.49,-3.51,-0.02,2.14,-2.28,0.65,-0.18,4.35,-0.0,-1.03,0.09,4.18,-2.53,2.52,-2.33,1.55,-4.4,2.66,-0.83,-0.14,0.84,-1.02,-1.09,6.06,-2.96,-1.27,0.0
13.982,-89.698,4.14,571.87,-65.82,-1.88,3.81,-2.26,-0.35,1.86,-2.77,0.49,-1.68,12.12,10.02,-1.21,1.39,2.14,-3.73,2.83,0.95,3.48,-4.59,-0.62,-3.0,-0.57,1.36,-1.91,-1.97,5.66,-1.92,-1.27,0.0
13.9821,-89.6973,6.16,834.31,-95.9,-1.51,4.35,-2.48,-1.39,3.01,-2.9,0.48,-1.23,9.55,15.62,0.49,-0.08,3.96,-0.22,2.0,-0.47,2.6,-3.39,-0.43,-3.73,1.67,3.16,-2.06,-1.96,5.1,-1.85,-0.94,0.28
13.9821,-89.6965,-2.35,847.57,-107.62,-0.64,5.28,-2.11,-0.94,1.64,-2.82,1.7,-1.65,-7.24,36.22,-2.64,-0.01,2.54,-1.12,1.34,-0.91,1.51,-2.73,-1.24,-3.8,-0.69,1.0,-2.36,-1.92,5.41,-2.94,-1.31,0.39
13.9821,-89.6958,3.34,206.73,-21.64,-0.89,4.46,-1.88,-0.68,2.21,-2.22,1.97,-1.7,-6.45,17.73,-2.77,-2.37,2.66,-1.46,2.04,-0.64,2.71,-4.51,0.24,-1.83,1.07,2.25,-2.86,-2.69,4.89,-2.0,-0.95,0.19
13.9821,-89.6951,11.19,167.04,-7.45,-0.78,3.84,-2.17,-1.05,2.4,-2.37,3.04,-1.98,-2.37,18.12,-0.29,-2.23,2.21,-2.37,0.27,-0.27,2.2,-3.48,1.54,-3.58,1.21,0.55,-2.94,-2.96,3.78,-1.21,0.08,0.32
13.9821,-89.6943,15.43,245.9,-12.2,-0.36,4.09,-2.52,-1.04,2.5,-2.35,3.29,-1.73,1.89,16.75,-0.91,-2.56,1.24,-1.72,1.09,-0.45,2.98,-3.32,1.68,-3.22,1.94,1.96,-1.72,-2.66,4.06,-0.41,-0.61,0.68
13.9821,-89.6936,12.39,253.27,-16.71,0.2,4.28,-2.43,-0.84,2.36,-3.05,3.27,-2.38,5.02,12.54,0.5,-2.67,0.25,-1.13,1.14,-0.27,2.88,-3.29,1.07,-3.27,1.82,2.14,-1.9,-2.55,3.9,-0.97,-0.92,1.56
13.9821,-89.6928,18.05,454.71,-34.97,0.04,4.0,-1.69,-0.73,2.1,-2.83,3.28,-2.34,15.95,4.95,2.88,0.05,0.51,-0.57,0.24,0.06,3.15,-3.6,1.73,-3.18,2.08,2.19,-1.71,-2.68,3.9,-0.09,-0.77,1.14
13.9821,-89.6921,14.66,329.83,-23.52,0.15,3.48,-1.82,-0.49,2.03,-3.01,3.22,-2.02,16.98,-0.13,2.72,-0.46,0.68,-1.32,0.83,-0.46,3.25,-3.62,1.5,-3.35,2.36,1.8,-1.78,-3.36,3.57,-0.4,-0.35,0.65
13.9821,-89.6914,23.78,-517.87,92.27,0.02,3.44,-1.46,-0.29,1.39,-2.3,3.04,-2.15,-0.0,-8.74,3.05,-0.66,0.6,-1.41,0.39,-0.5,3.72,-3.91,1.47,-3.18,2.3,1.32,-1.44,-3.18,3.32,0.56,0.09,0.78
13.9821,-89.6906,11.04,50.76,6.76,0.01,3.28,-1.24,-0.3,1.13,-2.29,3.49,-2.42,0.23,5.1,3.33,-0.91,1.41,-1.47,0.67,-0.6,4.05,-4.3,0.88,-3.04,2.41,0.95,-0.91,-3.13,3.24,0.17,-1.1,0.52
13.9821,-89.6899,14.81,156.87,-1.93,-0.57,2.8,-0.59,-0.24,0.89,-2.34,3.32,-2.32,6.27,4.03,3.24,-0.53,1.16,-1.57,0.93,-0.22,4.01,-4.11,0.96,-3.26,2.62,1.21,-0.38,-2.85,2.74,1.09,-1.1,0.42
13.9821,-89.6891,19.21,-1011.62,148.1,-0.25,1.61,-0.52,-0.02,0.56,-2.43,3.01,-2.15,4.13,-23.15,2.77,-0.75,0.34,-1.58,0.39,-0.4,3.92,-3.77,1.12,-2.4,2.07,0.86,-0.51,-2.45,2.96,1.39,-0.9,0.42
13.9822,-89.6884,20.38,-913.86,137.4,-0.48,1.31,-0.55,0.33,0.55,-2.51,3.16,-2.16,4.84,-22.11,2.74,-0.5,0.92,-1.28,1.02,-0.75,3.95,-3.54,1.37,-2.75,2.33,0.79,0.13,-2.49,2.88,1.48,-0.64,0.22
13.9822,-89.6877,23.56,-182.79,50.54,-0.41,0.72,-0.05,0.4,0.53,-2.47,2.98,-1.92,12.55,-5.68,2.69,-1.02,0.98,-0.69,0.87,-0.73,4.01,-3.17,0.91,-2.99,2.36,0.52,-0.18,-2.22,2.79,2.0,-0.66,0.18
13.9822,-89.6869,19.62,-254.01,54.71,-0.62,-0.64,0.95,0.5,0.15,-2.72,3.33,-1.7,17.34,-13.95,2.88,-1.32,0.95,-0.99,0.48,-0.55,3.62,-3.05,1.16,-2.6,2.17,0.22,-0.24,-2.57,2.88,2.0,-1.16,-0.04
13.9822,-89.6862,14.12,-311.28,55.32,-0.66,-1.07,1.54,0.93,0.24,-2.86,3.77,-1.4,-7.44,3.39,2.9,-1.45,0.8,-0.69,0.49,-0.61,3.63,-2.67,1.39,-2.54,2.0,-0.07,0.06,-2.21,2.73,2.01,-1.58,-0.5
13.9822,-89.6854,8.49,-171.96,31.38,-0.95,-1.33,1.79,1.44,-0.04,-2.73,3.99,-1.24,-0.0,-9.08,3.06,-1.37,1.03,-1.0,0.17,-0.48,3.42,-2.56,1.2,-2.42,2.06,-0.35,0.31,-2.08,2.76,1.97,-2.1,-0.99
13.9822,-89.6847,9.19,-9.22,12.02,-1.12,-1.59,1.69,2.1,-0.19,-3.08,3.86,-1.29,16.67,-13.25,2.55,-1.47,1.19,-0.72,0.09,-0.56,3.55,-2.58,1.01,-2.79,1.99,-0.26,0.7,-1.87,2.69,2.22,-2.04,-1.3
13.9822,-89.684,8.55,121.66,-4.98,-1.61,-1.96,1.47,2.79,-0.54,-3.03,3.84,-1.19,11.64,-4.94,2.3,-1.43,0.96,-0.8,0.04,-0.49,3.23,-1.65,0.92,-2.4,1.91,-0.48,0.94,-1.63,2.84,2.3,-1.94,-1.91
13.9822,-89.6832,5.8,378.89,-40.18,-1.97,-1.88,1.26,2.89,-0.6,-2.89,3.76,-1.12,18.85,-6.77,2.38,-1.23,1.09,-0.4,0.0,-0.27,2.76,-1.45,0.95,-2.22,1.9,-0.66,1.01,-1.59,2.84,2.29,-1.94,-2.52
13.9822,-89.6825,0.63,420.43,-51.46,-2.13,-1.87,0.69,3.5,-0.78,-2.69,4.04,-1.08,-0.0,3.81,2.07,-1.07,0.95,-0.4,-0.03,-0.11,2.01,-1.19,0.76,-1.95,1.98,-0.74,1.27,-1.24,2.66,2.18,-2.17,-3.0
13.9822,-89.6817,-2.58,-50.7,3.24,-2.21,-1.96,0.24,3.79,-0.95,-2.56,3.94,-1.14,1.86,-7.32,1.72,-1.13,0.82,-0.23,-0.16,-0.26,1.73,-0.68,0.84,-2.1,1.79,-0.53,1.66,-1.14,2.24,2.1,-2.08,-3.28
13.9822,-89.681,-4.46,241.21,-35.24,-2.33,-1.9,-0.07,3.89,-1.1,-2.34,3.84,-1.23,16.1,-14.09,1.77,-0.97,0.86,-0.17,-0.19,0.05,1.66,-0.45,0.89,-1.93,1.74,-0.66,1.63,-1.04,2.2,1.88,-2.08,-3.28
13.9822,-89.6803,-8.33,205.32,-35.37,-2.54,-1.79,-0.27,4.3,-1.18,-2.17,4.11,-1.3,8.1,-0.0,1.7,-0.86,0.68,-0.24,-0.12,0.12,1.44,-0.33,0.71,-1.66,1.51,-0.95,1.7,-0.88,1.9,1.6,-2.06,-3.37
13.9823,-89.6795,-9.69,677.5,-95.65,-2.38,-1.82,-0.08,4.49,-1.08,-1.84,3.94,-1.69,3.89,6.34,1.86,-0.72,0.91,0.01,-0.21,0.12,1.16,-0.1,0.57,-1.28,1.44,-0.8,1.82,-0.79,1.67,1.69,-1.94,-3.8
13.9823,-89.6788,-10.21,-458.54,44.91,-2.72,-2.07,-0.41,4.59,-1.08,-1.54,3.29,-1.75,-2.9,-20.7,2.02,-0.55,0.9,-0.05,-0.26,0.42,1.09,0.35,0.55,-1.09,1.19,-1.02,1.86,-0.85,1.68,1.53,-1.85,-3.83
13.9823,-89.678,-6.27,-586.18,65.45,-2.87,-2.17,-1.01,4.55,-1.1,-1.36,3.43,-1.82,0.19,-24.33,2.09,-0.38,0.65,0.05,-0.45,0.54,0.54,0.55,0.28,-0.86,1.24,-1.14,2.16,-0.82,1.63,1.61,-1.5,-3.6
13.9823,-89.6773,-6.35,-344.4,35.3,-2.92,-2.1,-1.49,4.42,-0.97,-1.2,3.27,-1.78,1.51,-17.77,1.84,-0.33,0.56,0.19,-0.42,0.37,0.16,0.62,0.35,-0.79,1.15,-1.31,2.25,-0.66,1.21,1.69,-1.33,-3.64
13.9823,-89.6766,-5.92,-1034.89,121.69,-2.86,-2.35,-1.33,4.41,-0.3,-1.07,3.34,-1.62,-22.88,-14.81,1.97,-0.37,0.57,0.07,-0.32,0.21,-0.03,0.9,0.24,-0.8,1.25,-1.44,2.21,-0.62,0.29,2.09,-1.2,-3.47
13.9823,-89.6758,-3.27,-666.42,79.03,-2.9,-2.39,-1.54,4.44,-0.38,-0.93,3.21,-2.14,-10.2,-14.84,2.06,-0.28,0.79,0.07,-0.44,0.44,-0.22,1.13,0.77,-0.74,1.18,-1.44,2.33,-0.32,0.27,2.0,-0.92,-3.1
13.9823,-89.6751,-5.04,-773.82,90.3,-2.78,-2.92,-1.59,4.33,-0.25,-0.88,3.81,-2.06,-10.2,-18.62,1.89,-0.25,0.42,-0.06,-0.38,0.34,-0.36,1.29,0.82,-0.8,1.01,-1.57,2.41,-0.05,-0.8,2.19,-0.66,-3.09
13.9823,-89.6743,-12.05,-217.16,12.76,-2.44,-3.06,-1.64,4.56,-0.15,-1.13,3.77,-2.23,-2.88,-13.93,1.83,0.03,0.59,0.08,-0.34,0.22,-0.98,1.34,0.96,-0.49,1.64,-1.96,2.53,0.09,-1.47,1.85,-0.88,-3.09
13.9823,-89.6736,-9.58,-687.76,74.25,-2.36,-3.05,-1.77,4.64,-0.19,-1.0,3.95,-2.37,2.27,-30.79,2.05,-0.16,0.54,0.2,-0.12,0.12,-1.2,1.26,0.99,-0.96,1.59,-1.67,2.39,0.27,-1.93,2.08,-0.66,-2.8
13.9823,-89.6729,-11.6,-1302.76,148.43,-2.24,-3.19,-2.15,4.51,-0.23,-1.13,4.31,-2.24,-17.41,-30.79,1.85,-0.22,0.66,0.07,0.04,0.47,-1.44,1.01,0.6,-0.72,1.69,-1.59,2.73,0.33,-2.28,1.71,-0.75,-2.14
13.9823,-89.6721,-5.73,-1140.89,135.26,-1.8,-3.33,-1.74,4.8,0.07,-1.62,3.66,-2.58,-8.33,-30.37,1.79,-0.31,0.53,0.44,-0.26,0.62,-1.98,1.2,0.73,-0.36,1.79,-1.64,2.78,0.27,-2.62,1.71,0.27,-1.99
13.9823,-89.6714,-2.77,-1109.12,134.83,-1.24,-3.73,-1.37,4.28,0.13,-1.48,3.95,-2.62,-4.65,-31.02,1.95,-0.51,0.7,0.0,-0.3,0.52,-1.21,1.43,0.55,-0.48,1.67,-2.01,2.22,0.38,-2.83,1.84,0.46,-1.57
13.9824,-89.6706,-8.69,-1194.63,138.5,-0.93,-4.7,-1.41,4.02,0.3,-1.71,4.51,-2.21,-14.0,-28.02,1.74,-0.56,1.35,0.24,-0.58,0.76,-1.37,0.71,0.16,-0.46,2.12,-2.51,2.29,0.29,-3.69,1.41,0.89,-1.99
13.9824,-89.6699,2.24,-1043.39,132.64,-0.34,-5.21,-1.01,3.93,0.25,-2.92,5.0,-3.22,-1.76,-28.02,1.81,-0.2,1.86,0.14,-0.68,0.54,-1.52,1.39,0.54,-0.68,2.01,-2.49,2.26,-0.23,-3.71,2.29,1.39,-1.77
13.9824,-89.6692,-5.0,-542.01,61.61,-0.33,-5.4,-0.8,3.97,0.48,-2.6,5.64,-2.3,-1.76,-20.29,2.13,0.23,1.1,0.0,-0.57,0.48,-1.41,1.51,0.73,-0.39,1.93,-3.01,3.3,0.75,-3.71,1.28,1.5,-1.92
13.9824,-89.6684,0.87,-387.19,49.28,-0.42,-5.27,-0.63,3.55,0.33,-2.64,5.67,-2.99,-7.63,-4.18,2.05,-0.06,0.09,0.11,-0.32,0.34,-1.84,1.25,1.22,-0.23,1.66,-2.9,3.82,0.22,-3.91,2.14,1.37,-1.66
13.9824,-89.6677,4.69,280.93,-29.46,0.0,-5.28,-0.65,3.29,0.13,-2.73,5.57,-2.12,9.04,3.03,1.63,0.3,-0.37,-0.26,-0.61,0.79,-1.25,0.9,0.47,-0.79,1.09,-2.79,3.74,-0.03,-4.5,3.51,0.83,-1.66
13.9824,-89.6669,14.99,-1145.64,160.59,0.24,-5.07,0.03,3.17,-0.28,-3.31,4.97,-2.27,-18.52,-3.66,1.44,0.44,0.16,-0.89,-0.83,0.53,-1.37,1.66,-0.02,-1.28,1.49,-3.06,3.59,0.24,-4.45,4.94,0.83,-1.77
13.9824,-89.6662,6.99,-679.96,93.07,-0.03,-4.91,-0.15,2.17,-0.33,-2.67,4.36,-1.99,-6.5,-7.54,1.7,0.43,-0.15,0.46,-0.75,0.08,-2.04,0.09,1.64,-0.1,2.66,-3.39,3.49,-0.45,-5.11,4.25,0.63,-1.39
13.9824,-89.6655,0.17,-326.46,40.92,0.47,-4.9,-0.18,1.84,0.83,-3.01,3.54,-2.04,-0.7,-1.38,1.33,0.53,-0.36,-0.79,-4.32,0.46,-4.01,0.28,2.57,0.6,2.78,-3.49,3.98,0.05,-5.71,4.52,-0.06,-1.67
13.9824,-89.6647,0.48,-34.05,4.81,1.66,-4.13,0.81,1.6,0.76,-3.3,3.65,-0.36,-3.6,0.68,1.82,0.05,2.27,0.7,-1.54,3.03,-3.35,0.87,0.32,0.35,0.63,-4.31,4.26,-1.75,-3.87,3.38,-0.73,-0.48
13.9824,-89.664,11.86,238.8,-15.74,0.86,-4.16,0.87,1.59,0.65,-3.43,1.31,-0.98,3.66,7.79,1.58,-1.21,1.51,0.48,-0.0,0.81,0.23,1.77,-0.36,2.14,3.59,-2.95,4.37,-0.06,-4.34,3.38,1.23,-0.35
13.9824,-89.6632,-1.16,-460.99,56.16,1.21,-3.43,-0.64,2.82,0.79,-3.7,4.55,-4.14,-1.65,-0.0,3.04,-1.97,0.88,3.9,-2.54,-1.14,-3.23,-1.25,-1.49,3.13,2.95,-0.32,5.07,0.35,-5.22,4.2,0.6,-2.87
13.9824,-89.6625,-13.56,-123.1,-0.7,0.58,-3.87,-0.25,2.16,0.69,-2.12,-3.86,-0.69,9.06,-0.0,-0.11,-3.0,0.21,1.19,-1.25,-1.43,-2.04,-0.89,1.23,1.69,1.61,1.59,3.96,-0.47,-7.0,3.66,0.15,-2.21
13.9824,-89.6618,9.21,1612.49,-190.39,0.18,-4.75,-1.05,2.93,0.62,-2.35,2.74,1.91,18.13,29.93,1.47,0.74,-0.56,2.78,0.8,-0.86,-0.51,-0.06,0.26,1.47,-0.07,-1.16,4.87,-2.6,-6.37,5.22,1.01,-1.62
13.9825,-89.661,16.08,799.29,-80.75,-1.09,-6.34,0.61,4.46,1.95,-3.08,3.68,-0.04,8.12,29.66,-3.51,-4.15,0.34,0.64,1.42,-1.13,0.64,-1.48,1.46,6.39,-2.76,-2.94,4.97,-2.4,-6.38,7.9,0.3,-3.58
13.9825,-89.6603,6.81,573.48,-63.56,2.22,-5.16,0.63,3.39,1.78,-2.22,3.08,-0.11,-3.09,29.66,2.18,-1.03,-0.11,-2.99,-5.34,0.7,-0.2,2.94,-1.72,-1.86,1.6,-0.46,3.22,0.89,-6.38,7.52,-0.69,-3.55
13.9825,-89.6595,15.84,896.34,-93.19,3.1,-5.58,-0.5,3.06,0.38,-2.19,3.06,-1.71,6.14,35.96,2.83,-1.85,0.04,-1.66,0.23,0.58,0.22,-1.62,3.6,-5.04,-0.67,-2.97,3.95,-1.92,-6.7,7.72,-0.69,-1.54
13.9825,-89.6588,10.51,-254.38,44.24,2.25,-5.03,-0.59,2.09,0.93,-1.36,2.82,0.79,-19.72,27.41,1.5,-7.18,-1.81,2.23,-1.67,0.17,-2.35,0.4,1.31,0.34,0.21,-3.75,5.39,-1.03,-7.75,7.96,-1.17,-1.54
13.9825,-89.6581,18.94,-281.37,57.61,0.96,-4.95,0.37,1.51,2.4,-3.76,1.8,-0.95,-15.27,19.9,2.75,-0.33,-0.22,-1.76,3.69,-0.22,0.25,-1.39,1.1,-0.76,-0.76,-2.12,5.17,-0.91,-6.3,7.01,0.03,-1.58
13.9825,-89.6573,-5.76,615.77,-83.79,2.05,-5.47,0.88,1.19,2.75,-2.85,1.74,-0.82,-7.73,21.64,0.29,0.03,0.12,-0.42,2.94,-0.92,-2.13,0.99,0.52,1.77,1.48,-0.95,4.06,-1.62,-7.21,5.52,-0.56,-2.91
13.9825,-89.6566,16.93,-194.69,44.41,1.8,-5.33,1.19,1.88,2.83,-3.06,1.71,-0.83,-17.73,22.19,-0.26,-0.29,-0.31,1.0,3.14,-1.51,-1.04,2.23,0.18,0.54,-0.37,-2.91,6.41,-1.82,-7.41,8.12,-0.17,-2.44
13.9825,-89.6558,15.58,495.1,-43.43,1.02,-5.82,1.65,1.01,2.35,-4.04,3.24,0.34,-6.03,25.66,-0.01,2.29,0.69,1.28,2.39,-1.32,-2.08,2.89,0.17,1.51,-0.69,-2.77,5.04,-1.22,-8.58,9.26,-0.46,-2.94
13.9825,-89.6551,6.97,1099.08,-129.19,1.69,-6.29,1.33,1.07,3.77,-3.72,3.17,0.91,17.63,15.48,-0.01,2.41,-0.05,0.28,0.26,-0.69,-0.74,2.27,0.46,1.93,-0.87,-2.62,5.96,-2.16,-6.22,7.5,-1.05,-3.43
13.9825,-89.6544,15.3,351.98,-25.89,0.52,-6.37,0.78,1.4,3.63,-3.55,2.13,-0.83,5.61,11.38,1.51,1.99,-2.44,2.94,1.4,-1.08,-1.12,2.72,-1.51,3.82,-0.75,-1.82,5.55,-2.26,-6.22,9.08,-0.91,-4.42
13.9825,-89.6536,-6.31,1014.38,-134.39,1.42,-6.24,-0.02,1.39,5.69,-2.89,-0.32,0.88,10.23,12.86,0.72,2.66,-1.87,2.75,2.5,-2.11,-2.18,0.2,0.84,3.39,-1.39,-2.48,6.28,-2.57,-8.92,6.98,-0.01,-4.29
13.9811,-89.7158,12.96,-697.1,101.08,0.47,4.52,2.53,-5.45,0.2,4.88,-9.1,-0.63,-19.84,-0.68,0.94,3.87,-2.8,-0.49,1.3,-1.8,-7.93,5.06,0.38,15.95,0.15,2.92,-6.14,-1.86,6.68,-8.5,2.9,6.21
13.9811,-89.715,28.43,-918.14,146.57,-0.53,5.13,1.04,-5.31,-0.34,4.55,-10.72,-0.07,-11.45,10.88,0.13,0.25,-1.6,-0.2,-4.33,0.15,-5.37,6.27,-3.07,2.42,-1.51,3.98,-3.62,-3.5,7.42,-7.55,3.13,7.05
13.9811,-89.7143,34.77,-505.54,103.27,-0.88,4.37,3.4,-4.84,-1.21,4.4,-11.56,1.33,-8.59,14.88,-1.38,5.06,-3.37,0.95,-0.69,-0.62,-4.44,8.68,-3.25,3.31,-1.52,3.85,-4.09,-3.54,7.42,-7.85,4.0,7.72
13.9812,-89.7136,12.38,-609.83,89.71,-0.98,4.53,1.71,-4.61,-1.59,5.89,-11.86,1.66,-11.99,12.54,-1.25,4.39,-1.23,-3.81,-1.32,-2.73,-4.9,6.18,-1.9,-1.88,-1.25,2.59,-4.44,-5.31,6.87,-8.07,0.85,8.48
13.9812,-89.7128,10.15,-1008.0,136.14,1.11,4.54,0.97,-4.88,-0.28,6.58,-12.6,2.2,-16.01,2.25,-0.75,2.54,-5.48,-1.69,-2.49,-3.99,-4.49,4.2,1.76,1.66,-0.71,4.63,-2.33,-2.17,6.43,-8.63,1.06,9.12
13.9812,-89.7121,25.13,-428.79,82.49,-0.23,5.05,2.12,-4.68,0.13,5.44,-12.98,3.56,-2.46,5.65,0.07,2.54,-2.71,-1.39,1.27,0.13,-2.9,3.96,1.53,-2.01,-1.45,3.87,-3.82,-2.29,8.56,-8.36,1.49,9.12
13.9812,-89.7113,8.59,280.0,-24.36,-1.03,3.67,1.81,-4.02,-0.46,6.19,-13.27,2.8,-0.0,10.68,-2.47,0.05,-0.79,-1.08,3.95,-0.51,-1.07,1.51,-4.15,2.34,3.24,3.03,-3.82,-3.38,10.07,-9.32,-0.22,7.87
13.9812,-89.7106,22.87,413.72,-23.99,-2.41,3.71,2.06,-4.14,-0.27,6.7,-12.42,3.41,-0.0,9.11,0.16,0.59,1.12,-2.42,0.31,2.22,0.25,5.38,-0.89,3.47,1.55,3.88,6.78,-2.14,8.78,-7.26,0.37,8.05
13.9812,-89.7099,6.36,-960.89,125.96,-2.68,4.46,1.83,-4.27,0.88,6.41,-12.84,3.44,-22.68,2.21,-1.29,1.48,0.55,-3.88,-1.98,-2.45,-2.06,3.41,-0.46,1.29,-1.2,3.42,0.97,-2.53,8.63,-8.41,0.19,6.63
13.9812,-89.7091,17.2,-603.89,94.77,-0.14,3.21,1.72,-4.01,0.16,6.23,-12.49,3.38,-21.43,13.76,-1.24,2.03,-2.64,-1.33,-0.23,-0.11,-0.58,1.68,1.42,2.0,1.03,3.98,-4.92,-4.02,8.89,-6.94,0.42,5.98
13.9812,-89.7084,12.36,-26.73,17.89,-1.36,4.57,1.19,-3.5,-0.01,6.66,-11.29,3.4,-10.04,13.76,-0.87,0.24,2.93,-2.4,0.98,-0.59,0.09,0.96,-0.58,0.62,-0.92,3.82,-0.95,-2.54,8.4,-6.04,-0.57,5.33
13.9812,-89.7076,4.62,1015.75,-119.83,-0.99,3.93,1.04,-2.26,0.75,5.6,-10.98,3.15,-0.0,24.19,-0.74,2.49,0.22,-1.19,1.05,-0.22,0.34,-0.3,0.62,-0.59,-0.83,3.83,-0.4,-2.8,7.63,-5.63,-2.11,5.98
13.9812,-89.7069,4.94,-337.86,47.51,-0.9,4.07,-0.43,-1.36,0.9,4.8,-10.73,2.86,-20.41,13.57,-1.66,0.98,-0.36,-0.62,0.09,-1.17,0.58,0.29,-0.92,0.84,-0.25,4.33,-2.27,-2.39,7.16,-5.34,-2.11,5.98
13.9812,-89.7062,28.1,-984.58,154.67,-0.79,3.87,-0.81,-0.99,1.07,4.29,-9.84,3.06,-37.23,25.47,-1.11,0.63,-0.06,-1.34,1.85,-0.8,0.11,-2.03,-1.04,1.08,-1.24,2.87,-2.16,-3.06,8.0,-2.66,-2.32,6.19
13.9812,-89.7054,14.9,-17.65,19.77,-0.85,4.03,-1.4,-0.06,0.88,3.83,-9.24,2.56,-9.92,15.77,-1.29,1.03,1.15,-1.3,2.71,-0.41,0.03,-0.09,0.57,-1.24,-0.74,2.38,-0.27,-2.18,6.29,-3.51,-1.69,5.42
13.9813,-89.7047,21.63,-297.79,62.31,-0.38,4.65,-1.64,0.88,0.6,2.93,-7.94,2.28,-0.0,-2.0,-1.19,0.75,1.37,-1.79,2.11,-1.17,0.64,-2.24,1.57,0.04,-2.05,2.75,-1.27,-2.46,7.39,-3.52,-1.17,4.96
13.9813,-89.7039,12.71,-278.47,49.39,-1.53,4.16,-2.16,0.45,0.55,1.75,-6.83,1.98,-0.0,-2.25,-1.46,-0.47,0.77,-2.76,2.76,-1.71,2.08,-2.35,0.5,-1.8,-1.0,2.23,-1.21,-1.83,6.68,-3.62,-1.54,4.31
13.9813,-89.7032,2.78,153.84,-15.71,-1.05,4.1,-3.25,1.45,0.79,1.5,-5.93,1.56,-0.0,-1.11,-0.72,-0.43,1.12,-2.11,3.44,-2.07,1.9,-1.69,0.1,-0.23,0.97,3.94,-0.27,-1.26,5.45,-3.12,-2.54,3.89
13.9813,-89.7025,21.66,-75.6,34.93,-0.72,4.8,-3.59,0.95,1.09,0.36,-5.18,1.49,-0.0,1.75,-1.38,-0.19,2.95,-1.74,3.14,-2.26,2.37,-3.37,2.38,-0.62,0.81,4.74,0.1,-1.32,5.45,-2.25,-0.3,3.19
13.9813,-89.7017,14.95,-263.54,50.22,-1.15,4.85,-3.69,0.82,1.57,-0.58,-5.24,0.94,-7.39,10.13,-1.96,-1.18,1.11,-1.66,2.93,-1.6,2.44,-2.67,1.35,-0.94,0.66,3.82,-0.85,-1.31,6.4,-2.3,-1.16,2.09
13.9813,-89.701,1.33,-761.84,95.71,-1.43,5.53,-4.1,0.86,0.89,0.21,-3.8,-0.32,-6.89,-0.0,-1.44,-1.22,0.28,-2.27,1.98,-0.97,0.88,-2.86,1.4,-2.67,0.61,4.2,-1.3,-1.23,5.09,-2.56,-1.76,1.84
13.9813,-89.7002,9.23,728.18,-79.09,-0.87,3.97,-3.19,0.17,1.51,-1.79,-3.51,-0.2,-0.0,-0.0,-1.36,-1.36,2.54,-1.74,1.88,-3.29,2.37,-3.36,1.77,-3.93,0.18,3.08,-1.06,-0.9,6.07,-2.23,-1.29,1.51
13.9813,-89.6995,9.28,835.31,-92.29,-0.53,4.16,-3.74,-0.1,1.03,-2.0,-0.23,-1.3,-0.0,-0.0,-0.58,-1.0,-0.88,-1.71,2.15,-0.3,2.23,-3.69,1.32,-4.99,1.01,2.08,-1.22,-0.46,6.78,-1.57,-1.18,-0.44
13.9813,-89.6988,10.8,265.04,-20.0,-2.27,5.19,-2.75,-0.81,2.05,-1.31,0.41,-0.4,-0.0,-0.0,-0.76,0.32,-0.05,-2.65,2.32,0.39,2.21,-3.86,0.76,-2.47,1.88,4.77,-0.75,-0.14,5.97,-1.57,-0.47,-0.44
13.9813,-89.698,-2.29,509.84,-65.75,-1.08,3.89,-2.32,-0.11,1.37,-2.42,0.25,-1.31,4.49,10.62,-0.17,-1.9,1.2,-1.3,2.48,-1.8,3.3,-3.09,0.57,-2.55,2.07,3.82,-1.69,-1.39,5.83,-3.22,-1.05,0.25
13.9813,-89.6973,18.23,481.76,-38.04,-0.98,4.71,-3.06,-1.24,2.3,-2.56,0.46,-2.04,9.14,20.94,-1.07,-0.34,1.97,-0.71,0.9,-1.28,3.31,-4.44,0.42,-3.19,1.15,1.7,-2.68,-1.62,5.51,-1.97,-0.35,1.98
13.9813,-89.6965,13.89,443.72,-38.47,-0.94,4.31,-2.38,-1.12,1.98,-2.31,0.34,-2.45,1.11,22.87,-0.7,-0.92,2.23,0.17,0.3,0.35,2.06,-2.92,0.65,-3.26,0.98,2.22,-2.83,-1.44,4.83,-1.22,-0.76,0.99
13.9814,-89.6958,8.19,660.91,-72.1,-0.66,4.52,-2.5,-1.09,2.36,-3.72,1.86,-1.93,18.16,9.74,0.44,-0.64,3.08,-1.8,1.66,-3.11,3.06,-2.86,0.28,-2.61,1.09,1.14,-3.23,-2.32,5.15,-1.17,-1.36,0.26
13.9814,-89.6951,13.18,96.97,3.58,0.53,4.4,-1.72,-0.97,2.59,-3.07,2.65,-2.52,-0.0,4.25,0.83,-0.44,2.7,-0.66,1.9,-1.04,2.48,-3.48,1.24,-4.11,1.19,0.72,-3.41,-2.68,3.82,-0.66,-1.19,1.8
13.9814,-89.6943,12.44,-431.93,68.16,0.51,4.39,-2.42,-0.53,3.06,-2.78,3.27,-2.03,-14.55,6.27,0.65,-0.29,2.07,-1.55,0.86,-0.22,3.24,-3.27,1.32,-4.06,2.25,1.42,-2.59,-2.57,3.82,-0.48,-1.13,1.18
13.9814,-89.6936,18.33,393.68,-27.08,0.07,3.93,-2.08,-0.32,2.41,-3.27,3.27,-2.2,-5.22,28.05,0.08,-0.2,0.23,-1.61,0.82,-0.47,3.68,-3.62,1.57,-2.72,1.68,2.02,-2.08,-1.99,4.06,-0.77,-0.31,1.48
13.9814,-89.6928,17.65,348.41,-22.28,0.13,4.09,-1.96,-0.14,2.14,-3.1,3.01,-2.19,10.24,8.63,1.41,-0.63,0.59,-1.01,1.2,-0.07,3.54,-3.43,1.75,-3.09,2.0,2.03,-1.52,-2.35,3.87,-0.32,-0.75,1.48
13.9814,-89.6921,12.61,407.82,-35.6,0.11,3.6,-1.71,-0.45,1.71,-3.07,3.18,-2.35,9.17,9.02,2.42,-0.54,0.59,-1.15,1.01,-0.39,3.51,-3.5,1.53,-3.32,2.14,1.71,-1.92,-2.45,3.91,-0.32,-1.13,0.93
13.9814,-89.6914,19.11,-24.43,25.62,0.17,3.26,-1.59,-0.09,1.54,-2.57,3.32,-2.47,-2.2,10.33,2.91,-0.39,0.81,-1.31,0.72,-0.62,3.85,-3.69,1.24,-2.95,2.25,1.52,-1.5,-3.03,3.44,0.63,-0.74,0.78
13.9814,-89.6906,15.18,617.88,-58.61,0.19,2.84,-1.37,0.08,1.28,-2.38,3.05,-2.83,15.75,10.34,3.19,-0.72,1.19,-1.2,0.63,-0.64,3.94,-4.08,1.08,-2.71,2.19,1.06,-1.39,-2.66,3.01,0.37,-0.55,0.58
13.9814,-89.6899,17.99,-549.13,89.32,-0.31,2.19,-0.81,0.06,1.2,-2.61,2.88,-2.59,2.38,-0.0,2.9,-0.64,1.23,-0.92,0.71,-0.61,3.98,-3.42,0.85,-3.18,2.22,0.97,-1.09,-2.3,3.17,1.12,-0.79,0.21
13.9814,-89.6891,20.28,-837.24,127.75,-0.42,1.87,-0.56,0.18,1.05,-2.65,3.09,-2.39,-7.14,-6.62,3.01,-0.81,0.56,-1.2,0.53,-0.86,3.85,-4.11,0.82,-2.33,2.21,1.43,-0.86,-2.01,3.24,1.42,-0.5,-0.29
13.9814,-89.6884,19.57,-953.68,141.38,-0.56,1.43,-0.39,0.44,0.55,-2.63,3.1,-2.13,-1.4,-15.04,2.76,-0.9,0.8,-1.78,0.8,-0.75,3.63,-3.5,0.83,-2.61,1.79,0.72,-0.95,-2.68,3.28,1.42,-0.57,-0.39
13.9814,-89.6877,18.69,-983.44,144.04,-0.38,1.04,0.33,0.98,0.55,-2.46,2.99,-1.97,-1.07,-19.45,2.77,-0.72,1.32,-1.5,0.61,-0.69,4.05,-3.27,0.94,-2.18,1.78,0.64,-0.18,-2.26,3.06,1.57,-1.01,0.03
13.9814,-89.6869,14.46,-97.0,29.13,-0.55,0.16,0.85,0.34,0.54,-2.64,3.28,-1.95,11.0,-7.13,3.14,-1.25,1.33,-1.15,0.65,-0.67,3.67,-3.19,1.29,-2.15,1.82,0.39,-0.47,-1.94,2.95,2.02,-1.9,-0.22
13.9815,-89.6862,14.58,-717.39,106.24,-0.81,-0.31,0.83,1.15,0.19,-2.44,3.55,-1.52,-0.6,-13.66,2.97,-1.61,1.45,-1.27,0.18,-0.65,3.57,-2.6,1.3,-2.85,1.7,-0.28,-0.13,-1.85,3.0,2.35,-1.85,-0.87
13.9815,-89.6854,12.5,-269.33,48.2,-1.31,-1.15,1.3,1.85,-0.24,-2.94,3.7,-1.13,4.01,-5.17,3.09,-1.34,1.27,-1.43,-0.21,-0.34,3.31,-2.63,1.03,-2.62,0.93,-0.98,-0.08,-1.06,2.86,2.39,-1.89,-1.23
13.9815,-89.6847,11.76,347.44,-29.2,-1.42,-1.38,1.8,2.17,-0.13,-3.05,3.73,-1.46,8.57,6.92,2.68,-1.5,1.44,-1.02,0.41,-0.85,3.58,-2.28,1.06,-2.7,1.86,-0.39,-0.19,-1.51,3.19,2.35,-2.13,-1.31
13.9815,-89.684,5.28,119.38,-8.58,-1.84,-1.39,1.4,2.62,-0.21,-3.28,3.93,-1.29,10.52,-5.59,2.7,-1.5,1.26,-0.77,0.45,-1.08,3.15,-1.98,1.16,-2.13,1.7,-0.64,-0.67,-1.42,2.66,2.35,-2.25,-2.06
13.9815,-89.6832,3.69,183.14,-18.37,-2.15,-1.74,1.4,3.12,-0.47,-3.03,3.86,-1.26,18.54,-13.37,2.41,-1.2,1.27,-0.65,0.52,-0.77,3.01,-1.58,0.88,-2.21,1.79,-0.63,0.84,-1.24,2.79,2.06,-2.07,-2.33
13.9815,-89.6825,-0.07,-712.28,88.36,-2.46,-1.83,0.93,3.48,-0.6,-2.88,3.69,-1.31,2.5,-25.67,2.31,-1.46,1.2,-0.57,0.17,-0.53,2.65,-1.4,0.84,-2.06,1.79,-0.76,0.97,-1.07,2.62,1.96,-2.07,-2.84
13.9815,-89.6817,-0.33,-337.22,41.49,-2.54,-1.98,0.4,3.75,-0.59,-2.78,3.69,-1.56,-1.91,-0.0,2.16,-1.27,1.0,-0.56,-0.04,-0.43,2.3,-0.99,0.74,-2.12,1.61,-0.68,1.22,-1.09,2.8,2.03,-2.03,-3.26
13.9815,-89.681,-6.54,175.34,-29.52,-2.47,-1.7,0.13,4.32,-0.78,-2.27,3.75,-1.34,8.92,-0.0,1.85,-1.14,0.69,-0.43,-0.28,-0.32,1.94,-0.49,0.74,-1.46,1.58,-0.67,1.53,-1.12,2.56,1.81,-2.14,-3.88
13.9815,-89.6803,-8.78,741.81,-102.55,-2.7,-1.76,0.06,4.33,-1.07,-1.99,3.69,-1.43,15.53,-1.1,1.85,-0.99,0.7,-0.25,-0.01,-0.11,1.64,-0.27,0.62,-1.67,1.38,-0.72,1.5,-0.93,2.28,1.86,-2.27,-3.98
13.9815,-89.6795,-7.34,175.23,-30.46,-2.84,-1.67,-0.15,4.51,-1.02,-1.56,3.6,-1.62,-4.8,1.99,1.85,-0.84,0.93,-0.32,-0.08,-0.03,1.26,-0.0,0.79,-1.13,1.2,-0.75,1.73,-0.88,2.26,1.8,-2.03,-3.89
13.9815,-89.6788,-8.92,2.74,-10.9,-2.84,-1.69,-0.53,4.58,-1.01,-1.32,3.3,-1.9,-4.03,-4.15,2.01,-0.71,0.79,-0.13,-0.23,-0.14,1.0,0.14,0.77,-1.13,1.05,-0.68,1.8,-0.84,1.95,1.74,-2.04,-3.83
13.9815,-89.678,-6.48,-899.86,104.19,-2.82,-1.87,-0.89,4.71,-1.05,-1.3,3.49,-1.83,-11.15,-22.49,1.95,-0.54,0.49,0.06,-0.22,0.42,0.49,0.32,0.82,-1.01,1.1,-0.85,1.86,-0.78,1.88,1.92,-1.59,-4.28
13.9816,-89.6773,-4.83,-648.13,74.87,-2.9,-1.89,-0.92,4.59,-0.66,-1.26,3.27,-2.03,-5.55,-19.26,2.05,-0.27,0.75,-0.06,-0.48,0.38,0.22,0.52,0.68,-0.87,1.03,-0.98,1.92,-0.74,1.88,1.88,-1.49,-4.03
13.9816,-89.6766,-2.37,-569.36,67.99,-2.84,-2.4,-1.04,4.41,-0.44,-1.35,3.43,-2.42,-15.51,-5.15,2.02,-0.42,1.01,-0.06,-0.38,0.5,0.1,0.71,0.33,-0.77,0.75,-1.49,1.96,-0.58,1.49,2.12,-1.3,-3.79
13.9816,-89.6758,-11.26,386.33,-61.38,-2.91,-2.33,-1.41,4.58,-0.24,-1.11,3.14,-2.26,-0.0,-4.48,2.1,-0.24,0.86,-0.0,-0.17,0.46,-0.18,1.18,0.53,-0.54,1.01,-1.27,2.11,-0.3,0.21,1.93,-1.54,-3.79
13.9816,-89.6751,-17.25,-16.44,-18.37,-2.71,-2.74,-1.23,4.48,-0.19,-1.21,3.77,-2.14,-10.2,-4.48,2.18,-0.01,0.42,-0.09,-0.2,0.43,-0.51,1.26,0.72,-0.65,1.26,-1.54,2.26,-0.11,-0.74,1.6,-1.35,-3.88
13.9816,-89.6743,-16.52,515.17,-83.66,-2.23,-2.99,-1.58,4.45,-0.02,-1.36,4.56,-2.46,7.05,-4.48,2.2,-0.2,0.63,0.13,-0.32,0.11,-0.73,1.12,0.4,-0.69,1.4,-1.86,2.7,-0.09,-1.45,1.6,-0.97,-3.56
13.9816,-89.6736,-13.77,129.26,-32.39,-2.28,-2.95,-1.65,4.81,0.15,-1.5,3.87,-2.24,10.34,-17.29,2.1,-0.16,1.01,0.07,0.05,0.37,-1.15,1.06,0.57,-1.12,1.38,-1.75,2.69,0.14,-1.59,1.87,-1.06,-3.14
13.9816,-89.6729,-10.92,-626.78,65.09,-2.06,-3.1,-1.45,4.43,0.22,-1.45,4.64,-2.19,-4.66,-22.72,1.8,-0.32,0.9,-0.17,0.11,0.33,-1.51,1.19,0.43,-0.89,1.26,-1.6,2.88,0.18,-2.08,2.33,-1.2,-2.58
13.9816,-89.6721,-7.56,-521.32,55.95,-1.73,-3.92,-1.28,4.18,0.47,-1.73,4.65,-3.02,-1.78,-19.14,2.16,-0.4,0.77,0.06,-0.29,0.11,-1.26,1.19,0.16,-0.56,1.51,-1.89,3.01,0.14,-2.64,1.96,0.05,-2.56
13.9816,-89.6714,-2.49,-749.33,90.36,-1.1,-4.33,-1.06,4.08,0.35,-2.15,4.73,-3.14,-4.34,-19.14,1.55,-0.67,1.22,-0.21,-0.03,0.47,-1.7,1.07,0.15,-0.47,1.66,-1.62,2.82,-0.13,-2.87,2.01,0.49,-1.91
13.9816,-89.6706,-3.7,-897.59,107.41,-0.89,-4.37,-0.65,3.88,0.57,-2.56,4.96,-3.08,-10.76,-19.41,1.81,-0.44,1.32,-0.04,-0.01,0.67,-1.31,1.14,0.28,-0.9,1.92,-1.93,2.95,-0.04,-2.87,1.83,0.69,-2.2
13.9816,-89.6699,-0.94,-210.33,25.09,-0.36,-5.12,0.0,3.72,-0.05,-2.62,5.28,-2.86,1.63,-0.0,1.78,-0.27,1.59,0.27,-0.72,0.71,-1.46,1.32,0.56,-0.79,1.7,-1.77,2.98,-0.32,-3.31,1.91,1.19,-1.99
13.9816,-89.6692,5.42,-125.31,22.04,0.13,-5.43,-0.41,4.16,0.38,-2.86,5.85,-2.54,6.24,-0.0,2.05,0.03,1.84,-0.03,-0.06,0.36,-1.24,1.65,0.8,-0.68,1.2,-2.18,3.1,-0.24,-3.23,2.15,2.07,-2.4
13.9817,-89.6684,5.88,-534.13,73.53,0.37,-5.39,-0.19,2.85,0.04,-3.32,5.5,-2.36,-3.79,-0.0,1.7,0.0,1.75,-0.05,0.74,0.97,-1.86,1.58,0.02,-0.62,1.03,-2.8,3.45,-0.44,-3.99,2.39,2.07,-1.91
13.9817,-89.6677,-0.29,-57.15,6.77,0.35,-5.44,-0.43,3.24,0.15,-2.99,4.62,-3.0,-3.79,2.12,2.14,0.24,1.36,-0.23,-0.58,0.02,-1.26,1.21,1.25,-0.32,0.63,-3.06,3.77,0.14,-4.11,2.73,1.05,-2.19
13.9817,-89.6669,5.32,355.18,-37.98,1.0,-5.1,0.68,2.6,0.57,-2.85,4.52,-3.07,-1.17,14.57,1.98,0.01,2.05,-0.31,-1.12,0.16,-1.32,1.35,1.68,-0.72,0.97,-3.29,3.68,-0.82,-3.91,2.73,1.69,-2.1
13.9817,-89.6662,0.48,-242.27,30.77,1.07,-4.67,0.21,3.32,1.21,-3.22,3.32,-3.01,-8.88,5.93,1.86,0.33,1.65,-0.18,-1.74,-0.08,-1.72,0.53,-0.56,-1.6,1.2,-2.64,3.98,-1.05,-4.77,3.58,0.2,-1.45
13.9817,-89.6655,7.17,-434.78,62.72,0.67,-4.76,0.19,3.21,-0.13,-2.67,5.77,-2.68,-7.87,3.16,1.95,0.24,1.5,0.42,-3.5,0.83,-1.23,1.59,-2.4,-1.59,0.8,-3.94,4.29,-1.7,-5.23,4.27,1.07,-1.95
13.9817,-89.6647,9.96,69.23,3.16,1.45,-3.65,0.56,3.83,0.8,-2.69,3.26,-2.12,3.77,8.51,1.72,0.36,2.6,-2.19,-1.92,1.03,-1.4,-0.33,-2.16,-0.45,2.24,-4.09,4.19,-3.03,-3.97,5.63,-0.48,-2.48
13.9817,-89.664,12.56,137.62,-2.29,0.8,-3.56,0.15,2.55,-0.59,-3.84,5.57,-1.87,-5.98,20.65,1.75,0.25,1.39,1.49,-7.19,1.08,0.45,2.8,-1.71,-0.92,1.56,-4.4,4.7,-0.09,-4.74,5.57,0.24,-1.96
13.9817,-89.6632,3.5,558.65,-65.57,0.92,-3.36,0.37,2.06,-0.37,-2.42,2.48,-2.27,-0.0,20.65,-0.43,0.09,1.82,0.36,-5.18,0.77,-3.44,-0.52,1.25,0.68,1.52,-1.18,5.68,-1.53,-6.74,5.66,0.54,-2.54
13.9817,-89.6625,33.7,507.14,-23.36,0.76,-3.92,0.42,3.13,3.29,-3.73,3.88,1.27,20.97,19.18,1.09,0.71,0.75,-1.81,-5.09,0.13,-1.36,-1.68,-3.05,0.27,2.68,2.89,6.21,-2.09,-6.07,8.42,0.97,-1.66
13.9817,-89.6618,16.22,961.25,-100.78,3.43,-5.6,-1.59,3.79,3.44,-4.79,2.5,-4.98,19.52,30.52,-0.06,-1.66,3.46,-8.72,-3.73,3.48,-3.28,1.5,5.54,0.53,1.62,-1.38,2.8,0.21,-6.07,5.86,1.07,-1.47
13.9817,-89.661,62.38,538.66,6.68,2.66,-5.7,0.68,3.65,3.25,-2.93,3.52,1.04,19.52,30.52,1.48,0.19,-2.02,-2.59,-2.05,2.53,-2.15,2.88,2.58,7.05,-0.64,-3.02,4.6,1.99,-5.3,11.85,0.51,-1.06
13.9817,-89.6603,0.78,965.41,-119.65,2.75,-4.18,-0.29,3.36,1.34,-2.49,3.95,-0.21,17.22,26.49,0.0,-3.69,1.87,-7.24,-3.01,0.59,-2.02,0.57,1.2,-12.45,6.31,2.7,8.11,-1.42,-7.89,5.17,0.51,-1.06
13.9818,-89.6595,19.58,622.69,-54.58,1.87,-3.92,-0.96,3.77,3.0,-3.27,2.65,-2.79,2.39,25.3,1.24,1.33,1.87,-2.83,-1.62,-2.51,4.67,2.16,0.99,-2.19,2.79,1.57,5.94,-1.6,-1.56,5.17,-0.24,-2.4
13.9818,-89.6588,0.05,1544.23,-192.87,2.22,-4.06,-0.59,2.46,1.94,-1.75,4.15,-0.13,19.37,31.95,0.32,-0.18,2.34,-7.04,1.31,-2.34,-1.76,2.33,1.4,-3.03,-0.59,-0.72,5.16,-0.83,-8.02,5.12,0.41,-1.21
13.9818,-89.6581,10.6,746.91,-80.76,0.49,-2.74,-1.16,3.05,2.06,-3.34,1.33,-1.55,7.07,18.09,2.92,-1.54,0.57,1.42,6.51,-0.35,1.68,-3.81,2.16,-1.88,-1.42,-1.11,3.69,-0.53,-5.93,7.0,-1.02,-2.27
13.9818,-89.6573,29.66,-458.54,92.48,1.59,-5.27,0.84,2.56,2.8,-3.68,0.77,-0.22,-18.72,19.22,1.1,-0.37,-0.55,2.89,7.33,-1.05,-0.5,1.86,-1.93,-1.51,-1.78,0.11,4.12,-1.02,-8.85,10.35,0.04,-2.22
13.9818,-89.6566,8.13,-152.32,28.68,1.75,-5.31,0.67,1.82,3.05,-3.8,1.87,-2.12,-14.87,17.19,0.19,1.98,-0.39,0.55,1.8,-0.92,-0.21,-1.03,0.94,1.77,-1.02,-2.1,3.65,-1.78,-8.22,7.77,-0.05,-3.26
13.9818,-89.6558,3.48,-53.08,10.77,1.77,-5.27,1.11,1.15,3.85,-3.43,1.2,0.18,-14.32,17.19,-0.55,1.12,-0.08,-1.69,5.72,-1.65,-1.15,-0.14,-1.81,1.86,-1.24,-2.89,4.66,-1.83,-7.0,7.39,-0.45,-4.3
13.9818,-89.6551,11.45,-22.16,16.34,1.71,-5.53,1.37,1.3,4.38,-4.16,0.14,-0.07,-9.11,18.81,-0.64,0.86,-0.34,1.33,1.45,1.09,0.29,-0.87,-4.47,1.89,-0.21,-3.4,6.31,-1.59,-9.31,8.95,0.54,-4.13
13.9818,-89.6544,-1.06,507.19,-64.69,0.15,-6.9,1.71,0.93,4.44,-4.17,1.85,-2.13,-1.71,15.28,-1.41,1.79,-2.51,5.6,1.78,-0.79,-1.73,0.2,0.3,3.5,0.36,-2.04,5.38,-2.12,-9.21,8.07,-0.36,-4.13
13.9818,-89.6536,-23.27,1113.12,-166.85,1.34,-6.11,1.04,1.2,5.0,-2.92,-1.56,-1.6,7.65,11.2,3.34,2.78,-2.47,-1.2,3.31,-2.78,-0.4,0.0,-0.2,5.99,-0.67,-4.06,5.53,-1.33,-9.06,5.86,-0.36,-5.59
13.9804,-89.7158,25.24,-834.5,132.49,0.53,4.62,3.11,-5.2,-0.84,4.54,-8.46,0.45,-27.74,18.78,-3.24,10.95,0.57,1.32,-2.51,2.06,-11.14,3.25,-1.93,-4.16,-1.02,5.43,-4.17,-1.16,7.95,-9.36,3.76,7.81
13.9804,-89.715,34.78,167.74,20.39,-0.34,5.42,3.05,-5.06,-0.11,4.33,-9.41,0.59,-0.0,19.26,0.07,7.9,-4.92,-1.29,-2.7,0.53,-3.62,7.53,-2.33,2.9,-1.19,4.53,-3.79,-2.55,6.7,-6.69,2.95,8.02
13.9804,-89.7143,38.76,-1224.22,196.47,-0.49,5.18,1.99,-4.98,-0.84,5.14,-10.41,0.17,-23.57,19.26,-0.58,0.93,-3.34,1.1,-2.37,-2.08,-4.4,6.29,-5.05,2.23,-0.87,5.29,-3.87,-3.44,8.22,-7.13,3.0,8.02
13.9804,-89.7135,15.33,-639.11,96.8,-0.37,5.22,2.49,-4.7,-0.37,5.92,-11.63,0.77,-14.18,9.5,-1.07,2.8,-2.64,-4.22,0.4,-1.77,-1.57,4.63,-2.44,2.64,-0.05,4.68,-3.29,-3.12,6.82,-7.94,2.26,6.67
13.9804,-89.7128,32.19,-1413.4,212.08,0.52,4.0,1.96,-4.68,-0.52,5.28,-12.17,1.54,-16.79,17.4,0.57,2.93,-6.01,-2.37,-5.28,-3.3,-0.46,2.82,-13.02,-0.65,-1.55,5.22,-2.32,-2.54,8.0,-7.22,2.06,8.48
13.9804,-89.7121,23.95,-636.3,106.66,-0.71,4.3,2.34,-3.72,-0.18,6.06,-12.64,3.03,-20.75,14.49,-0.12,0.63,-1.14,-0.28,-1.39,-2.47,-1.07,5.47,0.51,2.87,-0.66,4.83,-2.59,-3.25,8.29,-9.28,2.26,9.47
13.9805,-89.7113,11.13,-271.82,46.64,-1.69,5.26,1.31,-3.56,-0.74,5.02,-13.1,3.3,-17.91,13.83,-1.62,0.13,-1.84,1.01,-1.35,4.64,-1.39,3.71,-0.14,2.02,0.43,2.29,-1.28,-2.21,8.33,-7.52,0.03,6.78
13.9805,-89.7106,14.48,66.18,8.94,-1.1,4.68,1.4,-3.86,-0.28,5.94,-12.67,2.74,-12.35,21.37,-0.95,2.25,-1.1,-1.11,-2.32,0.32,-0.06,3.63,1.1,-0.47,1.64,5.48,-0.63,-2.11,6.18,-5.05,-1.24,7.55
13.9805,-89.7098,18.61,-47.71,27.85,-1.44,4.57,2.23,-3.08,0.12,5.94,-12.22,3.31,-15.16,14.01,-1.22,4.88,-0.45,-0.1,-0.55,1.6,1.39,2.89,2.02,2.88,-3.6,4.77,-2.2,-2.35,8.94,-6.01,-0.95,6.74
13.9805,-89.7091,12.31,-445.58,69.47,-1.15,3.98,1.61,-3.56,0.38,6.57,-11.79,2.81,-15.16,1.28,-1.44,5.51,2.53,-2.87,0.46,-1.24,0.37,-0.05,2.34,3.24,-2.9,5.84,-1.37,-2.29,8.94,-7.33,-0.16,6.3
13.9805,-89.7084,14.54,-198.62,41.66,-2.2,4.45,0.23,-2.88,0.79,6.66,-11.65,3.63,-10.13,7.32,0.09,2.03,1.41,-2.15,0.41,1.65,0.41,1.24,0.21,0.23,-1.88,4.54,-3.85,-2.5,8.74,-6.0,-1.04,6.07
13.9805,-89.7076,8.92,-705.2,97.51,-1.21,4.65,0.11,-2.37,1.06,5.51,-11.59,3.04,-19.34,3.09,-1.19,0.15,-0.01,-2.68,1.92,-0.4,-0.02,1.29,0.21,1.73,-1.22,3.61,-2.15,-3.13,7.71,-5.7,-1.51,6.07
13.9805,-89.7069,19.55,-965.18,142.15,-0.09,4.51,-0.53,-0.85,1.37,5.1,-11.04,3.01,-30.05,7.93,-1.23,3.0,0.67,-0.86,1.6,-0.65,1.06,-0.2,-0.71,0.05,-1.17,2.89,-1.07,-2.63,8.21,-4.75,-1.77,6.75
13.9805,-89.7061,10.41,-776.44,108.1,-0.23,3.96,-0.69,-0.33,1.49,4.21,-10.08,2.81,-29.48,7.93,-1.67,1.28,1.84,-1.58,1.83,-0.56,0.98,-0.39,0.59,0.76,-1.29,2.89,-0.99,-2.83,7.63,-4.75,-2.28,6.03
13.9805,-89.7054,12.86,82.9,4.95,-0.8,3.95,-1.25,-0.09,1.0,3.5,-8.96,2.58,-15.38,20.21,-0.77,1.54,1.72,-1.19,2.04,0.31,1.14,-1.35,0.94,0.65,-0.45,1.88,-1.5,-2.33,7.63,-4.44,-2.24,6.0
13.9805,-89.7047,12.74,-112.74,28.97,-0.7,4.26,-1.62,0.04,0.7,2.81,-7.86,2.3,-0.0,-3.82,-0.58,0.38,1.97,-1.73,2.39,-1.04,1.76,-1.73,0.39,-0.31,0.06,2.36,-0.36,-2.25,7.24,-3.35,-3.2,5.95
13.9805,-89.7039,10.69,266.67,-20.3,-0.54,4.13,-3.07,0.34,0.94,2.1,-7.05,1.91,-0.0,5.48,-0.77,0.69,2.8,-1.55,2.89,-1.11,1.65,-2.38,1.3,-1.13,0.66,2.23,0.03,-2.12,6.51,-3.53,-2.3,5.08
13.9805,-89.7032,17.08,-101.94,32.76,-1.03,4.46,-3.07,1.11,1.4,1.54,-6.54,1.05,-0.0,-1.03,-1.11,0.06,3.5,-1.96,2.74,-1.17,2.26,-2.92,1.36,-1.32,0.79,3.32,-0.6,-2.23,6.98,-2.89,-2.38,4.95
13.9806,-89.7024,22.86,-535.91,93.19,-1.16,5.39,-3.17,0.95,1.33,0.23,-6.15,1.12,-12.57,8.92,-0.88,-0.34,2.64,-1.96,2.35,-1.18,2.52,-3.2,1.91,-1.52,0.55,3.72,-0.29,-1.87,6.73,-2.39,-1.96,4.95
13.9806,-89.7017,12.72,-419.47,66.84,-0.4,4.99,-3.12,0.18,1.55,-0.59,-4.91,1.02,-12.54,6.61,0.01,-0.35,2.82,-1.67,2.27,-1.56,2.22,-2.55,0.53,-2.03,0.57,3.38,-0.89,-1.62,6.16,-2.91,-1.74,3.76
13.9806,-89.701,-3.9,-77.41,4.96,0.27,5.01,-3.28,0.05,1.91,-1.31,-3.99,0.44,-17.37,11.53,-0.54,-0.25,3.32,-2.66,1.88,-1.53,1.46,-2.8,3.6,-2.31,0.77,3.65,-1.23,-1.92,5.03,-3.32,-2.04,2.38
13.9806,-89.7002,-3.53,1050.34,-133.97,-0.51,4.26,-3.02,-0.43,1.73,-1.93,-1.83,0.15,6.34,27.2,-0.08,-1.22,1.81,-2.02,0.35,-0.5,1.7,-3.59,0.7,-3.12,1.59,2.99,-1.19,-0.86,6.28,-3.9,-1.72,1.84
13.9806,-89.6995,0.43,1033.64,-127.25,-1.61,5.35,-3.04,-0.26,1.97,-0.93,-2.42,0.1,-0.0,-0.0,-0.41,0.95,1.54,-0.91,2.81,-1.97,1.05,-5.34,1.77,-3.81,0.99,1.98,-1.87,-1.54,6.24,-2.75,-1.84,1.15
13.9806,-89.6987,16.87,759.57,-73.97,-0.64,4.26,-3.24,-0.35,2.4,-1.57,0.76,-1.47,-0.0,32.14,0.24,-1.96,1.92,-2.16,1.59,-0.82,0.78,-3.74,-0.52,-3.66,1.44,3.01,-1.36,-1.89,7.34,-1.48,-1.65,1.27
13.9806,-89.698,9.1,1044.08,-118.34,-0.72,4.81,-3.0,0.1,2.88,-2.2,0.71,-1.64,12.48,22.16,-0.47,-2.89,1.99,-2.07,3.56,0.29,3.65,-2.75,1.65,-1.82,1.67,2.14,-2.23,-0.72,7.01,-2.78,-0.75,0.49
13.9806,-89.6973,19.5,684.61,-61.63,-0.87,5.26,-2.95,-0.49,2.16,-2.81,1.32,-1.1,-0.0,28.32,0.64,-2.57,1.41,0.81,-0.98,-0.69,3.54,-3.27,1.41,-3.64,0.86,2.19,-2.62,-1.05,6.71,-1.85,-0.67,1.36
13.9806,-89.6965,15.38,-382.33,65.47,0.15,4.43,-2.32,-0.66,2.35,-3.2,1.34,-1.91,-9.1,8.39,0.0,-1.72,1.65,-0.8,0.63,-0.01,3.83,-3.75,0.58,-2.59,1.36,1.33,-1.61,-2.44,6.71,-1.94,-0.74,0.59
13.9806,-89.6958,20.51,-417.69,75.92,-0.06,4.2,-2.89,-0.62,2.66,-3.22,1.81,-2.46,8.98,-0.0,1.2,-0.45,2.2,-1.03,2.11,-0.6,3.19,-3.88,0.83,-2.5,1.36,1.3,-2.3,-1.12,6.52,-1.09,-1.15,1.18
13.9806,-89.695,17.66,515.11,-42.87,0.15,4.34,-2.46,-0.52,2.52,-2.44,2.33,-2.62,4.87,17.86,1.97,-0.4,3.22,-0.62,0.73,-0.12,3.81,-3.14,0.27,-3.32,1.37,0.74,-2.73,-2.12,5.19,-1.57,-0.26,1.46
13.9806,-89.6943,15.54,-347.31,61.36,0.32,3.81,-2.39,-0.31,2.92,-2.39,2.46,-1.61,-16.21,12.56,1.7,-0.97,1.77,-0.94,1.17,-0.13,3.3,-4.31,1.55,-3.35,1.08,1.17,-2.3,-2.17,4.82,-0.81,-1.18,1.46
13.9807,-89.6936,8.71,776.41,-85.82,0.55,3.61,-2.12,-0.32,2.5,-2.4,2.67,-2.13,-8.7,35.0,1.47,-0.33,1.25,-1.47,0.45,-0.33,3.84,-4.06,1.37,-2.54,1.93,1.31,-1.87,-1.73,3.55,-0.8,-0.89,0.74
13.9807,-89.6928,15.19,332.3,-23.19,0.25,3.5,-1.69,-0.11,2.36,-2.92,2.65,-2.14,10.86,8.13,0.71,-0.88,0.99,-1.22,1.27,-0.43,3.55,-3.37,0.9,-2.89,1.83,1.79,-1.73,-1.88,4.11,-0.55,-0.88,1.26
13.9807,-89.6921,21.28,849.97,-80.11,0.28,3.39,-1.66,0.14,1.94,-2.94,2.84,-2.35,16.09,20.48,2.56,-0.92,1.09,-1.15,1.14,-0.38,3.71,-3.52,1.02,-2.74,1.98,1.53,-2.04,-2.0,4.07,-0.1,-0.34,1.19
13.9807,-89.6913,17.62,631.6,-57.4,0.32,3.21,-1.51,0.21,1.79,-2.54,2.96,-2.33,8.35,18.72,2.8,-0.62,1.2,-1.27,1.01,-0.53,3.58,-3.58,1.3,-2.98,1.88,1.46,-1.86,-2.14,3.24,0.44,-0.59,0.78
13.9807,-89.6906,17.09,184.01,-2.59,0.04,3.16,-1.3,0.06,1.56,-2.57,2.97,-2.8,22.0,-7.9,3.05,-0.74,0.79,-1.16,0.9,-0.31,3.78,-3.62,1.31,-2.49,2.3,1.46,-1.56,-2.2,3.32,0.47,-0.55,0.52
13.9807,-89.6899,15.71,232.97,-10.29,-0.34,2.57,-0.5,0.34,1.29,-2.68,2.72,-2.68,24.57,-0.0,3.24,-1.17,0.94,-0.77,0.41,-0.25,4.43,-3.49,0.85,-2.45,1.86,1.57,-1.05,-1.97,3.23,0.38,-0.46,0.37
13.9807,-89.6891,15.86,-291.14,54.84,-0.42,2.22,-0.53,0.43,1.24,-2.61,2.64,-2.7,4.28,-3.85,3.28,-0.86,0.63,-1.76,0.97,-0.67,3.78,-3.85,1.04,-2.34,1.94,1.11,-1.07,-2.16,3.22,1.14,-0.72,-0.49
13.9807,-89.6884,15.66,-785.28,115.87,-0.41,2.03,-0.28,0.52,1.01,-2.48,3.05,-2.42,-5.77,-0.0,2.94,-0.62,0.94,-1.33,0.69,-0.6,3.68,-3.45,0.82,-2.1,1.71,1.07,-1.87,-2.04,3.36,1.19,-0.82,-0.64
13.9807,-89.6876,16.08,-537.03,85.6,-0.79,1.62,-0.27,1.14,1.19,-2.45,3.03,-2.32,1.55,-0.0,2.96,-1.13,1.89,-1.73,0.96,-0.76,4.01,-3.53,0.47,-2.31,2.2,0.45,-0.99,-1.84,3.13,2.0,-1.53,-0.63
13.9807,-89.6869,13.47,72.81,6.9,-0.71,0.01,-0.17,1.01,0.94,-2.88,2.98,-2.18,-0.0,2.28,3.3,-1.15,1.58,-1.61,0.83,-0.6,3.75,-2.37,0.83,-2.15,1.81,0.52,-0.58,-1.73,3.13,1.96,-1.87,-0.63
13.9807,-89.6862,13.35,-890.2,126.21,-1.1,-0.46,1.08,1.19,0.32,-3.31,3.28,-1.78,-1.93,-17.93,2.92,-1.18,1.45,-1.67,0.58,-0.55,3.83,-2.67,1.2,-2.19,1.72,-0.06,-0.35,-1.43,3.6,2.13,-2.13,-1.02
13.9807,-89.6854,10.46,-566.04,82.59,-1.23,-0.51,1.1,1.91,0.33,-3.19,3.64,-1.87,7.59,-18.57,2.92,-1.36,1.23,-1.36,0.05,-0.72,3.87,-2.69,0.82,-2.24,1.57,-0.21,-0.82,-1.37,3.19,2.35,-2.19,-1.53
13.9808,-89.6847,11.73,-35.71,18.31,-1.7,-0.99,1.21,1.99,0.12,-2.92,3.79,-2.0,-0.0,-0.0,2.67,-1.38,1.23,-1.35,0.63,-0.86,3.92,-2.2,1.08,-2.16,1.57,0.05,-0.23,-1.46,2.91,2.4,-1.91,-1.44
13.9808,-89.6839,7.86,26.72,5.98,-1.77,-1.27,1.62,2.55,-0.09,-3.17,3.86,-1.8,2.68,0.22,2.83,-1.79,1.21,-0.66,0.86,-1.0,3.71,-2.09,0.99,-1.86,1.6,-0.25,0.01,-1.18,2.89,2.26,-1.91,-2.06
13.9808,-89.6832,3.13,-164.31,24.1,-2.16,-1.5,1.45,2.9,0.16,-3.33,3.86,-1.59,-0.0,-11.19,2.51,-1.36,1.62,-1.02,0.43,-0.66,3.24,-1.9,0.85,-2.15,1.66,-0.51,0.53,-1.06,2.87,2.12,-2.06,-2.63
13.9808,-89.6825,0.3,46.95,-5.47,-2.43,-1.5,1.26,3.79,0.01,-3.0,3.54,-1.5,25.73,-25.54,2.18,-1.39,1.64,-0.63,0.05,-0.88,3.06,-1.51,0.63,-2.06,1.68,-0.61,0.86,-1.12,2.89,2.06,-2.09,-3.14
13.9808,-89.6817,-2.57,-206.2,22.56,-2.71,-1.92,0.96,4.0,-0.59,-2.75,3.18,-1.66,-0.0,-14.93,2.16,-1.41,1.33,-0.76,0.01,-0.73,2.8,-0.85,0.68,-1.83,1.55,-0.43,0.84,-1.01,2.91,2.04,-2.05,-3.88
13.9808,-89.681,-5.75,698.49,-93.56,-2.81,-1.64,0.33,4.19,-0.69,-1.85,2.96,-1.59,22.04,-6.21,2.24,-1.14,1.07,-0.65,0.15,-0.56,2.16,-0.47,0.61,-1.78,1.47,-0.56,0.92,-1.03,2.79,2.03,-2.29,-4.06
13.9808,-89.6802,-7.52,471.33,-67.45,-2.81,-1.66,-0.02,4.17,-0.69,-1.61,3.23,-1.42,13.22,-5.33,2.03,-1.01,1.0,-0.4,0.08,-0.56,1.57,-0.25,0.51,-1.82,1.25,-0.68,1.17,-0.85,2.53,1.89,-2.12,-4.2
13.9808,-89.6795,-9.88,458.38,-68.65,-2.89,-1.7,-0.13,4.52,-0.91,-1.27,3.43,-1.66,19.54,-14.13,2.0,-0.85,0.64,-0.15,0.23,-0.55,1.71,-0.06,0.63,-1.61,1.21,-0.71,1.68,-0.81,2.18,1.93,-2.07,-4.52
13.9808,-89.6788,-10.35,-203.02,12.98,-2.87,-1.63,-0.23,4.67,-0.73,-1.23,3.68,-1.82,-0.51,-14.95,1.99,-0.82,0.91,-0.29,0.01,-0.33,1.29,0.18,0.58,-1.14,1.12,-0.66,1.64,-0.95,2.16,1.85,-2.0,-4.61
13.9808,-89.678,-6.38,394.5,-56.59,-2.96,-1.74,-0.63,4.44,-0.58,-1.14,3.37,-2.12,13.74,-7.67,2.14,-0.61,0.74,-0.2,-0.26,0.09,0.82,0.26,0.26,-1.07,1.13,-0.89,1.81,-0.89,2.16,2.06,-1.79,-4.44
13.9808,-89.6773,-5.23,-84.08,4.26,-2.78,-1.93,-0.76,4.48,-0.19,-1.47,3.29,-2.14,2.28,-0.0,1.8,-0.41,0.99,-0.17,-0.4,0.16,0.46,0.68,0.41,-1.19,1.1,-0.9,1.92,-0.86,2.24,2.13,-1.79,-4.44
13.9808,-89.6765,-9.93,592.17,-85.39,-2.79,-2.32,-0.97,4.54,-0.0,-1.39,3.62,-2.39,9.76,-0.09,2.27,-0.31,0.92,-0.26,-0.3,-0.1,0.07,0.78,0.58,-1.21,1.06,-1.28,1.92,-0.74,1.56,1.87,-1.6,-4.69
13.9808,-89.6758,-15.59,530.34,-84.41,-2.59,-2.58,-0.97,4.6,-0.03,-1.25,3.77,-2.29,-6.24,9.07,2.16,-0.23,0.99,-0.06,0.01,0.09,-0.17,0.94,0.55,-1.39,1.21,-1.37,2.12,-0.35,0.45,1.7,-1.56,-4.62
13.9809,-89.6751,-16.58,937.1,-136.2,-1.99,-2.65,-1.03,4.36,0.13,-1.82,3.67,-2.25,-0.0,9.07,2.27,-0.16,1.18,0.06,-0.26,0.16,-0.61,1.1,0.46,-1.19,1.16,-1.56,2.42,-0.03,-0.58,1.7,-1.3,-4.16
13.9809,-89.6743,-20.21,536.59,-90.7,-2.11,-2.94,-0.98,4.54,0.38,-1.89,3.66,-2.54,3.98,-1.79,2.11,-0.48,0.97,0.12,0.15,0.05,-0.62,1.02,-0.28,-1.22,1.24,-1.74,2.73,-0.03,-1.33,1.31,-1.1,-3.85
13.9809,-89.6736,-22.7,590.56,-100.37,-1.92,-3.01,-0.91,4.62,0.46,-1.77,4.75,-2.41,2.6,-1.96,2.23,-0.22,0.68,-0.05,-0.13,0.25,-1.18,1.1,0.51,-0.7,1.48,-1.9,2.77,-0.1,-1.23,0.9,-1.07,-3.9
13.9809,-89.6728,-17.64,573.76,-92.31,-0.94,-3.23,-1.09,4.8,0.77,-1.45,4.74,-2.92,5.85,-1.96,2.16,-0.14,0.39,-0.23,-0.43,0.28,-0.99,0.83,0.3,-0.02,1.25,-1.48,2.78,0.02,-1.85,1.42,-1.06,-2.99
13.9809,-89.6721,-12.64,-498.56,47.11,-1.31,-3.24,-1.13,4.47,0.78,-2.95,4.5,-2.84,0.65,-24.61,2.24,-0.39,0.94,-0.12,0.33,0.27,-0.93,1.29,-0.0,-0.66,1.56,-1.53,2.98,-0.33,-2.15,1.56,-0.33,-2.95
13.9809,-89.6714,-7.14,-1017.11,118.2,-1.25,-4.29,-0.72,4.01,0.79,-2.49,4.4,-2.52,-9.45,-24.61,3.06,-0.81,0.67,-0.42,-0.44,0.68,-1.09,0.73,-0.09,-1.69,1.03,-1.29,3.3,-0.1,-2.59,1.94,0.02,-2.41
13.9809,-89.6706,-7.74,-603.74,66.02,-1.46,-4.44,0.03,4.1,0.56,-2.6,4.79,-2.88,-5.61,-16.22,2.58,-0.95,0.95,-0.19,-0.67,-0.11,-1.02,1.01,-0.18,-1.04,1.67,-1.73,2.89,-0.43,-2.61,1.34,0.66,-2.52
13.9809,-89.6699,-2.03,-83.86,8.04,-0.39,-4.14,-0.31,4.02,0.81,-2.95,4.64,-2.98,6.65,-10.67,2.08,-0.14,1.61,-0.49,-0.37,0.41,-1.27,0.78,0.84,-0.73,1.4,-2.3,3.37,-1.36,-3.35,2.8,0.66,-2.94
13.9809,-89.6691,-5.18,245.36,-36.71,0.24,-5.08,0.16,3.55,0.19,-3.03,4.85,-2.75,6.67,-3.81,2.53,-0.21,1.73,-0.23,-0.48,0.44,-1.18,1.76,0.08,-0.29,1.2,-2.5,3.33,-0.57,-3.86,2.04,1.14,-2.57
13.9809,-89.6684,-2.76,333.68,-44.85,0.26,-5.31,-0.05,3.39,0.0,-3.19,4.85,-3.17,8.71,0.0,2.66,-0.19,1.88,-0.49,-1.28,1.2,-1.34,1.25,0.29,-0.49,1.18,-3.04,3.63,-0.41,-3.73,2.04,1.33,-2.43
13.9809,-89.6677,-11.5,336.85,-55.61,0.78,-5.28,0.08,3.73,0.33,-3.28,4.2,-3.05,15.55,-0.0,2.36,-0.06,1.56,-0.32,-0.72,-0.46,-1.78,1.33,0.11,-0.46,0.91,-3.48,3.89,-0.4,-4.56,1.0,1.68,-2.3
13.9809,-89.6669,-7.97,863.38,-117.08,0.99,-5.04,0.0,3.99,0.28,-3.83,4.77,-2.87,7.97,13.43,2.17,0.02,2.38,-0.61,-0.83,0.66,-0.88,1.46,-1.55,-0.14,0.72,-3.94,4.11,-0.63,-5.09,1.81,1.82,-2.53
13.981,-89.6662,-5.54,508.03,-69.91,0.72,-5.17,-0.01,3.2,0.39,-3.86,3.98,-2.9,-2.98,16.77,2.27,0.29,1.73,-0.21,-0.66,0.27,-1.37,0.27,-0.85,-0.1,1.48,-3.11,4.32,-1.59,-4.72,2.12,1.01,-1.69
13.981,-89.6654,-18.1,-395.64,27.89,0.46,-5.44,0.51,3.91,0.62,-4.01,4.97,-3.33,-19.56,0.48,1.34,0.37,0.54,-1.0,-0.32,0.67,-1.26,1.09,-1.63,-0.23,1.0,-3.63,4.21,-1.28,-4.64,1.44,-0.14,-1.76
13.981,-89.6647,8.6,343.21,-32.62,2.03,-4.62,0.9,3.87,0.45,-4.13,8.09,-2.82,-0.0,-2.43,2.12,0.0,1.92,2.82,2.82,-0.36,0.24,0.71,1.32,2.1,0.96,-4.32,5.14,-1.47,-3.96,4.06,0.96,-2.37
13.981,-89.664,12.27,178.91,-7.78,1.12,-5.35,0.42,2.76,0.43,-4.55,5.06,-1.35,11.83,11.92,1.45,0.77,0.32,0.26,-3.17,-2.68,1.53,1.65,-0.47,-5.21,-0.56,-9.02,4.72,-1.76,-3.62,4.49,0.6,-1.86
13.981,-89.6632,-16.43,1600.63,-219.21,1.93,-3.92,-0.11,2.2,0.74,-1.35,6.68,-1.57,16.32,11.92,1.11,0.28,1.82,-0.05,-1.64,0.12,1.01,0.35,2.62,5.26,-0.53,-2.89,6.45,-1.79,-5.39,2.79,-0.17,-2.48
13.981,-89.6625,17.61,1382.61,-151.69,-0.17,-4.71,-0.91,2.32,0.39,-2.4,3.44,0.15,10.1,34.49,3.13,-0.22,4.76,0.81,0.04,-0.43,-0.46,-0.24,0.05,-0.54,2.4,-2.12,5.85,0.35,-5.39,5.77,1.47,-2.3
13.981,-89.6617,26.97,225.01,3.88,1.29,-3.13,-0.47,3.55,1.27,-4.25,2.04,1.18,7.17,19.17,0.81,0.68,0.13,-5.08,5.83,-3.14,-1.21,1.68,1.27,-2.21,-0.07,-1.56,4.58,1.09,-4.11,6.22,1.47,-2.3
13.981,-89.661,-22.44,993.86,-150.69,2.44,-3.85,-2.2,3.63,1.31,-1.74,2.66,-1.27,-1.33,19.17,3.11,-0.34,-0.53,0.16,-10.87,-1.85,-0.61,0.59,2.49,9.38,4.39,-0.43,2.76,-0.85,-9.21,5.9,-0.63,-4.53
13.981,-89.6603,11.8,845.26,-91.58,1.17,-5.5,-1.24,3.06,1.8,-0.4,5.74,-2.54,-0.0,21.25,3.97,-7.42,2.96,3.4,-0.42,2.26,-2.05,2.42,2.07,-3.87,1.84,-0.06,3.04,0.78,-3.75,5.9,-0.07,-3.25
13.981,-89.6595,18.91,0.36,22.38,2.47,-6.7,-2.22,3.85,2.2,-2.55,1.9,2.57,-0.0,25.41,1.14,-7.11,1.55,-2.09,-5.02,1.84,-3.87,0.77,2.32,-1.74,-1.7,-14.46,5.48,0.31,-4.78,7.12,0.4,-3.43
13.981,-89.6588,18.23,460.83,-35.96,1.26,-4.26,-0.7,3.62,2.05,-2.41,1.81,0.91,-0.6,20.08,-2.68,-1.85,-1.45,2.19,9.94,-4.66,1.22,3.77,-2.45,0.94,2.75,-2.1,6.38,0.0,-4.28,7.95,-1.62,-2.66
13.981,-89.658,25.8,-272.89,64.69,1.24,-3.66,-0.9,2.89,3.29,-3.95,-0.26,-0.86,5.63,10.32,-0.19,0.77,-0.43,-2.31,0.94,-0.18,-1.46,0.75,1.87,-3.12,1.27,-1.63,6.54,-2.4,-6.22,9.55,-0.68,-3.32
13.9811,-89.6573,-3.4,722.83,-94.37,1.68,-3.78,0.7,2.64,3.38,-4.52,1.45,-2.45,4.89,5.19,2.0,2.79,0.92,0.86,10.24,-2.01,-0.31,-0.08,0.23,-0.23,1.13,-2.19,0.69,-1.9,-7.39,6.28,-0.66,-3.32
13.9811,-89.6566,-54.81,1134.22,-206.77,1.3,-4.57,0.77,1.95,3.75,-4.19,2.97,2.13,-17.93,9.26,1.29,-2.68,0.41,1.03,10.88,0.22,0.71,-2.55,-1.39,0.45,-2.41,-3.01,2.67,-1.5,-6.77,-1.0,-0.35,-3.83
13.9811,-89.6558,-5.18,108.65,-19.72,1.74,-5.88,1.0,2.06,4.83,-4.06,0.77,-2.76,-17.88,19.65,3.55,2.12,-2.44,-0.58,1.8,-1.49,-1.22,2.29,-0.19,3.28,-2.51,-3.12,3.71,-1.43,-9.09,7.99,-0.82,-4.51
13.9811,-89.6551,-35.78,1146.42,-185.79,0.85,-4.18,1.95,2.01,4.62,-4.51,2.01,-0.92,-15.95,19.65,2.32,1.43,4.02,0.77,4.55,-2.7,-2.56,1.25,2.44,1.68,-5.9,-1.67,3.75,-1.51,-10.2,4.55,-0.54,-4.83
13.9811,-89.6544,6.6,307.75,-30.66,1.61,-5.48,0.19,0.9,5.62,-4.3,2.02,-0.48,-8.29,16.01,0.18,-0.82,-0.3,4.76,7.02,-4.03,-0.7,1.74,-2.94,4.74,-0.35,-2.84,6.23,-2.04,-8.81,9.15,-0.86,-3.82
13.9811,-89.6536,-12.68,474.4,-74.38,0.11,-6.07,-0.24,1.68,5.02,-3.77,0.57,1.79,-8.46,9.97,0.49,3.49,3.19,2.53,0.56,-6.16,-0.07,1.56,0.27,1.27,-0.05,-2.21,6.27,-3.57,-8.82,8.37,-0.62,-7.28
13.9797,-89.7158,8.26,-1021.38,135.45,-0.19,5.17,1.95,-5.09,-0.88,4.74,-8.54,0.82,-29.62,4.65,-1.38,9.91,-3.54,-1.08,-2.7,2.17,-7.4,7.09,-2.26,-2.72,2.02,-1.02,-3.23,-0.89,6.63,-7.73,4.12,1.78
13.9797,-89.715,28.25,-1269.34,189.58,-1.74,4.49,3.69,-5.54,-1.46,4.78,-9.07,0.46,-18.29,9.53,-1.93,5.69,-5.75,-1.36,-3.33,-6.32,-3.77,5.48,-3.59,5.91,-1.06,3.76,-3.33,-1.7,6.69,-7.85,4.12,6.6
13.9797,-89.7143,39.82,-1187.04,193.14,-0.62,5.89,3.05,-5.36,-0.75,4.77,-9.89,0.27,-16.11,9.74,-0.94,3.37,-2.95,-0.13,-1.37,-1.83,-3.81,6.09,-3.9,2.93,-1.07,4.58,-4.72,-2.42,7.33,-7.85,3.83,9.09
13.9797,-89.7135,22.99,-513.6,90.38,-0.78,5.66,1.45,-5.49,-0.21,5.19,-10.64,1.38,-11.98,1.91,1.38,5.7,-0.83,-1.28,3.02,-0.61,-1.82,4.9,0.23,1.07,-1.4,3.71,-3.06,-2.96,7.37,-8.16,2.38,7.96
13.9797,-89.7128,20.92,-926.56,138.81,-0.36,5.34,2.09,-5.55,0.42,5.5,-12.39,1.81,-14.65,1.91,0.22,3.56,-3.7,-1.02,-2.33,-1.69,-0.58,4.89,2.53,0.49,-1.34,2.04,-3.55,-2.15,7.21,-7.32,1.51,7.61
13.9797,-89.7121,17.01,-244.23,50.17,-1.27,4.42,2.37,-4.01,-0.12,5.6,-12.24,2.12,-2.47,6.06,-0.21,2.16,1.17,-1.18,-0.91,-0.63,-1.97,2.92,-0.22,-0.2,-0.57,3.7,-1.48,-2.65,7.38,-6.91,0.22,7.83
13.9797,-89.7113,21.35,-630.9,102.93,-1.95,4.4,1.74,-4.11,0.54,6.41,-12.32,0.9,-18.22,7.31,0.33,3.87,-0.94,-0.43,-0.55,1.41,-0.45,3.06,-0.66,3.66,-3.23,4.4,-2.79,-1.45,7.47,-6.1,-0.31,8.14
13.9797,-89.7106,21.8,-694.41,111.31,-1.28,4.16,2.07,-4.57,0.3,6.27,-11.68,2.8,-18.22,6.99,-1.34,3.31,0.08,-0.84,1.36,1.09,-1.57,3.72,-2.8,0.96,-0.17,2.18,-2.96,-1.63,7.47,-5.47,-1.36,8.79
13.9797,-89.7098,26.38,291.48,-4.79,-0.95,4.15,1.79,-4.33,0.19,6.16,-12.19,2.81,-11.83,34.99,-0.59,2.21,0.2,-0.9,0.96,-0.4,-1.98,2.53,-0.66,1.9,-0.64,3.3,-1.57,-2.43,8.9,-6.08,-0.88,8.59
13.9798,-89.7091,7.82,328.35,-31.25,-1.53,3.93,1.13,-3.89,1.33,5.66,-12.37,1.49,-11.59,26.63,-0.38,1.52,0.66,-1.75,-2.11,0.87,0.16,1.79,-0.5,3.25,-2.46,5.41,-2.64,-2.04,7.59,-7.08,-1.66,8.59
13.9798,-89.7084,11.91,-29.32,17.68,-0.76,4.05,0.57,-2.94,1.69,6.49,-11.82,2.76,-17.51,18.01,-0.17,-0.41,2.48,-1.49,0.96,-0.65,0.88,1.31,2.03,1.46,-1.0,3.48,-1.56,-3.0,8.05,-6.08,-1.45,6.93
13.9798,-89.7076,18.4,-505.66,84.1,-0.46,4.04,0.04,-1.54,1.2,5.8,-11.64,2.83,-7.8,-0.83,-0.78,2.56,1.42,-1.5,0.75,-0.41,1.01,0.82,0.1,1.72,-1.37,2.81,-1.98,-2.77,8.53,-6.08,-0.96,7.18
13.9798,-89.7069,14.47,-566.63,86.98,0.09,3.97,-0.39,-1.01,0.99,4.66,-10.93,2.72,-17.09,4.68,-0.67,1.01,1.44,-0.75,1.41,-0.27,1.13,-0.39,0.29,2.16,-2.03,3.28,-1.44,-3.04,8.13,-5.69,-1.52,6.9
13.9798,-89.7061,12.43,-884.63,123.82,-0.21,4.25,-0.9,-0.43,1.12,4.06,-9.69,2.5,-21.11,-3.43,-0.23,1.85,1.87,-1.78,1.86,-0.0,1.23,-1.09,0.53,1.03,-0.98,2.71,-2.06,-2.67,7.96,-5.26,-2.26,7.02
13.9798,-89.7054,19.68,-1294.18,182.96,-0.07,4.21,-1.82,-0.1,1.29,3.85,-8.88,2.33,-29.96,-4.73,-0.4,1.58,2.38,-1.13,2.61,-0.1,1.78,-1.64,0.79,0.87,-0.93,2.32,-0.63,-2.88,7.69,-4.4,-1.9,6.93
13.9798,-89.7047,18.46,-23.39,24.7,-0.5,4.41,-2.35,-0.26,0.88,3.7,-8.31,2.14,-0.0,-0.46,-0.12,0.81,2.6,-1.45,2.94,-0.58,1.67,-1.5,0.86,0.77,-0.29,1.6,-0.73,-2.55,7.52,-3.97,-1.93,6.1
13.9798,-89.7039,15.5,-147.29,36.49,-0.62,4.34,-2.72,0.16,0.99,2.55,-7.79,1.8,-13.08,12.26,-0.12,0.58,2.77,-1.32,3.38,-1.05,2.17,-1.83,1.35,0.02,0.43,1.84,-0.39,-2.23,7.64,-3.71,-2.4,5.51
13.9798,-89.7032,17.82,1.88,20.82,-0.79,4.98,-2.76,-0.16,1.35,2.44,-6.71,1.83,3.48,3.89,-0.82,0.27,3.19,-1.68,3.31,-1.12,2.61,-3.43,0.91,-1.17,0.41,2.47,0.43,-2.02,7.75,-3.1,-2.88,5.51
13.9798,-89.7024,14.8,261.62,-14.83,-0.92,5.24,-2.77,0.81,1.53,0.81,-5.62,1.4,-8.79,20.23,0.17,-0.37,4.07,-2.19,2.77,-0.75,2.4,-3.46,1.63,-0.96,1.12,2.62,0.25,-1.78,6.73,-2.74,-2.91,5.19
13.9798,-89.7017,6.32,-289.84,43.27,-0.6,5.69,-2.98,0.38,1.51,-0.04,-4.24,1.32,-18.57,8.5,0.57,-0.48,4.09,-2.2,2.19,-1.01,2.25,-3.08,1.66,-1.56,0.77,3.36,-0.75,-1.7,6.31,-3.52,-2.49,4.33
13.9798,-89.701,-0.97,-295.14,35.32,0.08,5.24,-3.06,0.23,1.79,-0.56,-2.91,0.54,-29.56,16.08,0.48,-0.77,4.37,-1.96,1.07,-0.95,2.7,-3.25,1.52,-2.29,0.94,3.09,-1.89,-1.88,6.61,-3.78,-2.49,2.83
13.9799,-89.7002,6.58,-248.63,38.5,-0.5,5.03,-3.33,-0.93,2.13,-0.9,-2.27,-0.12,-15.49,9.93,0.64,-0.22,2.85,-1.48,1.96,-1.12,2.72,-3.19,1.2,-2.54,0.53,3.23,-2.26,-1.29,6.5,-3.06,-1.85,2.65
13.9799,-89.6995,1.93,-251.55,33.37,-0.71,4.97,-3.27,-0.11,1.59,-1.23,-1.67,-0.75,2.84,-0.0,0.82,-0.16,2.48,-1.83,1.25,-0.46,2.81,-4.16,1.71,-1.91,0.7,3.21,-2.2,-1.5,6.91,-3.3,-2.04,2.0
13.9799,-89.6987,3.12,1127.76,-135.73,-0.61,5.71,-3.57,-0.6,2.04,-1.62,-1.29,-1.34,-0.0,35.5,-0.37,-0.76,0.58,-2.44,0.05,-1.47,3.14,-3.14,1.37,-1.63,0.51,2.3,-1.73,-1.11,7.38,-2.33,-2.84,1.39
13.9799,-89.698,6.52,972.95,-112.6,-0.67,4.63,-2.64,-0.09,2.78,-2.08,0.48,-1.84,-0.0,24.89,-0.54,-0.49,3.52,0.71,1.07,-1.55,2.93,-2.84,1.61,-2.82,0.42,1.68,-2.26,-0.91,5.56,-2.57,-1.02,1.63
13.9799,-89.6973,7.42,928.72,-106.09,0.21,4.2,-2.68,0.08,2.75,-2.98,1.23,-1.34,-0.0,24.46,0.91,-1.8,1.19,0.5,1.12,0.73,2.97,-3.5,1.17,-2.93,0.95,2.2,-1.94,-0.84,5.56,-1.75,-1.28,0.64
13.9799,-89.6965,15.87,534.14,-47.32,0.35,4.56,-2.9,-0.19,2.72,-3.84,1.31,-1.64,-0.0,17.31,0.68,-0.35,1.84,-0.59,1.34,0.08,3.99,-3.46,0.65,-1.44,1.44,0.58,-1.23,-0.97,6.49,-1.94,-0.54,0.64
13.9799,-89.6958,13.58,349.57,-27.2,0.48,4.73,-2.65,-0.45,2.89,-3.46,1.53,-1.86,0.26,20.01,-1.19,-0.57,2.74,-1.83,0.79,0.11,3.16,-3.17,0.72,-2.92,1.36,0.82,-1.65,-0.93,6.02,-1.71,-0.54,0.2
13.9799,-89.695,6.98,-514.68,71.93,0.57,3.66,-1.95,-0.35,2.6,-2.94,1.89,-2.47,-3.06,-0.0,1.87,0.23,2.76,-0.91,1.36,-0.5,2.73,-4.07,-0.21,-3.15,1.31,1.87,-1.9,-1.26,5.04,-1.96,-0.93,0.79
13.9799,-89.6943,14.68,-944.68,134.27,0.62,4.01,-2.47,-0.12,2.85,-2.94,1.92,-2.55,-11.57,-0.0,1.63,-0.23,2.21,-1.39,1.76,-0.44,2.7,-3.82,0.74,-2.1,1.14,2.09,-1.77,-2.12,4.91,-0.94,-0.51,0.3
13.9799,-89.6936,10.21,657.27,-69.29,0.51,3.71,-1.92,-0.02,2.45,-2.66,2.05,-2.3,-6.07,29.59,1.69,-1.55,1.85,-1.68,1.66,-0.09,4.52,-3.29,0.88,-2.61,1.02,2.06,-2.49,-1.9,4.5,-1.13,-0.82,0.54
13.9799,-89.6928,14.41,394.02,-31.75,0.54,3.61,-1.5,0.27,2.23,-3.15,2.36,-2.3,-1.5,19.55,2.25,-0.93,1.82,-1.39,1.18,-0.22,3.7,-3.48,0.73,-2.53,1.7,2.37,-2.96,-1.27,4.22,-1.13,-0.54,1.47
13.9799,-89.6921,17.01,561.17,-49.39,0.36,3.52,-1.8,0.46,2.21,-2.76,2.88,-2.24,-0.0,17.98,2.34,-1.16,1.45,-0.92,1.26,-0.55,3.66,-3.13,1.57,-2.85,1.97,1.75,-2.7,-1.05,3.94,-0.59,-0.07,0.79
13.98,-89.6913,23.56,630.48,-50.24,0.34,3.34,-1.63,0.55,2.07,-2.73,2.92,-2.4,-0.0,24.11,3.08,-1.26,1.3,-1.2,1.19,-0.46,3.37,-3.2,1.5,-2.41,1.72,1.84,-2.14,-1.42,4.05,0.07,0.0,1.02
13.98,-89.6906,18.41,256.23,-9.98,0.13,3.14,-1.42,0.39,1.68,-2.67,2.79,-2.56,11.03,7.09,2.79,-1.27,0.41,-0.89,0.97,-0.49,3.72,-3.74,1.0,-2.11,1.75,1.68,-2.07,-0.93,3.64,-0.03,0.05,0.4
13.98,-89.6899,13.88,195.61,-7.82,0.1,3.04,-1.04,0.62,1.65,-2.67,2.58,-2.6,11.33,1.62,3.08,-1.48,0.32,-0.66,1.23,-0.24,3.7,-3.78,1.6,-2.65,1.59,1.53,-2.16,-0.91,3.75,0.08,-0.31,-0.38
13.98,-89.6891,14.77,-1136.64,158.34,-0.27,2.68,-0.43,0.71,1.61,-2.61,2.4,-2.49,-23.07,-3.94,2.96,-0.97,0.52,-1.01,0.71,-0.11,3.7,-3.48,0.49,-2.36,1.78,1.61,-1.96,-1.13,3.19,0.94,-0.73,-0.4
13.98,-89.6884,10.98,-1102.05,149.6,-0.49,1.64,-0.6,1.56,0.92,-2.68,2.3,-2.31,-11.71,-14.56,2.8,-1.2,1.4,-1.65,0.42,-0.58,3.25,-3.36,0.85,-1.49,1.17,0.99,-2.15,-0.85,3.19,0.96,-0.94,-1.02
13.98,-89.6876,12.77,-376.36,61.76,-1.19,0.72,-0.1,0.98,1.38,-2.72,2.9,-2.46,-0.29,-4.32,3.71,-1.29,1.28,-1.5,0.6,-0.21,2.93,-3.2,0.93,-1.56,1.61,0.66,-2.27,-0.73,3.12,1.64,-1.25,-1.26
13.98,-89.6869,12.54,-997.34,138.52,-1.19,0.71,-0.11,1.31,1.18,-3.47,3.1,-1.71,-18.04,-6.21,3.12,-1.4,1.98,-1.91,0.68,-0.37,3.58,-3.07,0.82,-1.99,1.88,0.65,-1.35,-0.79,3.09,1.72,-1.33,-1.26
13.98,-89.6862,16.6,-967.6,139.65,-1.28,-0.14,0.71,1.49,0.65,-3.26,3.16,-1.48,-9.37,-10.23,2.85,-1.3,1.38,-1.56,0.39,-0.23,3.43,-2.63,0.5,-2.32,1.5,0.31,-0.85,-1.01,3.44,1.96,-1.3,-1.13
13.98,-89.6854,10.56,-892.55,123.22,-1.46,-0.35,0.85,1.66,0.71,-3.33,3.38,-1.74,-1.92,-19.97,3.28,-1.25,1.7,-1.55,0.41,-0.61,3.69,-2.26,0.71,-2.59,1.53,0.65,-0.83,-0.93,3.73,2.0,-1.92,-1.9
13.98,-89.6847,5.15,-281.45,41.01,-1.52,-0.55,0.94,2.05,0.6,-3.17,3.47,-2.01,15.66,-23.06,2.81,-1.22,1.55,-0.64,1.05,-0.73,3.64,-1.87,0.47,-2.36,1.72,-0.03,-1.11,-0.75,3.24,2.13,-2.2,-2.39
13.98,-89.6839,4.28,257.78,-26.93,-1.6,-0.81,1.23,3.0,0.47,-3.27,3.53,-1.83,16.83,-8.07,2.94,-1.65,1.3,-0.96,0.35,-0.73,3.57,-2.01,0.75,-2.2,1.73,-0.21,-0.06,-1.01,3.14,2.13,-2.1,-2.58
13.98,-89.6832,3.17,927.04,-111.32,-2.16,-1.33,1.31,3.4,0.19,-3.04,3.66,-1.73,21.86,6.48,2.24,-1.59,1.28,-1.03,0.5,-0.57,3.04,-1.73,0.85,-2.03,1.69,-0.35,0.13,-0.78,3.2,2.11,-1.96,-3.06
13.9801,-89.6825,-1.59,587.26,-74.79,-2.75,-1.65,1.3,3.89,0.12,-2.86,3.68,-1.89,15.55,-0.92,2.31,-1.23,1.43,-0.97,0.32,-0.33,3.2,-1.29,0.47,-2.36,1.62,-0.67,0.23,-0.87,2.98,1.99,-2.05,-3.61
13.9801,-89.6817,-3.52,928.27,-119.44,-2.74,-1.54,0.68,3.96,0.28,-2.64,3.06,-1.88,17.88,6.92,2.43,-1.61,1.47,-0.87,-0.06,-0.68,2.81,-0.99,0.37,-2.1,1.56,-0.5,0.43,-0.77,3.1,2.05,-2.16,-4.13
13.9801,-89.681,-4.86,880.19,-115.07,-2.91,-1.64,0.31,4.04,-0.2,-2.04,2.89,-1.93,18.82,2.97,2.51,-1.15,1.26,-0.65,-0.07,-0.49,2.4,-0.55,0.51,-1.97,1.56,-0.33,0.98,-0.86,2.8,2.06,-1.99,-4.37
13.9801,-89.6802,-12.88,92.59,-26.75,-2.75,-1.57,0.1,4.47,-0.33,-1.57,2.82,-1.99,11.17,-17.97,2.46,-1.26,1.52,-0.85,0.09,-0.49,2.13,-0.3,0.3,-1.59,1.35,-0.58,1.13,-0.92,2.46,1.72,-2.05,-5.16
13.9801,-89.6795,-11.44,-427.42,39.57,-2.8,-1.51,-0.02,4.55,-0.22,-1.36,3.18,-2.0,-4.14,-18.35,2.26,-1.11,1.33,-0.37,0.19,-0.5,1.81,-0.11,0.61,-1.83,1.2,-0.54,1.3,-0.89,2.46,1.88,-2.06,-5.08
13.9801,-89.6788,-13.04,-63.38,-7.55,-2.89,-1.66,-0.14,4.84,-0.05,-1.28,3.47,-1.99,7.28,-19.14,2.21,-0.89,1.14,-0.38,-0.1,-0.63,1.48,0.18,-0.09,-1.61,1.05,-0.55,1.65,-0.99,2.45,1.6,-2.11,-4.89
13.9801,-89.678,-15.56,268.84,-51.84,-2.77,-1.8,-0.45,4.74,-0.28,-1.51,3.59,-2.25,14.17,-17.78,2.09,-0.95,1.29,-0.33,-0.11,-0.0,0.96,0.6,0.33,-1.25,1.11,-0.76,1.8,-0.98,1.91,1.27,-1.8,-4.89
13.9801,-89.6773,-12.58,628.37,-93.02,-2.78,-1.86,-0.64,4.63,-0.14,-1.47,3.1,-2.37,18.51,-9.19,2.38,-0.63,1.41,-0.5,-0.07,-0.06,0.57,0.81,0.17,-1.16,1.04,-0.92,1.81,-0.82,2.05,1.52,-1.62,-5.11
13.9801,-89.6765,-10.38,-104.11,0.65,-2.94,-1.83,-0.86,4.65,0.29,-1.53,3.66,-2.32,4.23,-16.42,2.32,-0.34,1.42,-0.44,0.11,0.14,0.05,0.98,0.22,-1.33,0.92,-0.78,1.86,-0.54,1.01,1.52,-0.92,-4.63
13.9801,-89.6758,-13.56,794.35,-114.84,-2.5,-2.44,-0.88,4.77,0.22,-1.65,4.04,-2.53,13.11,0.32,2.23,-0.51,1.22,-0.11,-0.17,-0.18,-0.08,0.65,0.35,-0.86,0.99,-1.4,2.07,-0.09,0.08,1.72,-1.03,-4.59
13.9801,-89.6751,-17.49,616.27,-97.37,-2.09,-2.37,-1.32,4.65,0.71,-2.08,4.4,-2.92,-0.0,0.32,2.25,-0.44,0.86,-0.09,-0.25,0.16,-0.6,0.8,0.19,-0.81,0.79,-1.05,1.98,-0.1,-0.4,1.53,-0.97,-4.8
13.9801,-89.6743,-22.11,650.23,-107.07,-2.14,-2.89,-0.97,4.35,0.68,-2.16,4.65,-3.09,-3.61,8.95,2.36,-0.66,1.03,-0.32,-0.55,-0.09,-0.81,1.11,0.86,-2.03,1.05,-1.64,2.19,-0.17,-1.2,1.12,-0.76,-4.64
13.9802,-89.6736,-20.36,921.32,-138.76,-1.82,-3.0,-0.92,5.0,0.53,-2.01,5.32,-3.04,3.17,8.59,2.25,-0.3,1.31,0.25,0.14,-0.09,-0.92,1.12,-0.06,-1.21,1.06,-1.71,3.13,-0.23,-1.38,0.8,-0.55,-3.81
13.9802,-89.6728,-11.7,561.44,-83.74,-1.6,-3.0,-1.35,5.11,0.84,-2.72,5.21,-3.61,0.04,8.59,2.23,-0.9,1.6,-0.04,0.25,0.17,-1.97,0.82,-0.26,-0.22,1.32,-1.78,2.81,-0.25,-1.38,1.66,-0.7,-3.02
13.9802,-89.6721,-12.22,597.11,-88.8,-1.1,-3.29,-0.46,4.88,0.87,-3.22,4.8,-3.12,1.4,6.48,2.31,-0.76,1.14,0.84,0.11,0.53,-1.27,1.0,0.66,-1.6,1.31,-1.24,3.12,-1.11,-1.58,1.05,0.03,-3.05
13.9802,-89.6714,-15.17,-163.49,2.39,-1.07,-3.65,-0.93,4.42,1.11,-3.1,5.52,-2.7,6.56,-22.11,2.61,-0.59,1.21,0.42,-0.94,0.29,-1.3,0.48,1.04,-1.2,1.21,-0.85,3.71,-0.85,-2.2,1.52,-0.5,-3.09
13.9802,-89.6706,-10.29,-579.82,60.02,-1.33,-4.13,-0.13,4.33,0.91,-2.91,5.23,-2.69,-1.24,-23.95,2.22,-0.23,1.55,-0.25,-0.65,0.47,-0.44,1.36,0.17,-1.55,1.69,-1.97,3.63,-1.14,-2.49,1.81,0.0,-2.99
13.9802,-89.6699,-8.13,-778.08,87.29,-0.51,-4.78,-0.23,3.57,1.49,-3.42,5.59,-3.13,-1.77,-25.63,2.17,-0.44,1.6,0.0,-0.75,0.12,-1.15,1.21,0.74,-2.29,1.75,-2.22,3.62,-1.83,-3.24,1.81,0.81,-2.98
13.9802,-89.6691,-4.37,-647.49,75.49,0.61,-3.99,0.08,3.84,1.25,-3.72,5.06,-2.45,3.58,-25.63,2.06,-0.32,1.83,-0.0,-0.84,1.19,-1.57,1.32,0.44,-1.11,0.38,-2.34,2.88,-1.19,-3.9,2.38,1.07,-2.77
13.9802,-89.6684,-6.31,-62.99,0.37,0.27,-4.66,-0.57,4.3,1.05,-4.68,4.65,-3.4,3.58,-0.0,2.77,-0.55,1.25,0.38,-0.75,0.64,-0.7,1.61,1.29,-0.38,0.56,-1.86,3.42,-0.59,-3.65,1.78,1.55,-3.21
13.9802,-89.6677,4.35,-510.86,68.83,0.09,-4.94,0.16,2.8,0.69,-3.37,3.87,-3.25,2.9,-0.0,2.59,-1.39,2.03,-1.33,-1.4,0.08,-1.35,2.07,0.25,-1.15,0.95,-3.0,3.17,-1.46,-4.49,3.28,1.53,-2.35
13.9802,-89.6669,5.31,-320.33,46.22,0.33,-4.86,0.36,3.91,0.54,-3.77,4.82,-3.3,2.9,-2.7,3.03,-0.59,-0.13,-0.86,-1.54,0.29,-1.6,1.26,-1.3,-0.94,0.15,-2.1,4.13,-1.55,-4.74,3.75,1.6,-2.83
13.9802,-89.6662,10.29,-625.48,90.18,0.58,-4.88,-0.23,4.6,0.97,-4.74,7.26,-1.83,8.27,-10.52,2.99,-1.2,0.36,-1.11,-4.16,0.14,-2.46,-1.38,-0.64,-2.33,0.99,-2.39,4.77,-1.41,-4.74,3.86,1.47,-1.77
13.9802,-89.6654,44.4,-394.26,101.78,1.05,-4.51,-0.45,3.5,0.48,-3.82,4.26,-1.43,-0.0,9.44,2.43,0.02,3.82,-0.48,-1.86,2.15,-1.24,0.54,0.53,-2.38,1.42,-2.66,3.91,-2.17,-4.48,8.23,1.5,-1.77
13.9802,-89.6647,12.56,204.85,-10.67,1.93,-4.21,0.58,2.51,2.68,-3.73,3.99,-2.67,12.45,9.44,1.35,-0.16,1.96,-2.35,-2.49,-1.71,-0.43,-1.08,-1.19,2.51,0.99,-3.76,3.95,-2.07,-3.54,4.83,0.82,-3.03
13.9803,-89.664,-8.11,939.35,-126.8,1.99,-5.09,-0.73,4.3,1.04,-4.55,5.7,-2.69,14.98,9.92,0.61,-1.3,3.42,-0.58,0.35,-1.82,-2.32,0.58,-0.58,2.81,2.53,-4.19,6.44,-3.27,-5.53,0.93,3.07,-2.25
13.9803,-89.6632,25.54,-625.39,108.3,0.29,-4.43,-1.69,4.39,1.68,-2.32,5.24,-0.58,21.06,-0.0,-0.69,-0.74,3.63,-3.85,-11.53,4.7,-5.41,1.06,-0.45,1.03,0.82,-3.11,5.72,-0.28,-4.95,6.91,1.98,-3.63
13.9803,-89.6625,7.02,268.68,-25.22,2.73,-3.98,-0.23,3.95,-0.27,-3.27,3.53,-2.64,1.77,4.25,-0.61,0.55,5.31,0.74,3.56,0.81,-0.09,-0.45,-0.11,1.0,-1.57,-0.25,4.31,0.97,-5.26,4.59,1.98,-3.63
13.9803,-89.6617,42.89,-34.51,55.14,2.2,-5.03,-1.37,3.56,0.98,-3.04,5.01,-1.91,6.38,26.12,-1.4,2.88,3.29,0.91,-3.1,-4.65,-1.45,-3.02,1.39,0.54,-0.79,-3.32,7.91,3.0,-5.3,8.17,1.89,-1.3
13.9803,-89.661,19.16,1297.01,-139.23,2.69,-3.83,-0.74,3.07,1.29,-1.17,3.39,-3.33,6.38,26.12,5.35,-3.98,6.79,-0.26,8.57,0.73,-3.07,1.9,2.88,-1.79,4.83,-0.94,3.64,2.89,-8.68,8.17,1.31,-2.33
13.9803,-89.6603,24.09,1073.13,-105.46,1.32,-4.55,-0.93,3.38,4.48,-0.23,5.18,-0.92,16.52,17.83,3.52,-4.32,4.95,2.53,5.43,-4.41,-0.6,0.46,2.62,-1.26,0.52,-2.65,5.61,-0.24,-3.59,5.25,2.49,-3.42
13.9803,-89.6595,21.17,-107.12,38.48,1.74,-5.8,1.7,3.35,3.66,-2.46,3.04,-1.69,-0.0,19.96,2.46,-7.32,0.79,-0.67,-2.53,1.92,-3.65,-0.96,-0.43,-7.7,3.95,-5.55,5.0,0.99,-3.07,5.81,0.99,-3.31
13.9803,-89.6588,30.76,950.26,-82.25,2.48,-4.52,-0.82,4.21,4.02,-2.8,2.25,-0.99,14.81,33.41,4.54,-0.63,1.78,2.44,-2.39,-1.96,-3.31,0.53,3.2,-3.01,1.32,-7.17,3.53,0.74,-7.36,10.95,-0.64,-3.06
13.9803,-89.658,-13.05,575.03,-87.32,1.11,-3.66,-0.48,3.35,3.48,-3.46,0.55,-2.17,-0.06,8.61,3.34,3.01,2.85,-0.85,-2.75,1.15,-3.37,1.05,-1.73,1.58,0.75,-0.9,5.17,-1.74,-7.36,4.39,0.22,-3.52
13.9803,-89.6573,-3.57,163.77,-24.7,1.29,-4.28,-1.08,2.96,4.19,-4.91,-0.67,-0.2,11.84,-2.7,-0.49,0.14,-1.63,1.74,6.07,-2.74,-4.88,-0.08,-0.58,2.05,3.2,-1.91,0.65,-1.43,-7.03,4.35,0.72,-2.46
13.9803,-89.6566,14.31,-596.59,91.54,2.67,-5.16,-0.23,2.3,4.26,-5.02,0.09,-0.89,-0.17,-1.8,2.91,-2.2,2.49,-1.13,2.92,-3.65,-0.96,0.33,2.2,1.04,-0.07,-7.3,3.05,-1.9,-7.63,9.3,-0.4,-4.46
13.9803,-89.6558,-0.39,400.1,-50.48,1.56,-5.57,-0.16,1.44,4.63,-3.45,0.94,-0.03,-0.69,24.0,3.05,-0.59,-0.67,-0.55,1.52,-0.91,-2.13,-1.86,-5.3,1.24,-4.24,-2.97,3.32,-0.93,-9.94,8.41,-0.32,-3.93
13.9804,-89.6551,-22.84,1144.67,-170.23,0.79,-5.73,-0.54,1.44,5.12,-4.78,-0.01,-0.02,0.43,8.31,1.66,0.5,1.45,2.07,6.7,-2.41,-0.28,1.16,0.92,8.51,-2.38,-0.3,3.51,-1.63,-9.42,5.27,-0.29,-4.23
13.9804,-89.6543,-31.99,1369.8,-209.26,0.9,-5.8,0.14,0.36,5.15,-4.85,0.53,-3.33,4.35,6.67,-0.18,4.36,1.24,1.46,4.8,-3.13,0.9,3.28,2.3,6.54,-2.99,0.31,4.99,-1.63,-9.08,5.27,-0.92,-5.65
13.9804,-89.6536,6.26,-494.78,69.32,1.55,-5.48,0.23,0.5,6.33,-5.16,0.84,0.97,-20.13,6.67,0.33,0.71,3.51,0.52,2.87,-2.07,-1.65,3.37,0.41,1.51,-4.02,-2.08,6.15,-2.49,-7.85,8.54,-0.03,-5.04
13.979,-89.7157,19.63,-1461.47,203.01,2.33,5.48,2.52,-4.63,-0.61,5.59,-9.36,0.22,-39.11,7.7,-1.76,3.19,-2.17,-1.74,-0.87,-1.48,-4.51,5.78,-3.61,8.09,-0.2,2.51,-2.37,-1.67,6.78,-8.59,3.98,6.05
13.979,-89.715,32.27,-1544.88,228.24,-0.91,4.72,2.6,-5.92,-0.54,5.03,-9.89,0.76,-27.01,7.7,-1.29,4.07,-3.97,-8.3,3.76,1.98,-3.68,6.3,-3.24,-0.53,0.48,0.24,-3.75,-1.09,6.88,-8.72,4.28,8.56
13.979,-89.7143,20.73,-988.64,146.18,0.29,4.48,4.0,-5.5,0.46,5.67,-9.51,1.6,-28.17,7.7,-2.17,8.15,-2.25,1.23,-1.02,-1.29,-5.01,1.01,-1.46,6.29,-0.91,2.28,-3.44,-0.87,7.23,-8.89,3.36,7.16
13.979,-89.7135,28.19,-866.48,139.97,-1.18,5.51,3.2,-4.76,0.44,5.51,-9.95,1.66,-21.56,9.54,0.06,2.29,-0.4,-1.57,-0.29,-0.34,-2.18,5.65,-1.4,3.05,-0.7,2.39,-5.34,-2.5,6.95,-8.13,2.17,9.81
13.979,-89.7128,18.18,-1150.03,163.1,0.13,4.9,2.53,-4.53,0.5,6.34,-10.74,1.5,-22.66,-0.38,0.46,3.69,-1.3,-0.09,-0.51,-1.1,-2.93,4.2,-4.09,0.62,-1.04,2.39,-3.36,-1.85,6.95,-8.07,1.61,8.3
13.979,-89.712,22.38,-299.42,63.3,-0.89,5.35,2.47,-4.55,0.6,6.43,-12.72,1.54,-0.0,-0.38,-0.09,3.09,-2.4,0.94,-0.51,-2.66,-1.31,5.43,-1.91,0.49,-1.29,4.71,-1.73,-1.2,7.25,-6.35,0.79,7.28
13.979,-89.7113,16.31,-1679.95,226.24,-0.6,4.5,1.88,-3.89,-0.01,6.35,-12.36,1.15,-36.69,-0.36,0.09,3.97,-2.5,-1.63,-2.48,-0.84,-1.39,4.38,-1.54,0.14,-2.08,4.56,-3.04,-1.95,7.71,-6.06,-1.15,7.92
13.979,-89.7106,15.24,-1348.87,184.22,-1.19,4.57,2.2,-3.7,0.72,6.58,-12.24,2.2,-22.94,-0.0,-2.9,1.63,0.07,-0.27,0.67,-0.88,-1.72,3.46,-0.78,2.29,-1.24,4.57,-0.81,-1.28,8.08,-6.1,-1.53,7.92
13.979,-89.7098,12.61,-326.84,55.18,-1.13,4.79,1.76,-3.83,0.71,6.56,-11.94,2.61,-12.85,11.62,0.42,1.15,0.31,-1.34,0.34,-0.74,-2.65,2.94,-1.43,0.51,-2.31,3.54,-1.25,-1.52,7.01,-6.42,-1.42,8.83
13.979,-89.7091,10.94,141.27,-4.5,-0.42,4.64,1.62,-2.77,1.23,6.29,-12.37,2.68,-7.57,14.8,-1.1,1.18,1.04,-1.04,-0.19,0.53,0.42,2.3,-0.98,2.41,-0.6,2.94,-1.3,-1.95,7.15,-6.41,-1.58,8.48
13.979,-89.7083,8.77,746.4,-81.68,0.1,4.34,0.87,-2.24,1.12,6.15,-12.5,2.43,-0.01,24.75,-0.63,1.9,2.19,-1.35,1.12,-0.28,0.07,0.83,-0.36,2.2,-2.59,3.0,-1.4,-2.23,8.43,-6.52,-2.2,7.71
13.9791,-89.7076,9.49,-158.91,30.8,-0.01,5.07,0.17,-1.39,0.65,6.0,-11.4,2.85,-8.54,5.88,-0.95,2.37,0.91,-1.72,0.93,0.03,0.85,0.58,0.28,1.45,-1.5,2.62,-2.74,-2.74,7.79,-6.54,-1.42,7.37
13.9791,-89.7069,12.09,-837.42,117.58,0.18,4.92,-0.88,-1.11,1.17,5.5,-10.83,3.01,-17.01,-4.97,-0.43,0.62,2.58,-1.58,0.97,-0.41,0.61,-0.18,0.14,1.88,-1.11,2.03,-1.02,-2.78,8.21,-6.13,-2.1,7.92
13.9791,-89.7061,10.52,-1235.41,164.84,0.03,4.76,-1.41,-0.53,1.16,5.02,-10.36,2.74,-32.37,-4.34,-0.54,0.61,2.48,-1.63,2.1,0.15,1.58,-0.89,0.25,1.07,-1.02,2.75,-1.49,-2.68,8.25,-5.64,-2.62,7.48
13.9791,-89.7054,16.41,-1006.07,143.54,-0.14,4.89,-2.01,-0.17,1.04,4.07,-9.7,2.25,-32.71,4.81,-0.16,1.61,2.18,-1.06,2.92,-0.15,1.95,-1.5,0.54,1.03,-1.0,2.62,-0.44,-2.49,7.97,-4.71,-2.44,7.26
13.9791,-89.7046,16.94,-724.72,109.46,-0.43,4.88,-2.4,-0.38,1.2,3.87,-9.29,2.0,-23.33,5.12,-0.11,0.87,2.79,-1.22,2.98,-0.04,1.77,-1.59,1.25,0.59,-0.65,2.47,-1.02,-2.32,7.8,-4.3,-2.35,6.71
13.9791,-89.7039,16.94,-461.86,77.03,-0.47,4.86,-2.54,0.04,1.27,3.46,-6.98,1.93,-11.31,0.02,0.08,0.74,3.36,-1.6,3.2,-0.55,1.9,-2.22,1.68,0.24,-0.08,1.65,-0.71,-1.87,7.8,-3.79,-2.62,6.22
13.9791,-89.7032,13.95,-970.45,136.31,-0.58,4.91,-2.9,0.45,1.55,2.2,-6.3,1.94,-33.13,4.28,0.07,0.48,3.93,-1.61,2.71,-0.8,2.28,-2.83,1.71,-0.1,0.15,2.32,-0.24,-1.77,7.5,-3.94,-2.59,5.95
13.9791,-89.7024,18.84,-347.75,65.2,-0.86,5.27,-3.12,0.64,1.57,1.33,-5.91,1.49,-0.0,-0.0,-0.13,-0.28,3.96,-2.11,2.82,-0.82,2.37,-3.47,1.95,-1.16,0.53,2.25,-0.82,-1.71,7.41,-3.4,-1.94,5.11
13.9791,-89.7017,8.82,-436.73,64.36,-0.47,5.35,-3.41,0.3,2.29,0.4,-4.82,1.0,-30.16,17.41,0.23,-0.28,3.31,-1.08,1.6,-0.81,2.46,-3.74,1.64,-1.39,0.99,3.79,-0.17,-1.55,6.74,-3.1,-2.68,4.05
13.9791,-89.7009,9.74,-326.38,51.84,0.32,5.39,-2.91,-0.42,2.44,0.36,-3.97,0.1,-23.65,15.7,0.59,-0.48,3.53,-1.77,2.32,-1.52,2.81,-3.83,0.74,0.09,0.97,3.23,-1.68,-1.85,6.91,-3.25,-2.09,3.42
13.9791,-89.7002,3.11,-997.45,126.94,-0.41,5.48,-2.86,-0.46,2.15,-0.14,-2.75,0.1,-31.39,5.62,0.72,-0.66,1.78,-1.97,0.89,-1.24,1.6,-4.13,-0.63,-1.75,1.03,2.58,-1.94,-1.12,6.38,-2.95,-2.26,2.32
13.9791,-89.6995,1.34,906.56,-110.47,-0.14,5.77,-3.22,-0.23,2.27,-0.53,-2.31,0.01,-0.0,20.09,-0.14,0.08,3.93,-2.0,1.89,-1.19,2.42,-4.16,1.37,-0.68,0.38,1.94,-2.12,-0.5,7.07,-3.31,-2.33,2.08
13.9791,-89.6987,12.67,304.68,-22.69,-0.37,4.79,-2.75,0.12,2.7,-1.11,-1.27,-0.84,-4.69,22.34,-0.27,-1.37,3.19,-1.57,0.33,-1.04,2.72,-4.37,1.81,-2.16,1.76,2.26,-1.86,-0.28,7.8,-2.57,-1.36,1.29
13.9792,-89.698,12.47,1190.91,-132.51,-0.85,5.77,-3.31,0.44,2.43,-1.19,0.19,-1.36,13.73,29.92,0.25,-0.16,1.69,-3.09,2.36,0.33,2.77,-4.1,0.89,-2.17,1.37,1.03,-2.55,-1.65,6.62,-2.2,-1.36,1.89
13.9792,-89.6972,5.64,1325.66,-157.27,-0.41,4.51,-2.58,0.25,2.75,-2.5,0.92,-1.58,11.15,35.61,0.53,-1.5,1.25,-3.0,1.17,0.24,1.98,-3.46,1.36,-2.63,0.82,1.51,-2.17,-0.6,6.62,-2.25,-1.36,0.21
13.9792,-89.6965,9.06,306.83,-27.25,-0.09,4.85,-2.46,-0.18,3.02,-3.17,1.0,-1.88,-9.58,24.34,0.62,-1.01,2.09,-2.17,1.86,-0.58,2.55,-3.25,1.0,-1.9,0.9,2.33,-2.22,-0.85,6.4,-2.03,-1.08,0.21
13.9792,-89.6958,15.69,97.37,6.49,0.45,4.68,-3.02,0.17,3.6,-2.47,1.25,-2.46,-10.05,24.87,0.31,-1.56,0.93,-1.87,0.67,-0.34,3.81,-3.4,0.92,-2.7,1.13,1.28,-2.33,-0.83,6.13,-2.03,-0.49,1.05
13.9792,-89.695,5.98,1054.44,-123.41,0.58,4.06,-2.48,0.02,3.03,-2.66,1.54,-2.38,6.49,27.25,1.95,-0.97,3.15,-1.17,0.55,-0.02,3.11,-3.93,0.94,-2.9,1.26,1.62,-2.34,-1.01,4.63,-1.78,-0.94,0.67
13.9792,-89.6943,7.11,988.45,-113.93,0.63,4.28,-2.28,0.38,2.57,-2.55,2.21,-2.07,-0.6,32.38,1.32,-1.05,2.43,-1.48,1.23,0.09,2.7,-2.73,0.75,-2.33,0.82,2.01,-3.33,-1.08,5.08,-1.46,-1.06,0.1
13.9792,-89.6935,11.99,616.32,-62.12,0.57,4.23,-1.79,0.33,2.74,-2.76,2.43,-2.34,-0.9,24.25,0.67,-0.72,1.7,-1.38,1.54,0.12,3.39,-3.19,0.72,-1.97,1.24,2.53,-2.78,-1.15,4.54,-1.34,-0.66,1.04
13.9792,-89.6928,13.81,1058.39,-114.72,0.46,3.61,-1.73,0.35,2.37,-3.16,2.78,-2.13,-0.0,31.89,1.75,-1.41,1.69,-1.38,1.22,-0.16,3.19,-3.12,1.24,-2.14,1.57,2.75,-2.61,-0.24,4.9,-1.37,-0.46,0.92
13.9792,-89.6921,17.2,622.55,-56.77,0.45,3.38,-1.57,0.78,2.0,-2.89,2.69,-2.37,10.89,17.17,2.1,-1.54,1.28,-1.51,1.56,-0.7,3.58,-3.17,1.02,-2.39,1.4,2.6,-2.64,-0.33,4.41,-0.59,-0.05,0.29
13.9792,-89.6913,18.91,553.22,-46.17,0.21,3.41,-1.38,0.75,2.12,-2.75,2.85,-2.49,14.02,11.84,2.69,-1.61,1.55,-1.32,1.23,-0.48,3.7,-3.29,1.34,-2.32,1.68,2.49,-3.18,-0.21,4.17,-0.24,-0.08,0.44
13.9792,-89.6906,17.99,268.93,-12.04,0.46,3.1,-1.59,0.88,1.79,-2.86,2.75,-2.46,8.61,8.63,2.83,-1.71,0.86,-0.75,1.19,-0.28,3.65,-3.45,1.16,-2.01,1.89,2.08,-2.77,-0.6,4.17,-0.28,-0.13,0.4
13.9792,-89.6899,11.98,574.34,-57.0,0.1,2.92,-1.46,1.55,1.65,-2.95,2.82,-2.61,-0.0,16.58,3.11,-1.19,0.88,-0.98,0.87,-0.21,3.69,-3.72,1.09,-2.22,1.87,1.87,-2.69,-0.71,4.0,0.04,-0.85,-0.23
13.9793,-89.6891,14.92,-132.9,34.11,-0.15,2.67,-0.88,0.78,1.53,-2.99,2.65,-2.56,0.93,2.88,3.21,-1.59,1.17,-1.0,0.62,-0.21,3.52,-3.16,0.74,-2.0,1.7,2.17,-2.5,-0.48,4.2,0.19,-0.64,-0.35
13.9793,-89.6884,18.13,-609.47,96.99,-0.54,1.91,-1.02,1.33,1.68,-3.42,2.56,-2.62,-12.66,4.99,3.4,-1.48,1.47,-1.47,0.58,-0.52,2.88,-2.9,0.44,-1.29,1.56,1.5,-2.79,0.21,4.04,0.9,-0.84,-0.35
13.9793,-89.6876,21.07,-386.06,72.79,-1.2,1.22,0.25,1.71,1.32,-2.76,2.64,-2.25,-6.01,4.97,3.95,-1.69,1.81,-1.7,1.17,-0.43,2.92,-3.03,0.8,-1.54,1.3,0.91,-2.04,0.18,3.98,1.42,-0.84,-0.49
13.9793,-89.6869,13.97,-803.36,116.15,-1.29,0.85,0.33,1.37,1.24,-3.25,2.73,-1.59,-9.68,-7.88,3.67,-1.46,2.36,-1.65,0.8,-0.41,2.92,-2.55,0.55,-2.52,1.42,0.82,-1.79,-0.34,3.56,1.63,-1.19,-1.5
13.9793,-89.6862,11.63,-740.58,105.62,-1.04,0.63,0.43,1.54,1.29,-3.54,2.69,-1.64,-20.94,4.37,3.48,-1.57,0.88,-1.77,1.4,-0.61,3.42,-2.35,0.14,-1.63,1.07,0.88,-1.7,0.17,3.74,1.84,-1.74,-1.7
13.9793,-89.6854,7.71,-1262.52,165.74,-1.64,0.05,0.81,2.0,1.54,-3.54,2.49,-1.98,-21.94,-12.96,3.14,-1.77,1.67,-1.37,1.24,-0.35,3.24,-2.24,0.31,-1.6,1.3,0.1,-1.38,-0.05,3.88,1.84,-2.04,-2.23
13.9793,-89.6847,8.99,240.01,-19.15,-1.64,-0.07,0.93,2.29,0.85,-3.27,3.06,-2.05,14.11,-3.4,3.57,-1.49,1.37,-1.29,1.18,-0.63,3.66,-1.88,0.58,-1.73,1.06,-0.06,-1.54,-0.12,3.47,1.95,-1.71,-2.14
13.9793,-89.6839,2.5,224.48,-24.91,-2.03,-0.64,0.61,2.96,0.76,-3.13,2.74,-1.94,17.84,-10.49,2.86,-1.56,0.97,-0.82,1.32,-0.56,3.45,-2.02,0.54,-2.03,1.08,-0.02,-0.86,0.4,3.29,1.95,-1.78,-3.31
13.9793,-89.6832,2.29,163.78,-17.63,-2.43,-0.72,1.25,3.16,0.73,-3.12,3.48,-1.72,15.09,-10.51,2.89,-1.94,1.53,-1.08,0.47,-0.4,3.37,-1.63,0.31,-1.93,1.56,0.22,-0.72,-0.24,3.25,1.94,-1.76,-3.3
13.9793,-89.6825,-6.7,788.28,-105.8,-2.63,-1.29,0.8,3.38,0.54,-2.98,3.43,-1.8,17.41,0.43,2.39,-1.48,2.03,-1.11,0.6,-0.66,3.17,-1.48,0.11,-1.61,1.46,-0.56,0.19,-0.61,2.65,1.65,-1.94,-3.98
13.9793,-89.6817,-3.52,690.54,-89.91,-2.83,-1.32,0.38,3.9,0.56,-2.74,3.43,-1.84,14.62,2.25,2.53,-1.54,2.05,-1.04,0.22,-0.54,3.09,-1.06,0.14,-2.17,1.55,-0.63,-0.03,-0.65,3.0,1.82,-1.63,-4.41
13.9793,-89.681,-8.72,1105.48,-147.61,-2.88,-1.29,0.4,4.11,0.12,-2.27,3.03,-2.16,12.72,13.71,2.48,-1.44,1.79,-0.92,0.1,-0.64,2.6,-0.73,0.32,-2.0,1.46,-0.41,0.19,-0.89,3.0,1.65,-1.72,-5.17
13.9794,-89.6802,-12.81,-197.75,9.4,-2.76,-1.42,0.43,4.18,0.38,-1.95,2.91,-2.32,-3.25,-12.21,2.45,-1.41,1.7,-1.01,-0.14,-0.36,2.33,-0.14,0.2,-1.71,1.46,-0.49,0.98,-0.77,2.52,1.38,-1.62,-5.26
13.9794,-89.6795,-11.56,-122.05,1.48,-2.71,-1.42,0.08,4.39,-0.02,-1.67,3.1,-2.17,-0.0,-18.25,2.53,-1.37,1.7,-0.83,-0.0,-0.53,2.07,-0.06,0.14,-1.77,1.23,-0.42,1.35,-0.73,2.38,1.55,-1.53,-5.26
13.9794,-89.6788,-10.68,145.78,-30.76,-2.59,-1.32,-0.29,4.9,0.32,-1.5,3.81,-2.41,9.81,-14.95,2.4,-0.87,1.96,-0.84,-0.27,-0.44,1.7,0.07,0.14,-1.45,1.2,-0.24,1.52,-0.53,2.39,1.41,-1.26,-5.27
13.9794,-89.678,-18.26,-42.32,-16.35,-2.57,-1.82,-0.4,5.08,-0.05,-1.38,3.62,-2.41,-4.27,-0.0,2.38,-1.21,1.44,-0.63,-0.35,-0.19,1.08,0.15,0.06,-1.16,1.14,-0.8,1.36,-0.68,1.37,1.33,-1.56,-5.36
13.9794,-89.6773,-18.35,502.74,-84.22,-2.6,-2.0,-0.67,4.63,0.0,-1.3,3.76,-2.56,18.48,-16.5,2.57,-1.12,1.93,-0.8,-0.12,0.01,0.86,0.87,-0.31,-0.96,0.81,-0.78,1.68,-0.7,1.49,1.34,-1.49,-5.7
13.9794,-89.6765,-9.73,-151.71,7.34,-2.3,-1.78,-0.88,5.05,0.6,-1.79,3.73,-2.99,4.95,-15.42,2.52,-0.74,1.45,-0.65,-0.49,-0.43,0.33,0.56,-0.52,-1.01,0.66,-0.8,1.85,-0.4,1.14,1.51,-0.62,-5.02
13.9794,-89.6758,-18.0,-84.07,-10.85,-2.21,-2.23,-1.23,4.53,0.62,-2.36,4.1,-3.43,7.16,-19.87,2.45,-1.23,1.13,-0.59,0.16,-0.42,0.35,0.98,-0.08,-0.94,0.7,-1.39,2.26,-0.15,0.18,0.8,-0.66,-4.69
13.9794,-89.6751,-14.96,168.05,-38.61,-2.11,-2.45,-1.41,4.56,0.85,-2.75,4.14,-2.87,-2.98,-2.65,2.76,-0.99,1.44,-0.02,-0.15,-0.13,0.23,1.03,0.22,-0.32,0.32,-1.72,2.04,-0.43,0.18,0.86,-0.58,-4.28
13.9794,-89.6743,-10.59,120.33,-27.51,-2.17,-2.88,-0.94,4.77,0.71,-2.29,4.84,-3.19,-1.8,-2.65,2.3,-1.33,1.86,-0.19,-0.29,0.16,-0.04,1.15,0.48,-1.34,0.52,-0.94,2.47,-0.27,0.1,1.08,-0.2,-4.17
13.9794,-89.6736,-14.71,479.95,-77.14,-2.22,-2.66,-0.69,4.95,0.75,-2.36,4.92,-3.26,0.34,2.79,2.37,-0.6,1.25,0.18,-0.23,-0.45,-0.32,1.1,0.57,-0.7,0.71,-1.33,2.48,-0.06,-0.9,1.09,-0.26,-3.94
13.9794,-89.6728,-10.64,580.15,-84.81,-1.55,-3.07,-1.0,4.79,0.99,-2.84,5.05,-3.09,-6.31,14.43,2.13,-0.74,1.17,0.19,0.36,0.52,-1.14,1.3,0.74,-1.48,1.17,-1.34,3.28,-0.78,-1.14,1.51,0.19,-4.13
13.9794,-89.6721,-5.11,-249.88,25.05,-1.24,-3.09,-0.42,4.32,1.07,-3.0,5.47,-3.08,-1.22,-12.85,2.48,-1.04,2.2,0.64,0.27,0.35,-1.16,0.75,1.24,-1.35,1.5,-1.12,2.97,-1.19,-1.63,2.57,-0.03,-3.81
13.9795,-89.6714,-4.41,-621.05,72.1,-0.83,-3.11,-0.35,5.01,1.39,-3.38,5.76,-3.2,-11.27,-13.8,2.46,-0.58,1.55,0.8,-0.24,0.79,-0.92,0.75,1.08,-1.35,1.3,-1.37,3.23,-1.44,-2.19,2.57,-0.03,-3.11
13.9795,-89.6706,-6.64,-26.85,-4.52,-0.11,-3.65,-0.03,4.93,1.55,-4.19,5.12,-3.7,-0.13,-6.57,2.32,-0.45,1.84,0.42,-0.24,0.69,-1.6,1.43,1.0,-1.64,1.37,-1.59,3.56,-1.35,-2.69,1.88,0.79,-3.24
13.9795,-89.6699,-8.89,11.97,-12.02,-0.31,-4.34,0.28,4.32,1.47,-4.28,6.91,-4.07,16.46,-21.32,2.2,-0.61,1.83,0.25,-1.05,0.56,-1.2,1.49,0.21,-1.12,0.54,-1.6,3.31,-1.98,-3.08,1.17,1.17,-2.74
13.9795,-89.6691,6.54,-223.61,35.61,1.1,-4.21,-0.56,4.12,2.15,-4.15,6.57,-3.34,10.83,-13.54,2.61,-0.36,0.46,0.32,-0.89,0.49,-2.03,1.9,0.85,-0.25,0.41,-2.44,3.91,-1.8,-3.32,2.87,1.34,-2.02
13.9795,-89.6684,5.53,136.95,-10.51,0.38,-4.34,-0.19,4.05,1.27,-5.07,5.37,-3.23,-0.0,-0.0,2.42,-0.44,1.32,-0.0,-0.86,1.04,-1.66,1.06,-0.23,-1.2,0.18,-1.88,3.71,-1.35,-2.89,2.8,1.18,-2.3
13.9795,-89.6677,10.19,307.37,-26.23,0.36,-4.65,-0.51,4.37,1.25,-5.37,4.97,-3.43,-0.0,11.23,2.65,-1.06,1.15,-0.06,0.22,1.06,-1.54,1.37,0.71,-1.23,0.66,-2.6,3.93,-0.76,-3.66,3.7,1.84,-3.03
13.9795,-89.6669,8.34,-208.44,35.86,1.0,-4.59,0.07,4.15,0.95,-5.32,5.13,-3.44,-0.7,-1.17,3.33,-0.64,2.6,0.42,-1.24,0.61,-2.05,2.51,2.04,-0.12,0.3,-3.76,3.86,-1.78,-3.66,3.49,1.53,-2.71
13.9795,-89.6662,-1.51,-444.49,53.63,1.32,-3.99,-0.65,3.42,0.64,-4.88,5.09,-3.7,5.38,-12.54,2.85,-0.9,1.79,1.5,-1.65,0.02,-1.93,-0.5,-2.13,-1.51,1.53,-2.56,4.13,-2.25,-3.81,2.16,1.53,-2.71
13.9795,-89.6654,-3.8,-241.69,25.64,0.93,-4.28,-0.29,3.06,1.71,-5.12,5.1,-3.42,6.66,-0.0,2.09,-0.69,2.38,-1.0,-1.19,0.86,-0.08,0.87,-1.91,-1.67,-1.45,-2.6,4.03,-1.55,-5.01,2.95,0.59,-1.89
13.9795,-89.6647,8.82,28.1,6.94,1.47,-4.11,0.8,2.37,1.71,-5.16,5.75,-2.92,11.74,1.68,3.35,-0.65,1.1,-3.87,-2.35,-0.05,0.87,0.65,-1.32,4.29,-2.88,-4.43,4.39,-3.59,-2.64,3.51,0.46,-2.03
13.9795,-89.664,88.55,-2168.74,375.49,1.52,-5.24,-1.4,4.4,1.93,-4.99,3.59,-1.42,4.33,-0.0,1.89,-0.25,4.1,0.41,-0.62,0.14,-0.83,0.13,-2.41,2.14,-2.74,-3.51,5.47,-3.33,-5.05,14.99,2.06,-3.03
13.9795,-89.6632,52.49,-174.71,84.0,2.38,-3.7,-1.61,3.34,1.22,-2.42,4.74,-2.7,20.37,12.31,2.65,-0.42,3.78,1.76,-0.62,-1.12,-4.9,-2.67,-0.37,3.0,-0.37,-7.9,5.57,-1.8,-4.39,8.44,3.03,-2.23
13.9796,-89.6625,38.38,-60.2,53.0,-0.77,-3.47,0.59,5.37,-0.54,-5.17,3.6,-2.85,10.07,13.58,2.06,0.03,0.87,4.86,-7.63,0.25,1.03,-0.08,0.72,3.04,-0.82,1.0,4.82,-1.24,-4.96,8.44,2.8,-4.58
13.9796,-89.6617,130.95,-2338.94,447.15,1.85,-3.26,1.2,4.62,2.41,-3.14,2.67,-2.67,8.28,7.13,1.57,2.79,-2.68,-1.97,-2.38,-1.51,9.33,-3.69,-1.13,1.03,0.37,-3.0,6.06,3.92,-6.25,22.59,0.99,-3.31
13.9796,-89.661,62.62,-1323.25,239.42,1.48,-3.3,-2.39,4.27,3.84,-1.71,4.29,-3.49,-0.0,16.18,-3.48,-7.58,11.03,-4.17,-11.92,3.21,1.17,2.4,-4.84,-5.49,-1.92,-6.45,6.75,3.98,-6.17,12.45,0.99,-1.78
13.9796,-89.6603,95.24,-1542.12,305.47,0.82,-3.45,-1.31,3.68,2.27,-2.45,1.47,0.48,-0.0,8.43,5.27,-0.74,-0.71,5.29,-4.2,-3.35,-2.8,3.15,0.25,-2.21,4.2,-3.25,6.84,0.54,0.06,13.65,2.39,-5.13
13.9796,-89.6595,34.63,183.92,18.07,0.81,-5.28,1.56,3.24,3.74,-2.34,3.91,-1.02,-0.0,9.02,3.87,-3.56,5.67,-4.25,2.16,-2.12,-0.34,1.93,-1.66,8.24,2.58,4.42,9.45,0.03,-5.49,10.58,-0.41,-3.62
13.9796,-89.6588,-1.7,1204.82,-152.53,1.49,-3.63,-1.44,4.0,2.42,-2.5,2.3,-0.51,5.72,25.22,5.78,5.4,1.99,0.9,2.76,-1.57,-0.96,0.45,-2.56,-5.98,-3.65,-10.95,9.89,-1.81,-5.49,6.23,-0.41,-4.74
13.9796,-89.658,7.69,4.66,8.53,2.27,-3.94,-0.31,2.55,3.31,-2.2,0.88,-2.75,-9.79,8.96,3.42,0.48,-0.31,3.94,2.3,-2.8,3.39,-1.29,-1.89,-1.33,0.49,4.32,8.76,-2.18,-6.79,9.83,-2.22,-4.74
13.9796,-89.6573,17.51,-168.71,41.85,1.3,-4.58,-1.16,3.78,4.54,-4.92,3.44,-2.03,-3.45,12.46,0.09,0.62,4.38,-2.49,-0.76,-3.62,-4.37,1.86,-0.49,3.97,6.57,-3.53,5.11,-0.48,-8.84,9.83,-0.21,-3.5
13.9796,-89.6566,36.53,-234.73,72.66,3.02,-4.69,-0.73,3.1,4.65,-4.36,1.3,-1.15,-1.93,-0.04,4.71,1.1,0.68,-2.52,16.08,-2.76,-1.38,0.77,7.15,1.13,-0.31,-6.02,11.39,-2.51,-6.03,11.08,-0.49,-3.81
13.9796,-89.6558,2.44,-191.01,26.78,1.52,-5.68,-1.44,2.72,4.51,-5.68,0.87,-3.79,0.07,11.04,1.95,-0.98,-0.49,-0.3,5.86,-1.94,1.62,-10.31,1.75,1.2,-6.61,-4.37,5.55,-1.15,-5.54,7.55,-0.79,-5.69
13.9796,-89.6551,72.67,-433.29,140.35,1.88,-4.62,-1.15,1.64,5.77,-4.28,1.3,1.14,1.47,21.14,2.07,-0.14,-0.29,2.46,12.38,-5.18,-1.47,5.34,1.04,-0.2,-6.01,-0.18,6.81,-1.53,-5.12,16.52,-1.27,-4.48
13.9796,-89.6543,-25.63,705.85,-118.67,0.71,-5.57,-1.29,1.4,4.88,-4.62,1.1,-2.1,-0.42,0.86,3.33,3.52,1.61,-3.91,5.53,-3.45,0.2,5.71,-0.62,1.28,-2.3,-0.56,6.25,-0.64,-9.62,6.8,-0.92,-6.2
13.9796,-89.6536,-18.16,667.35,-105.01,1.42,-5.8,-1.67,1.37,6.11,-3.86,-1.35,0.97,-4.95,0.86,4.2,2.84,1.32,2.17,2.83,-2.72,2.43,2.1,-1.62,4.02,-1.95,2.18,7.91,-1.78,-9.09,4.56,1.01,-4.09
13.9782,-89.7157,13.31,-577.9,86.83,-0.03,4.42,3.8,-5.49,0.46,4.55,-9.54,-0.03,-34.87,21.96,-0.14,3.63,1.67,-2.18,0.48,0.27,-5.41,4.83,-1.77,4.03,1.09,1.05,-3.3,0.19,6.71,-10.54,5.29,6.09
13.9782,-89.715,25.05,-765.88,123.83,-0.19,4.14,2.98,-4.78,0.11,5.62,-9.06,1.66,-24.79,11.22,-4.41,2.65,6.03,-0.63,-2.56,2.12,-3.13,5.88,-2.11,1.86,-0.31,3.46,-5.09,-1.57,7.02,-9.84,3.98,9.21
13.9783,-89.7143,30.77,-1487.65,219.45,-0.37,4.2,2.49,-4.76,-0.46,6.63,-9.63,1.78,-38.72,11.22,-0.85,5.98,-0.18,1.43,-1.06,-2.86,-2.49,1.9,-2.41,0.21,-0.28,1.94,-4.8,0.06,7.02,-7.64,3.41,7.47
13.9783,-89.7135,28.74,-571.53,104.3,0.16,5.05,3.61,-4.59,-0.24,6.92,-9.85,1.22,-15.75,11.22,-0.34,3.5,-1.03,0.73,0.31,0.14,-2.24,3.62,-1.34,1.65,-1.34,3.38,-3.91,-1.44,6.61,-6.93,1.68,8.91
13.9783,-89.7128,17.36,-1625.11,220.64,-0.08,5.54,1.75,-4.85,0.33,6.42,-11.58,1.77,-36.14,-6.22,1.08,3.98,-1.3,0.28,0.45,-1.84,-2.51,3.71,-1.34,3.26,-1.68,3.04,-3.33,-2.13,6.64,-7.74,0.9,8.91
13.9783,-89.712,24.3,-1136.42,168.67,-1.27,5.61,2.37,-4.01,0.11,5.9,-11.32,1.45,-21.96,1.72,-0.54,3.24,-1.98,0.51,-1.55,-0.35,-2.11,3.76,-0.79,2.83,-2.09,4.33,-2.27,-2.0,8.27,-6.23,-0.79,8.9
13.9783,-89.7113,10.56,-1112.73,149.57,-0.5,4.6,1.9,-4.5,0.11,6.01,-11.46,2.32,-30.01,1.72,-0.12,2.38,1.94,-1.86,-1.79,0.35,-1.08,4.09,-1.61,0.25,-1.52,3.63,-3.47,-2.68,6.89,-6.2,-0.79,7.13
13.9783,-89.7106,14.71,-1150.84,159.19,-0.75,5.67,1.86,-4.07,0.82,6.77,-11.56,1.83,-25.05,-4.85,-0.73,3.15,1.26,-1.62,-1.36,0.08,-0.81,3.97,0.82,0.7,-2.3,4.52,-3.09,-2.49,7.98,-7.17,-0.93,8.84
13.9783,-89.7098,25.15,-509.98,92.55,-0.55,4.92,1.94,-3.64,0.8,6.5,-11.06,1.94,-22.69,18.77,0.01,3.24,-0.74,-1.47,0.87,0.23,-1.36,3.32,-0.4,1.56,-3.16,4.37,-2.1,-2.39,8.9,-6.42,-0.93,8.95
13.9783,-89.7091,23.08,-913.32,139.85,-0.61,5.56,1.26,-2.86,1.45,5.49,-11.93,1.76,-21.53,7.41,-0.93,1.42,0.44,-1.13,-0.53,1.16,-1.14,0.89,-1.23,3.51,-2.43,4.57,-1.74,-1.45,7.82,-5.65,-1.83,9.68
13.9783,-89.7083,18.3,-111.89,35.41,-0.68,5.52,0.03,-2.09,1.21,6.01,-12.2,1.98,-9.06,12.49,-0.44,2.49,1.19,-1.12,1.3,0.26,0.19,0.82,0.25,2.0,-1.82,3.45,-2.35,-1.96,7.77,-5.7,-1.42,8.0
13.9783,-89.7076,11.58,510.9,-49.33,-0.58,5.78,-0.53,-1.73,1.38,6.38,-11.89,2.27,-0.0,13.62,-0.69,1.73,2.28,-1.59,0.73,0.44,0.07,0.88,0.28,2.02,-2.5,2.97,-3.4,-2.62,7.77,-5.75,-2.28,7.87
13.9783,-89.7069,4.5,226.05,-22.57,-0.49,5.05,-0.93,-1.23,1.23,5.13,-10.99,2.4,-0.0,0.3,-1.01,2.67,1.77,-1.58,1.68,0.17,0.22,0.05,0.51,0.89,-1.15,2.76,-1.9,-2.43,6.82,-5.98,-2.15,7.42
13.9783,-89.7061,5.01,-725.73,95.46,-0.09,5.45,-1.62,-0.28,1.28,5.49,-10.98,2.22,-37.13,10.76,0.68,1.41,2.87,-1.68,2.32,0.11,1.0,-1.02,0.54,0.74,-1.13,2.98,-1.54,-2.7,7.29,-5.94,-2.56,7.62
13.9784,-89.7054,15.22,-447.04,73.14,-0.34,5.7,-2.15,-0.65,1.38,4.86,-10.65,2.34,-33.59,20.14,0.26,1.83,3.27,-1.31,3.01,0.17,1.56,-0.64,0.51,0.81,-0.99,3.0,-1.71,-2.58,7.71,-4.6,-2.8,7.62
13.9784,-89.7046,18.53,-641.18,101.02,-0.58,5.2,-2.32,-0.43,1.26,4.01,-8.23,2.0,-21.71,5.06,0.63,0.84,2.65,-1.18,2.98,0.37,2.09,-1.59,0.73,1.02,-0.75,2.72,-1.34,-2.0,7.85,-4.22,-2.1,6.5
13.9784,-89.7039,13.14,-256.62,47.2,-0.3,5.01,-2.29,-0.27,1.51,3.48,-7.23,1.32,-14.47,7.93,0.15,0.81,3.53,-1.72,2.65,-0.71,1.62,-1.59,1.27,0.75,-0.42,2.62,-1.18,-1.8,7.35,-4.22,-2.35,6.18
13.9784,-89.7032,12.29,349.97,-28.69,-0.37,5.11,-2.76,0.51,2.0,2.85,-6.96,1.67,-5.38,16.03,0.25,0.47,3.24,-1.38,3.07,-0.39,2.2,-2.2,1.35,0.24,0.01,1.75,-0.53,-2.01,7.17,-4.26,-2.35,6.19
13.9784,-89.7024,16.28,-821.59,120.7,-0.32,5.22,-2.75,-0.28,2.14,2.24,-5.95,1.28,-30.87,9.84,-0.16,-0.09,4.38,-1.58,2.74,-0.57,2.14,-3.24,0.92,-0.73,0.79,2.18,-0.38,-1.73,7.54,-3.23,-2.51,5.09
13.9784,-89.7017,9.44,320.32,-28.42,-0.13,6.34,-2.68,-0.84,2.27,1.26,-5.1,0.34,-21.29,30.32,0.28,0.04,3.31,-1.23,2.66,0.33,2.8,-3.61,1.48,-1.48,0.48,2.93,0.16,-1.57,7.15,-3.39,-2.47,3.99
13.9784,-89.7009,22.01,532.58,-39.79,-0.48,5.8,-2.72,0.28,2.69,-0.44,-4.58,-0.01,-0.0,22.41,0.37,-0.31,3.95,-1.75,1.3,-1.13,2.3,-3.15,0.84,-0.91,0.28,2.76,-0.97,-1.15,7.06,-2.4,-1.48,3.69
13.9784,-89.7002,15.78,-762.96,112.92,-0.35,5.7,-3.26,-0.27,2.69,-0.85,-3.38,0.08,-36.85,19.23,0.39,-0.51,4.01,-1.73,1.49,-0.47,2.2,-3.11,0.47,0.5,0.58,3.09,-1.27,-0.85,7.29,-2.36,-1.94,2.71
13.9784,-89.6995,11.73,-800.69,112.82,-0.56,6.24,-3.04,0.26,2.38,-1.16,-3.2,0.17,-40.22,18.84,0.74,-1.2,4.06,-1.68,1.32,0.38,2.53,-3.67,1.25,-0.67,0.4,2.95,-2.14,-0.64,6.97,-2.8,-1.08,1.71
13.9784,-89.6987,11.21,-156.67,32.61,0.46,5.98,-2.71,0.94,2.59,-1.26,-1.06,-0.44,-11.3,10.72,0.73,-1.57,2.89,-2.22,1.38,-0.16,3.08,-4.18,2.1,-1.31,0.9,2.21,-2.5,-0.72,7.45,-2.84,-1.14,1.44
13.9784,-89.698,7.07,1065.06,-123.33,-0.04,5.5,-2.93,0.69,3.14,-2.02,0.01,-1.19,5.35,29.74,0.38,-1.1,3.12,-3.07,1.73,0.48,4.02,-4.29,0.99,-3.03,1.48,2.01,-2.28,-1.18,7.47,-2.68,-1.79,1.3
13.9784,-89.6972,5.93,1703.72,-203.68,0.22,5.11,-2.15,0.37,3.02,-1.75,0.04,-0.79,19.82,30.7,1.25,-1.81,2.36,0.1,1.6,0.59,3.4,-3.48,1.0,-1.85,0.56,1.25,-1.54,-0.73,7.09,-2.68,-1.79,1.3
13.9785,-89.6965,10.26,-139.26,29.35,0.69,5.1,-2.02,0.38,3.02,-2.76,1.07,-1.79,10.73,-0.0,1.12,-0.93,2.21,-1.34,1.47,0.64,2.64,-4.41,1.3,-2.17,0.99,1.93,-2.54,-0.95,6.33,-2.23,-0.9,0.74
13.9785,-89.6958,14.95,405.52,-32.5,0.26,5.06,-2.05,0.16,3.53,-2.46,1.44,-2.14,-0.0,-0.0,1.84,-0.92,2.76,-1.78,1.59,0.1,3.31,-3.09,0.66,-1.93,0.54,3.25,-3.23,0.08,6.46,-1.93,-0.26,0.05
13.9785,-89.695,15.19,-451.21,73.79,0.35,4.74,-2.03,0.45,2.96,-2.3,1.73,-1.98,2.47,-0.0,2.06,-1.11,2.87,-2.37,1.63,0.21,3.11,-3.16,0.55,-2.08,1.14,1.96,-2.33,-0.37,6.47,-1.67,-0.74,0.36
13.9785,-89.6943,17.1,318.45,-19.2,0.51,4.66,-2.12,0.59,2.58,-2.85,2.03,-1.87,-0.92,18.19,1.53,-1.2,2.62,-1.51,1.22,0.1,3.31,-3.32,0.59,-1.82,0.9,2.32,-2.69,-0.25,5.43,-1.65,0.03,0.69
13.9785,-89.6935,12.25,1270.18,-142.75,0.66,4.23,-1.69,0.55,2.53,-2.67,2.08,-2.17,14.18,30.37,1.4,-1.8,2.85,-1.46,1.21,-0.22,3.14,-3.12,0.62,-2.31,0.84,2.41,-3.27,-0.08,4.74,-1.82,0.04,0.66
13.9785,-89.6928,9.99,1452.74,-168.05,0.56,4.0,-1.61,0.45,2.2,-2.68,2.52,-2.02,15.92,31.32,2.19,-1.43,1.96,-1.56,1.22,-0.16,3.29,-3.11,1.06,-1.9,1.42,2.42,-3.17,0.29,4.74,-1.74,-0.33,0.63
13.9785,-89.6921,19.99,475.67,-35.27,0.5,3.87,-1.56,0.99,1.92,-2.57,2.46,-2.3,0.05,24.21,2.09,-1.64,1.58,-1.31,1.32,-0.12,3.42,-3.27,1.37,-1.94,1.24,2.46,-3.45,0.05,5.18,-0.46,-0.17,0.07
13.9785,-89.6913,22.7,-689.38,112.23,0.35,3.84,-1.25,1.69,1.8,-2.8,2.57,-2.02,1.27,-0.0,2.76,-1.64,2.06,-1.69,0.74,-0.06,3.22,-3.21,0.68,-2.45,1.36,2.63,-3.3,-0.24,4.98,-0.25,-0.08,0.47
13.9785,-89.6906,20.0,-580.82,95.61,-0.09,3.43,-1.46,1.12,1.97,-2.75,2.89,-2.44,3.04,-0.0,2.51,-1.41,2.02,-1.03,0.33,0.38,3.61,-3.25,0.34,-2.62,1.11,2.68,-3.28,0.39,4.38,0.03,-0.14,0.09
13.9785,-89.6898,14.02,954.24,-101.66,0.1,3.49,-1.37,1.41,1.55,-2.78,2.55,-2.19,7.1,26.36,3.48,-1.28,1.21,-0.78,1.52,-0.35,3.76,-3.38,0.58,-1.96,1.81,2.22,-3.03,-0.1,4.49,-0.31,-0.51,-0.25
13.9785,-89.6891,15.44,158.17,-1.35,-0.17,2.7,-1.17,1.4,1.78,-3.21,2.38,-2.28,0.82,11.85,2.99,-1.14,0.85,-0.86,1.03,-0.37,3.32,-3.35,0.86,-1.82,1.92,2.31,-3.28,-0.12,4.52,-0.04,-0.51,-0.43
13.9785,-89.6884,20.27,-173.89,45.52,-0.59,2.28,-0.95,1.39,1.57,-3.47,2.46,-2.14,-4.09,11.97,2.89,-1.55,1.73,-1.24,0.12,-1.24,3.82,-3.13,0.27,-1.9,1.39,1.91,-2.93,0.22,4.55,0.96,-0.54,-1.01
13.9786,-89.6876,13.53,-295.96,52.69,-0.7,1.51,-0.03,1.27,1.89,-3.29,2.37,-2.38,-11.34,8.43,3.65,-1.79,2.44,-1.36,1.08,-0.84,3.53,-2.71,0.42,-1.77,1.57,0.91,-2.52,0.76,3.98,0.92,-0.84,-1.39
13.9786,-89.6869,10.83,-461.13,69.99,-0.92,0.84,0.24,1.81,1.93,-3.47,2.43,-1.67,-0.22,-0.0,3.5,-1.53,1.73,-1.19,1.3,-0.44,2.83,-2.34,0.22,-0.94,1.51,0.77,-1.31,0.46,3.8,0.96,-1.01,-1.57
13.9786,-89.6861,6.58,-877.57,116.63,-0.91,0.55,0.46,1.81,1.82,-3.46,2.44,-1.64,-13.76,-0.0,2.77,-2.1,1.76,-1.49,1.44,-0.42,3.12,-2.24,0.22,-1.41,1.22,0.54,-1.73,0.54,3.83,1.02,-1.54,-1.8
13.9786,-89.6854,6.54,-731.86,98.52,-1.29,0.31,0.52,2.16,1.76,-3.36,2.5,-1.89,-11.02,-0.0,3.58,-1.81,2.42,-1.5,1.27,-0.41,3.47,-1.87,0.49,-1.91,0.78,0.5,-2.24,0.52,3.88,1.46,-1.42,-2.76
13.9786,-89.6847,0.41,-1089.17,135.62,-1.84,-0.13,0.43,2.17,1.75,-3.16,2.65,-2.27,-19.01,-15.8,3.26,-1.66,2.17,-1.08,1.46,-0.77,3.35,-1.87,-0.14,-1.6,0.97,0.74,-1.73,0.08,3.42,1.09,-1.25,-3.27
13.9786,-89.6839,-1.98,-397.19,46.95,-1.39,-0.32,0.63,2.63,1.27,-3.57,2.35,-2.15,-4.22,-0.0,2.84,-1.63,2.25,-1.32,1.4,-0.56,3.41,-1.92,0.17,-2.17,0.77,-0.12,-0.68,0.2,2.71,1.34,-1.18,-3.56
13.9786,-89.6832,-2.53,399.41,-52.57,-2.32,-0.8,0.63,2.98,1.42,-3.15,2.72,-2.38,11.57,-2.39,2.78,-1.52,1.78,-1.47,0.93,-0.65,3.42,-1.53,0.28,-1.24,1.22,0.24,-0.75,0.12,2.84,1.56,-1.45,-3.76
13.9786,-89.6824,-9.2,641.45,-90.52,-2.73,-1.06,1.05,3.21,1.22,-3.07,3.01,-1.98,16.29,-6.25,2.98,-1.23,2.09,-0.93,0.48,-0.2,3.12,-1.0,0.11,-1.08,1.35,-0.03,-0.14,0.15,2.84,0.98,-1.3,-4.56
13.9786,-89.6817,-12.11,841.89,-118.87,-2.56,-0.96,0.62,3.54,0.88,-2.96,3.04,-2.61,16.29,0.72,2.67,-1.49,1.89,-1.14,0.58,-0.39,2.69,-0.99,0.29,-2.16,1.44,-0.44,-0.04,-0.06,2.68,1.08,-1.49,-4.97
13.9786,-89.681,-11.89,257.56,-46.05,-2.55,-0.76,0.37,4.04,0.86,-2.24,3.27,-2.49,12.76,-13.58,2.7,-1.37,2.06,-1.24,0.18,-0.75,2.48,-0.77,0.29,-1.7,1.61,-0.72,-0.07,-0.52,2.7,1.1,-1.49,-4.97
13.9786,-89.6802,-12.65,-203.46,10.31,-2.93,-1.23,0.46,3.99,0.96,-1.98,3.16,-2.58,-6.62,-8.48,2.37,-1.32,2.02,-1.21,0.06,-0.23,2.07,-0.43,0.3,-2.18,1.38,-0.87,0.5,-0.47,2.26,0.91,-0.75,-5.48
13.9786,-89.6795,-14.63,-339.97,24.93,-2.74,-1.13,0.18,4.5,0.95,-2.3,2.87,-2.55,-9.44,-11.05,2.56,-1.53,2.29,-0.99,-0.3,-0.16,1.59,-0.14,0.3,-2.23,1.46,-0.32,1.23,-0.85,2.51,0.73,-1.11,-5.34
13.9786,-89.6787,-16.41,166.82,-40.15,-2.55,-1.36,-0.18,4.48,0.64,-1.74,2.94,-2.78,3.01,-7.97,2.64,-1.66,1.96,-1.12,-0.54,-0.2,1.11,0.01,0.23,-1.4,0.8,-0.48,1.32,-0.55,1.97,0.73,-1.07,-5.25
13.9787,-89.678,-19.18,533.76,-89.04,-2.38,-1.65,-0.82,5.2,0.7,-1.46,2.92,-2.9,6.4,-2.18,2.39,-1.18,2.11,-1.03,-0.66,-0.37,1.29,0.25,-0.46,-1.5,0.92,-0.62,0.86,-0.35,1.27,1.02,-1.23,-5.43
13.9787,-89.6773,-14.32,911.5,-130.26,-2.09,-1.49,-0.54,5.32,0.85,-1.64,3.09,-2.77,8.97,7.0,2.46,-1.35,2.22,-0.41,-0.37,0.17,1.2,0.05,0.19,-1.01,0.63,-0.67,1.33,-0.57,0.93,1.43,-0.72,-5.46
13.9787,-89.6765,-18.49,-590.87,51.59,-2.14,-2.0,-0.89,4.83,0.79,-1.78,3.48,-3.22,-4.2,-23.95,2.34,-1.8,1.92,-1.02,-0.08,-0.07,0.37,0.56,0.43,-1.15,0.23,-0.95,1.82,-0.34,0.36,0.91,-0.41,-5.48
13.9787,-89.6758,-21.15,-247.15,5.69,-1.63,-1.95,-1.33,4.95,1.13,-2.63,3.77,-2.87,-4.84,-15.03,2.54,-1.25,1.38,-0.78,-0.28,-0.03,0.17,0.48,0.18,-1.01,0.65,-1.13,1.88,-0.5,0.37,0.06,-0.09,-5.2
13.9787,-89.675,-14.23,-38.57,-12.05,-1.75,-2.52,-1.22,5.37,1.18,-2.15,4.29,-3.71,7.03,-18.13,2.69,-0.88,1.47,-0.47,0.18,0.04,0.15,0.63,-0.07,0.04,0.8,-1.33,1.54,-0.08,-0.11,0.5,0.24,-4.44
13.9787,-89.6743,-5.94,126.2,-22.73,-1.94,-2.36,-0.77,5.17,1.32,-2.77,4.9,-3.45,-1.46,-0.91,3.12,-1.55,2.2,-0.18,-0.49,0.37,0.03,1.0,0.31,-0.82,0.53,-1.26,2.34,-0.63,-0.17,1.1,0.83,-4.44
13.9787,-89.6736,-10.44,278.36,-47.0,-1.48,-2.57,-1.07,5.52,1.18,-2.94,4.97,-2.94,-0.0,-0.0,2.53,-1.36,0.9,-0.02,-0.25,-0.11,-0.3,1.77,0.42,-1.03,0.5,-0.9,2.37,-0.31,-0.98,1.19,0.76,-4.59
13.9787,-89.6728,-13.51,90.19,-27.23,-1.21,-2.89,-0.74,4.59,1.3,-3.1,5.48,-3.8,0.6,-0.0,2.73,-1.34,1.72,0.99,0.14,0.46,-0.81,1.34,1.04,-0.03,0.52,-1.12,2.54,-0.88,-1.17,1.19,0.38,-4.45
13.9787,-89.6721,-11.19,-453.82,43.25,-0.86,-3.1,-0.67,4.35,1.6,-3.45,5.3,-3.34,1.57,-24.66,2.97,-1.12,1.53,0.99,-0.42,0.59,-1.01,1.37,0.87,-0.66,1.15,-1.0,2.56,-0.82,-1.31,1.16,0.21,-3.46
13.9787,-89.6713,-5.31,255.95,-38.15,-0.69,-3.37,-0.61,4.56,1.58,-3.83,5.77,-3.63,17.77,-15.61,2.82,-1.22,1.6,0.88,0.01,0.42,-0.55,0.86,1.13,-0.83,0.81,-1.25,3.3,-1.44,-2.06,1.84,0.98,-3.75
13.9787,-89.6706,-0.1,496.56,-61.96,-0.13,-3.35,-0.22,3.91,1.76,-4.45,5.78,-3.24,8.2,6.07,2.64,-0.94,1.05,0.34,-0.38,0.72,-1.1,1.31,0.71,-1.44,0.68,-1.45,3.46,-1.73,-2.71,1.76,1.86,-3.13
13.9787,-89.6699,-8.93,777.58,-107.42,0.35,-3.77,-0.31,4.43,2.04,-4.72,5.62,-3.59,11.28,6.07,2.28,-0.38,2.07,0.33,-0.89,0.81,-0.99,1.19,-0.33,-1.55,0.52,-1.1,3.79,-2.0,-2.56,0.75,1.27,-2.69
13.9788,-89.6691,-6.66,445.42,-63.38,0.96,-3.66,-0.11,3.75,1.87,-4.1,5.02,-3.57,-0.0,2.37,2.37,-0.63,1.86,0.77,-1.38,1.53,-0.72,1.36,0.43,-1.28,-0.24,-1.72,4.14,-1.35,-3.45,1.7,1.21,-2.64
13.9788,-89.6684,14.09,407.12,-34.04,1.01,-4.76,-0.32,3.77,1.86,-4.39,4.66,-3.32,-0.0,19.72,2.61,-0.99,0.55,-0.18,-1.18,0.3,-0.89,0.7,0.52,-1.52,-0.18,-2.61,4.04,-1.8,-3.45,3.99,1.38,-1.96
13.9788,-89.6676,11.3,-92.5,24.91,1.27,-4.68,-0.24,3.73,0.65,-4.72,7.1,-3.67,-10.62,16.62,2.93,-1.15,0.78,-1.57,0.45,0.15,0.4,0.64,0.13,0.2,0.84,-4.1,3.44,-1.19,-2.8,3.49,1.38,-2.55
13.9788,-89.6669,5.46,-262.34,39.17,0.17,-4.04,0.61,4.67,0.73,-4.95,6.16,-2.84,-10.62,6.85,2.99,-1.41,2.95,-1.05,-0.26,-0.43,-0.51,0.31,0.13,-0.23,0.76,-2.98,3.96,-2.15,-3.44,3.49,0.84,-2.55
13.9788,-89.6662,16.64,-544.47,87.6,0.94,-4.22,0.48,5.08,1.14,-5.52,5.56,-3.75,0.45,-6.73,3.33,0.19,3.32,-0.74,-1.31,0.32,-0.04,0.53,0.89,-1.5,1.28,-3.09,4.86,-2.75,-3.6,4.76,0.89,-2.19
13.9788,-89.6654,65.78,-2083.99,337.81,1.02,-4.78,-0.73,4.05,1.18,-5.77,6.51,-2.71,-6.52,-11.16,2.6,-1.12,1.42,-0.08,-1.02,0.21,0.13,0.98,-1.26,0.96,0.35,-2.21,5.56,-4.17,-4.07,11.6,0.11,-0.89
13.9788,-89.6647,20.36,-729.2,115.07,1.59,-3.91,0.04,5.19,0.82,-5.53,4.55,-3.51,-0.0,-8.5,3.72,-0.98,-0.48,7.77,-12.86,3.64,-2.77,1.17,-1.09,2.56,1.28,-4.05,5.52,-4.23,-3.98,6.08,-0.23,-1.29
13.9788,-89.6639,9.45,-692.33,97.57,2.47,-4.42,-1.15,5.7,1.09,-3.81,4.67,-4.6,-0.0,-0.0,2.45,-1.81,-0.54,2.14,-6.99,0.74,0.07,-2.35,4.26,4.12,-1.9,0.54,3.68,-3.28,-4.83,6.74,-0.57,-3.31
13.9788,-89.6632,33.42,-1200.12,189.35,1.94,-3.69,0.97,3.7,1.11,-2.09,0.54,0.15,6.1,-0.0,3.01,-2.25,4.07,-1.93,-3.13,-0.48,-2.64,-3.33,-1.53,1.17,1.08,-4.45,5.26,-3.26,-3.08,6.74,0.84,-1.68
13.9788,-89.6625,61.9,-541.03,140.88,1.4,-2.97,0.09,5.13,1.6,-5.97,-0.45,-6.2,16.89,1.91,-0.4,-1.14,12.38,-1.64,-3.67,1.3,5.7,1.37,1.08,0.29,0.64,2.52,4.69,-1.34,-2.61,11.59,0.73,-3.76
13.9788,-89.6617,-2.73,486.77,-64.0,1.32,-3.64,1.23,5.91,1.28,-5.64,8.36,-3.04,-0.0,-4.67,3.01,-2.35,4.13,7.14,-8.93,1.96,11.24,-1.48,2.87,-3.21,-0.37,-5.74,3.93,-2.95,-0.81,-1.09,3.18,-2.68
13.9788,-89.661,99.1,-2299.47,404.54,2.77,-5.54,-1.83,3.92,1.05,-3.41,2.12,3.63,-0.0,11.68,-0.75,-0.18,-9.19,-1.65,-1.81,3.27,-0.21,2.37,-1.92,-11.96,4.37,-9.01,2.6,-4.29,-7.92,16.64,4.0,-3.38
13.9789,-89.6602,-30.05,258.8,-67.94,0.83,-3.02,-0.81,4.97,1.82,-3.17,5.01,-0.9,-0.0,7.83,-5.65,-1.15,-9.93,-1.17,-5.71,-0.19,3.22,1.76,3.75,-7.05,-1.76,-3.98,5.86,-1.09,-7.92,5.01,-1.44,-4.8
13.9789,-89.6595,-3.67,866.1,-112.52,2.89,-4.22,-0.28,4.28,1.32,-2.53,2.15,-0.0,0.45,18.6,9.74,-3.54,4.7,-1.44,-4.55,3.56,-2.87,0.67,-3.87,2.06,2.66,0.32,0.83,0.06,-11.37,10.64,-2.07,-3.72
13.9789,-89.6588,-26.42,185.56,-54.5,1.61,-5.26,-1.22,3.78,1.09,-2.56,1.84,-1.41,0.45,6.85,0.62,-0.28,-1.62,0.01,-0.5,-1.71,0.38,-0.28,0.35,-7.11,-0.41,-9.55,0.94,-2.67,-8.01,5.43,-2.07,-3.72
13.9789,-89.658,-3.61,968.41,-125.28,2.82,-4.9,-0.51,2.97,4.78,-2.64,2.29,-4.69,6.86,16.56,0.63,7.07,2.35,5.04,0.18,-1.92,2.28,-3.37,-8.01,-1.05,2.38,-0.64,4.08,-2.75,-6.6,5.43,0.27,-3.72
13.9789,-89.6573,-22.21,671.62,-110.26,2.95,-4.02,-1.18,1.97,4.01,-4.52,7.57,-0.86,0.8,-1.51,-0.6,3.14,-2.04,2.89,-2.07,-0.35,-0.63,1.3,-0.16,4.92,-0.64,-3.0,15.46,0.14,-10.22,6.67,-1.64,-3.45
13.9789,-89.6565,-42.87,1107.76,-189.29,2.26,-4.5,-1.21,2.69,3.47,-3.95,2.36,-2.09,-0.0,-0.0,3.48,3.39,2.89,-2.95,3.43,-2.86,0.45,0.21,7.02,0.11,-3.55,-5.23,4.68,-3.56,-10.92,3.84,-0.94,-3.74
13.9789,-89.6558,-24.99,647.34,-110.56,1.57,-4.54,-2.13,1.25,4.62,-4.34,1.28,-0.24,-11.23,5.21,1.58,-0.8,-2.3,-3.33,15.25,-0.18,4.93,0.01,-3.0,2.24,0.31,-0.78,7.6,-1.13,-8.65,6.89,-1.19,-6.9
13.9789,-89.6551,37.65,-1738.89,262.08,-0.24,-3.78,-2.37,2.95,5.54,-2.86,-1.51,-1.07,-7.37,1.95,1.79,-0.57,-0.28,-7.89,7.03,-4.24,-6.32,-0.21,-1.96,-4.34,-0.8,-1.33,6.5,-1.21,-9.89,14.87,-0.34,-6.09
13.9789,-89.6543,67.86,-1807.16,306.49,1.39,-3.99,-2.01,1.71,5.68,-3.21,-1.55,-0.73,-8.52,-1.18,3.48,6.31,-11.04,-1.47,14.81,-9.06,-2.07,3.3,-3.99,6.03,-0.46,2.66,8.85,-3.29,-10.63,19.88,0.05,-7.47
13.9789,-89.6536,-24.22,503.74,-91.74,2.21,-5.02,-1.6,0.8,6.45,-3.74,-0.07,-0.98,-21.28,14.28,0.02,0.53,1.27,1.42,15.59,0.52,-0.39,-0.07,-5.59,-6.81,-1.27,1.64,8.24,-3.35,-10.63,8.38,-2.0,-5.77
13.9775,-89.7157,16.22,-2151.04,283.83,2.85,4.62,3.19,-4.95,-0.66,7.84,-9.62,0.35,-47.28,-0.0,1.45,4.23,-3.52,-0.27,-1.8,-0.28,-3.78,7.9,-3.51,0.59,-1.0,1.7,-3.52,-0.64,5.32,-8.31,4.53,5.8
13.9775,-89.715,15.47,-1760.41,234.93,1.16,5.6,3.68,-5.15,-0.59,5.66,-9.15,0.68,-33.14,-0.0,-4.04,4.66,0.74,0.37,-0.89,2.38,-6.94,5.89,-1.67,-0.26,-1.41,0.6,-4.97,-0.98,5.13,-8.26,3.96,6.46
13.9775,-89.7143,13.26,-463.62,72.72,0.35,5.38,3.34,-5.63,-0.95,7.08,-9.28,1.86,-28.74,30.6,-1.54,2.31,-3.93,-0.04,0.83,-0.72,-4.17,1.19,-3.08,0.97,-1.69,2.8,-5.9,-1.06,5.13,-8.54,3.96,6.25
13.9775,-89.7135,28.97,-790.75,131.55,0.16,5.66,3.32,-5.97,-0.34,5.69,-10.45,0.8,-30.0,20.64,0.14,5.03,-0.16,-0.83,-0.22,-1.61,-2.51,4.55,-0.62,2.06,-1.19,3.51,-3.31,-1.49,7.15,-7.79,2.57,8.56
13.9775,-89.7128,34.83,-814.78,141.45,-0.72,5.65,3.24,-5.05,0.24,6.82,-11.02,0.95,-29.61,20.64,-0.09,5.31,-0.93,-0.3,0.51,-1.25,-1.94,4.54,-1.13,2.27,-1.23,2.57,-1.28,-1.56,7.93,-7.84,2.27,9.66
13.9776,-89.712,14.89,-1515.1,204.2,-1.42,5.7,2.46,-4.54,0.01,6.41,-11.69,1.66,-34.11,-7.24,0.45,5.25,0.23,-1.51,-0.25,-0.0,-2.26,3.29,-0.47,2.55,-0.94,1.66,-3.08,-2.36,7.35,-7.84,0.01,9.21
13.9776,-89.7113,27.75,-660.06,114.08,-1.8,6.1,2.16,-4.32,1.08,6.89,-11.95,0.99,-0.0,-7.24,-0.06,4.48,0.54,-2.24,-0.27,-1.36,-2.91,3.29,-0.8,1.77,-2.65,3.11,-3.5,-2.5,8.24,-6.29,-0.02,8.67
13.9776,-89.7106,14.07,-1462.99,196.89,-0.78,6.02,1.92,-4.34,0.91,7.02,-12.35,1.04,-27.41,-8.9,-1.75,5.12,0.69,-1.9,-0.16,-0.13,-2.07,3.17,-0.64,1.33,-2.65,3.31,-3.43,-2.05,8.2,-7.52,-0.91,9.04
13.9776,-89.7098,11.08,-873.55,120.75,-0.23,6.18,1.59,-3.7,0.94,6.88,-11.85,1.24,-30.57,8.66,-0.26,4.69,1.2,-2.78,-0.48,0.12,-1.27,1.3,-0.19,2.21,-3.01,3.23,-2.79,-1.6,7.62,-6.26,-2.09,8.59
13.9776,-89.7091,12.44,-94.08,26.28,-0.67,5.41,0.33,-2.77,1.17,7.26,-11.77,1.92,-15.12,15.83,0.36,2.37,1.58,-1.98,0.24,1.39,-1.0,1.37,-0.35,1.91,-2.04,3.02,-2.67,-1.9,8.45,-5.68,-3.32,8.91
13.9776,-89.7083,16.69,-1187.92,166.18,-0.5,5.63,0.1,-2.33,1.32,6.22,-12.01,1.86,-33.03,1.69,-0.83,3.77,1.56,-1.89,1.3,0.79,-0.3,1.16,-0.14,2.77,-2.45,3.06,-2.69,-2.2,8.45,-5.26,-2.66,8.1
13.9776,-89.7076,16.79,476.13,-38.89,-0.17,5.81,-0.16,-1.59,1.75,6.45,-11.88,1.77,-0.0,14.72,-0.57,2.07,2.37,-1.91,1.42,0.4,-0.06,1.19,0.09,2.18,-2.09,2.4,-2.67,-2.26,8.09,-5.62,-2.02,8.1
13.9776,-89.7069,13.34,-154.42,34.8,-0.68,6.04,-0.88,-0.69,1.4,5.73,-11.41,2.16,-20.11,15.3,-0.55,3.3,2.89,-1.65,1.89,0.87,-0.26,0.81,0.6,1.34,-1.5,3.16,-1.98,-2.32,7.56,-5.71,-2.02,8.02
13.9776,-89.7061,12.99,-369.14,60.88,-0.12,5.94,-1.28,-0.97,1.12,5.25,-10.81,2.37,-20.55,9.49,0.25,2.35,3.07,-1.58,2.06,0.36,0.89,-0.34,0.82,1.14,-1.33,2.99,-2.27,-2.29,7.5,-5.23,-2.65,8.17
13.9776,-89.7054,14.53,-644.31,96.66,-0.21,5.97,-1.56,-0.93,1.55,4.53,-9.97,2.15,-30.65,12.32,0.55,1.01,3.23,-1.62,2.22,0.55,1.03,-0.81,0.79,1.04,-0.69,3.09,-2.03,-2.23,7.42,-5.23,-2.14,7.82
13.9776,-89.7046,16.03,-1045.96,148.02,-0.17,5.67,-2.64,-0.62,1.64,3.98,-9.06,1.62,-41.44,12.17,0.75,0.91,3.05,-1.49,2.76,0.07,1.3,-1.01,0.65,0.83,-0.54,2.65,-1.87,-1.88,7.62,-4.72,-2.25,7.27
13.9776,-89.7039,6.02,-578.57,78.53,-0.72,5.34,-2.4,0.15,1.83,3.64,-7.69,1.52,-27.88,5.96,0.78,0.76,3.53,-1.38,3.01,-0.61,1.71,-1.48,0.8,-0.24,-0.14,2.6,-1.38,-1.59,6.71,-4.69,-2.45,6.18
13.9777,-89.7032,14.29,-422.13,68.99,-0.36,4.88,-2.29,0.29,2.02,2.99,-7.7,1.49,-16.81,6.58,0.73,0.98,3.97,-2.13,2.14,-0.06,1.22,-1.87,1.04,-0.2,0.32,1.9,-0.97,-1.21,7.18,-3.63,-2.03,5.1
13.9777,-89.7024,15.78,-180.54,40.93,-0.14,5.87,-2.56,0.13,2.28,2.69,-6.09,1.31,-24.86,22.84,0.35,0.72,4.25,-1.26,2.37,-0.65,1.35,-2.25,-0.05,-0.95,-0.13,1.47,-0.61,-1.57,7.16,-2.72,-2.4,4.4
13.9777,-89.7017,15.19,-292.73,54.1,0.71,6.45,-3.0,-0.27,2.5,1.36,-4.54,0.48,-21.95,16.77,0.03,1.03,3.6,-1.36,1.37,-0.04,2.52,-2.78,0.52,-0.26,-0.01,0.9,-0.59,-1.32,7.16,-2.33,-2.57,3.76
13.9777,-89.7009,21.29,94.79,13.44,0.23,5.19,-2.05,-0.62,2.75,-0.51,-4.06,-0.27,-14.13,29.07,0.84,-0.21,1.7,-1.34,1.36,-0.81,2.59,-2.94,1.19,0.07,-0.29,1.58,-0.88,-0.95,7.22,-2.19,-1.92,3.76
13.9777,-89.7002,19.68,-230.48,51.73,-0.1,6.06,-2.56,0.08,3.07,-0.47,-3.04,-0.07,-28.34,30.43,0.21,-0.95,3.7,-2.08,0.88,-0.22,2.13,-2.91,1.0,-0.15,0.22,2.96,-1.96,-0.79,7.64,-2.58,-2.04,3.84
13.9777,-89.6995,11.64,-603.37,88.33,0.55,6.5,-2.58,-0.55,2.63,-0.76,-2.89,-0.14,-37.1,24.18,0.48,-1.49,3.7,-2.1,1.72,-0.31,2.49,-3.33,0.15,-0.71,0.37,2.2,-2.41,-0.06,7.46,-3.14,-1.81,2.88
13.9777,-89.6987,14.14,458.09,-39.92,0.45,5.84,-3.09,-0.08,2.85,-1.07,-1.46,-0.96,-11.39,30.91,1.28,-1.08,3.57,-2.19,1.19,0.05,2.95,-3.26,0.21,-0.62,0.85,2.83,-2.51,-0.54,7.7,-3.07,-1.34,2.55
13.9777,-89.698,13.05,1137.7,-125.24,0.23,6.01,-3.18,-0.09,3.28,-1.13,-0.8,-0.8,4.7,34.23,1.28,-1.12,2.65,-0.85,1.27,0.33,2.9,-3.46,0.66,-1.27,0.8,1.59,-2.52,-0.21,7.55,-2.37,-1.88,2.23
13.9777,-89.6972,0.38,160.77,-19.44,0.59,5.44,-2.22,0.04,2.83,-1.77,-0.4,-0.69,15.02,-0.0,1.91,-2.35,1.64,-1.82,1.65,0.29,2.7,-3.27,0.72,-2.38,1.21,2.24,-2.66,-0.39,7.1,-3.2,-1.64,0.74
13.9777,-89.6965,9.6,1184.94,-135.21,0.63,5.48,-2.03,-0.0,2.73,-1.69,0.64,-1.78,16.28,19.89,0.39,-0.07,4.64,-0.3,1.91,-0.61,3.2,-3.15,0.06,-2.25,1.63,2.47,-2.81,-0.84,7.15,-2.36,-1.15,0.43
13.9777,-89.6958,11.86,762.43,-80.3,0.64,4.85,-1.88,0.33,2.97,-2.34,1.11,-1.78,-0.0,20.42,1.34,-1.48,3.0,-1.42,2.09,0.11,3.3,-3.23,0.64,-1.97,0.95,2.48,-1.73,0.22,7.11,-2.1,-0.83,-0.08
13.9777,-89.695,15.36,195.9,-6.09,0.65,4.63,-2.22,0.43,2.81,-2.61,1.08,-2.13,-0.0,8.23,1.9,-1.34,2.54,-1.58,1.24,-0.18,3.37,-3.29,0.4,-1.88,0.76,2.16,-2.29,0.25,7.11,-2.03,-0.24,-0.4
13.9778,-89.6943,14.51,-250.36,48.13,0.71,4.89,-2.27,0.74,2.66,-2.8,1.86,-2.17,-9.06,7.88,1.9,-0.93,2.52,-1.79,1.27,-0.17,3.26,-3.31,0.38,-1.52,0.79,2.57,-2.5,-0.07,6.04,-1.9,-0.07,0.06
13.9778,-89.6935,17.81,257.8,-10.86,0.77,4.5,-1.73,0.89,2.4,-2.67,2.09,-1.73,-15.61,30.59,1.67,-0.64,2.55,-1.77,1.3,0.06,3.01,-3.37,0.28,-1.19,0.73,2.57,-3.12,0.24,6.02,-1.53,-0.39,0.77
13.9778,-89.6928,19.17,474.66,-36.1,0.65,4.04,-1.65,1.4,2.31,-2.62,2.26,-1.9,12.34,11.31,1.96,-1.33,1.7,-1.61,1.5,0.04,3.12,-2.98,1.25,-1.76,0.58,2.51,-3.11,0.53,5.72,-1.34,-0.16,0.77
13.9778,-89.6921,21.08,-13.5,26.6,0.38,3.79,-1.55,0.9,2.11,-2.46,2.07,-2.02,-3.67,13.42,2.01,-1.4,2.09,-1.32,1.84,0.16,3.04,-3.25,0.76,-1.58,0.78,2.39,-3.18,0.67,5.39,-1.05,0.55,-0.02
13.9778,-89.6913,19.3,-714.97,111.37,0.06,3.99,-1.51,1.64,2.41,-2.63,2.5,-2.01,-2.4,-0.0,2.43,-1.18,1.63,-1.83,1.18,0.1,3.65,-3.63,0.61,-1.45,1.28,2.39,-3.38,0.34,5.14,-0.65,0.23,-0.32
13.9778,-89.6906,16.8,336.16,-21.77,0.72,3.9,-1.28,1.56,1.99,-2.75,2.38,-1.87,-10.58,27.96,2.31,-1.65,1.64,-1.0,0.93,-0.13,3.59,-3.37,0.6,-1.46,0.86,2.85,-3.33,0.73,4.48,-0.04,-0.41,-0.22
13.9778,-89.6898,17.64,50.73,14.57,0.32,3.25,-1.14,0.71,1.89,-2.93,2.47,-2.0,-5.48,16.4,2.25,-1.86,1.16,-0.66,1.26,-0.49,4.04,-3.84,0.81,-1.42,0.9,2.7,-3.35,1.42,4.61,-0.04,-0.18,-0.52
13.9778,-89.6891,11.21,604.48,-61.66,0.65,2.97,-1.14,1.85,2.07,-3.1,2.27,-2.14,-6.55,30.92,2.17,-1.44,1.31,-1.51,1.27,-0.94,3.37,-3.39,0.78,-1.49,1.24,1.95,-3.52,1.31,4.59,-0.3,-0.36,-1.26
13.9778,-89.6884,10.88,-817.45,114.19,-0.28,2.16,-0.97,1.7,2.03,-3.54,1.98,-2.21,-6.19,-0.0,2.7,-1.59,1.38,-1.18,1.23,-1.02,2.78,-2.96,0.08,-1.72,1.33,1.09,-3.78,0.56,4.05,0.47,-0.64,-1.61
13.9778,-89.6876,12.46,209.22,-11.2,-0.42,1.73,-0.51,1.69,2.15,-3.25,2.02,-2.1,-0.6,14.2,3.22,-1.79,1.82,-1.36,1.36,-0.87,3.25,-2.67,-0.44,-0.96,1.0,0.65,-3.21,1.14,4.03,0.92,-0.62,-2.01
13.9778,-89.6869,10.94,-567.78,83.34,-0.72,1.28,-0.29,1.92,2.41,-3.49,2.08,-1.87,-11.33,-0.62,2.87,-1.82,1.61,-1.03,1.8,-0.79,3.49,-2.61,-0.0,-1.15,0.84,0.96,-2.35,1.25,3.56,0.95,-0.59,-1.9
13.9778,-89.6861,6.26,-661.97,89.5,-0.87,0.87,0.28,1.86,2.51,-3.56,2.17,-1.82,-0.0,-0.0,2.57,-1.56,1.58,-1.53,1.63,-0.73,3.73,-2.44,0.46,-1.24,0.55,0.63,-2.35,0.81,3.59,0.97,-0.82,-2.63
13.9779,-89.6854,1.6,-646.9,82.14,-1.38,0.23,0.46,1.98,2.13,-3.3,2.32,-2.14,-10.54,-0.0,3.73,-1.53,2.03,-2.0,2.2,-0.52,3.3,-2.14,-0.6,-1.49,0.98,0.63,-2.33,0.82,3.52,1.02,-1.21,-3.06
13.9779,-89.6847,-4.21,-718.4,84.15,-1.54,0.12,0.73,2.24,1.92,-3.07,2.25,-2.18,-0.0,-0.0,3.37,-1.52,1.9,-1.19,2.03,-0.69,3.1,-1.92,-0.12,-1.35,0.7,0.76,-1.96,0.73,3.17,0.82,-1.23,-3.6
13.9779,-89.6839,-2.8,-105.53,9.78,-1.78,-0.68,0.49,2.32,2.12,-2.91,2.31,-2.07,2.73,-0.0,3.14,-1.61,2.05,-1.24,1.77,0.03,2.63,-1.83,-0.01,-1.37,1.31,0.11,-1.51,0.72,3.17,1.16,-1.26,-3.76
13.9779,-89.6832,-7.59,-395.19,40.07,-2.07,-0.52,0.42,3.06,1.92,-3.07,2.3,-2.2,-1.3,-16.73,2.65,-1.51,2.03,-1.63,0.49,0.17,3.47,-1.68,-0.26,-0.24,1.2,-0.13,-1.22,0.55,2.43,0.73,-0.85,-3.97
13.9779,-89.6824,-7.71,22.18,-11.87,-2.08,-0.65,0.13,3.38,1.9,-3.21,2.52,-2.27,-0.0,-12.34,2.49,-1.46,2.7,-1.21,1.18,-0.44,2.79,-0.87,0.33,-1.48,1.21,-0.02,-0.88,0.23,2.54,0.65,-0.85,-3.97
13.9779,-89.6817,-13.24,-26.26,-12.41,-2.63,-0.58,0.3,3.65,1.64,-2.88,3.14,-2.64,-0.0,-16.42,2.77,-1.62,2.96,-1.11,0.37,-0.85,2.9,-1.0,0.28,-2.1,0.92,-0.06,-0.32,0.31,2.35,0.65,-0.95,-4.92
13.9779,-89.681,-11.26,433.31,-67.14,-2.7,-0.84,0.4,3.86,1.84,-2.61,3.12,-2.79,12.93,-8.53,2.59,-1.54,2.76,-1.27,0.0,-0.55,2.58,-0.95,0.73,-1.27,1.0,-0.45,-0.04,0.01,2.63,0.63,-0.53,-5.4
13.9779,-89.6802,-19.26,59.75,-30.22,-2.7,-1.08,0.04,4.39,1.49,-2.36,3.01,-2.87,-0.0,-16.89,2.86,-1.92,2.59,-1.24,0.33,-0.43,2.1,-0.6,0.08,-1.73,0.97,-0.38,0.43,-0.21,2.39,-0.3,-0.44,-5.52
13.9779,-89.6795,-24.09,518.99,-92.99,-2.57,-0.91,0.38,4.55,1.47,-2.48,3.13,-2.86,2.57,-3.3,2.6,-1.97,2.98,-1.21,0.02,-0.23,1.94,-0.28,0.24,-2.24,0.82,-0.42,0.5,0.09,2.21,-0.06,-0.95,-6.08
13.9779,-89.6787,-25.66,538.54,-97.29,-2.52,-1.33,-0.02,4.5,1.79,-2.83,2.98,-2.78,11.16,-10.98,2.73,-1.45,2.56,-1.36,-0.32,-0.12,1.63,-0.38,0.3,-2.25,0.91,-0.38,0.54,0.16,2.06,-0.1,-0.88,-6.34
13.9779,-89.678,-20.26,330.17,-65.02,-2.59,-1.09,-0.51,5.12,0.88,-1.67,3.22,-3.02,-2.8,0.26,2.77,-1.81,2.02,-1.25,0.06,-0.43,1.07,-0.16,0.04,-1.5,0.85,-1.12,0.81,0.24,1.07,0.21,-0.08,-5.82
13.9779,-89.6773,-19.74,83.28,-33.72,-2.27,-1.35,-0.84,5.3,1.1,-1.73,3.93,-3.19,-0.07,-0.0,2.56,-1.97,2.15,-1.1,-0.36,0.05,1.27,0.1,-0.15,-1.67,0.65,-0.5,0.93,-0.04,0.7,0.52,0.04,-6.07
13.978,-89.6765,-15.67,186.33,-41.71,-2.19,-1.58,-0.74,4.9,1.32,-2.18,3.64,-3.2,5.71,-0.0,2.77,-1.35,2.04,-0.85,-0.49,0.07,0.39,0.69,-0.24,-1.28,0.66,-0.29,0.61,0.11,0.94,0.11,0.43,-5.33
13.978,-89.6758,-15.06,-193.13,6.19,-2.06,-1.47,-1.25,4.84,1.41,-2.51,4.11,-3.68,3.39,-16.61,2.46,-1.2,1.91,-0.76,-0.66,0.27,-0.12,0.17,-0.25,-0.73,0.31,-1.11,1.19,-0.32,0.27,0.26,0.77,-5.33
13.978,-89.675,-14.69,125.46,-32.99,-1.7,-2.12,-0.87,4.87,1.17,-2.77,4.34,-4.06,17.66,-20.48,3.28,-1.82,1.17,-0.87,-0.87,0.49,-0.28,0.59,0.32,-0.31,0.47,-1.49,1.99,-0.26,-0.15,0.37,0.8,-5.06
13.978,-89.6743,-13.06,-404.9,34.91,-1.83,-2.06,-1.17,5.09,1.54,-2.83,5.32,-3.75,0.83,-22.66,3.22,-1.1,1.82,-0.03,-0.83,0.51,0.68,0.75,-0.18,-1.17,0.32,-0.89,2.31,-0.4,-1.0,0.47,1.41,-4.92
13.978,-89.6736,-14.98,264.12,-50.61,-1.0,-2.36,-0.94,5.27,1.73,-2.91,5.44,-3.9,8.53,-11.59,2.56,-1.3,1.28,0.45,-0.12,0.72,-0.34,1.09,-0.15,-1.04,0.86,-0.94,1.99,-0.08,-0.89,0.47,0.95,-4.72
13.978,-89.6728,-14.75,427.89,-70.71,-0.93,-2.75,-0.84,5.22,1.66,-3.07,4.8,-4.3,13.48,-11.64,3.51,-1.46,1.89,0.69,-0.35,0.57,-0.67,1.16,0.13,-1.01,0.67,-0.78,2.95,-0.58,-1.33,0.49,1.05,-4.35
13.978,-89.6721,-3.53,-68.85,4.39,-0.63,-2.54,-0.79,4.64,1.71,-3.75,5.12,-3.95,-0.0,-12.32,3.54,-0.96,2.03,0.49,-0.46,0.39,-0.54,0.95,1.02,-0.91,0.2,-0.52,2.55,-0.71,-1.12,1.56,1.48,-4.52
13.978,-89.6713,-3.86,31.4,-8.48,-0.3,-3.25,-0.64,5.18,1.92,-3.77,5.93,-3.8,-0.0,-0.0,3.27,-1.26,2.13,0.35,-0.08,0.72,-0.56,0.79,0.95,-0.6,0.57,-0.5,2.55,-0.98,-2.31,1.88,1.34,-3.71
13.978,-89.6706,0.59,29.83,-3.01,0.16,-2.86,-0.74,4.98,2.05,-4.27,6.22,-3.38,-0.0,-6.51,3.23,-1.22,1.81,0.09,-0.98,0.06,-0.57,1.29,1.12,-0.58,0.21,-1.12,3.81,-2.28,-2.31,2.2,1.39,-3.39
13.978,-89.6699,-4.44,170.06,-26.44,0.12,-3.43,-0.47,4.59,2.51,-4.99,5.85,-3.24,-0.0,-5.84,2.76,-0.3,1.34,0.62,-1.32,0.7,-0.86,1.09,2.24,-0.86,0.3,-0.76,3.45,-2.23,-2.27,1.01,1.29,-2.41
13.978,-89.6691,2.1,-242.08,32.65,0.52,-3.94,0.39,4.58,1.88,-5.54,5.13,-4.64,-0.0,-5.84,2.91,-0.77,1.72,-0.41,-3.89,0.77,-1.37,0.9,0.57,-0.16,-0.13,-1.78,4.31,-2.29,-2.29,2.62,0.89,-3.01
13.978,-89.6684,-4.18,476.39,-64.31,0.37,-3.28,-0.12,4.66,1.4,-4.66,6.18,-2.96,-0.0,-0.0,3.4,-0.9,0.49,0.1,-1.87,-0.83,0.31,-0.23,-0.48,-1.22,0.12,-1.51,4.24,-2.17,-3.34,2.55,0.89,-3.2
13.978,-89.6676,-5.85,740.61,-99.23,1.01,-2.92,-0.1,3.89,0.75,-4.85,5.99,-2.85,-0.0,13.54,3.88,-1.53,3.4,0.46,-1.88,0.13,-1.33,1.2,-2.44,-0.16,-0.35,-1.16,3.95,-2.64,-3.66,2.55,0.31,-2.38
13.9781,-89.6669,-4.36,356.06,-49.55,0.94,-4.21,0.48,4.18,1.04,-5.0,5.77,-4.66,0.44,8.11,4.76,-1.15,1.4,-1.1,0.74,0.69,-1.01,1.54,-0.94,0.13,-0.19,-2.05,4.99,-3.48,-3.44,3.03,0.53,-3.58
13.9781,-89.6662,13.47,614.78,-60.69,1.63,-4.14,0.18,3.93,0.85,-4.54,4.96,-3.12,11.93,14.39,3.17,-1.02,3.53,0.02,-2.05,0.43,0.3,-0.16,-0.23,1.85,0.95,-2.13,3.88,-3.42,-2.29,4.26,1.05,-3.69
13.9781,-89.6654,40.3,-685.99,133.29,1.2,-4.04,-0.63,4.19,1.36,-5.56,5.99,-4.68,5.15,-1.28,4.5,-1.22,4.04,2.06,-5.0,-0.91,-0.08,0.03,3.49,2.28,1.35,-2.43,5.31,-5.36,-3.37,8.59,-0.13,-1.92
13.9781,-89.6647,40.47,-1229.33,201.28,1.5,-3.83,-0.74,3.45,0.53,-5.13,3.95,-2.94,-0.0,-12.79,3.85,-2.57,5.65,1.31,-8.24,0.99,-1.07,2.21,-1.39,4.72,-0.38,-0.61,4.91,-4.88,-2.93,6.97,1.44,-1.9
13.9781,-89.6639,35.48,-1478.42,226.47,2.59,-3.4,-1.23,5.34,2.29,-4.69,0.53,-2.03,12.73,-12.79,3.7,-1.41,0.61,0.7,-11.2,0.46,-0.29,0.24,-2.2,1.6,-3.11,-10.76,5.23,-4.55,-2.96,6.44,1.21,-1.56
13.9781,-89.6632,2.76,-759.22,98.0,1.9,-4.63,0.52,5.94,0.73,-3.73,3.43,-3.25,0.42,-13.11,3.86,-2.79,-1.77,1.46,-6.86,0.73,-1.4,1.43,7.87,-0.11,-1.52,-6.17,5.37,-2.09,-6.36,4.36,1.92,-2.91
13.9781,-89.6625,0.8,-487.12,61.74,1.73,-4.61,-1.27,4.31,2.83,-4.63,5.51,-1.29,0.42,-0.0,-0.14,-3.89,11.54,-1.16,-0.81,-2.87,-1.42,-2.71,3.29,1.96,-2.21,-10.04,5.65,-5.27,-3.81,1.95,1.4,-1.01
13.9781,-89.6617,32.02,359.96,-6.98,1.6,-2.98,-1.48,5.31,1.07,-3.92,4.78,0.31,9.64,3.95,3.19,-4.31,12.67,-1.58,3.86,-1.71,1.14,0.14,0.78,1.41,3.96,1.5,6.11,-6.66,-0.75,5.75,0.98,-3.01
13.9781,-89.661,54.24,-118.89,79.13,1.91,-4.1,1.63,4.35,4.05,-4.04,2.36,-1.6,16.48,6.62,4.25,-3.86,1.25,-1.96,0.94,4.32,4.1,2.74,-1.29,-4.2,-1.23,6.37,6.36,2.0,-0.75,7.37,3.29,-4.34
13.9781,-89.6602,-6.71,405.7,-58.61,1.68,-4.74,-2.3,4.63,3.14,-3.1,0.54,0.95,-0.0,10.16,-4.92,-0.63,0.16,1.66,-5.0,2.74,1.23,4.05,-0.43,-3.45,-1.18,-4.99,9.86,1.99,-7.29,4.09,2.33,-4.34
13.9781,-89.6595,43.74,-742.91,144.63,2.32,-4.25,0.32,4.98,2.53,-2.13,0.52,0.44,-0.0,-1.08,2.32,-1.54,4.29,7.23,-4.34,-1.82,-1.17,-2.83,2.11,-3.65,9.96,-11.62,1.85,1.86,2.34,4.09,2.33,-2.92
13.9781,-89.6588,-62.5,1247.54,-229.93,2.43,-6.24,1.7,4.05,2.99,-3.98,-2.43,-1.08,8.5,8.18,4.6,2.18,-6.37,2.12,-10.22,-0.32,-0.56,-2.73,-4.22,2.79,-1.23,-0.22,7.8,-0.13,-3.82,-1.72,-0.15,-7.31
13.9782,-89.658,-39.75,732.86,-138.68,1.33,-3.31,-2.96,3.14,4.45,-4.56,3.88,-3.16,8.39,6.38,1.77,-3.48,1.02,2.16,-6.86,-4.03,2.35,-5.13,-4.63,1.06,2.57,-0.83,7.3,-3.52,-8.01,1.22,0.4,-3.56
13.9782,-89.6573,-5.7,395.37,-56.17,3.01,-4.04,-1.97,1.75,3.58,-4.24,4.09,-2.48,6.86,6.26,2.02,0.77,-0.16,1.48,-5.26,-1.11,0.17,1.76,-1.2,3.11,2.27,-2.46,4.16,-2.09,-8.98,10.02,-2.93,-4.7
13.9782,-89.6565,-12.39,63.06,-22.58,1.13,-4.14,-2.3,2.07,4.39,-4.32,0.06,-0.34,-3.72,-0.0,2.34,1.31,2.93,0.37,-5.5,1.07,3.9,4.17,2.21,4.21,-1.74,3.65,3.59,0.59,-4.99,5.61,-1.48,-5.19
13.9782,-89.6558,-6.3,-684.9,78.15,1.5,-4.22,-0.72,1.46,4.05,-3.78,1.12,0.53,-20.8,-0.0,1.67,1.51,7.13,-0.03,-0.31,3.7,1.77,-0.77,-5.24,1.32,0.98,-2.7,4.8,-4.76,-4.99,6.3,-2.32,-3.62
13.9782,-89.6551,-30.36,-261.57,-3.29,2.25,-4.07,-2.5,0.82,5.47,-3.77,-1.28,0.29,-12.01,3.87,0.12,0.1,4.95,-0.13,-1.03,-8.55,2.68,1.81,-3.65,-3.15,-6.04,-8.1,3.79,-2.49,-13.0,8.58,-0.91,-6.81
13.9782,-89.6543,-17.9,-174.87,0.64,2.34,-4.13,-1.46,3.11,5.06,-3.04,-0.54,0.35,-5.72,2.13,3.81,0.67,-5.52,1.21,-2.5,-2.19,-1.59,1.16,-5.71,1.08,-0.84,-0.37,8.11,-2.76,-13.18,8.44,1.34,-6.97
13.9782,-89.6536,12.88,-1372.41,186.94,1.43,-4.44,-1.97,1.65,6.69,-2.84,0.72,-0.22,-23.52,0.45,-1.63,1.97,5.46,-2.88,-2.35,-5.65,0.18,4.21,-1.93,-0.91,-1.9,-1.39,4.57,-3.56,-10.81,13.0,-0.72,-6.97
13.9768,-89.7157,6.47,65.65,-0.44,0.94,5.68,4.05,-5.46,0.18,5.34,-10.85,2.05,-29.24,31.55,-1.32,6.63,-0.62,1.02,-1.8,0.26,-4.06,6.11,-3.09,1.61,-0.01,0.3,-3.91,-1.2,7.07,-7.77,2.67,3.77
13.9768,-89.715,14.9,-98.1,29.66,-0.13,5.22,4.51,-5.65,-1.28,6.13,-9.37,1.08,-28.42,31.55,0.22,5.31,-3.15,0.11,-0.89,0.62,-3.54,7.57,-3.25,0.02,0.62,2.5,-3.0,-1.33,7.07,-7.39,2.67,4.93
13.9768,-89.7142,15.97,-595.09,92.1,-0.49,4.53,3.68,-5.87,-0.66,8.73,-10.19,0.9,-0.0,-0.0,-2.52,2.87,3.71,0.14,-2.13,0.37,-3.45,6.14,-2.76,1.44,-0.48,3.23,-5.62,-0.24,6.78,-7.5,3.04,4.93
13.9768,-89.7135,24.27,-341.65,70.71,0.54,5.4,3.85,-5.41,-0.21,6.21,-11.44,1.08,-0.0,-0.0,-0.09,4.02,-0.21,-0.14,-0.23,0.3,-2.61,5.61,-1.77,1.85,-1.62,2.79,-1.11,-1.39,6.89,-7.5,2.16,8.02
13.9768,-89.7128,18.59,-752.04,114.56,-0.14,5.54,2.74,-5.2,0.7,7.23,-11.7,0.79,-0.0,-0.0,0.58,4.93,2.01,-1.67,-0.74,-1.27,-2.62,4.62,-1.67,2.45,-1.67,3.04,-3.66,-2.01,7.89,-8.02,0.82,8.56
13.9768,-89.712,7.52,-909.7,120.93,-0.37,4.87,2.97,-4.9,0.69,7.41,-11.85,1.5,-40.77,12.61,-0.1,5.88,-0.04,-1.53,-0.95,0.18,-2.09,4.49,-1.63,0.76,-0.57,3.92,-2.02,-1.74,6.89,-7.43,-0.13,7.54
13.9768,-89.7113,17.56,-1350.24,187.08,0.09,5.9,2.12,-4.44,0.68,7.83,-12.34,0.97,-48.79,12.61,0.49,5.26,1.41,-1.35,-0.99,-0.26,-2.18,3.57,-0.78,2.56,-1.58,2.76,-2.98,-1.69,7.18,-6.83,-0.09,8.5
13.9769,-89.7105,15.56,-1830.15,243.88,-0.28,6.04,1.51,-4.32,0.55,7.35,-12.07,0.52,-40.6,-0.0,-1.04,3.99,1.19,-1.18,-0.47,0.53,-1.47,4.02,-0.5,2.62,-1.75,3.4,-2.46,-1.78,7.93,-6.59,-1.1,8.36
13.9769,-89.7098,6.46,-1545.48,198.11,-0.27,6.43,0.64,-3.94,1.19,7.04,-12.1,1.11,-33.84,-12.15,-0.14,3.76,1.56,-1.73,-1.0,0.32,-1.69,2.59,-0.14,2.44,-1.31,2.41,-2.72,-1.66,7.93,-6.3,-2.99,8.67
13.9769,-89.7091,8.35,-515.83,73.44,-0.14,6.08,0.39,-2.9,1.61,7.33,-12.22,1.15,-15.31,1.22,-0.62,3.83,1.9,-2.03,1.17,0.56,-1.18,1.74,-0.39,1.48,-2.25,2.44,-2.98,-1.98,8.55,-5.72,-3.73,8.56
13.9769,-89.7083,5.01,-345.17,48.47,-0.53,6.46,0.31,-2.12,1.49,7.2,-12.18,1.14,-21.68,7.57,-0.61,3.75,2.23,-1.65,1.12,1.41,-1.01,1.78,0.16,1.73,-2.14,2.79,-2.45,-1.66,7.44,-5.49,-3.73,8.56
13.9769,-89.7076,-0.41,273.22,-34.17,-0.01,6.47,-0.79,-1.33,1.29,6.69,-12.18,1.6,-18.11,21.09,-0.07,3.06,2.05,-1.63,1.43,0.81,-0.9,1.08,0.13,1.25,-1.72,2.75,-2.95,-2.02,6.85,-5.92,-3.24,7.88
13.9769,-89.7068,8.33,-693.28,95.34,0.09,6.36,-0.95,-1.08,1.15,6.23,-11.7,2.07,-34.03,10.23,-0.02,2.69,2.99,-1.52,1.52,1.16,-0.26,0.58,0.26,1.68,-1.45,2.69,-2.41,-1.85,7.38,-5.61,-2.94,8.32
13.9769,-89.7061,5.84,-1193.66,154.16,0.22,6.42,-1.66,-1.29,1.37,5.56,-10.88,2.43,-38.78,-2.98,0.2,2.67,3.43,-1.64,1.96,1.08,0.47,0.14,0.15,1.3,-1.38,2.81,-2.29,-1.67,7.15,-5.34,-3.11,7.79
13.9769,-89.7054,8.55,-970.7,129.87,0.19,6.29,-1.49,-1.14,1.53,4.99,-10.15,2.36,-29.57,-3.18,0.72,1.89,3.08,-1.45,2.09,0.43,1.09,-0.64,0.62,1.04,-0.63,2.54,-2.0,-1.54,7.4,-5.47,-2.51,7.43
13.9769,-89.7046,19.71,-699.11,109.56,0.21,6.11,-1.84,-0.94,1.44,4.23,-9.48,1.96,-25.23,8.63,1.0,1.97,3.69,-1.7,2.05,-0.0,1.08,-0.77,0.71,0.45,-0.83,2.36,-2.04,-0.96,7.77,-4.57,-1.57,6.6
13.9769,-89.7039,14.11,-759.74,110.44,0.27,6.21,-2.22,-0.27,1.88,4.12,-8.41,2.09,-33.13,9.88,1.01,1.2,4.29,-1.77,2.26,-0.44,0.28,-0.38,0.6,1.06,-0.7,2.54,-1.82,-1.2,7.19,-4.29,-1.89,5.94
13.9769,-89.7031,19.34,-961.31,141.53,0.13,6.37,-2.22,-0.66,2.18,3.63,-7.97,1.8,-28.39,3.45,0.37,1.23,4.43,-1.94,2.51,-0.24,1.44,-1.24,0.71,0.02,-0.59,1.73,-1.14,-1.46,7.27,-3.13,-1.96,5.19
13.9769,-89.7024,8.52,-322.61,49.9,0.31,6.03,-2.18,-0.28,2.2,1.77,-6.68,1.48,-22.72,11.67,0.5,0.98,4.13,-1.53,2.42,-0.23,1.59,-2.22,0.38,-0.07,0.12,2.13,-1.31,-1.32,6.47,-3.09,-2.59,4.44
13.9769,-89.7017,17.89,184.86,-1.7,0.72,6.36,-1.56,-0.24,2.62,1.47,-5.16,0.84,-10.71,21.24,0.97,-0.15,4.23,-2.47,2.42,-0.26,2.19,-2.84,0.68,0.38,0.18,1.19,-0.86,-1.14,7.57,-2.46,-2.33,3.89
13.977,-89.7009,7.46,171.31,-12.35,0.06,5.57,-1.83,-0.32,2.45,0.63,-4.42,0.33,-16.3,23.97,0.74,-0.62,3.5,-2.07,0.94,0.36,2.56,-2.95,0.82,-0.89,-0.63,1.53,-1.57,-0.95,7.17,-2.98,-2.39,2.8
13.977,-89.7002,13.02,8.55,14.32,0.58,6.29,-2.55,0.49,2.79,-0.05,-3.83,-0.12,-23.92,27.74,0.85,-0.12,3.95,-2.4,1.65,0.25,2.48,-3.34,1.1,-0.91,0.41,2.14,-2.17,-0.21,7.52,-2.73,-2.29,3.13
13.977,-89.6994,9.08,1090.52,-124.05,0.7,6.54,-2.55,-0.07,3.0,-0.81,-2.53,-0.75,-0.0,30.14,1.02,-0.61,3.49,-2.28,1.29,0.39,2.42,-3.65,1.2,-0.36,0.52,1.57,-1.95,0.01,7.74,-3.28,-1.93,2.43
13.977,-89.6987,13.37,1171.9,-129.06,1.05,6.18,-2.99,-0.25,2.83,-1.17,-2.18,-0.44,-0.0,36.42,1.4,-0.9,2.79,-1.76,1.39,0.05,2.07,-2.93,0.87,-1.46,0.95,1.6,-2.71,0.09,7.65,-2.59,-1.5,1.84
13.977,-89.698,6.41,1206.79,-141.62,0.83,6.19,-2.81,-0.48,2.61,-1.15,-1.35,-0.51,-0.0,33.95,1.59,-1.01,1.65,-1.25,0.43,0.5,2.46,-3.63,0.78,-1.47,0.49,2.48,-2.51,0.73,7.33,-2.59,-1.91,1.33
13.977,-89.6972,-1.07,-221.18,26.09,0.49,5.58,-1.84,0.38,3.05,-1.36,-0.88,-0.38,-0.1,-0.0,1.38,-1.3,2.93,-1.96,1.48,0.28,2.65,-2.98,0.31,-1.19,0.29,1.86,-2.28,0.1,6.82,-2.8,-1.65,0.04
13.977,-89.6965,18.86,344.37,-20.3,0.67,5.95,-2.17,0.39,2.98,-1.4,0.05,-1.17,-0.0,10.96,1.59,-1.33,4.47,-1.25,0.89,0.13,3.22,-3.01,0.2,-1.02,0.69,2.36,-2.72,0.09,7.3,-1.83,-0.45,0.52
13.977,-89.6957,11.1,223.61,-14.54,1.14,5.51,-2.28,0.31,3.12,-1.94,0.54,-1.6,-1.92,10.32,2.03,-1.21,3.8,-1.53,1.78,0.08,3.92,-3.75,0.43,-1.42,0.69,2.12,-2.57,0.97,6.97,-2.09,-0.22,-0.99
13.977,-89.695,8.8,959.88,-108.37,0.9,5.04,-1.87,0.85,2.87,-2.08,1.03,-1.97,12.99,18.28,2.24,-0.67,2.31,-1.6,1.06,-0.04,3.7,-3.16,0.28,-1.56,0.74,1.85,-2.45,0.57,6.97,-2.45,-0.22,-0.98
13.977,-89.6943,11.51,-2.67,13.93,0.76,5.1,-1.47,1.29,3.06,-2.41,1.29,-2.39,-7.97,13.26,1.39,-1.3,2.61,-1.51,1.19,0.19,2.97,-3.68,0.33,-1.53,0.36,2.26,-2.83,0.35,6.68,-1.82,-0.34,-0.98
13.977,-89.6935,18.5,193.43,-2.07,1.11,4.96,-1.62,0.84,3.11,-2.51,1.89,-1.94,1.66,11.75,2.28,-1.3,2.54,-1.57,1.71,-0.03,2.56,-2.93,0.59,-1.02,0.26,2.69,-2.95,0.54,6.24,-1.73,0.57,-0.45
13.977,-89.6928,17.98,310.1,-17.14,0.81,4.44,-1.97,1.42,2.91,-3.2,2.1,-1.71,6.26,12.47,1.95,-1.91,2.63,-1.65,1.48,0.14,3.1,-3.32,-0.11,-1.06,0.51,2.45,-3.62,0.82,6.01,-1.6,0.48,-0.4
13.9771,-89.692,21.34,254.09,-6.24,0.96,3.97,-1.7,1.18,2.3,-2.64,2.2,-1.88,11.88,5.59,2.14,-1.51,1.33,-0.98,2.0,0.65,3.0,-3.4,0.79,-0.12,0.58,2.44,-3.25,0.88,5.77,-1.07,0.64,-0.48
13.9771,-89.6913,18.95,529.34,-43.16,0.77,4.22,-1.4,1.18,3.16,-3.13,1.82,-2.25,9.36,15.87,1.86,-1.6,1.92,-0.87,1.6,0.28,3.26,-3.1,0.01,-0.97,0.64,2.58,-3.61,1.98,5.63,-1.07,0.5,-0.62
13.9771,-89.6906,14.16,-382.24,64.1,0.76,3.42,-1.21,1.75,2.63,-3.09,1.92,-2.1,-16.08,11.78,2.14,-1.59,1.15,-0.67,1.0,0.26,3.1,-3.06,-0.19,-1.06,0.66,2.48,-4.24,2.22,4.98,-0.71,0.05,-0.9
13.9771,-89.6898,16.15,392.76,-29.57,0.46,3.36,-0.82,1.01,2.18,-3.32,2.06,-1.98,-2.88,22.62,2.45,-1.71,1.03,-0.24,1.3,0.09,3.38,-3.66,0.42,-0.42,0.86,2.17,-3.9,2.27,4.79,-0.2,0.22,-1.38
13.9771,-89.6891,9.89,380.99,-35.52,0.71,2.19,-0.95,1.55,2.62,-3.2,1.71,-2.16,-10.45,27.59,2.12,-1.64,2.54,-1.07,1.1,-0.38,2.96,-3.37,-0.26,-1.38,1.07,1.76,-4.42,2.36,4.61,-0.57,-0.08,-1.51
13.9771,-89.6883,11.32,558.44,-55.83,-0.01,1.95,-0.93,1.28,2.75,-3.46,1.72,-2.29,2.46,23.16,3.44,-1.75,1.78,-2.19,1.16,-0.93,3.44,-3.06,-0.73,-1.13,0.84,0.93,-4.47,2.52,4.35,0.16,-0.3,-1.77
13.9771,-89.6876,5.23,358.16,-38.21,-0.48,1.62,-0.45,1.36,2.92,-3.44,2.03,-2.03,-6.29,18.63,3.1,-1.12,2.77,-1.42,1.11,-0.82,3.21,-3.33,0.7,-1.42,0.42,0.76,-3.04,1.19,3.95,0.83,-0.76,-3.18
13.9771,-89.6869,6.48,337.43,-34.17,-0.73,1.69,-0.54,2.09,2.39,-3.7,1.68,-1.88,6.49,4.43,3.86,-1.38,2.36,-1.27,1.3,0.02,4.15,-2.28,-0.73,-0.28,0.56,0.49,-3.18,1.38,3.95,0.46,-0.46,-2.66
13.9771,-89.6861,-0.37,-314.49,38.57,-0.36,0.92,-0.04,2.34,2.55,-3.38,1.74,-2.25,-11.07,-1.2,3.52,-1.3,1.82,-0.8,1.34,-0.27,3.1,-2.41,0.49,-0.96,0.31,0.18,-2.71,2.1,3.21,0.46,-0.55,-3.27
13.9771,-89.6854,1.97,-49.56,8.48,-0.52,0.74,0.08,2.25,2.78,-3.06,2.02,-2.15,-0.0,-3.1,3.36,-1.56,3.17,-1.63,1.31,-0.36,2.77,-2.01,-0.01,-0.37,0.62,0.13,-2.83,1.24,3.36,1.35,-1.08,-3.53
13.9771,-89.6846,-10.97,-302.83,24.59,-1.35,0.11,1.08,2.89,2.15,-2.82,1.76,-2.37,-10.91,-4.63,2.82,-1.04,1.93,-1.95,1.83,-0.82,2.93,-2.39,-1.24,-1.28,0.24,-0.18,-1.75,1.14,3.08,-0.22,-0.22,-4.82
13.9771,-89.6839,-10.66,449.32,-68.37,-2.02,-0.27,-0.16,3.03,2.19,-3.22,2.2,-2.16,2.36,3.89,2.61,-1.59,1.91,-1.66,-0.1,-0.18,4.02,-1.42,0.18,-1.13,1.13,-0.16,-1.22,1.12,3.15,-0.19,-0.22,-4.82
13.9772,-89.6832,-14.98,51.85,-24.16,-1.89,-0.6,0.42,3.35,2.48,-3.37,2.15,-2.42,1.73,-10.08,2.93,-2.08,1.71,-1.73,0.91,-0.72,4.12,-1.41,0.08,-1.0,1.06,0.05,-1.27,0.88,2.64,-0.28,-0.59,-4.51
13.9772,-89.6824,-11.29,-333.11,28.0,-2.35,-0.18,0.35,3.05,2.67,-3.03,2.57,-2.35,-0.0,-24.56,2.86,-2.17,2.51,-1.61,1.44,-0.24,3.03,-0.98,-0.03,-1.15,0.67,-0.31,-0.7,0.56,1.82,-0.03,0.16,-4.39
13.9772,-89.6817,-18.06,360.62,-66.14,-2.47,-0.46,0.39,3.32,2.24,-2.69,2.87,-2.45,11.16,-12.93,2.47,-2.25,3.27,-1.56,0.75,-0.05,3.01,-1.03,0.23,-1.76,0.56,-0.38,-1.01,0.98,1.93,-0.31,0.14,-5.6
13.9772,-89.6809,-18.33,746.16,-114.35,-2.7,-0.73,0.08,3.47,2.16,-2.49,3.2,-3.28,10.33,0.01,2.55,-1.85,2.97,-1.26,-0.08,-0.24,2.12,-0.58,0.21,-1.41,0.39,0.47,-0.26,0.41,1.82,-0.19,0.28,-5.99
13.9772,-89.6802,-20.48,424.32,-76.94,-2.46,-0.84,0.1,3.92,2.42,-2.46,3.06,-3.01,0.61,-2.39,2.9,-1.91,2.9,-1.47,0.09,-0.31,2.06,-0.27,0.45,-1.31,0.7,-0.03,-0.54,0.42,1.75,-0.44,0.33,-6.05
13.9772,-89.6795,-20.16,1127.35,-163.92,-2.57,-0.85,0.15,4.73,2.2,-2.67,3.16,-3.45,16.68,4.08,3.19,-1.21,2.62,-1.74,-0.79,0.05,1.8,-0.39,0.17,-1.64,0.51,-0.29,0.24,0.09,2.15,-0.38,0.19,-6.29
13.9772,-89.6787,-15.29,481.99,-77.99,-2.43,-1.11,-0.53,4.67,2.01,-2.87,3.15,-3.61,-0.0,0.33,2.89,-1.62,2.79,-1.61,-0.58,0.05,1.3,-0.33,-0.45,-1.69,0.64,-0.12,0.37,0.21,1.44,0.13,0.84,-6.3
13.9772,-89.678,-17.69,269.46,-54.43,-1.79,-1.37,-0.88,5.09,1.98,-2.24,3.78,-3.54,-0.0,-0.0,3.3,-1.83,2.84,-1.48,-0.61,-0.05,1.24,-0.39,-0.17,-1.16,0.78,-0.6,0.46,0.52,1.63,-0.03,0.25,-5.9
13.9772,-89.6772,-22.06,-42.21,-20.86,-2.08,-1.38,-0.83,5.28,1.89,-2.22,4.24,-3.41,-0.0,-0.0,3.47,-1.99,2.15,-1.44,-0.32,0.17,0.58,0.39,-0.4,-1.07,0.52,-0.63,0.82,0.16,0.75,-0.14,0.29,-5.89
13.9772,-89.6765,-14.68,-90.93,-6.07,-1.84,-1.35,-1.26,5.4,1.79,-2.43,3.76,-3.27,-0.83,-10.69,3.36,-2.14,2.34,-1.28,-0.63,0.5,0.48,0.64,-0.63,-1.56,0.7,-0.38,1.3,0.04,0.68,0.36,1.09,-6.28
13.9772,-89.6758,-17.76,159.26,-40.83,-1.68,-1.29,-1.32,5.28,1.66,-2.59,4.54,-3.9,-7.13,-0.54,3.64,-1.62,2.32,-1.12,-0.46,0.57,0.25,0.81,-0.31,-1.16,0.36,-0.16,1.34,0.11,0.0,0.1,1.05,-5.79
13.9772,-89.675,-17.8,116.29,-35.54,-1.43,-1.34,-1.28,5.47,1.66,-2.87,4.92,-4.15,5.02,-14.05,3.45,-1.86,1.97,-0.09,-0.24,0.6,0.13,0.92,-0.1,-1.05,0.32,-0.44,1.67,-0.12,-0.38,0.1,1.12,-5.51
13.9773,-89.6743,-14.05,-134.17,0.06,-1.43,-1.62,-1.63,5.47,1.65,-2.55,5.41,-4.03,9.33,-23.15,3.75,-1.82,1.98,-0.46,-0.51,0.6,-0.09,1.23,-0.19,-1.0,0.52,-0.95,1.61,-0.09,-0.37,0.0,1.35,-4.82
13.9773,-89.6735,-5.71,-384.96,41.14,-0.58,-1.9,-1.5,5.53,1.61,-3.34,4.91,-4.18,5.06,-22.33,3.95,-1.37,2.04,0.45,-0.32,0.76,-0.3,1.21,-0.19,-1.13,0.83,-0.24,2.03,-0.35,-1.08,1.1,1.81,-4.73
13.9773,-89.6728,-5.57,-412.89,44.79,-0.33,-1.68,-1.31,5.0,1.85,-3.65,4.81,-4.28,-0.0,-22.33,3.86,-1.75,1.74,0.46,-0.54,0.56,-0.47,1.24,0.36,-1.1,0.27,-0.43,2.58,-0.32,-0.93,1.14,1.42,-4.31
13.9773,-89.6721,-6.3,-443.46,47.74,-0.63,-1.65,-1.51,5.08,1.73,-3.7,5.05,-4.15,-3.97,-14.36,3.82,-1.48,2.5,0.74,-0.63,0.13,-0.31,0.96,-0.3,-0.4,-0.02,-0.77,2.21,-1.16,-1.44,1.1,1.57,-4.12
13.9773,-89.6713,-1.46,-350.28,41.88,0.07,-2.54,-0.97,5.42,1.69,-3.62,5.23,-3.74,-0.0,-0.0,3.95,-1.94,1.96,0.45,-0.3,0.35,-0.22,1.0,0.11,-0.56,0.01,-1.01,3.03,-1.84,-1.44,1.55,1.41,-3.57
13.9773,-89.6706,9.17,68.08,2.38,0.37,-2.52,-0.48,5.28,2.13,-4.53,5.13,-3.5,-0.0,-0.0,3.74,-1.55,2.2,0.7,-0.92,0.3,-0.11,1.27,0.82,-0.66,-0.1,-1.31,2.56,-2.0,-1.87,2.43,1.7,-2.67
13.9773,-89.6698,6.92,-545.29,76.11,0.93,-2.42,-0.94,4.97,2.15,-4.51,5.73,-4.69,-0.0,-16.82,3.94,-1.45,1.75,0.39,-2.22,0.34,-0.3,1.48,1.15,-1.09,-0.02,-1.34,3.56,-2.26,-1.75,2.31,1.34,-2.67
13.9773,-89.6691,-0.4,-185.17,22.6,0.78,-2.99,-0.76,4.74,2.06,-4.1,5.22,-3.77,-1.42,-1.5,3.68,-1.0,1.37,0.69,-2.91,-0.6,-1.21,0.51,1.19,0.14,-0.81,-1.17,3.87,-2.68,-2.33,2.31,1.07,-3.39
13.9773,-89.6684,6.97,-83.79,18.69,0.64,-3.41,-0.25,4.39,2.04,-4.6,5.09,-4.12,-0.0,-0.76,4.25,-1.87,1.58,-0.15,-1.62,-0.42,0.2,0.46,0.43,-1.13,0.0,-2.16,5.16,-2.61,-3.14,3.0,1.45,-2.61
13.9773,-89.6676,9.87,83.99,1.23,0.93,-3.12,-0.61,5.06,1.82,-4.14,5.91,-4.32,-0.0,5.89,4.08,-1.77,2.21,-0.13,-2.33,-0.35,-0.25,1.41,-1.61,-0.08,-0.77,-1.8,3.88,-1.83,-3.23,3.41,1.46,-2.58
13.9773,-89.6669,4.99,411.89,-45.43,2.13,-4.32,-0.39,4.12,1.62,-3.19,6.12,-4.73,0.58,15.05,5.82,-1.06,0.52,-0.85,-1.7,-0.64,-0.15,3.29,0.47,-0.74,-1.09,-2.54,5.45,-2.7,-3.62,4.46,-0.15,-2.61
13.9773,-89.6661,-18.85,976.63,-144.08,2.25,-3.52,0.05,4.9,1.86,-5.14,6.29,-5.12,-0.0,9.81,5.22,-0.58,2.07,0.34,-2.16,1.15,-0.17,0.8,1.24,-0.56,-0.86,-3.46,4.75,-2.62,-3.6,1.52,-0.2,-3.05
13.9773,-89.6654,9.06,365.92,-34.89,1.62,-3.51,0.36,4.25,2.02,-4.65,4.69,-3.99,17.77,9.81,5.08,-1.81,1.81,-0.32,-4.29,-2.32,-0.18,0.06,-4.16,1.31,-1.09,-3.82,5.69,-3.66,-3.6,5.55,-0.91,-2.41
13.9774,-89.6647,22.35,-182.82,49.28,1.8,-3.52,-0.74,3.17,0.36,-5.15,5.59,-6.65,16.82,6.75,4.47,0.6,2.73,-1.32,-3.79,-3.52,2.3,-0.93,-0.58,-5.7,-1.03,-3.18,5.14,-4.14,-2.83,7.39,-1.26,-2.73
13.9774,-89.6639,8.11,-363.8,54.99,1.99,-4.33,0.04,3.3,0.76,-3.5,9.85,-4.51,-4.07,0.38,3.54,-1.04,1.44,-4.05,-6.69,7.22,-0.37,0.37,-2.15,2.92,-1.16,0.94,5.57,-3.54,-4.72,5.82,-0.71,-2.06
13.9774,-89.6632,88.94,-2803.83,455.22,2.24,-3.06,-0.56,5.24,2.18,-5.6,4.52,-8.13,-9.17,0.38,3.83,-2.43,0.78,0.52,-13.87,-3.65,2.27,1.82,2.59,5.93,-3.23,-2.39,6.36,-4.31,-3.01,14.03,1.71,-2.91
13.9774,-89.6624,41.27,-2142.78,316.31,0.22,-3.94,-0.07,2.98,1.25,-2.94,0.67,-2.03,-9.17,-11.55,1.64,-3.95,1.61,-0.69,-8.59,7.8,0.91,1.11,0.17,-0.74,-4.53,-13.92,7.22,-1.38,-4.54,10.39,-0.15,-3.02
13.9774,-89.6617,124.24,-2404.1,447.3,1.22,-3.41,-1.21,5.25,4.03,-3.28,3.03,-3.66,-0.0,-0.0,4.01,-2.4,-2.16,1.42,-2.86,-5.99,-3.71,-0.71,3.78,-1.89,-0.58,-0.0,4.01,3.95,-1.94,21.22,-0.78,-4.28
13.9774,-89.661,8.87,815.72,-91.32,1.6,-3.39,-0.98,1.59,2.75,-2.28,1.49,-1.17,-0.0,12.41,7.94,-0.08,1.6,10.17,-9.03,8.84,-2.05,0.53,-10.92,12.16,-2.77,-1.49,2.94,-0.99,-4.95,7.53,-0.78,-4.28
13.9774,-89.6602,48.02,-973.65,178.49,3.27,-3.36,-1.5,0.53,2.07,-3.54,-2.0,-2.95,1.69,5.18,2.13,-3.87,-1.51,5.99,2.16,-0.03,-1.62,-1.55,2.26,6.64,-0.84,-2.55,6.88,-4.59,-4.36,7.53,4.44,-3.96
13.9774,-89.6595,12.75,47.07,9.23,4.26,-2.73,-0.85,4.35,2.76,-3.31,0.42,-2.86,-0.0,-1.76,5.26,-1.13,4.03,10.56,3.32,-2.42,0.26,5.72,-15.49,-1.37,1.26,-7.88,3.82,2.64,-1.83,5.35,0.99,-5.77
13.9774,-89.6587,-18.2,940.6,-139.07,4.28,-4.48,-0.81,3.29,1.96,-5.42,2.04,-1.78,-1.25,9.39,6.25,0.11,0.48,-0.8,8.49,-0.04,-0.48,2.87,-3.47,-2.85,7.56,-3.86,3.25,1.76,-21.02,13.08,0.07,-4.52
13.9774,-89.658,-61.64,2777.62,-420.1,1.65,-3.45,-0.59,2.76,3.6,-2.43,7.52,-1.7,12.31,13.1,3.08,1.3,1.62,1.18,2.08,1.24,1.98,-0.45,4.95,8.79,-6.63,-7.39,6.9,1.02,-12.06,4.17,-1.9,-5.93
13.9774,-89.6573,24.15,64.4,20.59,2.45,-3.1,-2.64,3.97,4.61,-1.79,1.11,-2.4,11.09,21.37,2.12,-4.81,11.6,1.87,-0.0,-2.45,-0.01,-0.97,0.87,2.08,0.1,-1.21,-7.74,-6.42,-11.77,15.52,-2.11,-5.62
13.9774,-89.6565,-67.53,553.98,-149.3,-0.74,-3.77,-2.51,2.45,3.91,-3.66,1.94,-2.17,-22.45,7.06,6.09,-0.75,-0.43,5.47,-11.48,2.78,1.86,4.65,-8.36,-2.62,-8.45,1.02,4.95,-2.16,-5.76,-1.0,-1.52,-5.71
13.9775,-89.6558,-4.23,-472.82,54.09,1.67,-4.86,-2.13,4.06,3.86,-3.1,3.01,-0.85,-26.17,-3.97,7.35,0.28,-3.6,-0.51,-5.07,13.03,1.3,4.04,-1.38,4.39,0.49,2.35,0.64,-4.42,-3.56,6.17,-1.52,-5.71
13.9775,-89.655,-28.03,-440.73,21.87,3.6,-3.24,-1.84,1.22,4.73,-3.71,-2.31,-0.39,-21.59,-0.0,0.42,8.99,-3.59,-0.54,-4.01,9.36,0.3,3.28,-3.62,-3.97,1.47,0.07,5.3,-2.65,-10.97,8.59,-1.83,-7.01
13.9775,-89.6543,-12.78,-197.24,9.51,0.26,-3.85,-0.64,2.78,6.24,-3.83,0.38,-0.47,-16.47,-0.37,4.26,1.51,11.59,-1.4,-0.64,5.84,-1.37,-6.99,-7.22,1.76,-10.28,4.58,5.94,-4.6,-8.16,8.42,-1.11,-7.31
13.9775,-89.6536,24.92,-2161.0,299.85,3.22,-3.08,-3.22,1.98,6.53,-3.81,-1.46,-1.92,-32.1,-9.58,-0.36,2.51,9.49,-7.47,1.36,-2.19,0.18,5.83,-3.24,-1.0,-0.99,-4.16,3.38,-4.42,-8.23,12.37,-0.38,-6.41
13.9761,-89.7157,18.18,-283.51,56.33,1.88,5.54,4.01,-5.39,-2.11,5.08,-8.74,1.88,-16.98,19.13,-1.8,3.0,5.0,-0.48,-2.5,1.17,-6.92,5.06,-1.4,0.56,-1.29,2.41,-4.23,0.24,6.5,-7.44,3.52,5.23
13.9761,-89.715,18.42,-593.54,94.79,0.24,5.97,4.41,-4.7,0.21,6.03,-9.82,4.32,-27.76,14.71,-2.11,3.08,4.05,0.87,-1.83,-0.65,-5.09,6.07,-3.44,1.64,-0.65,2.87,-3.11,-1.3,6.75,-7.61,3.52,5.23
13.9761,-89.7142,0.43,-357.38,44.5,-0.03,5.32,3.6,-5.41,-0.91,5.76,-10.21,1.27,-14.12,4.56,-2.38,6.84,-0.25,-2.12,-1.19,0.01,-3.92,6.0,-2.02,0.98,-0.19,2.22,-4.25,-0.71,6.44,-7.61,1.83,3.91
13.9761,-89.7135,20.32,92.5,12.59,0.14,4.98,2.88,-5.09,0.52,5.78,-10.12,0.67,-0.0,4.56,1.89,4.23,1.05,-0.58,0.52,-0.18,-3.36,5.76,-3.23,1.74,-0.03,2.64,-3.58,-1.53,6.96,-7.73,2.26,7.43
13.9761,-89.7128,10.58,-855.96,117.9,-0.75,5.86,2.5,-5.02,-0.23,7.84,-12.17,1.16,-30.17,4.56,-0.09,5.47,2.2,-1.79,-0.66,0.2,-2.31,4.8,-1.57,3.32,-1.43,2.43,-3.2,-0.59,7.0,-7.58,-0.1,8.46
13.9761,-89.712,8.49,-1053.97,139.84,-0.67,5.5,2.92,-5.06,0.39,7.9,-11.89,0.78,-22.95,-0.0,0.35,5.8,1.51,-1.53,-0.96,0.48,-2.7,4.39,-1.42,2.59,-0.35,3.49,-4.03,-1.59,7.72,-7.06,-0.7,7.18
13.9761,-89.7113,12.87,-1251.38,169.36,-0.64,6.1,2.08,-4.53,1.05,8.14,-11.81,0.88,-26.76,-0.0,-0.94,4.32,1.29,-1.94,0.4,1.2,-2.27,4.61,-0.45,3.24,-1.73,3.45,-3.66,-1.5,7.72,-6.81,-1.65,9.24
13.9761,-89.7105,9.28,-1438.36,188.19,-0.34,6.1,1.63,-4.34,0.57,8.31,-11.66,1.28,-33.44,-0.0,-0.71,3.73,2.03,-1.51,-0.25,0.68,-1.46,3.92,-1.07,2.68,-1.75,2.03,-3.56,-1.82,7.55,-6.27,-2.63,9.13
13.9761,-89.7098,11.38,-1049.6,142.79,-0.06,6.82,0.79,-3.0,1.23,8.14,-12.31,0.6,-23.71,-4.12,0.18,3.42,0.6,-2.06,-0.16,0.99,-1.8,2.93,-0.31,1.9,-1.87,2.51,-2.67,-1.5,7.39,-5.9,-2.63,9.13
13.9761,-89.7091,16.19,-654.25,99.77,-0.11,6.21,0.25,-2.23,1.72,7.67,-12.42,0.66,-25.1,8.18,-0.04,3.83,1.82,-1.44,0.78,1.44,-1.31,2.38,-0.11,2.87,-2.11,2.5,-2.59,-1.47,7.83,-5.39,-2.71,9.0
13.9762,-89.7083,6.17,-808.96,107.02,0.43,6.73,0.23,-2.26,1.47,7.36,-12.59,1.54,-24.56,-2.21,-0.34,3.65,1.64,-2.14,0.86,2.31,-1.19,1.79,0.03,2.39,-2.23,2.48,-3.13,-1.62,7.76,-5.63,-3.47,8.33
13.9762,-89.7076,6.72,-1002.23,131.53,0.16,6.79,-1.25,-1.84,1.38,7.14,-12.14,1.93,-23.62,-10.3,-0.21,3.16,3.17,-1.85,1.82,1.21,-0.51,1.38,-0.31,1.86,-1.33,2.35,-2.49,-1.38,7.14,-5.31,-3.35,8.36
13.9762,-89.7068,11.4,-662.06,95.12,0.44,6.59,-1.17,-1.16,1.47,6.68,-11.76,2.06,-34.18,12.38,-0.02,2.96,3.26,-1.71,1.59,1.81,-0.19,0.88,-0.4,1.93,-1.7,2.28,-2.7,-1.5,7.87,-5.15,-3.13,8.06
13.9762,-89.7061,15.79,-721.94,107.71,0.48,6.54,-1.26,-0.99,1.44,6.1,-11.28,2.51,-32.42,11.82,-0.09,2.59,3.31,-1.63,2.12,0.99,0.08,0.46,-0.14,1.63,-1.67,2.38,-2.51,-1.31,7.43,-4.6,-2.42,7.45
13.9762,-89.7054,7.3,-830.21,111.06,0.63,6.72,-1.3,-0.78,1.64,5.47,-10.23,2.3,-38.83,8.75,0.66,2.31,2.96,-1.75,2.64,0.88,0.31,0.07,-0.27,1.26,-1.0,1.94,-1.97,-1.13,7.43,-5.11,-2.8,6.91
13.9762,-89.7046,13.73,-1207.69,165.26,0.4,6.47,-1.7,-0.23,1.66,4.96,-10.4,1.63,-30.66,-5.62,1.03,1.99,3.6,-1.59,2.51,0.71,0.38,-0.86,0.05,1.52,-0.96,2.18,-2.02,-1.31,7.43,-4.57,-1.85,5.95
13.9762,-89.7039,21.78,-482.86,85.32,0.4,5.96,-1.91,0.06,1.73,3.67,-8.07,2.04,-16.21,8.22,0.62,1.57,3.88,-2.11,1.78,0.28,0.3,-0.94,0.4,1.45,-0.85,2.19,-2.02,-0.8,7.83,-4.08,-1.49,5.95
13.9762,-89.7031,17.51,-1016.02,146.12,0.16,6.44,-2.05,0.01,2.17,3.13,-7.99,2.16,-31.31,3.73,0.38,0.88,3.78,-1.77,2.63,0.6,1.17,-1.46,0.09,0.73,-0.61,2.17,-1.7,-0.85,7.01,-3.92,-1.5,5.61
13.9762,-89.7024,16.98,-942.97,136.5,0.49,6.27,-2.47,-0.4,2.26,2.64,-7.12,1.7,-29.41,3.73,0.43,1.26,4.81,-1.6,2.17,0.15,2.11,-2.33,0.07,0.1,-0.19,1.49,-1.22,-0.77,6.44,-3.06,-1.5,4.62
13.9762,-89.7017,12.89,856.69,-90.58,0.65,6.16,-2.02,-0.11,2.46,1.69,-6.06,-0.2,-0.0,24.12,1.27,1.27,4.26,-2.64,1.58,0.06,1.72,-2.28,0.28,0.9,-0.63,1.27,-2.15,-0.81,7.87,-3.21,-1.91,3.02
13.9762,-89.7009,10.45,-330.86,53.21,0.21,6.21,-2.25,-0.04,2.86,1.05,-5.06,0.16,-20.12,11.36,1.34,0.14,4.4,-2.04,2.05,0.05,1.77,-2.57,0.56,-0.82,-0.06,2.07,-1.6,-0.18,7.81,-3.21,-2.1,2.8
13.9762,-89.7002,5.33,-48.06,12.23,0.47,6.41,-2.33,0.04,3.36,0.49,-4.01,-0.1,-25.15,21.8,0.86,-0.03,3.8,-2.45,2.1,0.64,1.51,-2.81,1.13,-0.43,0.72,1.61,-2.38,-0.08,7.58,-3.48,-2.2,2.48
13.9763,-89.6994,11.11,341.95,-29.13,1.45,6.67,-2.48,0.48,3.25,-0.97,-3.06,-0.18,-21.22,34.74,1.71,-0.71,3.29,-2.23,1.09,0.44,2.36,-2.98,0.45,-0.34,0.46,1.52,-2.61,0.21,7.78,-2.82,-1.78,1.88
13.9763,-89.6987,15.65,557.15,-50.37,1.37,6.42,-2.8,0.13,2.96,-1.32,-2.95,-0.5,-11.86,36.51,1.24,-0.55,2.89,-2.18,1.09,0.25,1.97,-3.27,1.69,-0.38,0.44,1.97,-2.55,0.69,7.69,-2.26,-1.47,1.72
13.9763,-89.698,9.9,1148.18,-130.25,0.76,6.16,-3.09,-0.18,3.25,-0.3,-1.82,-0.79,-0.91,39.79,1.67,-1.12,3.11,-2.32,1.71,0.78,2.16,-3.56,-0.1,-0.72,0.01,1.86,-2.68,1.15,7.18,-2.25,-1.15,0.53
13.9763,-89.6972,9.16,799.04,-87.98,0.43,6.23,-1.9,0.16,3.84,-0.7,-1.11,-0.89,-5.85,31.06,1.6,-0.53,2.12,-2.22,0.97,0.71,2.86,-2.5,0.32,0.3,-0.02,2.26,-3.02,1.07,7.08,-2.57,-0.35,-0.27
13.9763,-89.6965,10.09,547.35,-55.77,0.99,5.2,-1.5,0.72,3.16,-1.51,-0.89,-1.54,-1.44,19.76,1.41,-0.9,3.06,-1.0,1.75,0.61,2.97,-3.2,0.6,-1.01,0.4,1.94,-2.69,1.18,7.08,-2.37,-0.23,-0.66
13.9763,-89.6957,8.07,1014.85,-116.0,1.78,5.33,-1.88,0.49,2.94,-1.84,0.18,-1.4,10.28,22.32,1.87,-1.08,3.51,-1.79,1.02,-0.09,3.41,-2.87,0.51,-1.85,0.87,1.41,-2.93,1.14,7.09,-2.43,-0.23,-1.13
13.9763,-89.695,15.15,994.36,-105.13,1.53,5.56,-2.02,0.41,3.27,-1.93,1.11,-1.42,8.53,26.31,1.59,-0.83,3.18,-1.98,1.72,0.25,3.08,-3.12,0.72,-0.8,0.6,1.37,-2.85,1.29,7.11,-1.75,0.01,-1.13
13.9763,-89.6943,13.91,307.15,-21.56,1.3,5.6,-1.68,0.75,3.26,-2.78,1.58,-2.3,4.02,11.25,1.44,-1.27,3.14,-1.41,1.02,0.17,3.38,-3.46,0.1,-0.5,0.69,2.14,-3.47,0.7,6.77,-1.82,0.06,-1.06
13.9763,-89.6935,12.3,468.85,-43.49,1.41,4.76,-1.55,1.22,3.47,-3.07,1.46,-2.28,7.42,10.98,1.72,-1.14,3.36,-1.39,1.52,0.31,3.1,-3.81,0.13,-0.36,0.56,2.55,-3.31,0.62,6.32,-1.82,-0.12,-0.71
13.9763,-89.6928,16.55,555.66,-49.22,1.53,4.48,-1.65,1.26,3.23,-3.69,1.67,-2.07,4.26,21.12,1.76,-2.09,2.61,-0.88,1.82,0.25,2.59,-3.18,0.11,-0.73,0.19,2.4,-3.77,1.37,6.33,-1.63,0.27,-0.66
13.9763,-89.692,21.59,821.83,-76.23,1.33,4.21,-1.27,1.13,3.19,-3.4,2.11,-2.05,16.4,19.02,2.02,-2.05,2.19,-0.57,1.77,0.24,2.62,-2.84,0.42,-0.24,0.03,2.48,-3.97,2.18,6.1,-1.21,0.65,-0.51
13.9763,-89.6913,15.41,608.37,-57.13,1.17,4.16,-1.25,1.21,2.69,-3.47,1.83,-1.9,16.33,10.32,2.04,-1.68,0.73,-0.26,1.63,0.17,2.81,-2.89,0.37,-0.25,0.3,2.61,-4.35,2.16,5.04,-1.06,0.82,-1.32
13.9763,-89.6906,16.46,329.52,-21.36,1.03,3.49,-1.41,0.98,2.83,-3.45,1.73,-1.91,-2.33,21.84,2.11,-1.48,0.13,-0.41,1.78,0.17,2.6,-3.1,-0.03,-0.22,0.6,2.61,-4.1,2.66,4.91,-0.73,0.75,-1.36
13.9764,-89.6898,11.7,-798.66,112.79,0.94,3.36,-1.29,1.08,2.85,-3.21,1.89,-1.8,-8.56,-0.0,2.41,-1.42,1.01,-0.53,2.0,-0.06,2.94,-2.89,-0.55,-0.51,0.61,2.26,-4.58,3.26,5.08,-0.8,0.39,-1.92
13.9764,-89.6891,7.2,428.05,-44.53,0.26,3.21,-1.16,1.96,2.9,-3.44,1.6,-2.28,-2.52,19.43,2.56,-1.4,1.29,-0.46,1.32,-0.14,2.81,-3.44,-0.18,-0.55,0.34,1.66,-4.95,2.98,5.08,-1.21,0.2,-1.92
13.9764,-89.6883,4.06,1095.0,-130.92,-0.17,2.02,-1.12,1.64,2.53,-2.86,1.72,-2.33,2.93,34.09,3.04,-1.68,1.25,-1.72,1.57,-0.28,2.23,-3.64,0.51,-0.37,0.26,0.61,-5.09,3.39,5.13,-0.63,-0.12,-3.16
13.9764,-89.6876,-3.1,-722.04,85.85,-0.25,1.91,-1.07,1.78,2.81,-3.61,1.61,-2.12,-9.79,-0.0,3.05,-1.62,1.04,-1.8,1.29,-0.33,1.68,-3.57,-0.55,-0.32,-0.17,0.61,-3.85,2.87,3.78,-0.84,-0.19,-2.85
13.9764,-89.6869,-10.29,426.92,-65.11,0.15,1.62,-0.85,1.67,3.15,-3.46,1.26,-1.89,-5.94,11.28,3.54,-0.74,1.31,-1.53,1.79,-0.85,2.79,-2.67,-0.1,-0.49,0.98,0.3,-3.22,2.2,2.7,-0.74,-0.19,-3.52
13.9764,-89.6861,-0.74,270.93,-34.48,-0.48,1.07,-1.31,2.14,2.37,-2.83,1.34,-2.5,-4.91,11.69,2.42,-1.58,3.02,-1.8,1.08,-0.02,3.09,-2.64,-0.04,1.36,0.77,-0.24,-2.85,1.77,3.92,0.07,-0.47,-3.52
13.9764,-89.6854,-5.9,512.66,-70.57,-0.37,0.36,-0.33,2.39,2.75,-3.46,1.94,-2.58,-0.0,7.69,3.37,-1.72,2.92,-2.53,1.06,0.09,2.17,-3.08,-0.04,-1.14,0.18,-0.32,-2.5,1.4,2.72,0.37,-0.13,-4.43
13.9764,-89.6846,-11.74,-770.07,81.65,-1.02,-0.04,0.24,2.29,2.91,-3.24,1.64,-2.56,-22.76,-5.65,2.19,-1.35,2.22,-2.45,1.04,-0.29,2.1,-2.86,-0.29,0.29,0.19,0.4,-1.62,1.67,3.6,-0.45,-0.37,-4.85
13.9764,-89.6839,-16.0,389.49,-67.26,-1.32,0.04,0.33,2.99,2.7,-3.03,2.05,-2.34,-6.77,8.53,2.31,-1.86,3.45,-2.27,1.26,-1.32,2.37,-1.07,-0.05,-0.42,-0.43,-0.63,-1.37,1.45,3.47,-0.8,-0.32,-5.15
13.9764,-89.6832,-16.03,1552.48,-211.65,-1.8,-0.37,1.15,2.61,2.97,-3.65,1.95,-2.54,16.66,15.0,3.46,-1.21,4.18,-1.67,0.9,0.33,2.69,-0.58,0.23,-0.38,0.71,-0.82,-1.24,1.29,2.84,-0.8,0.23,-5.31
13.9764,-89.6824,-17.92,902.51,-133.23,-1.51,-0.22,-0.3,3.03,2.91,-3.36,2.38,-3.05,14.97,1.09,2.73,-2.83,4.19,-2.18,0.87,0.07,2.39,-1.27,-0.1,-0.2,-0.13,-0.2,-1.28,1.55,1.89,-0.91,1.13,-5.99
13.9764,-89.6817,-11.7,203.4,-39.1,-2.41,-0.21,-0.23,3.2,3.23,-3.08,2.47,-2.66,18.04,-19.35,2.6,-2.4,4.15,-1.7,0.25,-0.04,2.38,-1.16,0.07,-1.17,-0.15,0.72,-1.3,1.56,2.15,-0.36,1.25,-5.99
13.9765,-89.6809,-16.41,269.61,-52.9,-2.54,-0.53,0.37,3.61,2.78,-2.64,2.74,-2.9,-0.0,-8.57,3.36,-2.14,2.86,-1.7,-0.03,0.3,1.95,-0.68,-0.19,-1.3,-0.05,0.07,-0.18,0.9,1.45,-0.46,1.06,-5.88
13.9765,-89.6802,-17.75,446.25,-76.43,-2.29,-0.71,0.22,4.17,2.79,-2.6,3.1,-3.3,16.39,-14.67,2.7,-1.67,3.52,-1.59,-0.17,-0.09,1.98,-0.55,0.3,-1.26,-0.24,0.02,-0.89,0.89,1.69,-0.75,1.13,-6.04
13.9765,-89.6795,-18.0,1041.15,-150.65,-2.18,-0.77,-0.05,4.47,2.76,-2.53,3.48,-3.66,21.2,-2.08,3.42,-2.18,3.42,-1.56,-0.49,-0.01,1.91,-0.38,0.29,-1.47,0.36,0.12,-0.95,0.64,1.69,-0.82,1.38,-6.36
13.9765,-89.6787,-14.4,359.83,-61.76,-2.08,-0.97,0.07,4.39,2.89,-2.56,2.7,-3.83,11.66,-0.0,3.48,-2.06,3.44,-1.72,-0.39,-0.01,1.49,-0.19,-0.04,-1.21,0.17,0.31,-0.14,0.46,1.38,-0.17,1.41,-6.39
13.9765,-89.678,-10.23,105.17,-25.17,-1.97,-1.06,-0.79,4.92,2.38,-2.71,3.11,-3.46,-2.55,0.28,3.65,-2.31,2.52,-1.61,-0.83,0.27,1.45,-0.09,-0.15,-1.35,0.22,-0.15,0.08,0.45,1.42,-0.29,2.12,-6.39
13.9765,-89.6772,-23.0,-196.62,-2.79,-1.68,-1.26,-1.39,5.19,2.31,-1.91,3.13,-3.57,-9.58,-10.47,3.74,-2.29,2.83,-2.02,-0.97,0.74,1.12,0.58,-0.55,-0.69,0.01,-0.52,0.55,0.42,0.39,-0.32,1.17,-6.77
13.9765,-89.6765,-16.89,39.91,-24.96,-1.73,-1.17,-0.78,5.22,2.38,-2.34,3.81,-3.89,0.56,-10.19,3.95,-2.31,2.66,-1.24,-0.52,0.32,0.58,0.27,-0.56,-1.08,0.59,-0.16,0.82,0.52,0.43,-0.32,1.73,-6.32
13.9765,-89.6758,-14.52,650.83,-98.11,-1.62,-1.12,-1.34,5.51,1.69,-2.46,4.24,-4.03,12.55,-1.34,4.01,-2.3,2.03,-1.16,-0.86,0.24,0.2,0.79,-0.23,-0.85,0.49,-0.58,1.3,0.33,-0.18,0.11,1.63,-5.73
13.9765,-89.675,-12.87,408.25,-66.01,-1.26,-1.19,-1.21,5.56,1.77,-2.66,4.24,-4.31,6.93,-3.57,3.87,-1.88,2.58,-0.56,-0.78,0.4,0.4,0.68,-0.34,-0.97,0.31,-0.22,1.74,0.43,-0.13,0.06,1.85,-5.66
13.9765,-89.6743,-9.69,47.91,-17.43,-0.93,-1.21,-1.47,5.89,1.91,-2.84,5.21,-4.57,2.0,-7.49,3.79,-2.19,2.26,-0.12,-0.9,0.92,0.22,0.8,-0.63,-1.12,0.18,-0.38,1.8,0.02,-0.46,0.15,1.94,-4.82
13.9765,-89.6735,-8.33,74.38,-19.11,-0.4,-1.25,-1.91,5.83,1.86,-2.69,4.9,-4.3,9.14,-12.35,4.09,-2.32,2.03,0.3,-0.69,0.43,-0.06,0.53,-0.75,-0.87,0.59,-0.88,2.21,0.18,-0.96,0.38,2.16,-4.72
13.9765,-89.6728,-6.43,-18.83,-5.27,-0.58,-1.56,-1.62,5.45,2.24,-3.34,5.08,-4.65,-0.0,-12.35,3.74,-2.04,2.56,0.3,-0.36,0.93,0.2,1.24,-0.37,-0.99,0.53,-0.86,2.14,-0.34,-0.96,0.82,1.83,-4.52
13.9766,-89.6721,1.83,-214.07,28.81,-0.4,-1.33,-0.91,5.31,1.92,-3.59,5.51,-4.32,4.22,-11.95,4.51,-2.05,2.41,0.43,-0.47,0.61,0.2,0.82,-0.14,-0.09,-0.88,-0.61,2.51,-0.43,-1.09,1.19,2.34,-3.92
13.9766,-89.6713,6.18,-740.71,99.54,0.08,-1.69,-0.68,5.69,2.08,-3.62,5.01,-3.73,-5.93,-13.62,4.04,-1.61,2.38,0.21,-0.67,-0.15,-0.26,1.0,-0.18,-0.83,0.17,-0.81,2.53,-0.94,-1.51,1.8,2.34,-3.54
13.9766,-89.6706,4.29,393.54,-43.92,0.58,-1.62,-0.87,5.98,2.4,-4.82,6.16,-3.96,4.41,5.8,4.47,-1.48,1.68,0.12,-0.51,0.63,1.11,1.85,0.02,-0.98,0.04,-1.07,2.63,-2.07,-1.67,1.8,1.92,-3.23
13.9766,-89.6698,1.5,179.98,-20.64,0.82,-1.64,-1.54,5.69,2.61,-4.76,5.77,-3.9,18.16,-0.0,4.45,-2.21,1.8,0.68,-2.79,-0.43,-0.1,1.24,0.57,-0.11,-1.74,-1.33,3.71,-2.36,-1.73,1.57,1.74,-3.23
13.9766,-89.6691,-0.96,86.9,-11.96,0.84,-1.93,-0.06,5.24,2.25,-5.0,5.96,-3.79,8.26,-0.0,4.79,-1.03,1.93,0.85,-1.09,-0.41,-0.32,1.52,2.58,-0.41,-0.8,-1.67,3.48,-2.84,-2.12,1.57,1.16,-2.55
13.9766,-89.6684,8.71,304.8,-27.66,0.57,-2.9,0.14,4.42,2.24,-4.3,5.15,-2.8,11.41,4.62,4.31,-2.19,3.47,0.7,-2.18,-2.41,0.09,1.07,0.16,-0.27,-0.88,-3.2,4.88,-1.68,-2.75,2.93,1.29,-2.24
13.9766,-89.6676,18.67,181.21,-0.47,1.66,-2.98,-1.2,5.19,1.19,-4.72,6.28,-3.99,9.76,4.53,5.73,-0.84,2.09,0.25,-1.49,1.27,0.25,1.16,-0.18,1.26,-0.75,-3.54,3.95,-2.47,-2.24,4.66,1.05,-3.12
13.9766,-89.6669,22.96,-100.54,39.73,1.15,-3.28,-1.03,4.85,0.97,-3.71,4.67,-4.68,4.51,4.53,5.01,-0.91,3.79,1.21,-0.96,-0.6,1.02,0.17,0.11,0.09,-0.31,-2.09,5.26,-2.73,-2.24,4.78,1.27,-2.66
13.9766,-89.6661,8.86,330.31,-30.68,1.75,-2.41,0.01,4.59,1.85,-4.06,4.94,-3.78,4.51,11.5,5.55,-0.67,3.25,0.57,-1.91,-0.31,-0.7,0.04,-2.3,1.02,-2.3,-2.44,4.59,-2.88,-4.26,4.46,0.82,-2.53
13.9766,-89.6654,29.53,-863.43,142.65,2.2,-2.81,-1.19,5.42,1.27,-4.83,7.53,-6.49,-6.1,5.14,6.82,-1.39,3.02,0.63,-4.45,-1.29,-0.95,-1.37,-3.2,2.57,-1.65,-2.92,6.77,-3.77,-3.73,6.91,0.82,-2.53
13.9766,-89.6647,16.03,-547.88,87.32,1.68,-2.08,-0.27,4.11,0.72,-4.87,2.96,-6.42,-6.14,7.29,4.91,-1.11,1.14,0.14,-3.91,0.8,-0.23,1.36,0.42,0.62,-1.12,-1.92,5.44,-2.7,-3.62,6.83,-0.32,-3.92
13.9766,-89.6639,10.27,-205.21,37.77,2.93,-1.14,-0.31,3.82,1.25,-4.96,6.45,-7.03,7.26,-0.0,5.71,-0.84,0.82,2.66,1.98,1.08,-0.87,-0.93,1.39,0.73,-3.78,-0.44,6.23,-1.34,-4.22,4.65,0.42,-1.93
13.9767,-89.6632,6.24,-199.15,32.24,1.87,-2.8,-1.61,6.56,3.0,-4.72,9.14,-6.51,7.26,-16.33,3.7,-3.3,7.87,0.39,-5.76,1.36,1.14,-2.22,7.42,5.04,-0.4,-5.33,5.29,-3.52,-3.59,6.11,-0.36,-4.75
13.9767,-89.6624,58.2,-2037.84,323.27,1.34,-4.67,-0.79,3.86,3.32,-3.25,3.49,-6.22,3.97,-16.33,2.85,0.13,2.42,-5.73,0.65,10.2,-5.39,-1.74,-3.16,0.65,-2.46,-7.65,6.37,-3.65,-5.58,13.24,-1.08,-1.55
13.9767,-89.6617,51.57,-1609.6,262.01,2.22,-2.71,-2.06,1.92,2.89,-2.54,12.02,-5.66,-0.09,-12.33,2.4,-2.23,-0.91,1.61,0.81,-2.68,-0.42,-0.22,-1.57,2.03,0.53,-0.3,4.47,-1.79,-5.05,13.48,-2.75,-1.37
13.9767,-89.661,74.89,-970.0,209.85,2.35,-1.64,-1.14,1.92,3.64,-3.51,0.29,-0.6,22.52,-0.0,-1.4,-1.68,2.67,7.01,-4.78,8.46,-2.43,1.23,3.56,-1.07,-1.12,4.73,4.07,-1.95,-3.52,13.48,0.01,-1.88
13.9767,-89.6602,-37.24,1466.95,-227.3,3.31,-2.75,-1.04,2.89,4.75,-4.8,6.44,-5.23,12.5,10.43,4.94,-2.14,3.87,-4.53,2.42,-2.36,0.53,-0.32,2.39,-8.9,0.47,-0.36,12.37,-1.56,-13.46,5.48,1.45,-5.79
13.9767,-89.6595,-30.93,962.49,-156.86,3.67,-3.47,-7.33,2.2,-1.35,-3.79,2.55,-2.63,0.56,11.47,5.65,4.61,4.23,-7.68,-1.8,-4.63,-0.01,1.03,-3.92,2.1,4.51,10.54,9.49,5.35,-8.83,3.63,1.15,-5.67
13.9767,-89.6587,62.61,-1811.15,300.44,1.91,-3.66,-1.8,4.39,4.23,-3.19,0.39,0.95,-18.29,-1.55,4.37,0.57,4.13,-2.51,-0.56,-0.21,1.09,-6.44,2.52,6.48,0.2,6.95,1.94,-5.35,-8.83,18.68,-0.61,-7.47
13.9767,-89.658,78.42,-1595.87,292.34,1.96,-1.56,-0.56,2.07,4.06,-5.34,3.42,-2.71,-5.19,20.32,2.79,-1.0,2.99,-7.23,-9.01,8.26,0.85,0.53,-1.39,0.92,-5.0,0.48,2.32,-3.03,-7.3,15.76,-0.22,-1.13
13.9767,-89.6573,12.77,628.52,-63.4,5.74,-2.08,-0.5,1.09,4.4,-4.43,7.76,-1.68,6.74,21.06,1.86,-1.32,8.94,9.86,-1.05,-2.7,-0.68,-2.81,-2.4,-14.09,-4.56,-3.53,4.36,-4.85,-7.68,10.78,-0.22,-7.5
13.9767,-89.6565,-0.18,1193.84,-149.42,2.97,-3.15,-1.51,2.82,5.36,-6.41,2.6,-0.52,-6.72,16.21,4.18,-3.84,21.43,-2.02,5.11,0.05,5.43,4.67,-6.5,-1.75,4.16,-0.85,0.11,-2.32,-9.73,9.95,-1.4,-4.94
13.9767,-89.6558,-57.09,494.54,-129.51,2.33,-5.26,-1.95,3.22,6.73,-3.78,-0.35,-2.14,-18.62,-1.36,1.26,3.25,2.73,4.27,-5.99,1.38,0.33,2.0,3.74,-5.66,1.28,-11.05,7.67,-4.85,-11.8,2.41,-0.08,-4.94
13.9767,-89.655,-14.91,-194.34,6.62,1.75,-3.27,-1.99,0.75,4.55,-4.49,-6.58,-1.55,-22.41,11.54,2.92,2.78,-0.31,1.59,0.16,3.39,-2.09,0.21,2.33,1.63,0.15,-3.45,3.58,-2.44,-10.73,8.69,-0.03,-7.2
13.9767,-89.6543,40.86,-2008.94,299.67,2.28,-4.38,-4.16,1.73,5.56,-5.6,-1.06,-1.25,-25.72,-10.84,-0.61,2.19,5.97,1.8,-10.4,1.42,-3.12,12.27,-4.16,11.6,4.75,-0.48,7.58,-6.7,-8.49,12.93,0.63,-4.96
13.9768,-89.6536,16.52,-1760.22,239.75,4.17,-2.37,-4.03,1.51,6.4,-4.01,-4.12,-1.72,-23.89,-7.83,1.82,2.98,-15.18,0.11,3.73,7.05,1.57,-4.66,-0.85,13.78,-3.52,-2.67,5.45,-3.28,-2.31,7.78,0.69,-8.48
13.9753,-89.7157,4.64,-64.65,13.43,2.23,4.96,4.91,-5.91,-0.93,3.36,-9.69,0.99,-7.53,15.64,-2.16,4.73,0.07,0.14,-3.27,0.67,-6.19,3.99,-1.69,-0.45,-0.55,3.54,-4.19,-0.28,5.06,-8.77,3.96,5.21
13.9754,-89.715,1.51,-163.16,21.86,0.45,3.34,3.99,-4.81,-0.18,5.54,-9.45,0.89,-14.53,15.64,-0.95,5.62,-0.06,-1.49,-1.74,-0.84,-5.31,5.1,-3.61,0.53,0.11,0.41,-4.64,-0.27,6.28,-9.35,3.17,5.36
13.9754,-89.7142,26.41,-680.65,114.95,-0.6,4.66,3.47,-5.59,-1.43,6.09,-10.34,1.01,-23.14,19.37,-2.11,5.55,-0.95,-0.2,-0.15,1.57,-5.14,5.29,-3.0,1.77,0.29,2.08,-3.19,-1.29,6.94,-6.46,2.65,6.24
13.9754,-89.7135,14.99,-1260.12,172.83,0.63,5.02,3.04,-5.02,-0.6,7.06,-11.77,-0.03,-40.0,4.89,0.57,5.78,1.46,-1.54,1.0,0.16,-3.64,5.14,-1.94,2.92,0.44,2.12,-3.92,-1.21,6.37,-7.35,1.74,7.08
13.9754,-89.7127,2.49,-400.34,52.24,-0.26,4.78,3.7,-5.12,-0.52,7.73,-12.37,0.51,-35.15,15.82,-0.8,6.69,1.48,-1.1,1.0,1.27,-2.74,5.61,-1.41,2.61,-1.28,2.85,-2.29,-1.24,7.02,-7.07,-1.59,8.12
13.9754,-89.712,-5.87,116.94,-21.33,0.66,5.89,2.04,-4.92,0.59,8.62,-12.29,-0.4,-21.29,15.82,0.12,5.79,0.09,-2.65,1.32,0.96,-2.52,5.21,-1.54,4.03,-1.64,2.9,-3.79,-2.1,7.02,-6.82,-2.58,7.18
13.9754,-89.7113,9.92,-504.45,73.85,-0.06,6.26,1.88,-4.83,0.96,9.15,-12.58,1.16,-33.91,19.96,-0.36,5.21,1.69,-1.85,-0.76,1.33,-3.27,4.47,-1.62,1.97,-2.17,3.13,-3.39,-1.53,7.2,-5.72,-1.64,7.18
13.9754,-89.7105,15.97,-155.92,38.06,0.32,6.99,1.2,-3.58,0.74,8.54,-12.07,0.42,-20.25,19.96,-1.06,5.53,1.47,-2.24,-0.71,1.02,-1.86,4.71,-1.08,3.11,-1.46,1.6,-2.02,-1.6,7.61,-5.45,-1.64,7.64
13.9754,-89.7098,16.64,-667.3,101.88,0.08,7.02,1.15,-2.98,1.27,8.79,-12.27,0.1,-25.73,11.32,0.41,3.38,1.71,-2.27,0.23,0.71,-1.69,2.33,-0.38,2.21,-1.57,2.3,-2.06,-1.54,7.61,-5.45,-2.17,8.59
13.9754,-89.709,9.17,-718.3,99.36,0.3,7.37,0.47,-2.94,1.35,8.2,-12.63,0.25,-28.39,8.66,-0.34,2.82,1.88,-2.14,0.3,1.64,-1.58,2.53,-0.4,2.55,-2.49,2.28,-2.01,-1.38,6.97,-5.02,-2.94,7.98
13.9754,-89.7083,3.37,-177.86,25.9,0.44,7.03,-0.54,-2.43,1.34,8.06,-12.37,0.95,-12.47,2.57,-0.19,4.04,2.22,-1.59,0.96,2.09,-1.32,1.96,-0.78,3.0,-2.22,2.48,-3.03,-1.0,7.23,-5.62,-3.32,8.0
13.9754,-89.7076,9.06,-487.89,70.86,0.66,7.0,-0.09,-2.29,1.35,7.43,-12.22,1.48,-22.28,6.84,-0.14,3.58,1.66,-1.61,0.98,1.98,-0.96,1.28,-0.38,2.72,-1.91,2.58,-3.25,-0.92,7.49,-5.14,-3.25,8.1
13.9754,-89.7068,12.34,-989.63,136.63,0.57,6.88,-0.91,-1.25,1.09,7.12,-12.16,1.7,-32.61,3.29,-0.68,3.54,2.55,-1.42,1.71,1.45,-0.52,1.53,-0.68,1.88,-1.74,1.91,-2.94,-1.29,7.3,-4.8,-3.07,8.19
13.9755,-89.7061,13.72,-418.28,67.8,0.3,6.98,-0.85,-0.75,1.93,6.61,-11.61,2.06,-26.26,12.84,-0.12,2.78,3.22,-1.76,1.78,2.36,0.22,0.61,-0.73,1.33,-1.07,2.05,-2.15,-1.23,7.3,-4.35,-2.71,7.14
13.9755,-89.7053,10.66,-1674.78,219.24,0.77,5.54,-1.12,-0.38,1.73,5.14,-10.84,2.34,-43.93,-8.62,0.57,2.94,3.22,-1.81,2.26,0.93,0.52,0.06,-1.04,2.1,-1.49,1.81,-2.64,-1.13,7.19,-4.53,-2.75,6.86
13.9755,-89.7046,23.54,-1188.51,174.47,1.12,6.59,-1.86,-0.32,1.54,4.75,-10.03,2.09,-29.63,-1.14,1.13,3.04,3.49,-2.28,2.42,0.57,0.7,-0.11,0.16,2.42,-1.35,1.71,-2.83,-1.05,7.3,-3.57,-2.01,6.86
13.9755,-89.7039,17.29,-482.17,79.94,1.2,7.06,-2.1,-0.09,1.87,4.13,-8.87,1.39,-2.95,-7.2,0.21,1.82,3.37,-2.12,1.79,0.62,0.81,-0.52,0.45,2.1,-1.1,2.11,-1.89,-0.21,7.61,-3.57,-2.35,5.54
13.9755,-89.7031,19.82,-639.72,102.39,0.71,6.65,-2.17,-0.43,2.49,3.83,-8.27,1.9,-9.24,-3.06,-0.16,1.33,3.45,-1.52,2.2,-0.22,0.87,-1.64,0.57,1.72,-1.45,1.95,-1.96,-0.54,7.53,-3.07,-1.67,4.27
13.9755,-89.7024,21.37,-121.89,40.29,0.7,6.25,-2.05,-0.37,2.4,2.93,-7.46,0.82,-0.0,-0.44,0.44,1.52,4.04,-1.75,1.74,0.26,1.58,-2.17,-0.43,1.13,-0.89,1.27,-1.42,-0.24,7.65,-3.18,-1.63,4.68
13.9755,-89.7016,8.8,-566.66,80.38,0.8,5.31,-1.56,-0.1,2.82,2.68,-5.69,0.22,-20.75,2.69,0.72,0.88,4.58,-2.08,2.59,0.09,1.27,-1.53,0.09,0.72,-1.11,0.97,-2.73,0.55,7.01,-3.57,-1.95,3.65
13.9755,-89.7009,3.2,-290.3,39.64,1.02,5.94,-1.56,0.22,2.89,1.0,-5.3,0.41,-15.01,2.1,1.12,0.59,5.01,-2.57,1.89,0.21,1.83,-1.9,0.13,0.4,-0.58,1.8,-1.82,0.16,7.1,-3.75,-1.99,2.64
13.9755,-89.7002,5.42,-270.23,39.8,1.09,6.45,-2.5,-0.21,2.96,0.12,-4.63,-0.26,-31.92,22.63,1.16,-0.16,4.35,-2.14,1.58,0.47,1.99,-2.01,-0.06,0.3,0.15,1.2,-1.8,0.02,7.46,-3.26,-1.97,1.94
13.9755,-89.6994,12.46,787.9,-82.64,1.7,6.65,-2.56,0.25,3.3,-0.07,-2.89,-0.65,-15.14,40.23,1.56,-0.04,4.28,-2.3,2.45,0.52,2.05,-2.21,-0.26,0.38,0.05,1.18,-2.64,0.32,7.47,-2.51,-1.59,1.75
13.9755,-89.6987,12.5,612.98,-61.0,1.62,6.71,-1.99,0.15,3.32,-0.82,-2.37,-0.6,-11.66,34.06,1.59,-0.75,3.32,-2.02,1.13,1.12,1.61,-2.37,0.56,-0.71,0.04,1.56,-2.48,1.38,6.79,-2.32,-0.85,1.12
13.9755,-89.6979,15.68,-839.55,122.32,0.59,6.39,-1.94,0.3,3.62,-0.74,-1.91,-0.76,-8.3,-0.0,1.77,-0.68,3.14,-2.1,0.88,1.0,1.5,-2.74,0.27,-0.47,-0.03,1.56,-2.79,0.91,7.44,-2.28,-0.27,0.24
13.9756,-89.6972,10.01,1078.54,-121.53,1.72,6.0,-1.72,0.35,3.78,-1.35,-1.49,-0.66,6.71,28.41,1.27,-1.29,3.85,-0.93,0.76,0.66,1.66,-2.49,0.43,-0.89,0.08,2.37,-2.72,0.8,7.44,-2.45,-0.34,-0.68
13.9756,-89.6965,10.6,123.0,-2.68,1.99,6.13,-2.02,0.14,4.26,-1.41,-1.04,-1.26,-13.46,19.74,1.61,-0.13,3.62,-1.85,0.44,0.07,3.06,-2.9,0.04,-0.87,0.14,1.96,-2.71,1.21,6.7,-2.19,0.13,-1.0
13.9756,-89.6957,10.81,756.42,-80.79,1.69,5.86,-1.82,0.29,3.93,-1.5,0.68,-1.34,3.73,21.48,1.57,-1.29,4.0,-1.61,0.69,0.31,2.73,-3.03,0.45,-0.83,0.77,1.33,-3.27,1.36,7.03,-2.52,0.26,-1.0
13.9756,-89.695,9.62,393.21,-37.28,1.76,5.94,-1.65,0.05,3.59,-2.44,0.82,-1.34,-0.93,15.73,1.35,-0.7,3.35,-1.87,0.94,0.08,2.91,-2.96,0.56,-0.61,0.17,1.42,-3.39,1.7,6.97,-2.14,0.1,-1.68
13.9756,-89.6942,10.95,775.88,-83.07,1.68,5.26,-1.24,0.73,3.82,-2.55,1.02,-1.97,7.59,20.58,1.62,-1.66,3.41,-1.36,1.11,0.16,2.88,-3.48,0.31,-0.84,-0.03,1.77,-3.73,1.54,6.61,-1.53,-0.34,-1.41
13.9756,-89.6935,15.59,272.64,-15.31,1.68,4.82,-1.29,0.87,4.07,-3.36,1.26,-2.77,2.45,12.29,1.63,-1.56,3.71,-1.31,1.66,0.35,3.04,-3.56,0.43,-0.0,0.46,1.94,-3.56,1.6,6.45,-1.42,0.06,-1.01
13.9756,-89.6928,15.55,291.89,-17.75,1.74,4.8,-0.87,1.26,3.64,-3.76,1.5,-2.42,-2.02,18.34,1.46,-1.54,2.31,-0.87,1.66,0.56,2.76,-3.27,0.23,-0.07,0.16,2.19,-4.59,1.77,6.45,-1.35,0.36,-1.6
13.9756,-89.692,17.37,954.95,-97.7,1.4,3.99,-1.05,1.57,3.59,-3.37,1.63,-2.08,7.65,30.21,1.18,-1.67,1.98,-0.63,1.63,0.08,2.69,-2.97,0.51,-0.42,0.05,1.95,-3.88,2.46,6.13,-1.21,0.75,-1.67
13.9756,-89.6913,16.75,1131.17,-120.29,1.66,3.86,-1.07,1.45,3.34,-3.5,1.61,-2.03,11.77,31.13,2.01,-1.97,1.55,-0.28,1.55,0.4,2.37,-3.2,0.12,-0.21,0.2,2.41,-3.95,2.99,5.62,-1.14,0.76,-1.37
13.9756,-89.6905,21.45,115.66,11.03,1.21,3.59,-1.4,1.47,3.66,-3.77,1.75,-2.41,12.43,4.38,2.12,-1.82,1.46,-0.64,1.81,-0.06,2.52,-3.15,-0.25,-0.1,0.33,2.23,-4.18,3.06,6.01,-0.74,0.93,-1.6
13.9756,-89.6898,1.63,275.15,-32.16,1.01,3.41,-1.34,1.29,3.31,-3.44,1.29,-2.08,-10.35,19.24,2.23,-1.3,1.0,-0.69,1.89,-0.29,2.58,-3.03,-0.37,-0.06,0.32,2.03,-4.89,3.29,5.33,-2.14,0.59,-2.51
13.9756,-89.6891,5.49,-341.37,48.79,0.8,3.13,-1.34,1.55,3.24,-3.42,1.79,-2.12,-16.38,8.84,2.28,-1.36,1.37,-0.44,0.98,-0.11,3.08,-3.32,-0.12,-0.38,0.23,1.95,-4.94,3.62,4.58,-0.67,0.16,-2.61
13.9757,-89.6883,10.41,-963.92,131.78,0.1,2.79,-1.25,1.05,3.47,-3.36,1.68,-1.96,-12.5,-0.0,3.23,-1.28,2.13,-1.43,0.67,-0.0,2.61,-3.47,0.0,-0.43,0.18,1.21,-4.54,3.62,4.41,0.13,0.16,-2.61
13.9757,-89.6876,-2.52,-1175.46,142.74,-0.22,2.6,-0.91,1.8,2.55,-3.06,1.36,-2.16,-27.9,-0.0,3.16,-1.67,2.78,-1.23,3.04,-0.43,1.77,-3.25,-0.18,0.69,-0.83,-0.58,-4.85,3.1,4.59,-1.12,-0.02,-3.31
13.9757,-89.6868,2.13,159.11,-17.21,-0.08,2.35,-0.89,2.29,2.92,-3.57,1.25,-2.79,-15.16,23.59,2.44,-1.31,2.94,-0.35,-0.15,-0.97,1.28,-3.66,0.45,0.57,0.26,-0.51,-4.51,3.04,3.86,-1.16,0.89,-2.76
13.9757,-89.6861,1.94,-754.23,95.83,-0.73,1.1,-1.09,2.21,3.02,-3.44,1.13,-2.42,-16.99,0.4,2.27,-1.63,3.64,-1.98,0.85,-1.91,1.21,-2.72,-0.47,-0.06,1.18,-0.92,-5.17,2.36,4.04,0.19,0.11,-4.1
13.9757,-89.6854,-1.7,-394.51,46.93,-0.14,0.38,-1.03,3.29,3.27,-2.03,1.82,-2.53,-20.65,6.8,2.95,-2.51,2.93,-2.11,1.59,-0.99,1.86,-2.34,0.64,0.95,0.32,-0.26,-2.51,2.03,3.28,-0.07,0.15,-3.68
13.9757,-89.6846,0.62,313.36,-38.14,-0.86,0.7,0.01,2.46,3.3,-2.83,1.36,-2.73,-10.52,18.89,3.32,-1.53,2.64,-1.84,1.69,-0.5,3.17,-2.78,-0.24,-0.23,0.01,0.53,-1.84,1.59,3.94,-0.07,0.63,-4.53
13.9757,-89.6839,-15.11,343.79,-60.53,-1.23,0.2,0.11,3.04,3.01,-2.81,2.05,-3.06,-15.16,14.53,2.28,-1.75,3.09,-2.09,1.57,-0.41,2.77,-2.02,0.41,0.23,-0.76,0.44,-0.93,2.38,3.58,-1.19,0.66,-5.88
13.9757,-89.6831,-17.04,1124.75,-159.74,-1.5,-0.54,0.23,2.88,3.77,-3.21,1.93,-2.51,10.84,15.1,2.93,-2.5,2.01,-1.7,0.57,-0.75,2.41,-1.9,-0.23,-0.69,0.04,-0.99,-1.44,1.4,2.31,-1.35,1.29,-5.68
13.9757,-89.6824,-13.12,718.81,-104.75,-1.71,-0.39,0.01,2.95,3.37,-3.54,1.93,-2.69,-0.0,7.77,2.94,-3.6,4.19,-1.42,0.61,0.1,1.98,-1.42,-0.0,-0.24,-0.17,0.63,-1.85,1.99,2.09,-1.13,1.67,-5.53
13.9757,-89.6817,-6.43,-67.07,0.72,-1.58,-0.16,0.14,3.5,3.53,-3.42,2.23,-2.98,5.47,-10.96,3.58,-2.27,3.8,-1.92,0.16,0.26,1.62,-1.05,-0.52,-1.43,-0.16,0.61,-1.84,1.88,2.16,-0.66,2.05,-5.48
13.9757,-89.6809,-13.54,81.19,-26.1,-2.01,-0.23,0.28,3.43,3.36,-3.43,2.33,-3.02,5.7,-0.0,3.19,-1.93,3.62,-2.43,-0.29,0.18,1.73,-1.24,-0.43,-1.36,0.09,0.1,-0.94,1.39,2.16,-1.32,2.29,-6.38
13.9757,-89.6802,-19.39,548.24,-91.04,-2.03,-0.51,0.5,3.57,3.72,-3.25,2.93,-3.36,7.05,-3.67,3.42,-1.8,3.85,-1.58,-0.2,-0.1,1.47,-0.27,-0.66,-0.54,-0.29,0.19,-0.98,1.0,1.37,-1.45,2.14,-6.41
13.9758,-89.6794,-19.28,559.9,-92.37,-1.94,-0.84,0.16,3.94,3.03,-3.0,2.56,-3.5,8.3,-2.67,3.82,-2.38,3.82,-2.26,-0.38,0.22,1.67,-0.26,-0.78,-0.81,-0.38,0.45,-1.1,0.77,1.28,-1.08,1.8,-6.41
13.9758,-89.6787,-11.99,-72.44,-5.19,-1.71,-0.72,-0.06,4.26,3.66,-3.3,2.81,-3.56,7.3,-17.02,4.03,-2.57,4.28,-2.12,-0.62,0.1,1.41,-0.33,0.04,-0.96,-0.18,0.33,-0.06,0.8,1.0,-0.49,2.75,-6.96
13.9758,-89.678,-8.44,-77.21,-0.39,-2.14,-0.65,0.01,4.28,3.4,-2.86,2.59,-3.87,4.38,-10.64,3.82,-2.8,3.88,-2.18,-0.8,0.75,1.39,-0.38,-0.38,-0.77,-0.66,-0.24,0.06,1.28,0.95,-0.46,2.78,-6.19
13.9758,-89.6772,-8.63,266.11,-43.29,-1.29,-1.05,-0.67,4.96,2.89,-2.55,3.06,-3.15,9.96,-7.26,4.3,-3.03,3.92,-2.45,-0.99,1.01,0.93,0.36,-0.52,-1.04,0.06,0.0,-0.13,0.44,0.49,0.4,2.52,-6.89
13.9758,-89.6765,-17.57,208.01,-46.66,-1.78,-0.99,-0.29,5.16,2.92,-2.17,3.95,-4.06,2.13,-8.83,4.3,-2.34,3.23,-1.15,-0.27,0.52,1.26,0.1,-0.79,-1.35,0.31,-0.61,0.77,0.41,0.26,-0.53,2.1,-6.48
13.9758,-89.6757,-11.01,614.99,-89.5,-1.6,-0.96,-1.1,5.15,2.48,-2.48,4.53,-3.77,8.74,-0.08,3.6,-1.9,4.0,-0.94,-0.6,0.27,0.65,0.3,-0.68,-0.62,0.16,0.75,1.47,0.87,0.47,-0.77,2.63,-5.62
13.9758,-89.675,-14.56,458.02,-74.2,-1.36,-1.08,-1.79,5.12,2.23,-3.08,4.43,-4.35,14.08,-0.0,4.08,-2.39,2.74,-0.44,-0.8,0.83,0.59,0.55,-0.55,-0.4,0.08,-0.17,2.02,0.63,-0.33,-0.57,2.28,-5.4
13.9758,-89.6743,-1.56,425.06,-54.72,-0.8,-1.23,-1.29,5.37,2.16,-2.7,5.19,-4.25,-0.0,5.44,4.19,-2.78,2.61,-0.59,-1.05,0.59,0.32,0.59,-0.17,-1.06,-0.43,-0.09,1.76,0.41,-0.18,0.5,2.55,-4.8
13.9758,-89.6735,0.0,-41.21,5.13,-0.51,-1.3,-1.34,5.88,2.27,-2.65,4.35,-4.86,7.08,-8.83,4.49,-2.66,2.62,-0.18,-0.7,0.86,0.74,0.53,-0.69,-0.7,-0.48,-0.46,2.24,-0.31,-0.38,0.31,2.83,-4.31
13.9758,-89.6728,6.12,-246.24,37.89,-0.48,-1.1,-1.51,5.43,2.27,-3.56,4.76,-4.7,6.79,-8.83,4.19,-2.84,2.39,-0.88,-0.86,1.26,0.24,0.21,-0.02,-0.88,-0.15,-0.39,2.43,-0.04,-0.54,0.97,2.65,-3.56
13.9758,-89.6721,7.56,-1019.15,135.8,-0.45,-1.09,-1.54,6.19,2.42,-3.32,5.28,-4.27,-4.0,-22.1,4.7,-2.85,2.53,0.01,-1.33,0.5,0.29,0.85,0.17,-0.44,-0.72,-1.37,2.33,-0.77,-1.11,1.51,2.65,-3.56
13.9758,-89.6713,1.75,-578.85,74.13,0.67,-1.91,-1.49,5.86,2.24,-3.69,4.91,-5.23,5.91,-22.1,4.73,-1.98,2.44,-0.3,-0.76,0.49,0.45,1.26,0.11,-0.34,-0.8,-0.79,2.21,-0.68,-1.78,1.51,1.84,-2.94
13.9758,-89.6706,6.61,-650.87,88.87,0.83,-1.6,-1.56,5.07,2.75,-4.74,6.19,-4.97,-5.73,-10.05,4.08,-2.23,2.06,0.46,-0.94,1.03,0.3,0.82,0.89,-0.8,-0.75,-0.68,2.56,-1.45,-0.99,1.55,2.16,-3.3
13.9759,-89.6698,5.85,376.21,-39.93,0.93,-1.59,-1.63,5.77,2.59,-4.32,5.74,-4.11,8.41,5.95,4.09,-2.69,1.47,1.34,-1.59,0.67,0.52,1.14,0.39,-0.98,-1.07,-0.54,3.55,-2.54,-1.65,2.42,1.31,-3.0
13.9759,-89.6691,11.59,-14.11,15.49,1.08,-2.13,-1.93,5.53,2.49,-5.26,6.36,-5.54,12.59,-7.4,5.61,-1.47,2.47,1.67,-0.84,0.44,-0.1,0.92,-0.05,-0.27,-1.53,-1.0,3.62,-2.86,-2.72,3.47,1.23,-2.31
13.9759,-89.6684,21.77,-726.47,116.3,0.19,-2.02,-0.94,5.82,2.04,-4.3,4.78,-5.22,7.64,-0.0,5.4,-1.45,0.97,0.52,-2.39,-2.01,0.34,0.85,-1.28,0.54,-1.57,-1.24,3.81,-2.3,-2.72,4.81,1.31,-2.47
13.9759,-89.6676,13.15,-15.38,17.5,1.35,-1.8,-1.34,4.77,1.27,-3.62,4.9,-3.81,19.78,-10.1,5.34,-1.88,0.77,2.61,-2.81,-0.16,0.4,0.26,0.15,-0.02,-1.54,-1.43,4.02,-1.98,-1.66,4.9,-0.62,-2.75
13.9759,-89.6669,29.89,-500.36,97.78,1.38,-2.5,-1.49,4.24,1.73,-3.89,4.78,-3.24,19.78,-0.0,4.63,-2.19,0.48,-1.03,-2.03,-0.2,2.25,0.26,-0.38,-0.79,-1.13,-1.9,4.52,-2.65,-2.04,6.77,-0.62,-1.67
13.9759,-89.6661,11.47,-488.11,74.44,2.13,-1.85,-1.32,4.34,1.64,-3.84,5.6,-4.44,0.41,-0.0,5.18,-1.13,4.71,-0.36,-1.24,-0.27,2.29,-0.08,-1.7,1.34,-1.58,-2.81,5.87,-2.87,-3.2,2.93,1.69,-1.72
13.9759,-89.6654,-1.07,-403.14,49.0,3.02,-1.54,-2.1,5.23,1.81,-4.82,3.33,-3.04,0.61,-9.52,4.69,-1.09,0.82,0.34,-2.34,-0.96,1.96,-1.35,-0.73,3.69,-1.12,-3.39,5.61,-2.72,-3.17,2.93,-0.06,-1.96
13.9759,-89.6647,13.41,-1083.94,151.07,2.86,-2.03,-1.32,4.81,-0.06,-4.88,6.7,-4.89,-6.86,-0.0,4.57,-0.68,4.11,-1.56,-3.11,1.42,2.47,0.91,-2.8,-6.61,-2.89,-3.6,7.42,-1.9,-3.85,6.66,-0.78,-3.25
13.9759,-89.6639,12.21,-898.2,126.51,1.34,-1.73,-2.22,4.12,3.01,-4.6,6.34,-4.56,-4.88,-15.36,4.08,-2.66,3.11,2.63,-6.48,0.67,1.56,-0.91,1.19,7.29,-2.64,-0.91,7.15,-3.58,-4.52,6.11,-0.34,-2.55
13.9759,-89.6632,95.16,-2528.03,428.15,4.13,-1.3,-0.53,4.74,3.12,-3.93,3.57,-2.4,-4.88,-9.13,4.87,-3.31,-4.9,3.26,1.33,0.24,0.7,0.38,2.35,-2.35,-0.37,0.7,6.42,-3.9,-3.22,17.08,-0.64,-3.09
13.9759,-89.6624,34.33,-1351.87,209.37,3.05,-2.55,-0.65,4.16,4.9,-4.33,5.11,-5.14,-9.09,-10.91,4.15,-0.27,2.89,-9.38,14.33,-10.44,-3.1,-1.31,1.57,6.38,2.39,5.01,4.87,-2.47,-2.15,6.64,0.0,-1.2
13.9759,-89.6617,-61.79,312.61,-112.24,1.26,-3.2,-0.49,3.19,4.83,-2.28,1.58,-5.2,-0.0,-10.91,1.43,-3.8,-2.72,-15.54,1.66,-3.14,-1.09,3.07,-0.16,5.69,6.25,-4.83,3.29,-1.8,-5.26,0.57,-1.4,-7.48
13.976,-89.661,-88.7,3472.42,-538.6,3.67,-3.1,-1.81,5.68,4.07,-3.74,14.21,-2.19,15.19,-1.0,3.9,-1.37,-0.79,9.48,2.94,-0.77,-2.08,1.72,2.71,7.56,5.83,5.06,2.62,-1.66,-8.82,-5.05,1.12,-3.98
13.976,-89.6602,13.1,-639.63,95.39,2.79,-2.8,-2.05,-0.01,4.03,-2.05,-4.32,-8.88,10.47,-0.0,4.26,-0.07,0.16,5.2,-7.45,-9.81,3.23,2.1,-4.36,3.65,9.02,14.89,2.77,1.1,-3.16,6.78,0.8,-6.27
13.976,-89.6595,22.29,-899.21,138.71,2.42,-2.73,-1.35,3.62,3.57,-2.81,1.69,-5.02,-8.7,10.55,2.82,-5.51,3.59,-7.66,3.24,-0.78,2.08,-1.73,-1.32,0.51,-4.85,-4.67,15.75,-2.4,-1.29,7.31,0.36,-6.44
13.976,-89.6587,8.95,-298.8,47.93,2.17,-3.84,1.23,3.79,3.49,-3.47,6.26,-0.83,-13.11,10.19,1.28,-1.31,4.7,1.9,-11.22,-0.04,0.6,-0.3,2.08,-1.4,-1.16,0.01,16.1,-0.44,-1.29,7.13,-0.15,-8.78
13.976,-89.658,-23.0,-1050.75,104.01,3.87,-2.45,-1.6,3.34,5.88,-4.88,-3.96,-3.0,-10.37,-0.0,1.48,-4.19,2.6,-12.34,-6.08,6.04,2.84,-1.59,-0.7,-5.46,7.18,-3.01,6.77,-3.54,-9.95,7.13,-0.15,-7.21
13.976,-89.6573,120.04,-2903.31,505.09,3.76,-1.96,-0.45,-0.3,4.72,-6.09,-7.33,-2.98,-3.08,7.5,4.1,1.49,3.44,-7.15,3.97,3.2,3.39,1.59,-4.17,-5.4,-5.07,0.58,4.58,-3.42,-5.79,24.52,-0.27,-8.32
13.976,-89.6565,-12.45,790.37,-113.53,2.11,-2.74,-0.3,2.78,2.96,-4.09,1.79,-1.09,-2.88,17.65,1.34,2.32,12.45,-4.34,2.76,-8.14,12.61,6.8,-10.35,-8.0,0.88,-11.19,-0.33,-2.67,-12.18,11.28,-1.53,-7.36
13.976,-89.6558,-8.89,-320.09,29.47,3.36,-4.17,-2.39,1.5,5.88,-5.72,5.58,-1.93,-15.76,11.27,0.89,-1.54,-6.76,-0.82,5.86,-5.2,4.3,3.63,1.5,-3.61,0.42,-6.67,2.22,-3.53,-12.46,12.38,-1.96,-7.4
13.976,-89.655,25.72,-1295.13,192.42,1.8,-3.41,-2.43,1.19,4.87,-4.25,2.07,-1.09,-9.51,-2.14,3.51,3.36,2.13,-4.09,-8.85,4.13,-4.2,5.44,-0.94,2.42,-5.39,-3.56,5.01,-1.62,-11.14,14.13,2.0,-9.95
13.976,-89.6543,-26.96,1044.77,-162.62,0.41,-2.53,-2.86,0.79,6.75,-4.74,1.68,-1.22,-0.0,-1.89,2.29,0.72,-4.72,-1.03,-0.56,1.39,9.66,4.34,0.57,9.44,-3.69,4.29,6.73,-4.49,-11.38,8.06,-1.33,-6.15
13.976,-89.6536,18.03,-1608.33,222.54,4.03,-3.15,-0.65,1.46,5.05,-3.47,-2.42,-2.03,-20.64,-4.71,1.0,7.33,6.43,0.32,-2.75,2.88,-7.02,-2.93,-3.09,-8.13,0.79,-2.3,7.24,-4.94,-9.16,9.56,1.51,-5.09
13.9746,-89.7157,12.91,-121.58,30.2,1.43,3.25,5.23,-4.63,-1.42,4.14,-8.9,1.31,-19.06,27.86,-1.79,4.22,0.73,-0.97,-1.46,-0.01,-6.28,6.66,-3.85,-0.15,-0.24,3.24,-4.84,0.3,6.49,-7.95,3.06,5.54
13.9746,-89.715,1.49,346.4,-40.87,1.41,5.07,5.14,-5.06,-1.24,5.55,-9.77,0.75,-10.79,23.39,-1.96,5.05,-0.07,-0.23,0.19,2.08,-7.34,5.88,-2.53,0.73,-0.58,0.97,-4.08,1.15,6.21,-7.98,1.51,5.65
13.9746,-89.7142,12.18,-266.09,47.12,0.34,5.96,3.6,-5.63,-0.98,7.62,-10.19,0.9,-20.99,17.41,0.52,4.0,-0.3,-0.61,-0.32,1.52,-3.12,4.84,-2.41,1.88,-1.04,0.87,-3.04,-0.99,6.65,-8.02,2.49,6.17
13.9746,-89.7135,9.71,-342.71,53.65,0.67,5.58,3.58,-6.01,-0.17,7.95,-11.64,0.2,-26.72,17.41,0.48,5.73,0.09,-1.49,0.32,0.7,-2.82,5.43,-1.05,2.13,-0.96,1.79,-4.1,-0.9,6.98,-6.97,-0.07,7.4
13.9747,-89.7127,1.78,-347.66,44.92,1.07,6.09,3.31,-5.02,-0.59,8.26,-11.34,-0.25,-27.99,11.81,0.14,5.25,1.12,-1.39,1.3,0.92,-3.56,5.44,-1.33,2.15,-1.28,2.51,-2.05,-0.96,6.98,-7.5,-0.18,6.55
13.9747,-89.712,9.59,-523.46,75.79,0.21,5.82,2.95,-4.63,0.19,8.94,-12.3,1.18,-30.3,11.81,-0.89,6.62,0.75,-1.52,1.71,1.19,-2.69,5.04,-1.45,1.58,-0.92,2.3,-2.6,-1.21,7.25,-6.69,-0.18,6.55
13.9747,-89.7113,3.23,694.0,-81.68,-0.05,6.9,2.53,-4.65,0.46,8.84,-12.3,1.53,-0.0,13.65,-0.39,5.27,1.48,-2.19,-0.2,0.29,-3.13,4.56,-1.11,2.09,-1.2,2.05,-2.47,-1.78,7.56,-6.69,-1.53,6.74
13.9747,-89.7105,18.0,526.12,-43.58,0.03,7.24,1.5,-3.61,0.82,9.92,-11.55,0.16,-0.0,13.65,-1.66,5.44,0.91,-2.78,1.24,2.28,-1.6,5.14,-0.8,2.89,-1.54,2.25,-3.22,-1.0,8.05,-5.31,-2.12,8.14
13.9747,-89.7098,15.46,-509.29,81.01,0.3,6.96,0.55,-3.13,0.82,9.2,-12.89,0.09,-29.7,16.81,0.37,4.36,1.61,-2.7,1.13,2.59,-2.43,3.51,-0.23,2.85,-1.53,2.14,-2.83,-1.78,7.98,-5.46,-2.57,8.56
13.9747,-89.709,14.99,-779.25,113.75,0.09,7.39,-0.02,-3.09,0.91,8.65,-13.09,-0.31,-8.02,-0.0,-0.25,4.47,1.21,-1.85,0.89,2.32,-1.9,2.22,-0.7,2.85,-2.25,2.62,-2.53,-0.75,7.98,-5.09,-2.73,8.05
13.9747,-89.7083,10.87,-105.26,25.81,0.8,7.24,-0.17,-2.56,1.1,8.43,-12.6,-0.34,-19.4,17.92,-0.22,4.57,1.54,-1.64,1.17,2.01,-1.91,1.86,-0.85,3.08,-1.95,2.26,-2.55,-0.86,7.52,-4.84,-3.12,7.75
13.9747,-89.7076,5.62,-1131.04,146.1,0.63,7.32,-0.32,-1.45,1.15,8.46,-12.55,1.02,-28.28,-0.0,0.14,4.36,2.25,-2.09,0.95,2.05,-1.45,2.15,-0.74,2.65,-2.07,2.15,-3.76,-0.84,7.52,-4.98,-3.2,6.9
13.9747,-89.7068,8.78,-1198.58,158.19,0.69,7.35,-0.69,-1.0,1.35,6.98,-12.58,1.5,-27.02,-10.23,0.08,3.43,2.35,-1.6,1.74,1.93,-1.13,1.3,-0.6,2.37,-2.19,2.02,-3.53,-1.12,7.15,-4.77,-2.98,7.31
13.9747,-89.7061,14.65,-1340.2,182.62,1.07,7.11,-0.89,-0.89,1.24,6.6,-11.97,2.26,-30.12,-0.0,1.31,3.17,2.94,-1.89,1.74,1.62,-0.3,0.93,-0.74,1.91,-1.51,1.37,-3.02,-0.95,7.77,-4.37,-2.98,7.31
13.9747,-89.7053,11.05,-1598.18,210.24,1.15,7.03,-1.3,-0.27,1.27,6.18,-10.71,2.58,-41.34,-0.0,0.44,2.87,2.79,-1.9,2.15,1.36,0.29,0.45,-0.47,2.13,-1.14,1.28,-2.18,-0.59,7.7,-4.37,-3.19,6.83
13.9747,-89.7046,7.75,-1139.01,149.71,1.09,6.94,-1.34,-0.13,1.37,5.17,-10.05,2.2,-40.82,0.81,1.0,2.89,3.16,-1.88,2.56,0.78,0.27,0.24,-0.06,2.39,-1.3,1.44,-1.81,-0.57,7.72,-4.53,-3.0,5.96
13.9748,-89.7039,10.91,-1519.99,200.5,1.38,7.12,-1.91,0.11,2.02,4.76,-9.92,1.9,-35.19,-12.82,0.81,2.53,3.39,-2.0,2.55,0.74,0.58,-0.17,-0.68,2.48,-1.7,1.76,-2.12,-0.2,7.9,-4.08,-2.71,5.22
13.9748,-89.7031,14.32,-829.77,119.35,1.24,6.76,-2.28,-0.12,2.17,3.86,-8.69,1.35,-12.46,-10.28,0.86,1.87,3.64,-1.96,3.0,0.51,0.65,-1.04,-0.54,1.9,-1.36,1.86,-2.28,-0.32,7.45,-3.49,-1.95,4.25
13.9748,-89.7024,14.02,-581.54,88.37,0.98,6.17,-2.02,-0.55,2.47,2.63,-7.55,0.68,-0.43,-13.19,1.24,1.73,3.24,-1.49,1.81,0.73,1.86,-1.73,-0.13,0.89,-1.37,1.79,-2.27,0.02,7.29,-3.4,-1.97,4.25
13.9748,-89.7016,1.76,-169.04,22.95,1.73,6.01,-1.47,0.07,2.76,2.41,-5.15,0.25,-8.73,-2.33,0.72,0.86,4.5,-2.44,2.72,0.1,2.0,-1.57,-0.01,1.28,-0.43,0.37,-2.65,0.42,6.77,-3.72,-2.47,3.33
13.9748,-89.7009,6.26,-45.1,12.97,1.45,6.29,-2.11,-0.36,3.43,0.95,-4.63,-0.0,-20.42,16.55,1.12,0.65,4.6,-2.52,2.62,0.46,1.29,-1.86,0.23,0.86,-0.11,0.79,-2.54,0.45,7.3,-3.54,-1.76,2.43
13.9748,-89.7002,12.89,-563.61,84.86,1.46,6.28,-2.45,-0.06,3.56,0.6,-4.47,-0.55,-21.76,7.52,1.28,0.28,4.3,-1.97,1.61,0.83,1.47,-1.98,-0.19,0.81,0.17,0.67,-1.87,0.94,7.08,-2.5,-1.36,1.84
13.9748,-89.6994,16.41,-469.16,77.36,1.69,6.87,-2.2,0.35,3.3,-0.17,-3.46,-0.67,-22.94,12.01,1.79,-0.26,4.4,-2.24,1.92,1.14,1.55,-2.23,0.72,1.03,0.29,1.07,-2.33,1.02,7.18,-1.98,-0.83,0.9
13.9748,-89.6987,9.29,833.81,-92.08,1.5,6.98,-2.53,0.15,3.56,-0.44,-3.41,-1.06,-2.27,29.07,1.8,-0.63,3.67,-1.5,1.42,1.44,1.35,-2.33,0.42,0.01,-0.15,1.52,-2.4,1.9,6.93,-2.28,-0.98,0.36
13.9748,-89.6979,7.46,1124.47,-130.19,1.81,6.56,-2.07,0.1,3.89,-0.8,-2.58,-1.09,-7.94,42.36,1.81,-0.7,4.14,-1.5,0.72,0.94,1.33,-2.23,-0.31,0.99,-0.07,1.1,-2.84,1.31,6.56,-2.37,-0.32,-0.49
13.9748,-89.6972,8.28,777.1,-86.3,1.61,6.3,-1.99,0.39,4.37,-1.45,-2.06,-1.3,-5.28,30.32,1.27,-0.51,3.84,-1.47,1.22,0.32,2.42,-2.6,-0.18,-0.07,0.3,1.66,-3.49,0.86,6.66,-2.33,-0.32,-0.49
13.9748,-89.6965,8.46,872.95,-97.96,2.21,6.38,-1.47,0.4,4.27,-1.78,-1.39,-1.51,2.51,24.17,2.11,-0.32,4.12,-1.07,0.38,0.66,2.22,-2.71,-0.14,-0.24,0.27,1.87,-2.78,1.64,6.6,-2.17,-0.06,-1.11
13.9748,-89.6957,8.07,569.24,-60.87,2.41,6.4,-2.28,0.43,4.47,-1.71,-0.71,-1.58,0.71,19.34,1.58,-1.42,3.9,-1.56,0.34,0.06,2.45,-2.8,0.26,-0.1,-0.03,1.4,-3.1,1.63,6.63,-2.17,0.21,-1.69
13.9749,-89.695,5.85,61.97,-0.75,2.09,6.16,-1.43,0.41,4.34,-1.97,0.28,-1.35,11.31,-0.0,1.98,-1.09,4.41,-1.62,0.72,0.21,2.48,-3.42,0.46,-0.09,0.18,1.6,-3.38,1.92,6.68,-2.18,0.04,-2.01
13.9749,-89.6942,11.5,762.19,-80.72,2.09,5.76,-1.12,0.22,4.15,-2.74,0.63,-2.01,9.66,16.36,1.44,-0.72,3.56,-1.16,1.23,0.66,2.73,-2.75,0.29,0.21,-0.06,1.74,-3.96,1.86,6.39,-1.63,0.15,-1.56
13.9749,-89.6935,14.43,-16.95,19.16,2.1,5.44,-0.65,1.04,4.32,-3.1,1.11,-2.24,-4.33,9.28,1.55,-1.35,3.52,-1.28,1.32,0.53,2.53,-3.13,-0.09,0.47,-0.35,1.72,-3.88,2.1,6.43,-1.61,0.34,-1.29
13.9749,-89.6928,15.24,-8.49,19.06,2.14,5.0,-0.71,1.07,3.95,-3.0,1.39,-2.28,-15.62,22.18,1.26,-1.74,2.8,-0.94,1.42,0.72,2.36,-2.93,-0.46,0.25,-0.29,1.52,-3.41,2.64,6.43,-1.15,0.27,-1.83
13.9749,-89.692,16.36,-730.97,109.85,1.89,4.2,-0.8,1.08,3.86,-3.41,1.46,-2.39,-3.27,-0.0,1.55,-1.75,2.3,-0.94,1.71,0.61,2.34,-2.98,-0.04,0.75,-0.29,1.52,-4.03,2.67,6.28,-1.43,0.55,-1.34
13.9749,-89.6913,11.72,-46.33,19.6,1.85,3.86,-0.77,1.2,3.59,-3.52,1.74,-2.28,14.92,-0.0,1.93,-1.47,2.01,-0.49,1.18,0.22,2.64,-2.83,-0.57,0.32,-0.03,1.96,-4.04,3.43,5.52,-1.36,0.32,-1.34
13.9749,-89.6905,14.22,636.88,-62.07,1.69,3.53,-1.47,1.87,3.75,-2.65,0.89,-2.18,9.91,17.55,2.16,-1.36,1.94,-0.78,1.53,-0.39,2.5,-3.19,-0.31,0.37,-0.3,1.72,-4.32,3.38,5.56,-0.42,0.32,-2.4
13.9749,-89.6898,2.29,376.4,-43.92,1.42,3.27,-0.99,1.87,3.75,-3.27,0.81,-1.98,8.0,3.11,2.18,-1.26,1.7,-0.74,1.26,0.6,2.71,-2.8,0.2,0.1,0.87,1.15,-4.85,3.38,4.81,-1.38,0.5,-2.95
13.9749,-89.6891,5.81,940.79,-109.71,1.09,3.08,-1.31,1.56,3.75,-3.44,0.88,-2.24,11.04,22.43,2.06,-1.03,1.94,-0.58,0.39,-0.19,2.52,-2.93,-0.58,-0.05,0.31,1.09,-5.39,3.34,3.58,-0.34,0.55,-2.6
13.9749,-89.6883,1.94,809.7,-98.05,1.0,2.65,-1.4,1.49,3.86,-3.03,0.83,-2.39,-5.94,35.15,2.54,-1.68,1.47,-1.19,0.2,-0.05,1.81,-2.8,-0.01,0.3,-0.66,-1.28,-5.15,3.93,3.76,-0.42,0.48,-3.39
13.9749,-89.6876,-5.83,-345.92,35.98,0.49,2.38,-0.96,1.79,3.33,-3.05,1.29,-1.77,-22.33,8.45,2.52,-1.18,2.98,-1.45,-0.64,-0.02,2.48,-2.13,-0.5,1.04,-0.41,-0.36,-4.74,3.02,3.72,-0.52,-0.11,-4.02
13.9749,-89.6868,-0.17,-497.19,61.44,0.13,1.82,-1.06,2.57,3.79,-2.94,1.03,-2.29,-28.59,14.35,1.62,-1.69,3.0,-1.5,0.55,-0.46,1.64,-2.09,0.43,0.93,-0.47,-0.18,-4.13,2.75,2.92,-0.52,0.8,-3.24
13.975,-89.6861,-17.49,-1143.98,121.17,0.07,1.64,-0.81,1.67,3.82,-1.99,0.96,-2.71,-38.64,-0.0,1.83,-1.15,4.96,-1.39,1.05,-0.3,2.84,-3.14,0.89,0.96,-1.34,0.26,-2.65,2.68,3.34,-1.86,0.05,-4.2
13.975,-89.6854,-6.57,-214.83,18.87,-0.78,0.81,-0.05,2.69,3.45,-2.48,1.23,-2.49,-26.11,11.48,3.02,-1.16,4.58,-0.63,0.43,-0.6,2.36,-2.52,0.14,0.84,-0.38,0.0,-2.8,2.96,3.78,-0.51,0.81,-5.62
13.975,-89.6846,-9.52,913.46,-124.59,-0.45,0.55,-0.33,2.32,3.94,-2.48,1.27,-2.8,-0.0,15.4,2.82,-1.36,1.95,-1.69,1.47,-0.89,2.67,-1.51,-0.96,0.8,0.09,-0.08,-1.85,2.59,4.53,-0.96,0.66,-6.07
13.975,-89.6839,-14.75,-798.51,81.63,-0.26,0.07,-0.81,2.3,3.16,-2.8,1.55,-3.23,-21.42,-0.0,2.47,-1.52,3.42,-1.83,-0.04,-0.79,3.01,-2.25,0.02,-0.24,-0.38,0.46,-1.22,2.34,3.4,-1.71,1.38,-5.9
13.975,-89.6831,-17.59,1169.86,-166.0,-0.94,-0.01,-0.19,2.63,4.13,-3.36,1.94,-2.88,-0.38,24.63,2.19,-2.03,4.01,-2.66,1.89,-0.56,2.27,-1.69,-0.12,0.83,-1.32,-0.72,-1.69,2.08,2.46,-1.7,2.11,-6.72
13.975,-89.6824,-15.88,514.07,-82.6,-0.98,-0.16,-0.04,2.96,4.17,-3.34,2.02,-2.99,-6.29,10.9,3.83,-2.37,3.51,-1.9,0.57,0.16,2.0,-0.77,-0.34,-0.13,-0.53,-0.45,-2.48,2.31,2.46,-2.28,3.25,-7.08
13.975,-89.6817,-18.44,741.65,-113.89,-1.77,-0.29,0.29,3.38,3.81,-3.39,1.97,-3.2,16.42,-3.58,3.11,-2.92,4.24,-1.86,0.31,-0.31,2.0,-1.3,-0.73,-0.44,-0.69,0.12,-1.72,1.72,1.92,-2.13,2.92,-6.82
13.975,-89.6809,-18.12,-21.75,-18.74,-1.59,-0.4,0.41,3.4,3.88,-3.35,1.8,-3.27,8.65,-20.44,3.5,-1.58,3.76,-1.83,-0.09,0.01,1.9,-0.64,-0.38,-0.27,-1.03,0.16,-0.46,1.9,1.66,-2.0,2.99,-6.82
13.975,-89.6802,-12.97,232.72,-44.25,-1.67,-0.57,0.49,3.49,4.05,-3.12,2.35,-3.31,10.8,-13.07,3.96,-2.24,4.19,-2.16,0.41,0.26,1.72,-0.48,-0.21,-0.38,-0.71,0.06,-1.0,1.32,1.44,-1.68,3.55,-6.81
13.975,-89.6794,-16.29,464.29,-76.96,-1.84,-0.53,0.55,3.95,3.93,-2.94,2.13,-3.39,-0.0,-1.96,3.73,-2.61,4.12,-2.14,-0.24,0.25,1.56,-0.01,-1.3,-0.35,-0.5,-0.03,-0.7,1.18,1.23,-1.47,3.2,-7.19
13.975,-89.6787,-17.99,39.92,-26.25,-1.72,-0.72,0.56,4.86,3.86,-3.21,2.29,-3.57,4.47,-14.38,4.22,-2.97,4.32,-2.23,-0.82,0.37,1.87,-0.46,-0.5,-0.58,-0.44,-0.16,-0.08,1.08,1.1,-1.47,3.0,-7.15
13.975,-89.678,-10.57,-148.34,5.93,-1.42,-0.62,-0.24,4.62,3.68,-2.96,2.12,-3.67,-5.94,-4.37,4.68,-3.14,4.75,-2.71,-1.34,0.5,1.76,-0.17,-0.56,-0.78,-1.02,0.43,0.13,0.97,0.86,-0.42,3.01,-7.04
13.9751,-89.6772,-14.68,166.01,-38.01,-1.28,-0.42,-0.6,4.4,3.65,-2.49,3.13,-3.4,-0.93,-4.38,4.71,-3.58,4.94,-2.24,-0.56,0.45,1.07,0.38,-0.62,-1.03,-0.6,-0.11,0.26,1.08,0.28,-0.69,2.84,-6.68
13.9751,-89.6765,-13.29,427.57,-68.89,-1.1,-0.75,-1.02,5.0,3.29,-2.71,3.78,-3.73,-0.0,-3.32,4.08,-3.04,3.79,-1.53,-0.05,0.26,1.6,0.82,-0.71,-0.86,-0.03,-0.28,1.05,0.63,0.3,-1.07,2.98,-5.96
13.9751,-89.6757,-9.63,478.09,-70.85,-1.25,-0.46,-1.16,5.08,3.14,-2.52,3.76,-3.74,14.28,-7.9,4.51,-3.22,4.48,-2.53,-0.56,0.74,2.03,0.57,-0.92,-0.22,-0.44,0.35,1.34,0.24,0.71,-0.87,2.59,-5.3
13.9751,-89.675,-10.75,1148.53,-155.57,-1.24,-0.64,-1.35,5.61,2.72,-2.85,4.38,-4.76,24.16,3.23,4.68,-2.88,3.21,-1.64,-0.6,1.25,1.22,0.04,-0.62,-0.9,-0.45,0.15,1.26,0.33,-0.16,-0.65,2.61,-5.07
13.9751,-89.6743,0.81,-116.78,15.48,-1.19,-0.72,-1.61,5.31,3.07,-3.05,4.68,-5.1,11.72,-13.85,4.06,-2.99,2.58,0.06,-0.59,0.98,0.9,-0.01,-0.66,-0.81,-0.32,-0.21,1.01,0.07,0.04,0.51,2.57,-4.51
13.9751,-89.6735,8.48,434.07,-43.97,-0.41,-1.24,-1.21,6.03,2.48,-2.9,5.15,-5.27,11.72,5.13,4.49,-2.83,3.34,-0.38,-1.11,0.59,1.08,0.39,0.19,-0.27,-0.69,-0.3,1.52,0.08,-0.28,1.59,2.57,-4.24
13.9751,-89.6728,1.15,-331.02,42.56,-0.05,-1.19,-1.44,6.35,2.53,-3.32,4.77,-5.18,9.0,-18.2,5.23,-2.83,2.63,-0.08,-0.96,0.71,0.99,0.07,-0.21,-0.47,-1.18,-0.28,1.69,0.02,-0.54,0.57,2.8,-4.23
13.9751,-89.672,-0.02,-168.6,20.96,0.08,-0.6,-1.78,6.91,2.64,-3.8,4.8,-5.33,13.74,-18.2,4.96,-3.25,2.68,0.27,-1.28,1.45,0.62,0.75,-0.95,-0.51,-1.61,-0.65,2.2,0.05,-1.24,0.57,2.58,-3.4
13.9751,-89.6713,6.07,-445.44,62.64,0.38,-1.18,-1.44,6.48,2.14,-4.44,4.86,-5.27,8.67,-19.11,5.67,-2.35,2.94,0.43,-0.9,1.38,-0.12,1.01,-0.43,-0.91,-0.91,-0.62,2.7,-0.2,-1.58,2.17,1.75,-3.12
13.9751,-89.6706,14.49,-1336.67,183.59,0.69,-1.19,-2.11,7.0,2.77,-4.49,4.44,-5.22,-1.22,-27.76,5.42,-2.97,0.86,0.9,-0.95,1.99,0.43,0.54,-0.52,-0.61,-1.1,-1.18,2.36,-1.54,-1.35,2.65,2.13,-2.89
13.9751,-89.6698,11.56,-1228.64,166.71,1.13,-1.3,-2.21,6.28,2.8,-4.46,5.43,-4.1,-1.04,-27.76,5.25,-2.57,1.38,1.17,-2.05,1.82,1.04,0.21,-1.15,-0.64,-1.38,-0.78,3.14,-1.59,-0.77,2.75,1.04,-2.7
13.9751,-89.6691,28.95,-831.16,137.82,1.55,-0.99,-2.16,5.96,2.57,-4.63,5.76,-5.06,11.25,-18.13,5.53,-1.48,1.8,0.97,-1.26,1.19,0.36,0.76,-0.63,-0.34,-1.66,-1.4,3.66,-2.64,-0.77,4.5,1.62,-2.65
13.9751,-89.6683,27.42,-920.17,147.12,1.36,-1.88,-1.87,5.75,1.93,-3.37,5.0,-4.53,0.97,-0.0,5.74,-2.29,1.08,1.1,-2.07,1.17,0.56,0.72,-1.05,0.06,-1.87,-1.07,3.52,-1.58,-1.68,5.07,1.1,-2.26
13.9752,-89.6676,17.52,-607.27,96.43,1.79,-1.72,-1.17,5.3,2.15,-3.66,4.0,-5.12,7.21,-0.0,6.24,-2.29,1.19,1.11,-1.98,0.08,0.16,0.57,-2.14,0.22,-1.75,-1.55,3.79,-2.49,-2.47,4.83,0.41,-2.26
13.9752,-89.6669,7.21,164.58,-11.98,1.81,-1.31,-1.3,4.78,1.69,-3.89,5.28,-4.62,19.17,-0.0,5.7,-1.24,3.07,1.38,-1.37,-0.91,1.53,-0.01,-2.14,0.38,-1.24,-2.0,4.36,-1.69,-3.72,4.59,-0.02,-2.27
13.9752,-89.6661,15.21,96.66,5.97,2.29,-2.02,-2.39,5.57,2.09,-3.47,7.12,-4.9,19.17,-0.0,4.81,-1.0,3.06,1.24,-1.04,0.77,0.65,0.75,-0.51,-0.05,-2.1,-2.28,5.07,-1.79,-3.51,4.59,1.08,-2.39
13.9752,-89.6654,21.01,-930.03,140.85,2.91,-1.96,-1.99,4.78,1.61,-4.15,7.54,-5.69,-3.31,0.54,5.74,-1.12,-1.09,1.4,-2.36,0.53,0.44,-1.94,-8.32,-0.24,-2.41,-2.05,4.66,-2.14,-1.94,6.05,-0.48,-2.81
13.9752,-89.6646,37.75,-1591.26,243.17,2.07,-0.86,-1.26,4.37,2.92,-4.33,4.38,-6.37,-7.62,-0.0,5.8,-1.34,-0.45,0.01,-4.09,1.42,1.95,0.57,-1.14,0.69,-1.64,-2.02,5.66,-1.86,-3.19,8.3,0.23,-2.64
13.9752,-89.6639,17.87,-1108.26,159.41,4.09,-1.35,-1.18,5.37,2.71,-5.28,5.47,-5.78,4.6,-19.13,5.46,-2.01,2.72,-1.19,-2.11,-2.15,2.27,-0.49,-0.62,-0.09,-2.03,-3.86,5.47,-1.38,-2.82,5.43,-0.3,-1.9
13.9752,-89.6632,-12.89,1142.11,-157.76,3.39,-1.58,-2.59,4.54,2.9,-3.53,2.12,-3.18,-0.0,1.12,5.61,-3.76,-1.64,14.36,2.72,-2.08,3.49,-1.95,6.26,0.19,1.77,1.2,7.58,-3.64,-6.41,4.43,-0.49,-3.18
13.9752,-89.6624,1.23,153.98,-17.76,3.52,-1.69,-2.07,4.43,2.24,-3.57,1.29,-5.47,2.54,-2.13,5.25,-3.49,3.13,1.92,2.55,-0.66,1.27,-0.91,3.47,4.62,-4.27,4.47,4.56,-2.41,-6.41,4.52,1.09,-2.46
13.9752,-89.6617,-10.99,84.93,-23.62,3.64,-1.93,-1.02,3.77,3.66,-2.14,3.69,-4.52,-0.0,-8.52,3.19,-2.62,0.46,2.9,-0.48,1.68,-0.16,-1.9,-1.29,2.74,-1.6,-3.44,7.59,-1.73,-7.2,5.63,-0.05,-4.49
13.9752,-89.6609,-33.41,107.3,-52.99,3.8,-3.29,-3.56,3.06,3.21,-3.31,1.6,-7.94,-6.03,-4.24,5.18,-0.27,-0.93,-2.97,-4.76,1.17,4.28,2.4,-1.39,7.05,5.02,-11.38,6.19,1.16,-7.49,3.03,-1.02,-3.22
13.9752,-89.6602,-47.8,1102.41,-194.29,1.45,-2.42,-3.16,2.26,3.95,-2.39,-1.94,-1.96,3.71,-4.24,4.9,-5.38,-6.96,15.32,0.71,0.41,-3.69,-0.37,9.49,-5.61,5.88,0.83,2.54,-0.52,-11.14,4.9,0.36,-7.98
13.9752,-89.6595,-23.38,772.47,-124.17,1.46,-2.27,-1.58,2.91,3.89,-3.75,6.2,-0.83,6.72,1.3,3.49,-1.78,0.28,7.27,0.49,-3.0,1.4,-2.8,0.73,-1.56,-8.29,-4.78,10.46,-0.43,-11.14,8.51,-0.56,-7.11
13.9753,-89.6587,1.78,405.76,-48.57,2.53,-3.99,-0.8,3.5,4.22,-1.91,1.67,-5.68,-0.0,5.42,3.14,-2.5,9.96,-2.71,16.27,-7.4,4.65,-1.52,-13.69,0.39,-0.86,-8.19,12.11,1.07,-5.57,8.29,-0.56,-7.11
13.9753,-89.658,51.93,-982.1,184.24,4.74,-3.38,-2.27,2.45,3.84,-5.32,3.04,1.0,3.69,5.93,4.95,-0.1,5.17,-1.4,-10.93,-1.66,-3.21,3.44,0.48,-3.76,5.82,3.66,5.4,0.8,-5.39,12.45,-1.31,-1.91
13.9753,-89.6572,12.65,1072.66,-119.03,3.11,-2.0,-1.56,2.98,5.38,-5.23,5.36,-1.2,-0.0,3.47,10.0,4.48,8.95,-4.29,1.23,3.21,1.77,1.8,12.87,-1.68,-0.42,-8.54,4.29,-0.08,-11.0,10.0,2.97,-7.73
13.9753,-89.6565,-0.11,1358.4,-169.9,2.12,-3.26,-1.46,4.18,5.44,-3.95,1.65,2.43,-0.0,4.94,5.06,4.25,7.79,0.22,-1.53,1.3,1.29,0.52,7.23,9.41,0.95,-5.07,6.87,-2.63,-11.0,8.49,0.22,-3.74
13.9753,-89.6558,32.93,-1252.86,195.65,1.64,-3.85,-3.56,3.86,6.15,-4.6,2.88,-2.22,-7.39,4.73,2.1,2.43,-9.09,-4.64,-1.36,9.31,-9.17,3.7,-0.0,4.21,-1.95,-2.56,3.14,-0.81,-9.24,13.73,0.24,-7.0
13.9753,-89.655,-24.29,-624.88,49.32,-1.18,-4.8,-3.39,2.18,6.44,-3.96,3.11,-0.71,-0.0,-4.15,-0.65,1.2,-2.33,-6.9,-3.53,-13.27,-7.58,-3.02,7.38,1.1,-0.92,-2.18,10.18,-2.75,-9.61,7.85,1.71,-12.0
13.9753,-89.6543,40.85,-1853.38,280.19,3.26,-3.12,-1.58,1.74,7.53,-4.5,0.63,-2.1,-4.03,-5.22,1.11,1.42,10.66,-2.3,0.05,-5.66,-17.69,9.72,-1.02,-6.08,-4.43,-3.39,0.57,-3.75,-6.32,12.97,0.47,-7.13
13.9753,-89.6535,23.21,-216.84,54.64,2.49,-4.37,-2.57,4.33,7.45,-5.76,0.4,-3.86,-13.47,15.26,0.51,-1.65,-9.3,9.38,9.11,-9.93,9.76,6.59,-3.22,11.97,-6.19,0.46,4.05,2.95,-4.95,10.45,1.0,-9.17
13.9739,-89.7157,9.13,-1307.62,171.66,0.77,4.12,5.3,-6.0,-1.03,7.08,-9.55,1.9,-42.58,4.53,-0.17,4.63,-0.62,-2.6,3.33,1.48,-5.82,6.96,-2.37,-0.88,-0.27,1.46,-4.59,0.9,6.62,-7.76,2.8,4.58
13.9739,-89.7149,13.27,-437.63,69.51,1.73,4.37,4.24,-5.21,-2.11,5.14,-9.67,0.54,-19.59,15.2,-1.05,4.51,-0.15,-1.14,0.74,1.11,-3.24,5.73,-2.54,0.92,-0.61,0.25,-3.76,0.13,6.17,-6.6,1.79,5.56
13.9739,-89.7142,-3.19,-144.31,14.0,0.9,5.4,4.09,-5.33,-0.94,6.09,-10.35,0.53,-33.2,27.86,0.21,4.46,-0.82,-2.08,0.34,1.03,-3.42,4.94,-3.39,1.13,-1.59,2.43,-2.8,-1.25,6.17,-7.62,-0.19,6.56
13.9739,-89.7135,-5.41,-500.35,55.21,1.06,5.76,3.19,-5.86,-0.34,7.86,-10.65,0.84,-18.74,4.18,-1.02,3.36,-3.8,-1.9,1.86,0.1,-4.92,6.48,-3.01,2.44,-1.05,1.97,-1.98,-1.44,6.35,-7.95,-0.58,7.01
13.9739,-89.7127,2.96,362.0,-41.08,0.95,5.93,3.01,-5.37,-0.79,8.58,-12.92,0.22,-0.0,4.18,0.38,5.64,-1.42,-0.21,0.83,2.02,-3.24,5.25,-2.22,2.27,-0.91,1.92,-3.06,-1.48,6.75,-7.11,-0.58,7.01
13.9739,-89.712,0.89,-967.68,120.23,-0.26,6.92,2.31,-5.03,-0.08,8.88,-13.59,0.91,-39.45,5.63,0.97,6.49,-0.14,-1.43,0.02,1.25,-3.3,4.95,-2.6,2.51,-1.64,3.22,-3.01,-1.46,7.51,-7.11,-1.91,7.73
13.974,-89.7112,0.92,-356.18,44.96,-0.2,6.83,2.76,-4.65,-0.13,9.05,-13.04,1.04,-41.05,23.92,-0.46,6.04,0.66,-1.82,1.45,0.98,-2.81,5.18,-1.47,2.67,-1.61,1.87,-2.49,-1.42,6.66,-5.98,-2.08,6.84
13.974,-89.7105,14.66,-462.54,74.29,0.43,6.97,1.12,-3.99,0.32,9.68,-12.4,1.29,-34.17,23.92,-0.59,4.41,-0.02,-1.85,0.32,2.29,-3.27,4.86,-1.08,2.9,-1.38,2.78,-3.31,-1.97,8.15,-5.84,-2.05,8.1
13.974,-89.7098,6.87,-1422.41,183.4,0.47,7.19,0.67,-3.32,0.7,9.59,-12.48,1.35,-39.18,-0.0,0.02,5.25,1.16,-1.89,1.52,2.7,-2.94,5.11,-0.5,1.94,-2.14,2.45,-2.98,-0.53,8.21,-5.99,-2.91,7.79
13.974,-89.709,8.47,-145.44,27.93,0.39,7.25,0.3,-2.17,0.89,9.57,-13.25,0.43,-26.72,20.61,0.16,4.85,1.65,-1.73,1.62,1.8,-2.29,2.61,-1.49,2.74,-2.37,2.4,-2.02,-0.32,8.21,-5.18,-3.32,7.37
13.974,-89.7083,5.61,-706.55,93.72,0.77,7.26,0.19,-1.9,0.97,8.64,-13.29,1.07,-30.68,6.12,-0.56,4.87,1.64,-1.75,1.39,2.15,-1.83,1.91,-1.22,2.71,-1.95,2.07,-1.52,-0.08,8.44,-5.23,-3.6,6.95
13.974,-89.7075,5.49,-1389.91,177.86,0.88,7.34,-0.48,-1.57,1.25,8.27,-13.31,1.6,-31.78,-13.32,-0.36,4.34,2.18,-1.74,1.73,1.85,-1.94,2.02,-1.16,2.48,-1.85,1.84,-3.14,-0.31,8.19,-5.09,-3.6,6.95
13.974,-89.7068,2.14,-932.54,117.53,0.9,7.36,-0.77,-0.85,1.2,7.86,-12.51,1.61,-24.61,-9.34,0.07,4.02,1.7,-1.87,1.62,1.83,-0.85,1.94,-0.68,2.48,-1.91,1.53,-3.34,-0.26,8.37,-5.07,-3.79,6.24
13.974,-89.7061,7.17,417.91,-43.09,1.03,7.11,-0.63,-0.48,1.19,7.18,-12.07,2.47,-0.0,3.8,0.2,3.99,2.24,-1.96,1.92,1.47,-0.48,1.23,-0.42,2.54,-1.49,0.87,-2.86,-0.4,8.09,-5.01,-3.11,6.52
13.974,-89.7053,11.62,-169.9,34.69,1.14,6.95,-1.25,-0.37,1.56,6.52,-12.11,2.64,-0.0,-10.91,0.43,3.11,2.69,-2.43,2.87,1.6,-0.05,0.76,-0.59,2.03,-1.51,1.38,-2.29,-0.49,8.17,-4.38,-3.06,6.29
13.974,-89.7046,7.86,110.23,-4.32,1.41,7.28,-1.29,-0.19,1.9,5.76,-10.69,2.39,-0.0,-6.76,1.0,3.2,3.23,-2.17,2.85,0.98,0.26,0.55,-0.3,2.17,-1.81,1.22,-2.09,-0.28,8.12,-4.51,-3.19,5.86
13.974,-89.7038,20.74,-1804.07,247.16,1.28,7.25,-1.65,-0.39,2.05,5.34,-10.25,1.99,-23.92,-26.16,0.97,3.26,3.1,-2.24,2.54,0.94,0.61,-0.84,0.23,2.2,-1.78,1.23,-2.08,-0.26,8.08,-3.52,-2.08,5.39
13.974,-89.7031,7.88,-1094.62,144.44,1.27,7.0,-1.51,-0.68,2.24,3.84,-7.83,1.53,-19.91,-16.59,1.11,2.22,3.75,-2.57,2.95,0.71,1.37,-1.25,-0.6,2.44,-1.82,1.8,-2.15,0.03,7.63,-3.45,-2.46,3.33
13.9741,-89.7024,12.66,-683.54,99.36,1.67,6.96,-1.41,-0.48,2.91,3.11,-6.08,1.01,-7.38,-13.03,1.16,1.86,4.02,-2.8,2.79,0.22,1.38,-1.33,-0.21,1.77,-1.97,1.64,-2.41,0.31,7.63,-3.38,-1.59,2.96
13.9741,-89.7016,2.84,-973.93,123.64,1.54,6.37,-1.65,-0.18,3.12,2.81,-5.73,0.41,-29.22,-6.74,1.02,1.57,3.23,-2.21,2.54,0.7,1.51,-1.19,0.12,1.57,-1.15,2.11,-2.55,0.62,7.33,-3.72,-2.34,2.79
13.9741,-89.7009,12.92,-796.48,113.65,1.95,6.48,-1.5,0.51,3.46,1.48,-4.5,0.03,-19.36,-3.79,1.07,1.73,4.19,-2.76,2.24,0.7,1.54,-1.86,-0.19,0.58,-0.99,0.55,-1.26,0.17,6.86,-3.33,-0.92,2.79
13.9741,-89.7001,10.64,-621.69,89.38,1.79,6.42,-1.87,-0.18,3.22,1.02,-4.15,-0.55,-22.81,5.65,0.89,0.77,3.51,-2.19,1.96,0.65,1.42,-1.77,-0.3,1.35,-0.12,0.87,-2.05,0.91,7.33,-3.3,-0.92,1.78
13.9741,-89.6994,9.2,-92.66,22.32,1.97,6.9,-2.42,-0.01,3.95,0.12,-3.72,-1.29,-19.45,20.12,0.83,-0.53,3.66,-1.84,1.46,0.84,1.51,-2.06,-1.36,1.18,-0.25,1.71,-3.17,1.46,6.94,-2.65,-1.08,1.07
13.9741,-89.6987,7.03,-195.36,32.45,1.9,6.63,-2.29,0.05,3.83,-0.27,-3.43,-1.02,-19.45,13.33,1.98,-0.09,3.84,-1.38,1.4,1.07,0.91,-1.85,-0.44,0.4,-0.06,1.21,-2.81,1.97,6.64,-2.9,-0.62,0.67
13.9741,-89.6979,2.17,-600.86,76.84,2.13,6.74,-1.73,0.25,3.82,-0.99,-3.09,-1.25,-9.99,-0.0,1.86,-0.17,3.71,-1.44,1.29,1.2,1.11,-2.58,-0.41,0.71,-0.03,0.77,-2.93,1.28,6.55,-2.81,-0.86,-0.11
13.9741,-89.6972,1.19,851.15,-103.84,2.4,6.81,-2.07,0.3,4.03,-1.13,-2.24,-1.78,-15.04,36.55,1.16,0.22,4.54,-1.48,0.79,1.14,2.22,-2.22,-0.56,0.33,0.13,1.03,-3.02,1.49,6.43,-2.61,-0.83,-0.63
13.9741,-89.6965,3.34,1042.27,-124.95,2.27,6.5,-1.78,0.56,4.27,-1.22,-1.95,-1.6,-10.39,37.91,1.69,-0.44,4.14,-0.65,0.53,0.9,2.69,-2.13,-0.66,0.37,0.55,1.29,-3.02,1.65,6.29,-2.57,-0.12,-1.19
13.9741,-89.6957,6.74,807.06,-91.86,2.42,6.71,-1.38,0.21,4.55,-1.55,-1.26,-2.0,1.62,23.32,2.0,-0.74,4.03,-1.47,0.57,0.36,2.45,-2.67,-0.26,0.84,-0.0,0.98,-3.49,1.93,6.21,-2.12,0.34,-1.83
13.9741,-89.695,8.22,1695.51,-200.04,2.32,6.42,-1.7,0.27,4.24,-1.92,-0.59,-1.81,19.35,33.87,2.05,-0.94,4.09,-1.76,0.66,0.49,2.51,-2.68,-0.05,0.57,-0.1,1.37,-3.51,1.9,6.55,-2.19,0.25,-1.6
13.9741,-89.6942,5.92,848.15,-97.95,2.58,5.86,-1.14,0.39,4.19,-1.97,0.23,-2.16,2.06,22.98,1.84,-0.67,3.82,-1.25,0.21,0.94,2.3,-2.74,-0.07,0.95,-0.23,1.62,-3.63,2.63,6.21,-1.73,-0.42,-1.56
13.9741,-89.6935,9.84,838.32,-92.12,2.45,5.47,-0.73,0.53,4.51,-2.87,1.36,-2.14,7.13,19.68,1.78,-1.25,3.63,-1.05,1.08,0.92,2.21,-2.85,-0.02,1.33,-0.74,1.52,-3.4,2.45,6.23,-2.18,0.58,-1.48
13.9742,-89.6928,15.51,309.13,-19.93,2.49,5.08,-0.77,0.7,4.26,-3.21,1.11,-2.37,-0.0,11.02,1.59,-1.08,3.21,-0.86,1.06,0.8,2.25,-2.86,-0.96,0.79,-0.55,1.33,-3.9,2.86,6.35,-1.52,0.58,-1.48
13.9742,-89.692,5.0,699.11,-80.64,2.29,4.83,-1.05,1.37,3.89,-2.92,1.31,-2.45,-11.02,32.83,1.59,-1.48,3.17,-1.02,1.15,-0.0,2.47,-2.93,-0.49,1.46,-0.7,1.24,-4.35,3.64,5.39,-2.35,0.96,-2.1
13.9742,-89.6913,16.64,926.54,-95.07,1.84,4.27,-1.02,1.41,3.96,-3.36,1.68,-2.42,-0.04,35.87,1.84,-1.07,3.11,-0.78,0.53,0.57,1.11,-2.97,0.59,1.2,-0.22,1.56,-4.45,4.22,5.39,-0.79,0.97,-2.07
13.9742,-89.6905,6.89,399.42,-41.33,2.09,3.62,-1.25,1.48,3.65,-3.18,1.65,-2.23,-8.38,21.66,1.93,-1.39,2.69,-0.59,0.86,0.85,1.77,-2.46,-0.17,1.15,0.23,1.81,-4.52,4.28,5.5,-1.51,0.69,-2.74
13.9742,-89.6898,-1.07,616.87,-77.68,1.94,3.75,-0.93,2.2,4.02,-2.79,1.51,-2.87,2.33,15.46,1.75,-1.7,0.9,-0.6,0.73,1.0,1.61,-2.25,0.42,1.1,-0.57,0.38,-4.49,4.59,4.27,-1.27,0.59,-3.48
13.9742,-89.6891,-12.88,1698.24,-225.66,1.67,2.92,-0.87,1.97,3.9,-3.19,1.01,-2.35,-0.0,37.07,2.01,-1.47,2.28,-0.72,0.4,1.46,2.35,-3.16,-1.0,0.64,-0.89,0.84,-4.85,4.65,3.33,-1.31,0.11,-4.33
13.9742,-89.6883,-5.11,1671.36,-213.17,1.25,2.89,-1.14,2.4,4.15,-3.19,0.82,-2.32,-0.0,41.55,1.57,-0.35,1.35,-2.15,1.24,0.19,3.01,-2.94,-0.31,0.99,-0.85,0.86,-4.44,4.48,3.86,-1.22,0.41,-3.67
13.9742,-89.6876,-7.44,941.13,-125.46,0.54,2.33,-1.8,1.83,3.71,-2.63,0.85,-2.19,-11.09,33.74,1.52,-0.76,2.89,-1.25,1.1,-0.0,3.77,-2.92,-1.12,1.59,-0.48,-0.29,-4.61,4.28,4.39,-1.89,0.81,-4.19
13.9742,-89.6868,-4.32,615.37,-81.4,0.03,2.04,-0.98,1.66,4.18,-3.1,0.9,-2.19,-0.0,12.02,2.09,-1.97,1.9,-1.04,0.74,-0.04,2.43,-2.93,-0.17,1.25,-0.68,0.15,-3.55,3.66,3.27,-1.03,1.11,-4.17
13.9742,-89.6861,-12.63,239.82,-44.68,0.04,1.59,-0.68,1.69,4.48,-2.78,1.7,-2.8,-21.19,22.28,2.42,-1.65,1.65,-2.17,0.39,-0.45,3.95,-2.69,-0.96,0.0,-0.37,1.04,-4.13,3.86,2.78,-2.27,2.14,-5.04
13.9742,-89.6854,-15.48,-552.28,50.19,0.07,1.59,-0.44,2.72,3.88,-2.32,1.12,-2.62,-32.0,2.39,2.84,-1.24,4.23,-1.16,0.01,-0.25,2.97,-1.63,-0.57,0.91,-0.89,0.24,-3.45,3.43,3.34,-1.94,1.4,-5.7
13.9742,-89.6846,-20.7,925.06,-139.25,0.37,1.03,-0.71,2.36,3.91,-2.21,0.7,-3.81,-0.0,12.87,2.52,-1.34,1.01,-2.32,0.71,-0.5,3.18,-2.49,-0.96,1.67,-0.85,-0.13,-2.4,4.38,3.34,-1.42,0.77,-6.83
13.9743,-89.6839,-19.85,63.17,-31.32,-0.46,0.18,-0.04,3.68,4.8,-2.25,1.13,-2.69,-14.81,0.07,2.96,-0.85,3.23,-0.23,1.73,0.41,2.23,-2.33,-0.95,-0.58,-0.52,-0.18,-2.36,3.18,2.66,-2.42,2.52,-6.91
13.9743,-89.6831,-16.92,1119.73,-158.98,-0.64,0.34,0.01,2.82,4.48,-2.92,2.11,-3.73,12.57,9.51,3.4,-2.72,4.41,-1.35,0.88,0.75,1.74,-0.58,-0.92,-0.18,-1.14,-2.08,-1.01,3.31,2.81,-2.53,2.78,-6.61
13.9743,-89.6824,-21.66,440.93,-80.36,-0.3,0.08,0.29,2.75,4.9,-2.55,1.85,-3.04,2.44,-3.73,3.1,-2.44,3.82,-1.83,0.71,0.2,1.95,-0.69,-0.65,0.27,-0.97,-0.72,-1.81,2.98,2.16,-2.77,3.18,-7.21
13.9743,-89.6817,-19.58,437.8,-77.52,-0.68,-0.09,0.74,3.05,4.42,-2.82,1.65,-3.42,3.31,-3.6,3.36,-1.61,4.36,-2.53,0.45,0.03,2.41,-0.68,-0.46,0.2,-1.08,-0.93,-0.8,2.32,2.2,-2.21,3.18,-7.73
13.9743,-89.6809,-15.7,402.44,-68.55,-1.33,-0.6,1.15,2.85,4.24,-3.01,1.68,-3.35,15.48,-13.27,3.63,-2.17,4.65,-2.19,0.2,0.29,2.14,-0.99,-0.96,0.39,-1.0,-0.13,-1.0,1.68,1.5,-2.04,4.31,-8.16
13.9743,-89.6802,-22.11,565.93,-96.45,-1.36,-0.46,1.41,3.27,4.49,-3.33,1.3,-3.34,20.25,-16.27,3.86,-2.11,4.99,-3.19,0.22,0.25,1.33,-0.77,-0.64,0.53,-1.23,-0.24,-0.61,1.58,1.14,-2.24,3.95,-8.36
13.9743,-89.6794,-14.49,1150.88,-160.11,-1.36,-0.56,0.81,4.4,4.6,-3.16,1.15,-3.49,18.81,6.63,4.35,-2.69,4.89,-2.58,0.07,0.1,1.8,-0.19,-1.63,0.05,-1.05,-0.11,-0.72,1.45,1.3,-1.53,3.92,-7.91
13.9743,-89.6787,-12.85,852.24,-121.1,-1.2,-0.42,0.63,3.96,4.62,-3.2,1.79,-3.31,18.81,-1.78,4.75,-3.09,4.61,-2.29,-0.3,0.15,1.77,-0.34,-0.88,-0.04,-0.8,0.01,-0.16,1.5,1.58,-1.55,3.82,-7.64
13.9743,-89.678,-10.03,-68.56,-3.35,-1.13,-0.73,0.66,4.05,4.04,-2.59,1.66,-3.48,11.31,-18.18,4.98,-3.55,4.75,-1.97,-1.58,-0.06,1.17,-0.31,-0.36,0.55,-1.53,0.38,-0.15,1.04,1.26,-1.55,3.64,-6.36
13.9743,-89.6772,-5.32,-367.71,39.41,-1.76,-0.39,-0.04,4.45,3.9,-2.37,2.24,-3.81,-0.87,-0.0,4.49,-4.19,3.59,-2.66,-1.44,-0.11,2.36,0.07,-0.26,-0.52,-2.08,0.17,0.08,1.28,1.26,-1.31,3.51,-5.5
13.9743,-89.6765,-10.6,533.32,-78.85,-1.39,-0.28,-0.54,4.6,3.97,-2.33,3.17,-3.99,-2.69,10.62,4.4,-3.53,4.05,-1.34,-1.19,0.24,2.33,0.24,-0.26,-1.37,-0.42,0.59,0.65,0.72,0.36,-1.14,3.35,-5.83
13.9743,-89.6757,-9.12,-221.57,16.75,-1.34,-0.34,-1.51,4.93,3.68,-2.49,4.07,-3.84,2.05,-16.0,4.34,-3.5,4.07,-1.16,-0.85,0.57,2.21,0.07,-0.53,-0.27,-0.99,0.04,1.25,1.02,0.03,-0.69,3.28,-5.83
13.9744,-89.675,-5.38,-242.16,23.74,-1.02,-0.6,-1.16,5.4,3.17,-3.15,4.44,-4.37,-0.0,-16.0,5.17,-3.75,2.87,-0.97,-0.72,0.67,1.74,-0.24,-1.18,-0.33,-0.74,0.11,1.26,0.6,0.02,-0.62,3.28,-5.09
13.9744,-89.6743,3.86,292.36,-31.79,-0.8,-0.52,-1.52,5.92,3.33,-3.29,4.33,-4.78,15.27,-4.74,5.05,-2.94,3.1,-0.87,-0.83,1.07,1.83,0.05,-1.08,-0.48,-1.2,0.46,1.1,0.53,-0.11,0.33,3.32,-4.49
13.9744,-89.6735,0.95,628.05,-77.01,-0.31,-0.82,-1.19,5.54,3.31,-3.77,5.11,-4.95,15.27,2.41,4.98,-2.83,2.62,-1.01,-0.01,0.85,1.6,0.43,-0.52,0.22,-1.44,0.3,1.52,0.49,-0.64,0.33,2.99,-4.06
13.9744,-89.6728,6.04,794.76,-91.75,0.13,-0.9,-1.1,6.01,2.47,-3.77,5.4,-5.18,15.67,9.89,5.63,-3.28,2.71,-0.45,-0.52,1.13,1.7,0.63,-0.79,-0.27,-1.32,0.13,1.59,0.48,-0.33,1.22,2.5,-3.94
13.9744,-89.672,-6.3,601.2,-82.29,0.11,-0.7,-0.9,6.32,3.11,-3.81,5.74,-5.54,9.24,2.45,5.58,-3.1,3.15,0.07,-1.19,0.99,1.11,0.34,-0.45,-0.5,-1.37,-0.21,2.13,0.39,-1.18,0.13,2.23,-3.6
13.9744,-89.6713,-2.55,65.23,-11.14,0.63,-0.4,-1.48,6.54,3.1,-3.96,4.09,-5.69,7.51,-7.97,6.12,-3.09,2.89,0.27,-2.07,1.25,1.49,0.72,-0.25,-0.78,-1.27,-0.01,2.08,-0.04,-2.2,0.58,2.87,-3.43
13.9744,-89.6706,5.88,-621.55,84.35,0.81,-0.18,-1.63,6.29,3.01,-4.34,4.02,-4.83,-1.7,-13.54,5.97,-3.14,2.88,1.02,-1.75,1.34,0.84,0.43,-0.81,-0.65,-1.38,-0.29,2.06,-0.84,-1.37,1.86,1.65,-2.7
13.9744,-89.6698,9.41,-831.6,114.71,1.11,-0.33,-2.14,6.51,2.29,-4.41,4.16,-4.93,-2.64,-13.54,6.12,-2.87,1.18,0.96,-1.33,0.9,1.44,0.13,-1.76,-1.01,-1.44,-0.52,2.28,-1.38,-1.37,2.82,0.86,-2.34
13.9744,-89.6691,19.71,-1466.93,206.06,1.2,-0.49,-2.49,6.22,2.54,-4.07,3.63,-5.34,-10.29,-18.99,5.73,-2.39,2.01,0.48,-0.97,0.79,1.91,-0.08,-1.17,-0.51,-1.58,-0.86,2.75,-1.39,-0.54,3.8,0.86,-2.56
13.9744,-89.6683,23.32,-1344.16,195.08,1.93,-0.41,-1.82,6.13,2.53,-3.72,5.68,-4.45,1.41,-25.89,5.55,-2.07,2.14,0.15,-1.9,0.63,1.36,-0.09,-0.74,-0.28,-2.35,-0.98,3.09,-1.71,-1.15,4.17,1.37,-2.56
13.9744,-89.6676,12.28,257.86,-17.59,1.82,-1.05,-2.66,5.47,1.89,-3.98,4.65,-4.83,12.34,2.67,6.31,-2.09,1.3,1.19,-0.84,0.87,1.53,0.43,-0.82,1.24,-2.61,-1.59,3.75,-2.01,-2.08,4.17,0.25,-2.44
13.9744,-89.6669,26.64,-1137.29,173.3,1.86,-0.05,-2.03,5.21,2.22,-3.71,3.54,-6.49,-0.0,-18.64,5.79,-1.65,2.93,1.39,-3.18,0.01,2.09,-0.67,-1.26,0.81,-2.39,-2.51,4.42,-2.45,-2.39,6.33,0.32,-2.67
13.9745,-89.6661,-2.41,255.61,-34.72,3.11,2.09,-2.58,5.19,3.05,-4.21,6.0,-6.59,17.1,-13.68,6.11,-1.28,3.59,0.87,-1.4,0.5,2.28,-1.55,-0.86,2.14,-2.36,-2.1,4.32,-2.94,-3.37,2.45,0.83,-2.51
13.9745,-89.6654,12.63,-484.37,75.36,4.34,-1.26,-1.76,5.18,3.05,-3.34,4.95,-7.11,-0.07,-0.0,5.56,-1.72,3.6,2.97,-0.3,-0.47,2.34,-0.93,-3.85,3.75,-2.66,0.86,4.69,-1.99,-4.33,4.86,0.66,-1.89
13.9745,-89.6646,4.94,-55.16,12.73,4.01,-1.16,-1.97,4.74,2.63,-3.57,4.76,-6.17,-1.48,0.25,5.79,-2.31,2.29,0.41,0.34,-0.53,2.36,0.41,2.37,0.08,-0.81,-2.46,5.99,-3.53,-4.6,5.05,-0.1,-2.55
13.9745,-89.6639,-12.82,905.23,-128.09,4.32,-0.73,-2.31,5.21,2.23,-3.86,7.14,-6.16,-1.38,12.83,5.1,-0.45,6.51,-0.02,-5.5,-1.05,1.8,0.24,1.83,7.32,-0.77,-3.26,6.25,-3.3,-4.6,5.02,-1.66,-4.24
13.9745,-89.6632,2.68,849.13,-102.75,3.16,-0.97,-2.24,6.39,2.89,-4.47,4.51,-2.66,13.55,12.83,5.17,-1.53,0.46,1.59,-9.78,-4.57,1.14,1.08,3.18,8.35,-1.29,7.48,6.1,-2.97,-6.93,8.21,-1.36,-4.15
13.9745,-89.6624,50.23,10.37,58.22,4.93,-1.46,-2.57,4.88,2.62,-4.26,1.4,-5.07,12.17,4.93,7.43,-1.34,1.26,-0.39,1.39,-1.58,0.38,0.36,12.01,10.38,-0.92,2.59,7.95,-3.57,-3.13,8.61,2.67,-4.15
13.9745,-89.6617,3.8,490.88,-56.75,4.03,-0.61,-3.19,4.58,4.38,-3.9,2.48,-4.42,3.13,13.79,5.65,-1.59,4.0,0.92,-1.11,-0.33,-0.37,-0.75,-0.45,0.8,-4.23,1.14,8.13,-1.88,-6.9,6.16,1.18,-4.3
13.9745,-89.6609,44.58,-334.77,94.62,5.07,-1.89,-2.1,1.94,3.97,-3.09,3.99,-4.01,17.8,12.47,3.71,-2.65,2.73,-1.33,-3.33,1.14,2.31,-1.89,-1.05,-3.84,-3.12,-2.59,4.81,-3.31,-4.65,7.2,1.99,-0.13
13.9745,-89.6602,-14.73,190.21,-41.21,2.1,-2.32,-1.99,4.8,5.12,-3.29,0.3,-2.87,13.18,-5.56,3.3,-4.12,-1.78,2.69,-1.05,2.69,1.95,-2.6,-10.91,-13.29,8.55,14.36,4.93,1.61,-4.57,6.8,0.02,-10.17
13.9745,-89.6595,-41.0,625.51,-126.71,2.86,-2.72,-3.81,4.42,5.33,-3.65,5.59,-3.98,13.18,-2.77,3.03,-5.11,1.36,3.78,2.0,-13.53,4.57,-2.17,-7.23,-0.0,1.34,-4.95,5.25,-2.61,-12.37,6.8,0.02,-7.83
13.9745,-89.6587,-59.82,2290.97,-357.05,2.58,-2.77,-2.06,2.07,4.55,-3.0,7.65,-2.26,12.69,13.74,4.13,-0.52,2.9,-0.52,-3.18,-3.74,4.56,3.37,-4.04,-0.0,-0.11,-0.0,13.65,-1.08,-9.76,3.69,-0.01,-9.77
13.9745,-89.658,-90.18,1921.71,-346.96,1.91,-2.7,-3.06,3.81,6.41,-2.97,4.2,1.63,3.29,16.34,0.73,-7.17,8.53,-2.72,-9.47,5.15,2.15,-6.12,-2.92,-7.72,-14.01,9.23,-1.76,-2.35,-7.52,-4.98,2.38,-8.25
13.9745,-89.6572,70.91,-522.78,149.38,3.46,-3.26,-4.08,2.08,5.38,-5.22,5.08,0.41,3.42,1.41,5.03,0.42,11.84,4.23,17.23,-13.13,-2.74,3.32,-4.51,3.24,1.2,6.69,-2.82,2.19,-10.52,18.72,2.02,-8.22
13.9746,-89.6565,25.54,-602.21,105.54,3.75,-2.43,-1.96,4.25,5.13,-5.42,-2.7,-4.3,14.51,-0.0,-1.09,3.62,0.39,-3.68,5.93,4.42,-4.05,-2.29,4.16,-2.67,7.59,-5.26,4.73,-0.75,-12.88,14.58,1.37,-8.22
13.9746,-89.6558,58.03,-1494.6,255.62,-0.3,-3.19,-0.82,5.82,7.26,-4.51,4.29,-2.68,-0.0,-0.0,-10.46,-1.19,2.01,-8.69,-3.79,10.57,-13.93,-8.87,-0.0,3.25,-4.31,-13.88,1.39,0.25,-10.22,16.07,0.7,-4.91
13.9746,-89.655,-29.26,788.37,-133.25,3.64,-1.78,-4.32,3.74,6.43,-3.74,0.42,-2.25,-4.84,-1.65,9.5,-0.61,6.29,1.48,1.91,4.31,1.37,4.29,-12.38,1.06,-0.21,-9.94,11.97,-0.24,-9.67,6.55,1.11,-9.92
13.9746,-89.6543,12.79,-1824.53,243.31,-3.17,-4.82,-5.1,2.92,7.07,-4.52,-11.95,-2.53,-8.04,-17.09,0.0,1.6,-3.3,-1.99,0.73,2.27,-4.06,6.46,0.11,-2.53,1.67,5.85,4.42,-2.76,-4.86,7.92,1.11,-7.5
13.9746,-89.6535,51.16,-1967.83,306.78,1.83,-1.01,-3.6,1.81,8.95,-7.0,-2.94,-1.23,-14.99,-12.39,2.87,0.58,2.2,1.95,3.18,4.1,-13.37,12.16,-6.21,3.55,6.92,-0.24,3.47,-5.49,-4.42,11.38,1.97,-6.3
13.9732,-89.7157,-11.83,-333.56,27.08,1.85,3.19,5.03,-5.85,-2.14,1.35,-11.03,1.52,-20.92,16.42,0.03,4.35,0.01,-2.7,-0.6,-2.46,-7.29,6.78,-3.79,-1.27,0.16,3.73,-3.19,0.94,6.97,-8.85,0.59,4.67
13.9732,-89.7149,-2.78,-568.19,66.64,2.04,4.71,4.8,-4.6,-0.92,5.65,-10.38,0.84,-35.54,15.81,-0.14,3.8,0.38,-1.63,-0.61,1.13,-3.19,6.53,-2.06,0.62,-0.56,0.47,-4.53,-0.66,6.6,-8.7,1.35,5.67
13.9732,-89.7142,1.87,746.33,-89.65,2.02,6.31,4.62,-5.69,-1.81,6.98,-10.69,0.68,-0.0,15.81,-1.01,4.9,-0.57,-0.81,0.38,1.88,-4.48,7.16,-2.68,3.21,-0.43,1.25,-3.14,-0.08,6.73,-7.2,0.27,5.67
13.9732,-89.7135,3.51,310.62,-34.09,1.16,6.22,3.89,-4.92,-1.61,8.45,-11.23,0.02,-0.0,1.34,0.51,3.55,0.67,-1.64,1.5,2.05,-3.91,6.33,-2.21,2.64,-0.9,2.41,-2.03,-0.58,6.62,-7.2,0.27,6.13
13.9732,-89.7127,1.14,-497.78,62.64,1.16,5.66,4.04,-5.53,-0.8,9.75,-12.79,0.87,-20.9,1.34,0.11,5.03,0.54,-1.4,1.18,1.94,-4.2,4.74,-1.96,2.69,-0.8,3.07,-3.36,-1.05,6.17,-6.84,-0.1,5.97
13.9732,-89.712,4.08,-339.6,46.64,0.3,6.89,2.36,-5.1,0.23,9.25,-13.79,0.66,-22.75,12.02,0.9,6.31,0.87,-2.43,-0.25,1.84,-4.42,4.94,-2.58,2.25,-2.16,3.8,-3.4,-0.72,7.28,-6.08,-1.17,5.77
13.9732,-89.7112,12.98,-1689.3,223.41,0.15,6.5,2.23,-4.03,-0.12,9.91,-14.01,0.62,-37.1,-0.0,-0.09,5.42,0.08,-2.16,1.25,1.53,-3.24,4.9,-2.0,2.48,-1.5,2.07,-3.5,-0.84,8.47,-5.1,-2.86,7.44
13.9732,-89.7105,16.45,-1524.09,207.19,0.63,6.97,1.4,-3.96,0.51,10.23,-13.02,0.06,-32.66,-0.0,0.29,5.26,1.53,-2.56,1.08,1.39,-3.14,4.9,-1.36,3.1,-1.82,2.72,-3.33,-0.79,8.54,-4.96,-2.3,7.01
13.9732,-89.7098,9.47,-453.77,67.1,0.58,7.29,0.61,-2.89,0.62,10.18,-13.25,0.7,-36.9,24.46,0.17,3.91,1.2,-2.58,0.68,1.59,-3.4,4.07,-1.1,3.09,-2.27,2.56,-2.29,-0.58,8.54,-4.9,-3.51,7.13
13.9733,-89.709,8.97,-182.83,33.13,1.02,7.61,0.5,-2.41,0.68,9.61,-13.5,0.65,-39.81,33.74,-0.02,5.07,1.07,-2.33,1.88,2.29,-2.34,2.29,-1.4,2.61,-2.4,1.91,-2.37,-0.21,8.25,-4.82,-3.51,7.13
13.9733,-89.7083,7.22,-224.21,36.17,0.89,7.75,0.24,-1.93,0.94,9.41,-13.47,0.9,-26.47,19.16,0.34,4.54,1.09,-2.28,1.31,2.28,-2.66,2.71,-1.4,1.72,-1.82,1.82,-2.18,-0.26,8.36,-4.98,-3.39,6.65
13.9733,-89.7075,5.73,-1119.68,144.83,1.07,7.37,-0.05,-1.7,1.21,8.93,-13.78,0.79,-29.57,-6.16,-0.21,4.42,1.09,-1.76,2.07,1.68,-1.82,2.43,-1.24,2.58,-1.83,2.17,-3.02,-0.12,8.1,-4.98,-3.63,6.96
13.9733,-89.7068,6.27,262.19,-24.93,1.08,7.67,-0.35,-0.64,1.1,8.36,-12.91,1.64,-0.0,-0.84,-0.11,4.26,1.95,-2.16,2.28,2.15,-1.48,2.18,-1.1,2.58,-1.76,1.74,-3.05,-0.31,8.11,-4.74,-3.47,6.42
13.9733,-89.7061,11.23,-845.77,117.58,1.23,7.64,-0.66,-0.45,1.68,7.88,-12.29,2.54,-24.56,-3.74,-0.27,4.18,2.53,-2.63,3.04,1.64,-0.83,1.8,-0.69,2.4,-1.77,1.53,-2.86,-0.13,8.59,-4.73,-3.13,6.48
13.9733,-89.7053,10.63,-834.82,115.55,1.23,7.44,-0.64,-0.81,1.75,6.57,-11.99,2.51,-35.72,7.31,0.38,3.55,2.58,-2.5,2.82,1.6,-0.01,1.19,-0.52,3.27,-1.72,1.1,-2.59,-0.25,8.63,-4.45,-3.0,5.59
13.9733,-89.7046,9.22,-1016.23,136.29,1.58,7.5,-1.01,-1.24,1.83,5.57,-11.29,2.21,-19.39,-13.36,0.6,3.36,3.12,-2.12,3.04,1.18,0.11,0.2,-0.48,2.36,-2.03,1.26,-2.26,-0.14,8.44,-4.42,-2.85,5.16
13.9733,-89.7038,15.41,-1269.04,174.82,1.44,7.72,-1.35,-0.93,2.21,4.54,-9.54,1.85,-19.07,-16.4,0.58,2.66,2.85,-2.15,2.62,0.55,0.66,-0.53,0.74,2.56,-2.54,0.97,-2.66,0.11,8.44,-3.2,-2.47,3.82
13.9733,-89.7031,14.42,-1372.2,186.42,1.43,7.35,-1.28,-1.24,2.62,4.85,-8.64,1.31,-20.71,-21.19,0.72,2.65,3.5,-2.52,3.56,0.93,0.94,-0.56,0.27,2.18,-1.62,1.35,-1.83,0.31,7.82,-3.03,-1.92,3.08
13.9733,-89.7024,9.58,-998.38,134.59,2.0,7.04,-1.22,-0.15,2.48,3.77,-8.29,1.08,-12.49,-17.37,1.13,1.79,3.62,-2.86,2.74,0.69,1.56,-2.5,-0.64,2.31,-1.34,1.12,-1.43,0.85,7.44,-3.43,-1.92,3.08
13.9733,-89.7016,3.53,-697.34,90.29,2.39,6.47,-1.28,-0.86,3.29,3.02,-6.49,-0.37,-14.16,-10.63,0.69,1.6,5.53,-2.84,2.07,0.73,1.56,-1.67,-0.59,1.52,-1.42,0.95,-2.17,1.1,7.22,-3.36,-2.02,1.96
13.9733,-89.7009,8.94,-1121.02,149.03,1.96,6.29,-1.31,0.33,3.51,2.76,-4.4,-0.57,-22.73,-15.88,1.36,1.55,4.87,-1.96,1.77,1.58,1.06,-1.31,0.49,1.46,-1.27,1.07,-2.24,1.18,7.09,-2.88,-1.66,2.03
13.9734,-89.7001,1.32,-327.09,41.97,2.32,7.52,-1.2,0.68,3.44,1.75,-4.89,-1.79,-25.98,11.51,1.46,1.24,4.49,-2.5,1.65,0.41,0.91,-1.42,-0.85,1.0,-0.55,0.9,-1.9,0.88,7.01,-3.8,-1.16,1.23
13.9734,-89.6994,8.97,-1212.25,160.4,1.86,7.26,-1.98,0.33,3.85,0.1,-4.59,-2.01,-25.54,-0.0,1.8,-0.08,4.54,-1.92,1.37,1.21,1.25,-2.17,0.49,0.97,-0.32,1.17,-2.4,1.78,6.99,-2.81,-0.72,0.71
13.9734,-89.6987,5.65,-841.16,110.63,2.64,7.02,-1.69,-0.1,3.88,-0.56,-3.1,-1.87,-14.95,-0.0,0.76,-0.07,3.69,-1.12,0.67,1.3,1.17,-1.59,-0.4,1.9,-0.71,0.87,-2.76,1.87,6.68,-2.7,-0.56,-0.14
13.9734,-89.6979,2.98,-531.76,69.25,2.26,7.36,-1.85,0.07,3.98,-0.23,-2.82,-1.92,-6.87,-0.0,1.72,-0.28,3.6,-1.9,1.09,1.19,1.16,-1.83,-0.79,1.04,0.18,0.59,-3.0,1.33,6.87,-3.18,-0.48,-0.23
13.9734,-89.6972,8.76,721.05,-78.8,2.48,6.64,-1.67,0.41,4.17,-0.91,-2.52,-2.28,-0.0,16.27,1.63,0.29,4.55,-1.51,1.08,1.32,1.77,-1.88,-0.68,1.84,-0.1,0.81,-3.27,1.88,7.31,-2.76,-0.41,-0.22
13.9734,-89.6964,0.97,387.94,-46.83,2.68,6.62,-1.5,0.2,4.42,-1.15,-2.11,-2.31,-22.7,28.42,1.84,-0.55,5.44,-1.64,1.37,1.47,2.27,-2.21,-0.93,0.82,0.05,1.29,-2.59,1.78,6.25,-2.75,-0.14,-1.37
13.9734,-89.6957,4.59,497.12,-56.06,2.77,6.68,-1.56,0.48,4.37,-1.09,-1.6,-1.73,-17.45,28.75,1.84,-0.55,5.05,-1.39,0.5,1.22,1.89,-1.93,-0.68,1.4,0.04,1.21,-3.11,2.36,5.97,-2.36,0.27,-1.54
13.9734,-89.695,7.46,1356.72,-159.03,2.71,6.01,-1.06,0.57,4.23,-1.61,-0.82,-2.1,6.48,34.27,2.18,-0.38,4.79,-1.99,0.46,1.12,2.32,-2.27,-0.64,1.05,-0.41,1.34,-3.53,2.45,5.97,-2.24,0.49,-1.43
13.9734,-89.6942,3.45,907.01,-108.16,2.83,5.84,-0.77,0.78,4.33,-1.88,0.0,-2.05,2.8,21.14,2.44,-0.51,4.69,-1.9,0.52,1.17,2.14,-2.36,-0.04,0.8,-0.83,1.39,-3.66,2.74,5.45,-2.21,0.37,-1.7
13.9734,-89.6935,7.59,1023.97,-117.75,2.8,5.48,-0.68,1.06,4.17,-2.18,0.65,-2.32,-3.47,34.33,1.98,-0.66,4.17,-1.25,0.6,0.63,2.16,-2.44,-0.46,1.25,-0.89,1.39,-4.16,3.16,5.92,-1.95,0.37,-1.7
13.9734,-89.6927,14.84,934.37,-98.12,2.7,5.12,-0.95,1.31,4.11,-2.29,0.79,-2.22,-0.0,27.32,1.72,-1.4,3.97,-0.3,0.79,0.65,2.05,-2.86,-0.35,1.6,-0.86,1.45,-4.44,3.74,6.04,-1.14,0.58,-1.92
13.9734,-89.692,11.5,1102.07,-122.85,2.81,5.06,-0.93,1.16,3.93,-3.09,1.17,-2.3,13.39,24.76,2.03,-1.06,3.12,-1.08,1.21,0.45,2.03,-2.73,-0.74,1.77,-0.89,1.33,-4.54,4.05,5.35,-1.14,0.77,-2.3
13.9735,-89.6913,12.87,309.3,-23.08,2.77,4.84,-0.82,1.11,4.3,-2.9,1.19,-2.75,-10.33,26.24,2.05,-1.34,3.38,-1.28,1.02,1.03,0.84,-2.84,-0.98,1.92,-0.95,1.03,-4.85,4.22,5.33,-0.56,0.87,-3.12
13.9735,-89.6905,6.83,1046.42,-121.53,2.76,3.95,-1.08,1.48,4.07,-2.97,1.3,-2.49,2.32,30.91,1.99,-1.02,2.97,-0.42,0.84,1.22,1.64,-3.29,-0.18,1.53,-0.77,0.75,-4.49,4.53,4.8,-0.78,0.67,-3.22
13.9735,-89.6898,-0.56,714.17,-89.13,2.07,3.61,-1.7,1.68,3.99,-3.05,1.1,-3.12,13.41,5.94,2.08,-0.91,2.54,0.35,1.34,1.32,2.29,-4.04,-0.06,0.91,0.04,0.79,-4.47,4.5,3.8,-0.58,0.74,-4.31
13.9735,-89.689,-22.59,1682.62,-235.2,1.45,3.77,-1.45,1.92,3.83,-3.34,0.21,-2.6,-3.98,37.71,1.88,-1.21,2.77,0.2,1.64,1.19,2.94,-3.71,-0.3,1.13,-0.38,0.97,-4.79,4.91,2.3,-2.09,0.11,-4.2
13.9735,-89.6883,-11.48,1312.46,-176.23,2.06,3.54,-1.48,1.97,4.65,-2.6,0.15,-2.87,-2.35,37.54,2.13,-1.65,1.8,-0.04,0.54,-1.4,2.41,-2.56,-1.72,1.73,-1.55,-0.66,-4.46,6.15,2.62,-1.56,0.67,-3.68
13.9735,-89.6876,-18.81,1088.32,-157.14,0.3,3.56,-2.4,1.87,4.38,-2.93,0.54,-2.66,-4.73,25.76,2.76,-1.15,2.26,-1.22,0.46,-0.32,3.84,-3.5,-0.39,2.7,-0.92,0.3,-5.35,4.38,3.48,-2.77,1.16,-4.95
13.9735,-89.6868,-18.85,-444.33,32.79,0.8,2.57,-1.68,2.12,4.25,-3.02,0.97,-2.72,-10.63,-0.0,2.59,-1.08,4.4,-2.22,-1.21,0.82,-0.58,-3.82,-1.04,2.16,-1.79,1.68,-5.1,4.37,3.48,-2.48,1.48,-5.9
13.9735,-89.6861,-13.67,-1126.93,123.57,0.65,2.92,-1.28,1.79,4.24,-2.99,1.58,-2.8,-27.38,-0.0,0.38,-1.91,4.96,-2.57,-0.59,-1.65,3.98,-3.24,-1.99,1.86,-0.95,-0.17,-4.78,3.73,2.75,-2.07,2.28,-5.81
13.9735,-89.6853,-20.4,-761.89,70.37,0.2,2.31,-1.35,2.85,4.4,-2.45,1.12,-2.95,-29.26,-0.0,2.54,-0.73,4.47,-2.08,0.68,0.3,3.62,-2.21,-0.51,1.39,-1.32,0.17,-3.72,3.98,2.52,-2.59,2.52,-6.6
13.9735,-89.6846,-14.85,-171.34,3.69,-0.02,1.72,-0.41,3.19,4.69,-2.5,0.49,-3.55,-21.2,4.77,2.64,-1.01,2.09,0.18,0.54,0.91,2.29,-2.42,-0.46,1.46,-1.27,-0.38,-2.44,4.36,2.46,-2.07,2.51,-6.1
13.9735,-89.6839,-26.25,100.49,-43.52,0.4,1.4,-1.55,2.67,4.07,-2.48,0.81,-3.08,-3.42,-4.87,3.66,-0.95,2.99,-1.9,-1.11,0.98,0.03,-3.11,-1.15,0.5,-1.93,-0.47,-1.97,4.4,1.85,-2.64,2.51,-7.16
13.9735,-89.6831,-22.71,423.25,-79.39,0.03,1.04,0.44,2.97,4.25,-2.95,1.45,-3.29,8.77,-0.0,4.71,-1.91,4.84,-3.35,-0.96,0.6,1.65,-0.57,-1.15,0.95,-1.82,0.58,-3.52,3.39,2.72,-2.64,3.11,-8.25
13.9735,-89.6824,-18.08,378.84,-68.41,-0.5,0.61,-0.05,2.9,4.29,-2.62,1.44,-3.35,2.44,2.23,3.43,-3.33,3.86,-3.87,-0.05,-1.31,2.57,-1.0,-1.41,2.35,-0.95,-0.86,-2.18,2.5,2.01,-2.98,4.43,-8.0
13.9736,-89.6816,-27.26,1319.26,-196.03,-1.16,0.02,0.62,2.57,4.37,-2.21,1.65,-4.39,14.2,7.82,3.49,-1.21,4.67,-3.0,0.05,-0.04,2.17,-0.44,-1.33,2.13,-0.83,-0.82,-1.24,2.25,1.9,-3.27,4.14,-9.15
13.9736,-89.6809,-16.24,290.12,-55.24,-1.63,-0.29,0.58,2.9,5.34,-2.71,1.28,-3.63,8.42,-0.0,3.96,-1.45,4.19,-3.49,0.1,-0.22,3.14,-1.55,-0.08,0.96,-0.79,-0.44,-1.36,1.47,1.51,-2.34,4.54,-8.35
13.9736,-89.6802,-21.11,752.86,-118.48,-1.15,-0.06,1.66,4.02,5.15,-3.98,1.67,-3.26,20.92,-9.16,4.42,-2.17,4.62,-2.68,0.32,-0.83,1.33,-1.39,-1.98,-0.7,-1.96,0.02,0.67,2.17,0.03,-2.19,4.81,-8.53
13.9736,-89.6794,-4.24,443.51,-60.11,-1.03,-0.65,0.57,4.13,4.61,-2.97,0.88,-3.68,20.92,-10.89,4.88,-1.74,5.48,-3.38,-0.33,-0.12,1.86,-0.09,-0.25,1.4,-1.96,-0.26,-1.32,1.77,1.32,-1.15,5.16,-8.21
13.9736,-89.6787,-13.13,1234.81,-168.95,-0.98,-0.31,0.45,4.13,4.91,-3.76,1.85,-3.98,24.81,5.86,5.33,-3.27,5.17,-3.22,-1.19,-0.24,2.24,-0.94,0.79,-0.23,-2.91,-0.23,0.19,1.87,1.32,-2.38,4.77,-7.46
13.9736,-89.6779,-10.66,43.26,-17.99,-1.3,-0.37,-0.08,4.27,4.27,-2.72,1.53,-3.96,17.28,-19.81,5.25,-3.04,4.3,-3.13,-1.62,-0.74,2.39,-0.59,-0.59,0.87,-1.61,1.14,0.26,1.86,0.75,-1.34,3.65,-6.34
13.9736,-89.6772,-13.14,148.66,-34.02,-1.48,-0.45,-0.33,4.32,4.49,-2.38,2.22,-3.8,17.28,-19.54,5.07,-4.74,4.35,-1.99,-0.52,-0.05,2.67,-1.12,-0.48,1.16,-2.33,0.13,0.36,1.75,0.82,-1.62,3.53,-6.34
13.9736,-89.6765,-9.02,-209.21,15.33,-0.7,-0.59,-0.59,4.56,3.87,-2.34,2.43,-4.16,-8.12,-3.03,4.88,-3.85,4.49,-2.1,-0.66,0.82,1.51,-0.47,-0.32,0.29,-1.76,0.15,-0.51,1.15,0.21,-1.06,4.0,-6.45
13.9736,-89.6757,-11.9,-113.87,0.08,-0.88,-0.53,-1.0,4.75,3.88,-2.48,2.89,-4.43,-3.11,-7.58,4.18,-3.8,4.35,-1.37,-0.83,0.71,2.3,-0.25,0.0,0.11,-1.72,0.32,-0.08,1.13,-0.1,-0.97,3.24,-5.75
13.9736,-89.675,-9.8,-22.14,-8.84,-0.66,-0.51,-0.85,5.27,4.1,-3.3,4.18,-4.58,0.47,-7.58,5.15,-3.52,4.68,-1.41,-1.79,0.46,2.0,-0.69,-0.51,0.01,-1.58,0.37,0.92,1.44,0.01,-0.97,3.42,-5.68
13.9736,-89.6742,-4.58,173.16,-26.96,-0.37,-0.65,-1.39,5.43,3.59,-3.19,4.57,-4.93,-0.0,-2.67,4.93,-3.28,3.37,-1.15,-0.06,0.36,1.16,-0.33,-1.22,0.11,-2.37,0.46,1.21,0.82,-0.94,-0.17,3.39,-4.79
13.9736,-89.6735,1.43,111.68,-12.2,-0.25,-0.71,-1.33,5.8,3.15,-3.41,3.88,-5.05,-0.0,-2.67,5.54,-3.29,3.2,-1.05,-0.3,1.58,1.32,0.53,-0.92,0.69,-2.07,0.03,1.3,1.13,-0.54,0.12,3.26,-4.1
13.9737,-89.6728,7.87,-445.89,64.8,0.31,-0.58,-0.95,5.82,3.07,-3.76,4.58,-5.16,2.75,-11.46,5.42,-3.24,3.11,-1.2,-0.6,0.89,1.67,0.36,-0.27,0.53,-1.76,-0.33,1.2,0.91,-0.4,1.5,2.64,-4.14
13.9737,-89.672,8.92,-23.6,13.5,0.21,-0.55,-0.73,6.02,3.12,-2.8,4.18,-5.86,4.68,0.68,5.02,-3.95,2.83,-0.73,-1.38,1.2,2.06,0.81,-0.35,-0.05,-2.08,0.06,1.68,1.15,-0.15,1.6,2.41,-3.98
13.9737,-89.6713,14.84,-794.73,116.5,0.64,-0.38,-1.33,6.71,3.09,-3.75,4.5,-5.07,1.11,-14.31,5.84,-2.99,2.28,-0.23,-1.68,0.9,1.92,0.0,-1.21,-0.87,-1.91,-0.01,1.92,0.41,-0.15,2.46,1.76,-3.06
13.9737,-89.6705,8.96,-97.93,22.8,1.2,0.21,-1.55,6.63,2.99,-3.72,3.92,-5.32,9.85,-6.05,6.42,-3.34,2.78,-0.32,-1.98,0.96,1.59,0.01,-0.44,-0.5,-1.77,-0.57,1.58,0.28,-1.22,2.68,1.31,-2.99
13.9737,-89.6698,15.84,-374.62,65.41,1.39,0.13,-1.66,6.71,2.85,-3.92,3.69,-5.21,-0.0,-6.05,5.9,-3.6,2.42,0.62,-1.3,0.61,2.0,0.05,-0.63,-0.63,-1.89,-0.49,2.23,-0.04,-0.87,3.37,1.31,-2.99
13.9737,-89.6691,8.73,-307.72,48.66,1.19,-0.08,-2.14,6.27,2.54,-3.81,4.32,-5.64,-0.0,-7.58,5.9,-2.76,2.1,-0.41,-1.8,1.29,1.7,-0.61,0.33,-0.2,-1.82,-0.67,2.97,-1.18,-0.79,2.49,0.61,-2.15
13.9737,-89.6683,6.1,-703.27,94.84,1.64,0.15,-2.08,6.39,2.54,-3.91,3.99,-5.4,6.09,-21.84,6.44,-2.28,2.14,0.66,-1.9,0.55,1.98,-0.62,-0.3,-0.19,-1.78,-0.89,2.86,-1.6,-0.86,2.49,0.14,-1.98
13.9737,-89.6676,14.21,-548.15,85.13,2.13,0.19,-2.06,6.45,2.54,-3.61,5.81,-6.64,-6.05,-2.81,6.7,-2.48,3.32,1.21,-0.65,-0.02,1.58,-0.31,-0.94,-0.32,-2.83,-0.97,3.26,-1.84,-0.92,3.82,0.1,-2.34
13.9737,-89.6668,13.1,-479.38,75.27,2.41,0.51,-2.84,6.0,3.39,-3.63,4.76,-5.78,3.22,-0.0,6.74,-2.12,2.93,0.87,-2.54,0.21,2.27,-0.19,-0.31,0.8,-2.29,-1.9,3.4,-3.06,-2.5,4.83,0.29,-3.04
13.9737,-89.6661,26.26,-494.88,92.8,3.51,-0.63,-2.24,6.67,2.59,-3.51,4.32,-5.97,-0.0,-7.14,6.31,-1.99,3.42,2.58,-0.81,-0.95,3.17,0.71,-2.22,1.42,-2.11,-3.0,3.52,-1.87,-1.48,6.45,-0.13,-3.27
13.9737,-89.6654,27.11,-66.43,40.4,3.28,-0.0,-2.19,4.75,2.84,-3.76,6.77,-6.32,23.2,-6.19,6.23,-2.27,3.0,-0.42,-0.71,-1.11,2.29,-0.19,-1.0,0.72,-2.62,-3.2,4.43,-2.15,-1.48,6.02,-0.3,-2.05
13.9737,-89.6646,19.48,-278.46,57.8,2.98,-0.42,-2.12,5.25,2.79,-4.25,4.88,-6.57,13.2,-6.19,6.27,-2.83,0.95,0.98,-1.75,0.45,2.69,-0.66,-1.19,1.63,-2.53,-0.84,5.95,-2.9,-3.01,7.09,-0.48,-3.78
13.9738,-89.6639,-5.68,641.55,-86.75,2.76,-0.58,-3.67,4.36,3.54,-3.5,6.75,-4.54,4.46,6.69,5.8,-1.8,3.08,1.16,-1.96,-0.41,1.59,-0.33,6.33,-2.34,-3.14,-2.41,5.82,-2.21,-4.35,5.09,-0.48,-4.77
13.9738,-89.6631,27.96,536.82,-33.83,3.38,-1.73,-2.45,6.02,2.88,-4.02,7.44,-5.61,15.11,12.25,7.19,-2.31,4.63,-0.2,-4.07,-0.4,2.08,-0.44,-5.14,7.43,1.02,3.96,5.94,-0.97,-3.77,7.45,1.52,-4.77
13.9738,-89.6624,0.54,371.56,-45.72,2.86,-0.52,-1.73,5.7,2.31,-4.89,6.39,-5.13,2.31,7.86,6.67,-3.25,-2.21,1.1,-1.87,-1.54,3.26,9.72,-1.04,1.53,-5.21,-4.07,6.28,-0.13,-4.14,4.6,0.32,-3.95
13.9738,-89.6617,17.57,456.84,-36.19,2.91,0.32,-1.14,4.94,3.05,-4.17,5.77,-4.43,-0.07,16.33,3.98,-2.34,1.31,0.05,6.04,-2.18,2.82,1.16,1.18,2.71,-1.1,-3.37,6.29,-0.81,-3.26,7.99,-0.72,-5.2
13.9738,-89.6609,44.72,-822.53,155.67,2.9,-1.01,-3.86,4.05,4.15,-4.18,-9.97,-4.0,19.73,9.2,4.82,-6.08,3.16,-8.99,-1.22,-0.13,1.28,1.45,6.06,-6.66,-0.19,1.21,7.67,-1.98,-2.77,8.82,0.57,-2.8
13.9738,-89.6602,-21.15,1327.19,-190.76,1.97,-3.01,-1.36,5.81,4.41,-5.8,-1.13,-2.3,30.7,0.74,1.81,0.38,-2.05,-1.01,-1.41,2.56,-1.37,-0.44,3.52,-1.55,4.62,3.68,5.2,-0.95,-3.74,3.17,0.73,-7.5
13.9738,-89.6594,-69.66,723.88,-172.95,3.67,-0.63,-2.26,4.3,5.77,-3.4,9.32,-3.95,19.79,-8.84,4.6,-2.65,-5.07,-11.12,-13.61,-1.45,3.4,8.56,0.99,-22.03,-0.1,-0.83,7.78,-0.79,-9.17,-2.48,2.78,-6.29
13.9738,-89.6587,31.44,-1172.07,183.65,1.86,-2.34,-1.0,5.85,8.72,-1.85,3.33,-8.78,19.79,1.06,3.74,-7.33,-5.04,-10.86,-0.64,1.46,0.94,3.16,-11.35,-8.2,1.55,-0.0,4.78,2.98,-9.86,13.11,-0.28,-4.16
13.9738,-89.658,-22.7,2468.96,-335.33,3.23,-6.17,1.12,5.86,4.14,-3.92,12.88,-0.82,8.24,15.94,11.06,-6.56,17.95,-7.0,4.4,-0.36,2.28,-0.7,10.03,-8.5,-9.36,18.95,11.02,-5.3,-10.49,8.83,-0.73,-8.14
13.9738,-89.6572,-10.6,1884.4,-248.0,2.27,-2.84,1.95,2.93,5.58,-6.13,-5.88,-4.95,16.86,12.76,4.85,2.5,13.27,1.5,5.25,-0.8,-6.52,11.26,-4.77,7.21,-2.47,7.42,4.49,-1.78,-10.49,10.58,-0.43,-9.14
13.9738,-89.6565,-9.01,1186.78,-158.98,-0.38,-1.21,-0.77,4.24,2.89,-8.0,-4.43,-5.75,9.46,0.05,9.46,-3.91,5.79,13.5,21.86,3.1,-0.5,-11.16,-7.47,3.11,4.54,-11.4,11.67,-1.16,-11.67,9.87,0.21,-7.5
13.9738,-89.6557,35.32,-696.71,128.96,4.29,-4.0,-5.15,2.5,5.59,-4.11,5.22,-4.49,-3.22,-6.01,18.26,1.42,11.84,-4.02,9.67,-7.03,0.3,-3.45,10.82,-13.01,-6.22,-12.68,1.6,-1.34,-6.54,11.37,1.22,-6.82
13.9739,-89.655,28.87,-1383.14,207.15,2.33,-2.73,-0.32,4.78,6.12,-3.61,-3.58,-2.36,-17.63,-0.0,11.29,-0.64,8.23,-2.61,2.85,4.61,-1.03,0.73,-14.44,6.93,-0.87,-8.03,6.4,-2.1,-7.25,12.69,0.04,-7.89
13.9739,-89.6543,17.72,-1151.9,165.04,1.31,-1.05,-0.78,4.07,5.1,-4.88,0.13,-0.47,-11.85,-0.0,6.32,-2.08,3.45,-7.61,11.04,-4.28,-7.56,2.81,2.21,3.13,-0.79,1.68,2.77,-2.47,-8.65,7.9,3.04,-5.25
13.9739,-89.6535,11.73,-189.97,37.67,0.93,-2.24,-0.88,5.13,8.66,-1.91,-1.45,-3.97,-2.72,-0.0,7.63,3.75,8.65,-0.24,-0.3,3.89,4.21,-2.57,2.44,-10.82,-2.5,7.71,-2.28,-3.55,-9.24,8.95,2.81,-7.41
13.9725,-89.7157,-5.79,-406.63,43.19,1.5,5.52,4.65,-5.04,0.25,1.8,-10.15,0.46,-24.72,12.03,-0.48,5.35,1.09,0.27,-0.3,-2.39,-5.07,6.77,-2.54,0.63,-0.77,0.0,-4.1,0.52,6.58,-8.63,1.65,4.43
13.9725,-89.7149,6.1,-755.78,100.2,-0.71,5.53,3.92,-5.32,-1.24,6.51,-11.01,0.19,-20.78,1.24,-0.6,5.81,-0.99,-1.48,0.27,0.39,-3.42,6.33,-2.29,3.28,-0.56,1.28,-4.19,0.12,6.9,-7.8,1.65,5.39
13.9725,-89.7142,0.13,272.5,-33.38,1.13,5.63,3.89,-5.49,-1.9,7.29,-10.85,0.4,-0.0,3.05,0.1,4.85,-1.17,-1.17,0.88,1.16,-4.63,6.87,-2.14,1.64,-1.24,1.56,-3.5,-0.15,6.93,-7.8,1.21,4.61
13.9725,-89.7135,-1.65,122.1,-16.98,2.44,6.14,3.36,-5.57,-1.55,10.0,-13.15,1.23,-11.6,9.84,0.53,5.15,0.13,-1.26,0.79,1.55,-4.53,6.73,-2.46,2.39,-0.93,2.48,-2.95,-0.07,6.5,-7.48,0.16,5.7
13.9725,-89.7127,4.55,-156.44,24.63,0.83,6.94,3.36,-4.78,-1.5,10.08,-13.63,0.33,-15.27,9.84,0.66,5.02,0.35,-2.42,2.49,2.92,-5.09,3.94,-2.17,3.33,-0.95,1.07,-2.62,0.01,6.83,-6.03,-0.76,5.69
13.9725,-89.712,2.27,-151.19,21.29,1.41,6.89,2.81,-4.49,-0.66,10.29,-14.39,0.82,-26.37,20.22,0.56,5.8,0.67,-1.98,0.07,0.39,-3.88,4.76,-2.43,3.4,-1.53,2.31,-1.79,-0.7,6.81,-5.19,-2.01,5.62
13.9725,-89.7112,2.42,-239.43,32.35,0.95,6.26,1.92,-3.84,0.22,10.36,-14.44,0.91,-29.46,20.22,-1.33,5.4,0.46,-2.04,2.23,0.71,-4.0,5.05,-1.78,3.54,-1.58,1.98,-2.68,-0.4,6.81,-5.82,-1.83,6.43
13.9725,-89.7105,8.87,-625.51,87.53,0.18,7.75,1.35,-3.64,0.21,10.91,-13.77,1.27,-30.71,11.13,-0.85,4.69,0.78,-1.66,1.86,1.75,-3.37,5.06,-1.83,3.38,-2.12,1.99,-3.25,-0.58,7.78,-5.05,-3.26,7.76
13.9725,-89.7098,16.07,-957.31,136.94,0.69,7.3,1.02,-3.2,0.77,9.63,-13.82,1.35,-42.87,17.11,0.29,5.39,0.71,-2.27,1.31,2.41,-2.93,3.61,-2.24,3.61,-2.64,3.16,-2.82,0.02,8.58,-4.61,-3.26,7.76
13.9725,-89.709,6.31,-320.83,46.99,0.92,7.47,-0.11,-2.95,1.19,9.31,-14.42,0.87,-46.56,35.32,0.3,4.78,1.1,-2.33,1.8,2.84,-3.08,3.05,-1.54,3.19,-2.01,1.43,-2.68,-0.19,7.49,-4.61,-3.24,6.55
13.9725,-89.7083,1.55,-94.68,13.5,1.13,7.51,-0.16,-2.51,1.23,9.33,-13.76,0.98,-31.62,25.69,-0.15,4.55,1.54,-2.29,1.2,2.35,-3.21,3.59,-1.41,2.0,-2.07,1.71,-3.06,-0.56,7.37,-4.52,-3.38,5.6
13.9725,-89.7075,1.8,-378.63,48.81,1.03,7.31,0.07,-1.85,1.53,8.5,-13.93,1.58,-40.39,23.0,0.14,4.14,2.05,-2.48,2.26,2.28,-1.96,2.55,-1.16,2.75,-2.0,1.9,-2.72,-0.18,7.92,-4.72,-3.53,5.64
13.9726,-89.7068,9.3,-897.4,121.65,1.34,7.55,0.09,-1.3,1.49,8.64,-13.86,1.49,-32.65,3.34,-0.45,4.19,1.73,-1.82,2.39,3.11,-1.87,2.27,-1.0,3.15,-2.03,1.6,-2.94,-0.06,8.28,-4.53,-3.11,6.0
13.9726,-89.7061,9.1,-1055.02,140.87,1.71,7.54,-0.22,-1.03,1.47,8.19,-13.4,2.1,-26.94,-6.84,0.25,4.28,2.01,-2.11,2.46,2.06,-1.63,1.42,-0.36,2.47,-2.2,1.38,-2.74,-0.01,8.68,-4.73,-3.36,6.24
13.9726,-89.7053,11.94,-1185.26,160.32,1.91,7.41,-0.92,-0.99,1.96,6.86,-11.99,1.76,-17.72,-18.66,0.24,4.15,2.52,-1.99,2.7,1.79,-0.73,0.97,-0.82,3.63,-2.17,0.66,-2.59,-0.08,8.68,-4.3,-2.67,5.04
13.9726,-89.7046,0.4,-812.23,100.7,1.65,7.77,-0.84,-0.85,2.26,6.17,-11.57,2.32,-31.98,-0.99,0.4,3.77,2.77,-2.08,2.85,1.21,-0.37,0.47,-0.71,3.12,-2.16,1.15,-2.37,-0.13,8.82,-4.86,-3.32,4.18
13.9726,-89.7038,6.39,-897.36,118.3,1.7,7.46,-1.19,-0.86,2.43,4.87,-10.57,1.35,-18.28,-11.65,0.46,3.59,2.84,-2.36,2.92,0.95,-0.08,0.47,-0.1,3.02,-2.72,1.08,-2.04,0.73,7.69,-3.37,-3.32,4.18
13.9726,-89.7031,5.72,-1148.42,148.52,1.81,7.63,-0.85,-0.86,2.51,5.03,-9.84,0.92,-19.05,-17.22,0.43,2.69,3.36,-2.74,1.86,1.07,0.14,-0.51,-0.08,2.49,-2.08,1.46,-1.96,0.7,7.79,-3.64,-2.49,3.06
13.9726,-89.7024,8.48,-1346.74,176.29,1.96,7.33,-0.65,-0.46,3.54,4.27,-8.23,-0.72,-29.32,-14.16,1.11,2.32,4.78,-2.33,2.36,0.77,1.08,-0.45,-1.21,2.19,-1.82,1.32,-1.98,0.61,7.75,-2.98,-2.2,2.15
13.9726,-89.7016,7.33,-1513.94,195.62,2.59,7.26,-0.96,-0.68,3.65,3.05,-6.88,-0.2,-25.73,-24.98,1.37,2.18,5.12,-1.87,1.19,1.24,2.07,-0.78,-0.77,2.69,-2.09,1.05,-2.27,1.28,7.11,-2.87,-2.02,2.14
13.9726,-89.7009,6.34,-841.17,111.39,2.61,7.33,-0.87,0.34,3.34,1.98,-6.39,-0.61,-19.31,-9.45,1.23,1.82,5.07,-2.77,1.92,1.34,-0.11,-0.46,-0.42,3.05,-2.01,1.62,-2.5,1.15,7.64,-3.34,-1.6,1.55
13.9726,-89.7001,4.07,-1101.17,140.85,2.76,7.16,-1.03,0.97,3.22,0.84,-4.47,-1.41,-32.8,-4.93,1.54,0.47,5.11,-2.45,2.01,0.87,0.83,-0.75,-0.37,2.46,-1.46,0.8,-2.71,1.48,6.9,-3.34,-1.2,1.3
13.9726,-89.6994,8.27,-573.69,80.66,2.44,7.29,-1.14,0.35,3.48,0.18,-4.18,-1.64,-0.0,-0.0,1.42,1.35,4.6,-2.3,1.27,2.34,1.08,-1.79,-1.05,2.35,-1.22,0.99,-2.36,1.81,7.06,-2.78,-0.9,0.73
13.9726,-89.6987,0.6,-231.86,29.36,2.76,6.82,-0.52,0.24,3.69,-0.15,-3.75,-1.54,-0.0,-0.0,0.97,0.77,3.09,-2.04,0.71,1.79,1.33,-1.89,-0.53,1.27,-1.16,0.91,-2.6,1.34,6.33,-3.36,-0.6,0.29
13.9727,-89.6979,2.17,179.38,-19.61,2.87,7.33,-1.31,0.21,3.7,-0.66,-3.28,-1.28,-0.0,-0.8,1.18,0.13,3.75,-1.83,0.38,1.77,1.03,-1.96,-0.59,1.33,-0.9,0.88,-2.72,1.58,6.84,-3.32,-0.44,-0.22
13.9727,-89.6972,11.72,-415.56,65.23,3.26,6.89,-0.95,0.2,3.75,-0.15,-2.34,-2.59,-24.9,12.46,1.71,1.47,4.38,-2.25,0.81,1.53,1.87,-0.98,-1.27,2.3,-0.36,1.05,-2.83,2.0,6.56,-2.04,-0.48,0.12
13.9727,-89.6964,2.16,-997.75,125.94,2.65,6.67,-0.65,0.5,4.31,-0.56,-2.18,-2.74,-24.85,-0.0,2.57,-0.13,4.34,-0.82,0.42,1.83,1.42,-2.1,-1.34,1.63,-0.59,1.56,-2.82,2.14,6.56,-2.69,-0.53,-0.93
13.9727,-89.6957,-0.11,416.56,-51.65,3.04,6.57,-0.72,0.49,4.18,-1.47,-1.14,-2.62,-28.5,35.33,2.12,-0.09,4.55,-1.18,0.12,1.36,1.56,-1.78,-0.74,1.68,-1.25,1.14,-3.0,2.51,5.93,-2.9,0.16,-1.51
13.9727,-89.695,2.16,1458.2,-177.83,3.49,5.97,-0.82,0.56,4.09,-1.56,-0.26,-2.61,7.52,33.54,2.36,0.25,4.73,-2.37,-0.12,1.46,1.29,-1.45,-0.95,1.45,-0.79,1.16,-3.36,2.95,6.26,-2.8,0.16,-1.51
13.9727,-89.6942,-3.41,1173.75,-149.25,3.03,5.81,-0.28,0.81,4.12,-1.58,-0.0,-2.48,1.06,28.7,2.39,-1.02,4.58,-2.0,0.38,0.91,1.72,-1.93,-1.33,1.38,-0.92,1.3,-3.65,3.37,5.45,-3.08,0.27,-1.63
13.9727,-89.6935,-4.57,1611.51,-204.84,3.2,5.6,-0.21,1.06,4.21,-1.96,0.3,-2.57,-0.0,34.78,2.2,-0.65,4.37,-1.06,0.4,0.8,1.82,-1.98,-0.86,1.87,-0.76,1.16,-4.17,3.58,5.5,-3.08,0.29,-1.99
13.9727,-89.6927,-1.52,999.64,-125.54,3.38,5.38,-0.51,1.85,4.31,-1.98,1.03,-2.8,-8.19,33.17,2.0,-0.79,3.59,-1.18,0.42,0.57,1.94,-1.94,-1.03,1.72,-0.87,0.9,-4.5,4.1,5.35,-2.55,0.29,-2.09
13.9727,-89.692,11.93,82.94,3.83,3.15,4.66,-0.86,2.6,4.02,-2.67,0.59,-2.46,-8.07,14.49,1.96,-0.86,3.51,-1.01,0.65,0.9,1.63,-2.13,-0.45,2.05,-0.97,0.71,-4.68,4.29,5.36,-0.83,0.58,-2.41
13.9727,-89.6913,-4.54,1009.78,-130.4,2.46,4.68,-0.9,2.69,3.71,-3.24,0.83,-2.67,-7.83,31.55,2.09,-0.67,3.84,-1.02,0.67,1.03,2.11,-2.74,-0.63,1.86,-0.83,1.1,-4.54,4.63,5.25,-2.59,0.76,-3.36
13.9727,-89.6905,0.34,1140.9,-140.9,1.98,4.49,-1.08,2.59,3.92,-3.7,0.56,-2.33,-0.15,31.27,2.28,-0.79,3.32,-0.42,1.33,0.58,1.77,-2.69,-0.34,2.14,-0.8,0.41,-4.52,4.87,4.42,-1.28,1.0,-3.97
13.9727,-89.6898,0.21,201.75,-24.74,2.06,4.27,-2.24,1.72,4.15,-3.65,0.48,-2.5,-11.7,16.1,2.17,-1.12,2.96,-0.56,1.36,1.04,2.41,-3.08,-1.18,1.77,-0.26,1.45,-4.74,5.5,4.79,-1.78,0.8,-3.21
13.9728,-89.689,5.78,256.98,-25.0,1.53,3.91,-2.53,2.44,4.6,-3.61,0.38,-2.63,-5.81,16.91,2.24,-1.37,3.12,-0.81,0.93,0.86,1.71,-3.24,-0.43,1.84,-0.81,1.19,-5.08,5.75,4.33,-1.13,1.62,-3.86
13.9728,-89.6883,-6.45,133.71,-24.19,0.99,3.41,-1.21,1.96,4.6,-2.36,0.01,-2.2,13.03,-0.0,1.91,-0.96,3.57,-1.71,0.98,-0.89,0.65,-3.3,-0.46,1.56,-0.9,1.16,-5.85,5.37,2.84,-2.02,1.34,-3.14
13.9728,-89.6876,-23.63,533.76,-94.1,1.21,2.17,-1.19,2.3,4.95,-3.07,0.43,-2.11,8.63,-0.0,2.78,-0.65,7.1,-0.16,0.03,-2.4,1.56,-2.82,-1.09,3.01,-0.27,-0.02,-6.19,5.18,3.34,-4.03,1.97,-5.14
13.9728,-89.6868,-14.07,-234.86,12.48,0.91,2.72,-0.93,2.46,5.81,-2.48,0.27,-2.05,-9.32,-0.0,2.83,-2.25,6.82,-0.07,-1.23,0.94,1.2,-3.95,-0.89,1.1,-0.52,3.54,-5.67,4.1,3.62,-3.06,1.77,-4.52
13.9728,-89.6861,-22.39,-168.7,-5.56,1.02,1.83,-2.66,2.96,5.26,-2.58,1.17,-3.0,-4.49,-0.0,3.2,-1.76,3.27,-2.2,0.16,-1.06,2.07,-3.34,-0.74,1.1,-2.26,-0.09,-4.33,4.37,2.81,-2.86,1.57,-5.55
13.9728,-89.6853,-7.37,628.09,-86.61,0.44,1.48,-0.82,2.4,4.77,-2.6,1.01,-2.83,-0.0,10.18,3.12,0.83,3.11,-2.47,0.33,-0.58,0.6,-1.84,-2.85,3.55,-1.76,-1.69,-3.18,4.8,2.83,-0.6,2.84,-7.92
13.9728,-89.6846,2.84,-505.56,66.07,0.42,1.52,-1.51,3.23,4.28,-2.71,0.67,-3.42,-23.56,13.14,2.45,-0.75,2.92,-1.08,-0.05,0.99,-0.75,-2.03,-1.81,2.05,-1.55,0.09,-2.06,3.34,2.51,-0.6,3.42,-6.07
13.9728,-89.6839,-12.04,702.71,-101.43,-0.42,1.13,-1.83,3.64,5.34,-2.39,0.46,-3.5,-0.0,9.48,2.52,-0.24,4.28,-2.92,0.77,1.85,-0.26,-3.34,-1.54,2.54,-2.06,-0.66,-2.22,5.3,2.57,-1.09,3.41,-8.77
13.9728,-89.6831,-11.42,-53.66,-6.85,-0.11,1.48,0.27,3.31,4.2,-3.0,0.95,-3.58,2.97,-4.08,2.83,-2.56,2.86,-4.61,0.19,0.07,1.62,-1.21,-1.17,1.08,-2.19,-0.87,-2.42,3.34,2.01,-2.58,4.81,-7.72
13.9728,-89.6824,-8.4,599.07,-84.29,-0.96,0.28,0.84,3.71,3.73,-2.6,1.69,-3.91,14.02,2.42,3.75,-2.38,3.88,-3.29,1.32,-1.2,2.95,-2.14,-1.8,1.14,-1.29,-0.82,-3.46,3.89,2.01,-2.37,4.93,-7.78
13.9728,-89.6816,-5.42,375.81,-53.07,-0.66,-0.78,0.65,3.83,4.62,-3.83,1.29,-3.64,5.88,3.19,4.23,-2.8,6.06,-3.39,-0.62,-2.48,4.91,-1.86,-0.91,2.65,-1.44,0.1,-2.36,3.79,2.25,-2.11,4.81,-7.78
13.9728,-89.6809,-7.1,604.91,-83.51,-0.23,-0.05,0.86,3.96,4.85,-3.38,1.08,-4.48,14.04,2.59,5.51,-2.98,4.91,-3.02,-1.08,-1.41,1.5,-0.46,-1.65,0.63,-1.41,1.58,0.8,2.41,1.24,-2.07,5.23,-7.81
13.9729,-89.6802,-15.72,544.51,-86.22,-0.98,0.15,1.08,3.42,5.19,-3.27,1.05,-3.44,20.83,-0.0,4.49,-2.13,4.44,-2.71,-1.47,0.29,2.27,-1.07,-1.54,-0.8,-3.25,-0.66,-1.62,3.53,0.45,-2.88,5.6,-7.99
13.9729,-89.6794,-12.66,473.82,-73.83,-0.94,-0.73,0.42,4.43,4.91,-3.03,1.06,-3.38,20.83,-0.0,4.12,-2.19,3.88,-4.19,0.05,0.29,0.81,0.08,-1.06,-0.31,-2.95,0.2,-0.54,2.38,1.05,-2.56,5.42,-8.0
13.9729,-89.6787,1.68,284.49,-33.36,-0.96,-0.35,-0.01,3.42,5.07,-3.49,1.5,-4.09,20.83,-10.07,5.56,-2.93,6.05,-2.69,-1.11,1.16,1.79,-0.28,-0.75,-0.05,-3.03,-0.69,-0.33,1.77,1.39,-1.59,5.24,-6.25
13.9729,-89.6779,-4.74,447.48,-61.21,-1.61,-0.43,-0.43,3.84,4.77,-3.38,0.54,-4.18,27.8,-10.88,5.45,-4.02,4.68,-3.9,-1.14,0.4,2.13,-0.87,-0.84,0.84,-3.3,0.29,0.53,2.06,1.25,-1.75,5.47,-7.65
13.9729,-89.6772,-7.48,881.36,-118.4,-1.15,0.12,-0.16,4.19,4.99,-2.72,1.42,-3.86,27.8,-2.76,4.55,-4.03,5.01,-2.83,-1.5,-0.2,2.6,0.2,-1.24,0.79,-2.37,0.28,-0.95,1.87,0.73,-1.65,5.2,-7.52
13.9729,-89.6765,-13.94,-186.62,6.71,-0.72,-0.29,-0.53,4.72,4.76,-3.0,2.18,-4.31,12.53,-23.81,4.66,-3.8,4.5,-2.27,-1.38,0.26,1.95,-0.43,-1.15,1.53,-2.13,0.36,-0.6,1.88,0.12,-1.65,4.13,-6.67
13.9729,-89.6757,-11.64,410.32,-64.79,-0.74,-0.33,-0.32,4.77,4.22,-2.6,3.67,-4.36,10.02,-8.36,5.04,-2.84,4.39,-1.41,-0.49,1.12,1.99,-0.57,-0.5,1.87,-2.17,0.0,0.64,1.39,-0.3,-1.39,4.27,-6.33
13.9729,-89.675,-8.88,134.66,-27.26,-0.43,-0.26,-0.69,5.49,4.4,-3.31,3.37,-4.12,-3.33,-0.62,5.52,-3.96,4.58,-1.28,0.06,0.78,2.37,-0.45,-0.76,0.17,-2.82,0.53,0.77,1.19,-0.24,-1.1,3.84,-5.6
13.9729,-89.6742,-1.87,6.43,-3.02,-0.26,-0.4,-1.17,5.33,4.52,-3.41,4.3,-4.92,-0.13,-0.62,5.14,-3.73,3.85,-1.7,-0.77,0.74,2.32,-0.61,-1.05,0.91,-2.5,-0.05,1.15,1.67,-0.86,0.07,3.55,-4.89
13.9729,-89.6735,1.2,-46.88,7.25,-0.3,-0.71,-1.12,5.59,3.37,-3.71,3.86,-4.77,-0.0,-6.13,5.77,-3.84,3.18,-1.16,-0.46,1.66,1.75,-0.05,-1.01,1.05,-2.78,-0.4,0.86,1.85,-0.92,0.41,3.19,-4.13
13.9729,-89.6728,7.32,-39.48,13.57,0.02,-0.31,-1.12,6.28,3.04,-3.54,4.21,-5.42,3.32,-0.32,5.55,-3.47,3.76,-1.47,-0.43,1.64,1.65,-0.24,-0.11,0.68,-3.0,-0.08,0.94,1.25,-0.92,1.23,3.02,-3.85
13.9729,-89.672,13.31,-883.85,125.75,0.37,-0.15,-0.82,6.71,3.12,-3.1,3.79,-5.11,-9.02,-10.35,5.73,-3.88,3.3,-0.98,0.22,1.8,2.03,-0.02,-0.68,-0.03,-2.59,-0.4,0.81,1.07,-0.44,2.36,2.25,-3.72
13.9729,-89.6713,16.32,-377.04,66.26,0.87,-0.08,-1.21,6.76,2.59,-3.3,3.98,-5.63,11.15,-10.91,6.4,-3.92,2.77,-0.54,-1.14,1.21,1.99,0.11,-0.77,0.1,-2.45,-0.41,1.26,0.66,0.0,2.48,1.87,-3.07
13.973,-89.6705,5.86,-281.35,41.97,0.88,0.08,-1.86,7.2,2.78,-3.49,3.41,-5.89,0.6,-3.47,6.69,-2.9,2.86,-0.91,-1.93,0.81,1.65,0.02,-0.47,-0.17,-2.05,-0.29,1.49,0.1,-1.19,1.8,1.87,-3.07
13.973,-89.6698,19.0,-344.74,65.43,1.48,0.44,-1.89,6.54,2.7,-3.5,3.88,-5.98,6.98,-3.47,6.73,-3.12,2.99,-0.13,-2.22,1.36,1.98,-0.44,-0.92,0.08,-2.82,-0.78,1.86,-0.1,-1.26,3.51,1.83,-2.85
13.973,-89.6691,21.07,-337.68,67.01,1.28,0.29,-2.08,6.0,2.08,-3.17,4.03,-6.08,11.95,-5.63,6.43,-3.08,1.81,0.04,-1.71,1.3,2.22,-0.58,-0.48,-0.34,-1.82,-1.1,1.98,-0.68,-0.02,3.51,0.8,-2.12
13.973,-89.6683,13.32,-562.08,85.79,1.9,0.38,-2.13,5.91,2.54,-3.29,3.95,-6.15,0.6,-6.36,6.16,-2.99,3.12,-0.06,-1.23,-0.03,2.71,-0.05,-1.55,-0.35,-2.35,-0.83,2.45,-1.18,-1.35,3.46,0.8,-2.46
13.973,-89.6676,21.23,35.03,20.78,2.21,0.7,-2.17,6.12,2.67,-3.55,4.84,-6.3,5.9,8.95,6.27,-2.22,2.35,0.73,-1.83,-0.16,2.1,0.06,-1.5,1.38,-2.59,-0.41,3.31,-1.61,-1.09,4.13,0.59,-1.81
13.973,-89.6668,18.39,-834.28,125.75,2.35,0.35,-2.11,5.83,3.2,-3.48,4.61,-6.45,0.55,-12.6,7.11,-2.02,4.59,-0.2,-2.42,-0.86,2.19,0.2,-2.05,0.97,-3.14,-1.22,3.04,-1.47,-1.24,4.15,-0.31,-1.0
13.973,-89.6661,21.22,-737.8,117.11,3.45,0.42,-2.73,5.31,2.65,-4.39,4.63,-6.92,-0.0,-8.67,6.76,-2.18,2.76,-0.38,-3.5,-0.68,1.33,-1.27,-1.71,4.57,-2.24,-1.35,3.91,-2.45,-1.24,6.0,-1.09,-2.38
13.973,-89.6654,20.58,-250.44,55.61,2.51,0.19,-2.71,5.29,3.14,-4.21,5.28,-5.73,14.69,2.29,6.86,-3.77,-0.36,-0.33,-1.78,-2.31,2.71,-1.24,-3.41,1.54,-2.61,-4.3,5.0,-0.93,-1.34,4.8,0.18,-2.38
13.973,-89.6646,31.28,-25.81,40.28,2.67,0.08,-3.35,5.17,2.6,-4.05,5.12,-4.98,20.41,-4.2,6.12,-2.07,5.93,0.79,-2.61,-1.61,3.52,-0.68,0.14,3.23,-2.35,-2.56,5.26,-2.11,-4.01,8.5,0.18,-3.44
13.973,-89.6639,46.98,-942.29,173.19,2.17,-0.26,-3.34,4.05,4.04,-3.54,4.95,-5.07,15.7,-4.2,6.0,-3.29,-1.73,1.29,-1.89,-2.31,3.84,-1.08,-0.34,1.78,-4.54,-4.87,5.56,-2.57,-3.87,10.11,1.2,-4.3
13.973,-89.6631,15.73,459.08,-38.63,4.0,-0.46,-3.58,5.09,4.02,-3.69,6.27,-4.82,13.17,2.48,6.65,-4.02,3.31,-4.22,5.07,-5.1,5.55,-0.34,-4.35,8.49,-0.55,7.49,6.75,-0.84,-4.89,7.32,0.21,-4.08
13.973,-89.6624,-0.11,870.09,-108.7,2.42,-1.1,-2.5,3.16,3.99,-4.19,5.61,-5.27,17.09,14.36,4.2,-4.38,4.04,2.18,-5.38,-0.27,2.69,0.18,-2.44,-1.86,0.26,1.43,5.09,-1.24,-4.57,2.88,1.73,-2.8
13.9731,-89.6617,48.61,-821.79,160.15,3.3,-0.58,-4.32,5.34,4.22,-4.53,3.29,-2.87,0.49,2.86,3.29,-4.43,-1.59,0.51,-2.66,1.09,13.93,-4.69,-1.56,5.18,0.53,2.77,9.36,-1.42,-1.24,10.44,0.64,-6.48
13.9731,-89.6609,-19.14,1144.21,-165.5,3.31,-0.73,-3.12,4.89,5.57,-4.0,2.83,-4.72,8.93,15.22,5.27,-1.88,3.66,8.05,-4.15,0.74,-1.97,-4.53,-9.85,8.72,-2.45,0.67,4.88,-4.86,-4.74,2.31,1.53,-5.87
13.9731,-89.6602,-44.07,1290.57,-213.35,2.28,0.19,-3.75,4.49,4.3,-6.73,2.04,-5.3,8.51,3.15,4.94,-4.17,0.11,-3.76,-1.27,5.14,2.19,-0.81,16.54,-5.75,1.72,1.04,-1.8,-0.98,-5.22,-0.03,3.37,-10.0
13.9731,-89.6594,-72.24,2476.65,-394.87,0.05,-0.1,-3.02,3.25,4.97,-4.18,9.42,-2.37,13.73,18.09,5.42,-2.81,-3.92,7.56,-12.88,-0.77,1.67,-2.96,1.91,1.03,0.95,-0.03,10.56,-2.97,-9.96,-0.05,1.36,-8.16
13.9731,-89.6587,75.9,-296.09,126.95,3.96,0.19,0.68,8.49,6.52,-4.64,5.01,-4.11,16.36,18.09,2.8,-2.82,11.51,-12.94,-9.48,12.15,1.13,3.6,-2.96,-7.39,4.54,8.59,12.6,-8.01,-11.06,18.09,2.67,-5.76
13.9731,-89.658,34.18,385.92,-7.69,2.0,-0.38,2.26,6.2,8.42,-6.69,16.31,-1.63,13.0,-3.32,4.65,3.51,2.69,-2.82,2.41,-4.41,-1.01,1.99,-8.03,0.89,5.8,16.18,8.65,-2.8,-2.63,11.34,0.26,-9.04
13.9731,-89.6572,-3.92,164.11,-25.16,2.04,1.39,0.08,5.4,2.6,-7.68,7.65,-3.28,4.73,13.21,1.82,-4.78,-0.0,-1.9,3.53,-16.86,-2.54,3.57,-3.67,4.79,4.12,7.98,3.56,-3.05,-2.63,6.07,0.26,-9.04
13.9731,-89.6565,23.6,-501.7,90.67,-0.02,-3.15,-2.11,3.57,6.77,-5.58,7.4,-2.92,-0.0,8.17,1.94,-0.32,12.94,5.57,-0.0,-4.32,-3.14,-3.77,-7.31,-5.27,-2.47,-2.85,4.12,-1.39,1.68,7.58,-0.26,-9.35
13.9731,-89.6557,3.64,-792.45,103.36,3.95,-0.13,-4.94,3.86,6.59,-5.36,-2.96,-3.38,-8.31,8.17,13.56,6.56,-0.12,-7.98,-4.85,-6.63,2.84,-0.93,-10.46,-0.86,-2.14,-2.6,3.77,-2.45,-8.35,9.36,1.11,-8.54
13.9731,-89.655,8.53,-1203.09,160.51,2.04,-1.83,-2.85,2.59,4.52,-4.6,9.12,-2.99,-11.37,-12.19,0.09,0.49,-7.8,1.55,7.74,-2.08,3.56,0.28,-2.26,-1.65,-3.14,-2.47,4.82,-2.86,-7.55,10.72,0.25,-9.21
13.9731,-89.6543,-48.18,896.49,-169.22,1.7,-0.71,-1.67,2.93,6.1,-3.4,-3.49,-3.76,3.31,4.27,3.55,-1.11,-1.03,-3.18,12.43,-0.26,1.02,-0.29,-2.73,-10.25,-2.02,-3.06,4.76,-3.2,-11.54,5.96,0.23,-9.77
13.9731,-89.6535,-31.99,1715.76,-252.51,1.94,-2.91,-3.08,2.37,7.65,-4.2,1.94,-3.68,2.03,2.53,4.54,-2.69,4.48,2.35,18.42,13.92,-4.22,1.62,-0.71,-6.64,-1.17,-5.85,15.46,-7.0,-10.73,8.15,0.77,-11.42
13.9717,-89.7157,-0.42,85.99,-11.08,2.63,5.51,5.75,-6.39,-1.62,3.56,-9.63,-0.18,-28.11,33.69,-1.4,4.56,0.38,-1.02,0.36,0.8,-5.85,5.95,-2.38,2.55,-1.13,1.65,-3.62,0.89,6.49,-8.49,2.35,4.41
13.9717,-89.7149,-7.42,-1194.24,138.2,2.45,5.86,4.06,-5.81,-1.19,7.84,-12.76,-0.1,-29.29,-0.0,0.21,5.65,-0.04,-2.0,0.53,0.6,-4.95,6.78,-4.02,0.82,-1.25,2.58,-3.18,0.71,6.23,-8.7,1.3,5.06
13.9718,-89.7142,2.45,-800.03,101.36,1.62,5.83,3.19,-5.61,-1.79,7.15,-11.92,0.18,-12.88,-0.0,0.93,5.42,-0.07,-2.02,1.49,0.76,-4.84,6.51,-2.51,1.27,-1.44,2.9,-2.95,0.14,7.14,-8.19,1.54,5.06
13.9718,-89.7134,6.89,-126.55,23.71,1.64,5.77,3.95,-5.94,-1.41,8.67,-13.44,0.77,-10.55,12.72,0.7,4.98,-0.46,-1.37,-0.47,2.12,-5.3,6.88,-3.28,1.14,-1.49,2.35,-4.03,0.55,6.7,-6.52,0.15,5.81
13.9718,-89.7127,13.53,-277.47,50.13,2.39,6.61,3.02,-4.86,-1.21,9.82,-13.71,0.73,-21.03,18.54,0.95,4.95,-0.53,-2.37,1.46,0.84,-3.74,6.67,-3.48,4.38,-1.98,2.14,-3.79,-0.71,6.7,-5.47,0.04,5.66
13.9718,-89.712,-5.19,-177.13,15.69,1.84,6.14,3.36,-4.19,-0.65,11.75,-13.73,1.44,-29.89,15.74,1.01,6.72,-1.69,-1.68,1.01,1.89,-4.96,5.34,-1.94,3.27,-1.86,0.89,-2.91,-0.42,6.93,-5.91,-1.93,4.84
13.9718,-89.7112,7.17,-400.86,57.84,0.69,7.05,2.99,-3.88,-0.2,11.21,-14.64,0.59,-31.46,21.18,-1.46,4.75,0.18,-1.99,1.43,1.53,-3.33,4.74,-2.41,3.15,-1.67,2.42,-2.57,-0.62,8.26,-5.09,-1.93,4.84
13.9718,-89.7105,8.32,-167.06,30.4,0.41,7.39,1.76,-3.4,0.18,11.08,-14.6,0.93,-28.92,22.3,-0.24,5.95,0.57,-2.08,1.99,1.77,-2.98,4.23,-2.0,3.95,-2.14,2.34,-2.52,-0.71,8.13,-5.09,-2.29,5.77
13.9718,-89.7097,3.09,-126.63,19.25,0.95,7.8,0.61,-2.94,0.42,10.66,-14.42,1.18,-39.48,30.68,0.61,4.92,0.41,-2.22,2.6,2.42,-3.5,3.72,-2.09,3.66,-2.06,1.9,-1.78,-0.39,8.33,-5.43,-3.14,6.21
13.9718,-89.709,4.08,-594.65,78.11,1.44,8.0,0.28,-2.92,0.91,10.16,-14.19,1.28,-42.0,18.61,0.18,5.54,0.96,-2.12,1.67,3.0,-3.02,3.56,-1.89,3.39,-2.42,2.11,-1.25,-0.35,8.36,-4.71,-3.34,5.42
13.9718,-89.7083,3.2,-850.46,108.62,1.25,7.82,0.0,-2.21,1.18,9.6,-14.11,1.28,-48.03,16.12,-0.11,5.1,1.1,-1.93,1.63,3.31,-3.07,3.63,-1.27,3.8,-2.54,2.01,-2.56,-0.29,8.44,-4.69,-3.28,4.95
13.9718,-89.7075,0.38,-489.06,60.75,1.63,7.22,-0.09,-1.41,1.63,9.12,-13.81,1.4,-36.92,13.41,-0.08,4.86,2.26,-2.1,2.03,3.18,-2.67,2.4,-0.73,3.55,-2.42,2.06,-2.5,-0.39,8.1,-4.49,-3.44,4.55
13.9718,-89.7068,4.93,-446.91,60.94,1.94,7.26,0.1,-1.4,1.74,8.88,-13.29,1.06,-38.97,21.37,-0.22,4.61,2.09,-2.4,1.72,2.45,-2.12,2.05,-1.11,3.52,-2.3,1.65,-2.24,-0.21,8.1,-4.73,-3.13,5.54
13.9718,-89.706,6.83,-957.13,126.12,1.77,7.21,-0.25,-1.25,1.9,8.19,-12.46,1.69,-34.74,1.35,0.23,4.1,2.5,-2.16,2.55,2.26,-1.67,1.64,-1.0,2.95,-2.16,1.63,-2.28,0.07,8.62,-4.67,-3.25,5.5
13.9719,-89.7053,14.26,-919.17,130.24,2.13,7.19,-0.37,-1.38,1.92,7.25,-12.65,1.45,-27.95,2.36,-0.17,4.51,2.94,-2.26,2.32,1.88,-1.36,1.13,-0.94,3.28,-2.54,1.14,-2.41,0.47,8.42,-4.53,-2.18,5.5
13.9719,-89.7046,10.05,-989.19,133.93,2.24,7.57,-0.67,-0.79,2.93,6.38,-12.13,1.67,-29.37,-3.8,0.2,4.1,2.73,-2.09,2.72,2.15,-0.75,1.47,-0.53,3.82,-2.68,1.22,-2.62,0.25,7.94,-4.45,-2.18,4.87
13.9719,-89.7038,-4.72,18.37,-7.84,2.76,7.72,-0.2,-0.79,2.76,6.22,-10.65,1.11,-15.79,4.4,0.34,3.68,2.79,-1.58,2.3,1.19,0.1,1.37,-1.21,3.91,-2.79,0.73,-2.15,1.03,7.51,-4.45,-2.72,2.69
13.9719,-89.7031,6.36,-246.31,37.92,2.38,7.66,-1.2,-0.97,2.93,5.33,-9.81,0.42,-6.41,-1.31,0.44,3.56,3.28,-2.68,2.65,1.01,-0.37,-0.35,-1.47,2.14,-2.28,1.53,-2.21,0.44,7.81,-3.31,-2.37,2.41
13.9719,-89.7023,1.66,-729.92,92.08,2.94,7.56,-0.52,-0.47,2.62,4.39,-8.52,-0.22,-18.21,-7.11,0.64,2.23,3.24,-2.52,1.79,0.83,0.38,0.01,-2.03,3.41,-1.82,1.45,-2.23,1.1,7.02,-3.24,-2.29,1.93
13.9719,-89.7016,8.01,-1425.64,185.51,2.68,7.45,-1.14,-0.25,2.81,3.47,-6.42,-0.57,-32.68,-9.25,1.53,2.07,3.2,-2.54,1.19,0.54,-0.75,-0.1,-0.89,3.3,-2.51,0.27,-2.65,1.44,6.87,-2.86,-1.69,2.06
13.9719,-89.7009,11.74,-177.92,35.85,3.01,7.56,-0.63,-0.03,2.87,2.92,-5.35,-0.96,-0.0,-12.96,1.64,2.37,6.18,-2.53,1.79,1.14,-0.0,0.08,-0.71,2.96,-2.03,0.68,-2.75,0.67,7.43,-2.48,-1.66,1.73
13.9719,-89.7001,1.25,-174.22,23.0,2.64,7.12,-0.92,-0.22,3.16,2.03,-4.87,-1.62,-0.0,-18.83,1.65,2.49,6.65,-2.5,0.4,2.45,0.08,-0.31,0.33,2.42,-1.72,0.26,-2.91,1.54,6.44,-2.64,-1.29,0.09
13.9719,-89.6994,6.6,84.66,-2.66,2.79,7.15,-0.89,0.42,3.6,1.09,-3.99,-2.22,-0.0,-5.0,2.61,1.2,4.69,-2.23,1.75,1.48,-0.2,-1.17,-0.69,2.56,-1.94,0.82,-2.22,2.24,6.89,-2.22,-1.08,-0.15
13.9719,-89.6986,-5.24,393.79,-54.86,3.04,7.7,-0.16,0.02,3.32,0.72,-2.7,-2.24,-0.0,-1.02,-0.06,1.13,5.1,-2.1,0.96,1.72,0.31,-1.06,-1.49,2.23,-0.91,0.37,-2.77,2.05,5.44,-2.71,-0.89,-0.82
13.9719,-89.6979,-5.84,-654.2,73.96,3.07,7.3,-0.46,-0.11,3.43,-0.9,-2.86,-2.62,-34.21,8.61,0.81,0.53,3.68,-2.36,0.09,2.04,1.24,-1.39,-1.04,2.71,-0.97,0.99,-2.92,2.44,5.44,-2.63,-0.89,-1.11
13.9719,-89.6972,-1.73,-196.46,22.24,3.63,7.03,0.3,0.6,3.82,0.41,-2.35,-3.61,-29.58,16.85,2.17,0.51,4.17,-2.2,-0.65,1.97,1.15,-0.72,-0.64,2.07,-0.4,1.24,-3.1,2.73,5.72,-2.03,-1.16,-1.11
13.9719,-89.6964,-3.53,-145.91,13.88,3.31,6.15,-0.19,0.32,4.11,-0.38,-1.78,-3.57,-37.62,25.7,2.33,1.16,4.68,-1.61,-0.53,1.8,0.97,-1.58,-1.59,1.94,-0.71,0.94,-3.15,2.82,6.41,-2.53,-1.16,-1.42
13.972,-89.6957,-7.08,-67.05,-0.07,3.49,6.3,-0.22,0.47,4.03,-0.58,-1.44,-3.63,-29.07,18.02,2.08,1.61,4.28,-1.78,-0.16,1.87,0.81,-1.38,-1.64,1.52,-1.21,0.98,-3.12,3.02,5.97,-3.2,-0.38,-1.84
13.972,-89.6949,-7.41,784.59,-105.82,3.3,6.02,-0.43,0.75,3.84,-1.29,-0.57,-3.19,-6.69,21.77,2.03,0.4,4.55,-1.6,0.12,1.57,0.93,-1.24,-1.2,2.06,-1.4,0.89,-4.09,3.25,4.81,-2.9,-0.17,-1.51
13.972,-89.6942,-7.31,755.32,-102.1,3.41,5.63,-0.48,0.72,3.73,-1.19,-0.6,-3.13,-0.0,-0.0,2.13,-0.53,4.7,-1.91,-0.25,1.4,1.35,-1.77,-1.06,1.32,-2.43,0.36,-4.09,3.58,5.96,-3.25,-0.39,-1.78
13.972,-89.6935,-7.06,1284.64,-167.33,3.46,5.3,-0.21,1.7,3.87,-0.79,-0.33,-3.29,-0.0,23.89,2.15,-0.29,4.34,-1.28,0.46,1.6,1.71,-1.31,-1.13,1.47,-1.01,-0.1,-4.31,3.98,5.87,-3.39,0.71,-3.11
13.972,-89.6927,0.4,720.42,-88.7,3.11,5.22,-0.08,1.57,3.98,-1.93,0.27,-2.93,-3.52,20.92,2.17,0.17,3.91,-1.51,0.11,1.32,1.59,-1.86,-0.1,2.14,-1.01,0.33,-4.21,4.19,5.11,-2.65,1.31,-2.81
13.972,-89.692,-2.09,820.65,-104.06,3.02,4.65,-0.28,2.4,3.97,-2.85,0.36,-2.66,-9.04,29.89,2.28,-0.38,3.69,-1.5,0.65,0.92,1.68,-2.32,-0.92,2.15,-1.75,-0.07,-4.46,4.86,4.75,-2.39,0.97,-2.94
13.972,-89.6912,-2.64,1207.65,-152.66,2.7,4.55,-1.06,2.35,4.26,-2.66,0.51,-3.24,-6.14,37.26,2.16,-0.72,3.49,-0.91,1.22,1.26,2.23,-2.84,-0.38,2.33,-1.32,-0.49,-4.04,5.14,5.02,-1.9,0.49,-3.46
13.972,-89.6905,-3.79,-465.06,53.12,2.42,4.88,-1.51,2.55,4.67,-2.19,0.98,-2.58,-10.98,-0.0,2.7,-0.62,3.84,-1.23,0.92,0.55,1.86,-2.61,-0.52,2.17,-1.03,0.53,-4.33,5.39,4.78,-2.52,1.48,-3.93
13.972,-89.6898,-8.53,345.98,-52.95,2.65,4.43,-1.65,2.53,4.67,-3.33,0.96,-2.4,-10.37,11.49,2.58,-0.32,3.8,-1.53,1.23,0.64,2.72,-2.83,-1.46,2.42,-1.19,0.55,-4.49,5.95,4.85,-1.9,0.22,-4.23
13.972,-89.689,-7.39,297.99,-45.66,2.04,4.11,-2.29,2.21,5.09,-3.05,1.93,-2.35,-8.38,10.85,2.37,-0.86,3.74,-1.41,1.41,0.28,2.84,-3.97,-2.65,2.46,-0.85,0.26,-4.76,6.01,5.08,-1.9,0.22,-4.27
13.972,-89.6883,-27.31,1005.28,-156.87,1.83,3.7,-1.49,2.19,4.64,-3.69,0.68,-1.48,-6.36,19.41,3.07,-0.98,3.12,-2.22,1.08,0.57,2.3,-4.43,-2.0,2.83,-0.91,0.94,-4.99,6.26,2.62,-4.46,1.36,-3.71
13.972,-89.6875,-17.46,1001.16,-144.73,1.16,2.5,-1.57,3.19,5.28,-3.04,-0.86,-2.25,-16.44,34.53,3.16,-0.97,2.79,-1.58,1.68,0.13,1.72,-2.97,-0.96,3.71,-1.1,0.02,-5.92,4.75,4.1,-2.78,1.12,-5.62
13.9721,-89.6868,8.65,-169.84,31.28,1.06,1.78,-1.12,2.78,5.24,-2.9,1.03,-1.69,-13.14,17.43,2.52,-2.85,4.01,-1.73,-0.77,-1.69,-0.44,-2.45,-1.11,2.2,-0.47,2.79,-4.36,5.32,4.48,-0.86,2.1,-4.8
13.9721,-89.6861,-30.71,791.77,-134.5,1.98,2.77,-1.82,3.43,5.17,-1.89,0.66,-3.05,-13.64,16.86,2.1,-0.69,2.8,-2.26,0.98,1.14,0.82,-2.54,-0.15,2.78,-2.18,1.53,-3.69,6.03,2.65,-4.23,2.49,-6.71
13.9721,-89.6853,-24.37,669.75,-111.88,0.64,1.27,-1.75,3.15,5.11,-1.5,0.25,-3.04,-19.81,26.71,2.13,-0.94,2.31,-0.31,-0.15,-0.76,2.01,-3.24,-0.73,3.45,-2.14,-2.17,-3.58,6.04,1.08,-2.15,3.33,-8.34
13.9721,-89.6846,-14.12,955.87,-135.27,1.75,2.13,-1.68,2.27,5.42,-1.72,0.91,-3.89,-0.0,17.99,2.43,-0.07,3.38,-4.41,-1.51,2.09,1.11,-1.93,-2.56,2.14,-1.07,-0.53,-2.34,5.82,0.98,-2.34,4.58,-7.36
13.9721,-89.6838,-13.9,1201.74,-165.54,0.02,1.44,0.43,2.58,5.04,-1.99,1.03,-3.81,-0.0,27.61,2.74,-0.16,0.55,-1.93,-0.86,0.91,0.58,-3.4,-2.02,2.64,-1.03,-2.41,-2.41,3.85,1.18,0.42,3.16,-10.06
13.9721,-89.6831,-11.2,861.39,-120.14,0.6,1.29,-1.08,3.85,4.09,-3.45,0.94,-3.46,2.59,12.22,2.14,-1.73,7.28,-3.28,2.39,0.77,0.72,1.57,-2.73,3.31,-0.11,-0.36,-2.75,3.64,1.18,-0.74,4.39,-9.44
13.9721,-89.6824,-1.97,535.51,-68.79,-0.44,1.44,-1.17,3.29,4.45,-3.8,1.82,-4.99,7.74,12.47,3.87,-0.67,3.53,-3.56,-0.16,-0.39,2.23,-1.99,-3.51,3.31,-0.9,-0.79,-3.18,4.28,1.75,-0.74,5.21,-9.44
13.9721,-89.6816,12.24,-102.03,27.14,-1.36,1.13,0.29,2.26,5.84,-3.64,1.88,-4.14,4.54,5.19,5.93,-2.31,8.03,-5.7,-2.4,-4.27,2.99,-1.56,-0.78,2.02,-0.01,0.42,-7.92,4.47,1.31,0.15,5.24,-7.48
13.9721,-89.6809,-8.8,841.65,-114.91,-0.57,0.45,-0.5,3.03,5.87,-3.7,0.48,-3.2,-0.0,13.46,4.71,-2.09,5.86,-2.67,-1.48,-1.13,2.21,-0.83,-0.79,3.04,-2.29,2.27,-1.77,4.04,2.05,-3.57,5.24,-6.78
13.9721,-89.6801,-8.55,-478.94,49.36,-1.29,0.25,0.17,3.35,6.46,-3.73,0.07,-3.38,-12.19,-0.1,2.41,-2.0,4.69,-3.96,-0.53,0.79,0.23,-2.63,0.01,1.45,-2.85,0.21,-4.9,4.06,1.44,-2.77,5.28,-7.41
13.9721,-89.6794,-1.73,-159.65,17.79,-1.29,-0.5,0.56,3.4,4.97,-3.15,1.43,-3.2,-8.73,10.77,3.73,-2.01,4.89,-4.38,-1.33,0.24,-1.1,-2.63,-0.45,0.97,-3.04,-0.65,0.05,3.08,1.82,-1.9,5.56,-7.87
13.9721,-89.6787,4.91,-511.12,69.31,-1.41,-0.22,0.63,3.68,4.9,-3.66,1.09,-4.13,-8.77,1.41,4.12,-3.54,4.71,-2.81,-3.15,1.91,2.07,-0.41,-1.23,1.26,-3.85,1.18,-0.15,3.08,0.96,-0.47,5.19,-7.02
13.9722,-89.6779,-7.14,37.21,-13.07,-1.17,-0.08,0.12,4.27,5.79,-3.26,0.52,-3.85,-8.77,7.6,4.7,-4.62,5.3,-3.16,-2.17,1.32,2.5,-0.03,-1.17,1.84,-3.21,1.22,-0.15,3.28,0.88,-1.24,4.94,-7.93
13.9722,-89.6772,-12.31,-442.2,40.39,-0.89,0.13,0.29,3.26,5.08,-2.7,0.87,-3.8,1.96,-22.19,5.23,-3.17,5.54,-2.87,-1.56,0.46,1.45,0.15,-0.81,2.12,-2.61,1.11,0.79,2.34,-0.27,-1.9,4.83,-6.57
13.9722,-89.6764,-20.01,515.56,-87.77,-1.06,0.41,-0.3,4.35,4.58,-2.46,2.19,-4.32,22.32,-16.94,5.16,-3.75,5.05,-2.32,-2.12,0.52,2.4,-0.89,-0.92,1.38,-2.84,0.42,-0.14,2.03,-0.55,-2.51,4.59,-6.62
13.9722,-89.6757,-10.15,366.96,-57.64,-1.19,0.27,-0.13,4.53,4.63,-3.07,3.08,-5.06,17.21,-0.0,4.89,-3.86,5.5,-1.69,-4.18,0.96,1.89,-0.91,-1.12,2.42,-2.4,0.9,1.04,1.96,-0.95,-0.96,4.42,-6.28
13.9722,-89.675,-4.62,-377.31,41.45,-0.76,-0.56,-0.43,4.99,4.36,-2.86,2.96,-3.82,-2.73,-13.11,5.74,-3.85,4.83,-1.89,-0.66,0.72,2.41,-0.8,-0.36,1.99,-2.82,0.19,0.02,1.84,-0.58,-0.64,4.28,-5.72
13.9722,-89.6742,0.21,-919.37,114.6,-0.75,-0.36,-0.25,5.68,4.02,-3.09,2.56,-4.71,-9.59,-13.11,4.96,-4.69,3.36,-1.98,-2.02,0.95,2.15,-0.61,-0.47,0.64,-3.05,0.48,1.23,1.97,-0.32,-0.56,3.99,-4.56
13.9722,-89.6735,0.61,-88.21,11.7,-0.12,-0.33,-0.54,6.11,3.35,-3.8,3.05,-4.66,13.86,-13.11,5.7,-3.91,3.65,-1.51,-1.88,1.26,2.04,-0.6,-0.45,0.79,-3.18,-0.29,0.94,2.3,-0.32,-0.01,3.34,-4.42
13.9722,-89.6727,12.6,107.88,1.49,0.52,-0.33,-0.86,6.45,3.44,-2.68,4.22,-5.53,6.49,4.4,5.7,-3.84,3.43,-1.57,-1.22,1.21,2.02,0.5,-0.22,0.54,-3.1,0.23,1.05,1.82,-0.44,1.05,3.68,-3.85
13.9722,-89.672,3.31,265.59,-29.13,0.38,-0.03,-0.84,6.75,3.4,-3.17,4.01,-5.53,7.31,3.95,5.85,-3.57,3.12,-1.41,-1.33,0.83,2.31,-0.16,-0.85,0.95,-3.11,-0.13,0.82,0.42,-1.11,0.11,3.68,-3.65
13.9722,-89.6713,17.28,-589.2,93.8,0.86,0.12,-1.04,6.58,2.74,-3.36,3.74,-6.23,0.35,-5.96,6.06,-3.77,4.04,-0.82,-1.48,1.39,2.22,-0.39,-0.32,0.7,-2.99,-0.21,0.97,0.38,-0.66,2.6,2.46,-3.25
13.9722,-89.6705,15.6,-70.87,27.29,1.34,0.41,-1.87,7.21,2.02,-3.51,4.11,-6.76,12.95,-4.4,6.37,-3.49,3.9,-0.03,-1.69,0.87,2.13,-0.29,-0.03,0.59,-2.86,0.08,1.6,0.39,-0.88,2.6,1.91,-2.55
13.9722,-89.6698,15.56,-338.56,60.58,1.26,0.66,-2.1,6.54,2.45,-3.29,3.93,-6.42,-2.42,5.68,6.44,-3.68,2.53,-0.87,-1.48,0.03,2.15,0.23,-0.1,0.45,-2.6,-1.22,1.69,-0.36,-0.96,2.25,1.38,-1.03
13.9723,-89.669,18.44,-444.13,77.16,1.71,0.03,-2.22,6.68,2.31,-3.2,4.02,-6.84,13.2,-10.78,6.25,-3.17,2.92,-0.66,-1.9,0.77,2.41,-0.58,-0.62,0.75,-2.96,-0.43,1.8,-0.3,-0.69,3.4,0.74,-1.7
13.9723,-89.6683,22.26,-594.08,100.38,2.05,0.44,-1.78,6.36,2.21,-3.18,4.55,-6.81,8.15,-8.27,6.29,-3.58,3.42,-0.81,-1.64,0.57,2.39,-0.53,-0.07,0.47,-3.43,-0.96,1.77,-0.44,-0.66,4.03,0.48,-1.56
13.9723,-89.6676,32.64,-604.07,113.92,2.9,0.53,-1.82,6.23,2.86,-4.3,5.28,-6.68,0.97,3.89,6.86,-2.71,3.14,-1.01,-1.84,0.23,1.93,-0.62,-0.02,0.9,-3.25,-0.82,2.72,-1.12,-0.66,4.63,1.48,-1.84
13.9723,-89.6668,16.04,-376.94,65.97,2.44,0.79,-2.55,5.93,2.87,-3.55,5.3,-6.38,-0.0,-3.58,6.56,-2.36,3.16,-1.31,-3.97,0.49,2.86,-0.57,-1.01,1.01,-3.2,-0.0,3.62,-0.75,-2.02,4.18,1.01,-2.83
13.9723,-89.6661,12.82,-101.11,27.79,2.67,-0.16,-3.59,4.99,3.06,-3.74,4.11,-4.64,-0.0,0.82,6.86,-2.24,2.01,2.68,-1.37,-0.36,2.04,-1.88,0.06,0.11,-3.85,-1.59,3.9,-2.66,-2.53,4.03,1.01,-2.83
13.9723,-89.6653,11.82,19.44,11.58,2.98,0.31,-1.91,4.81,1.82,-2.91,4.16,-5.84,23.7,-0.0,5.69,-0.96,6.21,-3.19,-3.95,-1.16,2.57,0.31,-1.1,2.49,-4.77,-3.21,4.31,-2.07,-3.23,4.44,0.13,-1.65
13.9723,-89.6646,14.68,-1089.72,153.28,3.55,0.04,-1.29,5.31,1.91,-4.33,-0.92,-7.81,15.28,-16.3,4.8,-3.47,0.71,0.66,-0.53,-4.29,3.62,-1.61,-4.49,-3.84,-1.47,-1.53,5.29,-0.76,-4.08,4.44,1.13,-1.65
13.9723,-89.6639,36.41,-574.14,114.74,4.39,0.94,-1.71,2.17,4.26,-3.17,5.54,-5.81,26.2,-17.59,3.92,-2.43,2.73,2.13,-2.16,-4.72,3.16,-1.05,0.94,3.07,0.45,-1.4,5.15,-1.64,-5.48,8.89,1.03,-2.64
13.9723,-89.6631,80.42,-969.63,216.24,4.45,0.19,-0.98,2.71,5.31,-2.28,6.05,-6.51,14.43,3.01,5.35,-1.68,1.65,-1.36,-1.0,-1.48,2.25,1.54,-0.99,3.14,2.16,3.34,7.74,-2.26,-4.0,16.68,-0.31,-5.35
13.9723,-89.6624,-31.6,1400.12,-212.13,3.86,0.82,-1.72,4.94,4.35,-2.23,1.79,-5.73,12.73,9.53,3.83,-4.4,2.9,-2.17,3.82,1.44,3.34,-1.73,-0.13,-1.54,0.61,-1.6,6.14,-3.07,-4.68,0.64,1.07,-5.08
13.9723,-89.6616,2.23,320.74,-37.38,1.3,-1.74,-2.4,3.06,5.75,-3.72,3.97,-4.83,-0.78,16.01,5.08,-2.68,1.58,-0.6,-5.31,0.78,-0.33,-0.37,3.93,-2.51,3.44,1.28,7.66,-2.34,-4.21,6.42,0.58,-7.0
13.9723,-89.6609,-3.16,77.75,-13.45,1.94,-0.32,-2.97,2.19,5.21,-3.75,1.85,-2.27,-0.0,17.79,8.84,-6.32,0.48,-2.79,-2.61,0.21,-2.95,2.06,0.13,-7.84,-11.62,-0.33,0.32,-2.98,-4.21,5.42,0.36,-6.22
13.9723,-89.6602,-37.04,593.18,-117.95,2.72,3.12,-1.21,4.78,4.35,-4.41,-6.89,-3.77,-2.76,15.88,5.96,-3.52,1.72,-9.22,-4.18,-1.66,-5.11,10.65,7.01,-0.0,-1.8,-2.49,3.1,-2.98,-4.61,1.35,1.19,-7.98
13.9724,-89.6594,-108.39,3264.26,-536.05,0.99,2.35,-3.18,4.81,4.5,-6.52,6.53,-4.8,12.18,21.18,5.69,-1.55,1.41,-3.71,6.3,-1.33,1.01,2.02,0.02,-13.68,0.89,-6.14,8.51,-3.59,-6.36,-6.92,1.63,-9.04
13.9724,-89.6587,-0.48,704.67,-88.57,2.54,3.5,0.23,-0.43,4.69,-6.0,6.97,-0.38,6.58,6.42,8.92,1.49,5.87,6.45,4.74,-14.05,0.41,-4.18,1.59,-0.0,-6.07,-1.48,7.33,-2.82,-7.07,11.04,-1.18,-9.7
13.9724,-89.658,-84.05,1584.74,-297.58,6.73,1.09,-3.34,4.51,5.61,-1.53,5.66,-2.85,4.77,6.42,3.26,-12.82,3.09,0.34,5.0,-0.04,1.5,-1.02,-2.21,-21.38,-5.08,1.67,4.9,3.16,-12.97,3.85,-1.18,-10.28
13.9724,-89.6572,-46.96,1733.41,-272.23,0.01,-1.76,-1.38,3.87,3.76,-6.32,-0.67,-4.27,-0.4,9.24,4.53,-11.45,3.54,0.24,3.68,13.26,10.76,-4.31,3.91,6.38,-3.79,-0.74,10.78,-2.28,-10.12,3.85,2.31,-10.28
13.9724,-89.6565,44.98,-1946.26,296.53,3.04,0.49,-5.25,3.2,6.57,-3.58,-7.07,-3.27,3.68,-15.81,4.71,-4.18,0.93,-5.17,5.37,1.06,3.54,1.26,-8.64,-1.33,-1.9,5.5,2.13,-1.76,-3.43,9.2,2.21,-5.28
13.9724,-89.6557,69.78,-2559.05,402.57,2.94,0.98,-2.62,2.89,7.25,-4.79,2.8,-5.21,-0.0,-12.16,5.15,-4.05,-2.19,-7.62,3.19,-2.96,11.04,-0.92,-5.59,-9.09,-11.0,-1.98,7.88,-0.74,-5.55,14.64,2.14,-6.71
13.9724,-89.655,64.25,-2252.62,357.77,0.58,-1.38,-2.29,4.32,5.86,-5.58,3.29,-6.18,-2.56,-11.41,4.02,-8.9,6.93,-1.52,5.2,1.45,-0.38,-0.47,3.41,-2.42,-4.36,-10.46,1.25,-1.67,-8.55,20.4,-1.09,-9.78
13.9724,-89.6543,-113.7,2710.97,-473.77,2.88,-1.66,-3.02,3.83,6.82,-4.28,-8.24,-4.23,10.17,8.15,4.34,2.55,-13.21,10.71,5.87,-3.8,2.34,2.7,5.75,-9.78,-1.24,-2.91,0.09,-1.62,-9.49,-3.99,1.3,-11.68
13.9724,-89.6535,4.35,-116.89,19.78,0.5,-3.12,-2.83,3.94,6.84,-7.15,-2.17,-1.58,5.83,0.96,4.7,-1.43,7.57,-4.64,11.67,-5.25,-5.59,0.44,-0.71,-5.44,-1.83,4.5,5.77,-3.96,-6.45,8.59,1.19,-8.91
13.971,-89.7157,-4.8,-741.67,85.58,2.6,6.67,5.78,-5.67,-2.18,6.84,-10.57,-0.33,-33.86,8.1,0.56,4.85,-1.91,-0.81,0.23,0.89,-5.48,8.22,-4.0,3.05,-0.31,0.4,-3.44,1.96,7.0,-9.02,2.05,4.19
13.971,-89.7149,1.9,-1029.45,128.92,2.73,6.14,4.35,-5.97,-1.66,6.68,-10.27,-0.1,-21.34,-0.0,0.67,5.5,0.01,-1.07,0.0,1.45,-4.83,6.82,-4.01,1.98,-0.9,2.07,-3.41,0.7,6.82,-8.64,2.02,5.31
13.971,-89.7142,-10.41,328.15,-52.67,2.6,5.77,4.26,-5.49,-1.76,7.4,-12.41,0.41,-27.83,30.4,1.41,5.81,-0.53,-1.43,0.78,0.84,-4.54,6.75,-3.3,1.47,-0.67,1.63,-3.58,0.15,5.84,-8.73,1.5,4.41
13.971,-89.7134,-0.83,-109.68,12.52,2.53,6.65,4.12,-5.01,-1.21,7.44,-12.3,0.94,-23.05,15.37,1.41,4.21,1.68,-1.69,-0.09,2.27,-4.39,5.84,-2.11,2.14,-1.41,2.53,-3.18,-0.22,5.84,-7.03,0.79,4.77
13.971,-89.7127,-1.88,284.56,-37.25,2.44,6.69,3.8,-4.24,-0.76,9.09,-13.71,1.21,-23.3,29.52,0.69,4.13,0.02,-1.78,0.31,2.38,-4.56,5.35,-3.32,2.63,-1.17,1.37,-2.59,0.03,7.12,-6.75,-0.59,4.77
13.9711,-89.712,-2.89,9.47,-4.57,2.05,6.49,3.12,-4.19,-0.85,8.98,-14.59,1.71,-29.76,29.52,-0.58,4.91,1.72,-2.84,0.9,0.4,-5.48,5.3,-2.26,2.93,-2.33,1.71,-3.35,-0.65,7.08,-6.75,-0.59,4.52
13.9711,-89.7112,0.84,-358.5,45.15,1.76,6.89,1.89,-4.42,-0.56,11.16,-15.22,0.17,-33.52,23.59,-0.22,4.82,1.6,-3.86,0.58,1.39,-3.67,5.32,-2.53,2.67,-1.99,1.67,-2.43,-0.12,7.23,-5.51,-1.67,4.72
13.9711,-89.7105,-12.59,1058.63,-145.28,0.94,6.68,2.4,-3.69,-0.15,11.4,-14.92,0.65,-0.0,13.18,-0.27,4.98,1.25,-1.41,2.37,2.01,-3.03,4.87,-3.01,3.92,-2.11,2.0,-1.79,-0.19,7.35,-6.32,-3.26,5.31
13.9711,-89.7097,-1.12,-563.68,68.14,1.21,7.85,1.38,-2.62,0.85,10.71,-14.17,0.91,-39.58,15.3,0.19,5.11,0.57,-3.4,1.97,3.06,-3.18,4.05,-1.77,3.66,-2.3,1.42,-1.61,-0.48,8.25,-5.59,-2.72,4.87
13.9711,-89.709,1.13,-270.32,34.65,1.3,7.71,0.75,-2.49,0.8,9.97,-14.52,1.4,-41.72,27.21,0.11,5.86,1.45,-2.86,1.76,2.7,-3.28,4.35,-2.15,2.84,-2.17,1.18,-1.05,-0.14,8.16,-5.17,-2.89,5.0
13.9711,-89.7083,4.14,-829.17,107.1,1.49,7.69,0.51,-2.17,1.22,9.46,-13.78,1.18,-48.82,18.72,-0.14,5.67,1.55,-2.26,1.13,2.9,-2.96,3.39,-1.13,3.1,-2.23,1.01,-1.55,-0.25,8.16,-4.55,-2.95,4.69
13.9711,-89.7075,-0.9,-610.6,74.22,1.77,7.41,0.29,-1.7,1.51,9.38,-13.71,1.15,-43.57,16.99,-0.57,4.8,1.63,-2.26,1.95,2.64,-2.95,3.11,-1.06,3.59,-2.08,2.09,-1.37,-0.17,8.57,-5.15,-3.27,4.61
13.9711,-89.7068,-0.31,1324.47,-163.7,2.11,7.21,0.66,-1.1,1.77,8.57,-13.87,0.85,-0.0,29.57,-0.44,4.79,1.54,-2.7,1.73,2.55,-2.2,2.38,-1.23,4.01,-2.27,1.59,-1.85,-0.02,8.43,-5.24,-2.99,4.61
13.9711,-89.706,6.98,-1444.85,186.44,2.28,7.15,-0.3,-1.08,2.19,8.16,-13.4,1.3,-36.75,-0.0,-0.23,4.36,2.69,-2.3,2.23,2.7,-1.62,1.65,-1.2,3.47,-3.03,1.43,-2.12,0.4,8.47,-4.41,-2.99,4.82
13.9711,-89.7053,12.77,-544.42,82.24,2.21,7.31,-0.2,-0.74,2.24,7.86,-12.5,1.39,-27.89,10.23,-0.09,4.53,3.1,-2.15,2.4,2.71,-1.5,1.76,-1.17,3.25,-2.52,1.12,-2.55,0.91,8.62,-4.41,-2.28,4.89
13.9711,-89.7046,-0.39,-587.34,72.01,2.54,7.58,-0.48,-1.64,2.85,7.04,-11.92,0.96,-23.59,-1.62,0.01,4.58,2.85,-2.54,2.4,2.56,-0.84,1.14,-1.67,3.61,-2.68,0.99,-2.64,0.72,7.54,-4.91,-2.25,3.75
13.9711,-89.7038,-6.73,234.79,-36.92,2.34,7.56,-0.54,-0.89,2.74,5.44,-9.99,0.69,-13.1,10.77,0.62,3.76,3.36,-2.41,1.29,1.15,-0.19,0.65,-1.79,3.25,-2.57,0.84,-2.25,1.17,6.94,-4.83,-2.1,2.51
13.9712,-89.7031,3.75,-543.42,71.51,2.73,7.91,-0.4,0.25,2.89,5.77,-8.45,0.09,-23.4,2.22,0.22,3.13,1.99,-2.37,1.88,1.33,0.39,-0.04,-0.05,2.74,-1.84,0.9,-2.26,1.01,7.62,-3.31,-2.1,1.58
13.9712,-89.7023,2.74,-471.1,61.39,3.04,7.3,-0.5,-0.36,3.04,5.35,-7.39,0.07,-29.4,11.19,0.96,2.34,2.34,-3.35,1.52,2.37,-0.16,-0.6,-1.31,3.65,-2.31,0.41,-1.67,1.22,7.83,-3.92,-1.58,1.39
13.9712,-89.7016,-4.54,-60.91,2.16,2.43,7.06,-1.34,-0.43,3.41,3.01,-6.69,-0.21,-12.5,0.82,0.87,2.09,4.02,-2.09,2.78,1.56,0.76,-0.94,-0.74,3.76,-2.16,-0.2,-2.43,1.4,6.18,-3.24,-1.92,0.94
13.9712,-89.7009,8.43,-55.09,16.76,3.5,7.63,-0.16,-0.53,2.94,3.25,-5.61,-1.12,-3.55,-0.03,0.01,2.43,3.69,-2.63,2.57,1.83,-0.01,0.05,-0.64,3.79,-2.06,1.25,-1.88,1.67,6.79,-2.48,-0.87,0.46
13.9712,-89.7001,0.03,-653.5,80.76,2.73,8.07,-0.64,0.12,3.38,2.06,-3.97,-2.37,-12.21,-17.58,1.33,3.57,5.56,-2.72,2.0,1.47,0.53,-0.82,-1.03,4.55,-1.99,0.13,-2.24,1.78,6.79,-2.77,-1.51,0.03
13.9712,-89.6994,7.2,-61.22,16.07,2.94,7.44,-0.7,-0.18,3.64,0.94,-4.22,-2.54,-0.0,-8.29,1.04,2.37,5.16,-2.19,0.88,2.04,0.33,-0.97,-0.69,2.9,-2.49,0.58,-1.85,2.41,7.13,-1.49,-1.84,-0.36
13.9712,-89.6986,9.03,-1037.97,138.94,3.64,8.11,-0.2,-0.24,3.24,0.11,-2.98,-2.38,-38.83,8.37,1.54,1.87,3.76,-2.05,1.19,1.79,-0.15,-1.65,-1.58,3.03,-2.08,0.34,-1.75,3.13,7.23,-2.62,-0.39,-0.36
13.9712,-89.6979,3.65,42.18,-0.9,3.1,7.88,-0.88,0.26,3.81,1.02,-2.01,-2.61,-18.36,10.92,1.33,0.93,6.91,-1.69,1.16,2.76,1.28,-1.05,-1.32,2.83,-1.4,0.94,-2.54,1.57,7.2,-2.93,-0.39,-1.05
13.9712,-89.6972,21.52,-520.31,89.75,3.46,6.6,0.34,-0.22,3.91,-0.49,-2.86,-3.37,-24.37,17.87,1.93,1.53,5.16,-2.99,0.13,2.53,0.89,-1.45,-1.47,2.58,-1.65,1.02,-2.44,1.84,8.33,-1.84,-0.49,0.14
13.9712,-89.6964,1.21,-636.67,80.15,3.52,5.95,0.19,-0.06,3.78,-0.46,-2.0,-3.47,-29.21,6.18,1.75,1.44,4.06,-1.64,0.16,1.81,1.14,-1.57,-1.4,2.52,-1.3,1.39,-2.1,3.29,5.3,-1.71,-0.64,-1.39
13.9712,-89.6957,-4.7,-540.67,61.32,3.55,6.37,-0.36,0.65,4.45,-0.47,-1.77,-3.5,-36.19,13.43,0.35,0.87,4.92,-1.82,0.31,1.89,0.25,-1.01,-1.57,2.09,-1.62,1.63,-3.02,3.36,5.46,-3.06,-0.15,-1.36
13.9712,-89.6949,-9.58,664.86,-93.56,3.56,5.85,0.27,1.01,4.28,-0.7,-1.23,-3.39,-14.09,25.14,1.76,0.53,3.97,-1.98,-0.68,1.55,1.47,-1.19,-1.03,2.22,-2.06,1.1,-3.45,3.63,5.74,-3.78,-0.07,-1.69
13.9713,-89.6942,-13.95,393.5,-65.17,3.87,5.16,-0.19,1.92,3.93,-0.93,-0.86,-3.4,10.19,-0.0,1.62,0.17,4.88,-1.65,-0.0,1.36,0.4,-0.96,-0.93,2.9,-1.52,0.38,-3.65,4.02,4.96,-3.64,0.27,-2.67
13.9713,-89.6935,-6.04,1092.08,-142.28,3.55,5.28,0.19,2.01,4.01,-1.34,-0.34,-3.2,9.89,18.12,2.41,-0.28,4.38,-1.72,-0.9,1.74,-0.39,-1.28,-1.29,2.52,-1.52,0.0,-4.2,4.27,5.52,-3.8,1.19,-2.6
13.9713,-89.6927,2.15,597.26,-71.38,3.45,4.93,-0.2,1.64,3.83,-1.23,-0.06,-3.31,-15.87,30.89,2.01,-0.15,3.67,-1.05,0.8,1.89,1.47,-1.89,-0.58,1.99,-1.72,-0.81,-3.17,4.72,5.52,-2.63,1.39,-3.02
13.9713,-89.692,-2.8,653.86,-84.26,2.98,4.73,-0.02,2.23,4.17,-1.71,0.13,-3.02,-16.81,30.42,2.44,-0.42,4.56,-0.98,0.08,1.38,0.56,-2.28,-0.16,2.6,-2.31,-0.36,-3.18,5.33,5.22,-3.57,1.62,-2.59
13.9713,-89.6912,10.94,917.7,-100.69,2.74,4.44,-0.87,2.96,4.05,-2.2,0.04,-3.08,-6.5,37.82,2.39,0.45,3.56,-2.01,0.58,1.16,1.65,-2.35,-0.51,2.97,-2.43,-0.01,-4.06,5.92,4.3,-1.55,2.08,-2.59
13.9713,-89.6905,-8.1,1038.97,-138.25,3.46,4.65,-1.66,2.17,4.25,-2.88,0.53,-2.24,-9.93,32.21,3.09,-1.21,4.67,-1.52,1.15,0.73,2.08,-2.83,-0.84,2.67,-1.74,-0.21,-3.88,5.84,3.7,-3.57,2.08,-2.87
13.9713,-89.6898,-12.53,-286.12,20.62,3.15,3.61,-1.98,2.38,4.7,-3.01,1.03,-2.07,-7.33,-0.0,2.92,-1.23,3.42,-2.46,0.75,0.47,2.96,-2.5,-1.81,2.96,-1.31,-0.39,-4.57,6.24,3.93,-3.57,1.72,-3.6
13.9713,-89.689,-19.01,936.24,-138.47,2.43,4.33,-1.77,2.3,5.14,-3.66,2.04,-2.17,-5.73,18.02,3.24,-0.68,3.35,-2.56,1.68,-0.03,3.21,-4.03,-0.17,3.99,-1.11,-0.42,-4.5,5.99,3.45,-2.5,0.58,-4.74
13.9713,-89.6883,-39.83,1126.53,-186.69,1.75,5.27,-1.99,2.84,4.05,-4.52,-0.01,-2.86,-24.32,29.82,3.74,-1.27,4.76,-1.7,1.4,1.46,2.37,-3.56,-0.24,3.59,-1.27,-1.32,-4.74,5.29,2.06,-5.95,2.12,-4.72
13.9713,-89.6875,-40.65,1569.49,-242.59,1.84,3.23,-1.81,2.54,4.77,-3.27,0.85,-2.84,0.25,21.68,3.69,-0.94,1.82,-1.83,-2.93,0.92,3.81,-2.99,0.3,3.83,-1.06,1.13,-3.4,5.64,2.06,-5.83,2.17,-5.36
13.9713,-89.6868,1.34,404.66,-48.57,0.71,4.4,-1.7,3.41,5.12,-4.59,1.48,-2.81,3.36,10.68,3.83,-0.73,1.54,-2.99,-1.09,0.41,2.72,-2.86,-1.58,6.64,-1.54,-0.21,-3.3,5.5,2.65,-1.26,2.9,-5.36
13.9713,-89.6861,-32.56,1147.56,-180.79,1.17,2.68,-0.63,4.19,5.42,-2.47,-0.17,-3.47,-8.28,19.64,3.87,-0.19,0.23,-2.38,0.13,2.8,6.83,-4.93,-2.42,4.58,-1.51,-1.33,-3.28,5.38,1.68,-5.59,3.48,-5.63
13.9713,-89.6853,-23.07,-302.77,10.26,1.44,3.12,0.0,4.08,5.5,-1.38,0.11,-3.93,-32.21,10.89,5.62,-1.49,6.17,-4.75,-0.62,-1.57,1.88,-3.51,-1.42,2.25,-2.81,-3.36,-3.53,4.94,-0.14,-3.36,4.58,-6.92
13.9714,-89.6846,8.79,742.34,-81.69,1.07,2.52,-0.93,4.09,4.47,-2.21,0.24,-3.97,-0.0,32.19,1.84,-0.21,-0.31,-0.34,-3.65,-0.52,-1.83,-4.55,1.81,5.37,-3.45,-0.61,-2.03,5.6,-0.4,2.8,3.61,-8.25
13.9714,-89.6838,4.1,-323.33,44.96,1.04,2.4,-0.2,4.23,3.97,-3.34,0.31,-2.86,-18.16,13.9,2.11,-0.65,1.77,-0.81,-2.33,2.64,2.56,-2.22,-0.3,1.12,-3.82,-1.49,-1.46,4.92,-0.87,2.8,2.9,-7.67
13.9714,-89.6831,21.52,229.67,-3.04,0.91,1.3,0.44,3.6,4.99,-2.96,0.93,-3.92,-9.47,28.43,3.19,-1.77,0.77,-3.28,2.21,0.01,8.19,-0.18,-2.42,0.94,-2.1,0.53,-4.21,4.54,1.5,2.02,5.13,-8.37
13.9714,-89.6824,-17.88,1117.18,-159.81,-1.05,1.22,0.4,3.1,5.29,-4.24,0.67,-3.89,-2.68,24.04,4.24,-2.59,11.9,-3.59,-2.73,-0.61,3.56,-2.81,-1.87,0.17,0.68,-0.62,-1.5,3.13,0.59,-2.8,4.63,-7.64
13.9714,-89.6816,-6.7,801.62,-107.44,-1.4,0.03,-1.21,3.35,5.81,-2.57,-0.65,-4.06,-8.43,26.69,4.58,-0.13,8.15,-7.02,-0.86,2.26,7.16,-5.8,-1.39,2.89,-3.9,2.5,-2.83,4.11,0.59,-2.42,6.14,-8.3
13.9714,-89.6809,-10.48,629.77,-90.59,-0.53,0.03,0.53,4.19,5.99,-3.17,-0.3,-3.81,-0.17,10.04,2.3,-1.53,8.93,-2.0,-0.92,1.03,2.58,-2.92,-1.1,2.78,-1.58,1.49,-5.68,5.66,-0.27,-2.1,5.72,-8.3
13.9714,-89.6801,0.77,426.95,-52.11,-0.95,-0.58,-0.45,2.68,6.18,-4.38,0.16,-4.0,-7.49,19.17,6.21,-2.85,6.82,-1.78,-1.55,1.55,0.61,0.45,-0.5,2.98,-4.05,1.19,-1.91,2.8,0.11,-1.49,6.31,-8.01
13.9714,-89.6794,-2.2,120.65,-17.59,-0.83,0.97,1.74,3.2,4.84,-2.24,0.46,-3.86,-1.93,5.82,3.62,-3.12,5.1,-1.4,-1.64,-0.25,1.66,-2.42,-0.18,3.74,-2.73,1.06,-1.03,3.22,2.08,-3.23,6.11,-7.14
13.9714,-89.6787,-7.67,-602.86,65.82,-1.56,-0.46,0.99,4.01,4.87,-1.78,0.05,-4.08,-1.93,-10.47,3.69,-3.87,4.31,-4.05,-1.88,-0.97,2.05,-1.82,-1.05,1.39,-3.66,0.04,-1.1,3.22,0.34,-1.73,5.2,-7.31
13.9714,-89.6779,-4.38,-206.55,20.48,-1.68,-0.43,0.35,4.41,5.18,-3.56,0.95,-3.12,-8.76,1.41,4.38,-2.93,7.13,-3.17,-1.89,0.86,2.53,-0.61,-1.24,0.59,-3.02,-0.34,-2.2,2.92,-0.07,0.02,4.21,-7.4
13.9714,-89.6772,-9.36,-354.23,32.94,-0.63,-0.46,0.73,3.89,5.43,-1.77,1.67,-4.02,-3.25,-0.0,5.17,-4.68,5.15,-3.08,-2.31,-0.09,2.33,-0.46,-1.2,1.94,-2.89,-0.11,0.18,3.05,0.68,-1.01,4.02,-7.26
13.9714,-89.6764,-8.14,-332.93,31.75,-1.07,0.54,0.54,4.58,4.6,-2.48,2.25,-4.13,-3.25,-12.64,5.52,-3.77,5.0,-2.95,-1.49,1.19,2.7,-0.45,-0.8,2.49,-3.29,0.85,0.06,2.43,0.68,-0.83,4.01,-7.27
13.9715,-89.6757,-19.47,482.2,-83.0,-0.93,0.71,0.61,5.22,4.21,-3.59,2.39,-4.81,15.03,-0.0,5.73,-3.17,4.36,-3.28,-1.44,0.5,2.45,-0.96,-1.02,2.96,-3.82,-0.72,-0.18,2.06,-0.83,-3.0,4.75,-5.67
13.9715,-89.675,-12.16,403.51,-64.57,-0.63,0.18,-0.22,5.94,3.73,-2.99,2.51,-4.9,17.93,-10.12,5.7,-4.55,5.01,-3.99,-0.29,0.3,3.42,-0.88,-1.28,1.75,-2.89,-1.09,-0.09,2.22,-1.07,-1.08,3.9,-5.67
13.9715,-89.6742,-1.64,-433.83,52.02,-0.27,-0.62,-0.26,5.81,3.5,-2.91,3.36,-4.94,-3.19,-0.0,6.1,-3.9,4.69,-2.06,-2.13,1.34,2.32,-1.25,-0.32,1.98,-3.57,0.33,0.64,2.12,-1.08,-0.36,4.74,-5.73
13.9715,-89.6735,2.94,-449.84,59.45,0.15,-0.08,-0.14,6.61,3.41,-2.92,3.64,-4.94,-2.27,-0.0,6.42,-3.92,3.6,-1.17,-1.93,1.37,2.32,-0.61,-0.49,1.95,-3.42,-0.0,0.54,2.06,-0.35,-0.59,4.33,-4.38
13.9715,-89.6727,2.58,-23.49,5.98,0.58,-0.16,-0.59,6.5,2.91,-2.53,3.32,-5.65,15.91,-0.0,5.2,-3.43,3.14,-1.44,-2.12,0.85,1.96,-1.07,-0.43,0.15,-3.44,0.06,0.96,1.54,-1.75,0.52,3.51,-3.61
13.9715,-89.672,12.37,-95.95,26.59,0.21,0.26,-1.19,6.78,2.76,-3.15,4.42,-6.01,17.27,-0.0,5.7,-3.74,3.33,-0.54,-1.56,1.2,2.53,-1.0,-1.1,0.71,-3.37,0.51,0.74,0.96,-0.37,0.52,3.78,-3.21
13.9715,-89.6713,5.82,-339.58,49.16,0.81,0.09,-1.04,6.51,2.22,-3.14,3.91,-6.19,-0.0,-0.0,6.13,-3.42,3.3,-1.13,-1.96,0.79,2.57,-0.45,-0.86,0.59,-3.27,0.15,0.97,0.36,-1.08,0.41,3.35,-3.08
13.9715,-89.6705,-0.91,-654.79,80.44,1.2,0.52,-1.78,7.19,2.2,-3.3,4.39,-7.24,3.69,-19.15,6.42,-3.9,3.56,-1.2,-2.32,0.93,2.36,-0.53,-0.29,0.96,-3.66,-0.22,0.79,0.26,-1.79,0.02,2.69,-2.17
13.9715,-89.6698,25.96,-976.31,152.31,1.79,0.54,-2.44,6.64,2.06,-3.12,3.02,-7.28,-0.0,-10.1,5.75,-3.77,2.51,-0.74,-2.33,0.83,1.7,-0.23,-0.9,0.93,-3.85,-0.17,1.37,-0.33,-1.34,3.44,1.87,-1.01
13.9715,-89.669,15.89,-302.72,56.53,1.7,1.13,-2.26,6.93,2.43,-2.69,2.77,-6.96,0.92,4.6,6.19,-3.39,3.04,-1.18,-1.53,0.01,2.16,-0.32,-0.48,1.48,-3.4,-0.01,1.86,-0.46,-1.58,3.14,1.02,-1.29
13.9715,-89.6683,28.79,-452.27,90.44,2.0,0.37,-2.47,6.73,2.47,-3.3,3.4,-6.91,5.94,1.72,6.61,-3.51,3.99,-0.09,-0.95,0.38,2.45,-0.58,-0.99,0.54,-4.4,-0.42,3.3,-0.67,-1.58,5.05,1.12,-1.83
13.9715,-89.6676,-9.9,446.09,-67.3,2.24,1.14,-1.81,6.33,2.61,-3.18,4.98,-6.73,-6.73,15.1,6.59,-2.9,4.09,-0.38,-1.97,-1.29,2.62,-1.32,-0.09,0.88,-3.77,0.43,2.98,-0.72,-1.09,-0.9,1.57,-1.83
13.9716,-89.6668,0.7,-298.35,38.0,3.12,1.04,-2.19,5.13,3.0,-3.61,6.51,-6.41,-6.0,0.52,7.03,-3.06,4.69,-2.37,-3.53,-1.67,3.46,-0.66,0.08,0.69,-3.55,0.42,3.2,-0.55,-1.02,0.31,1.57,-1.61
13.9716,-89.6661,-12.26,538.78,-81.67,2.61,1.8,-2.12,7.04,3.92,-2.93,6.41,-6.34,-0.0,1.44,6.0,-3.33,9.25,1.09,-5.31,-1.78,2.6,-0.81,-1.16,0.18,-3.19,-4.38,3.13,-1.26,-3.15,0.31,1.7,-2.62
13.9716,-89.6653,9.17,666.47,-72.22,2.77,1.2,-2.42,4.06,3.03,-3.58,8.26,-4.6,15.63,3.23,5.72,-0.84,3.11,0.14,-0.01,-2.68,3.44,-1.17,1.59,4.89,-1.87,-2.92,4.17,-2.36,-4.0,4.16,1.61,-3.29
13.9716,-89.6646,20.59,-65.93,32.62,4.62,1.16,-1.12,4.98,2.46,-1.94,4.95,-3.46,10.73,-4.38,7.86,-3.48,0.78,-0.91,-4.3,0.75,3.47,-1.1,2.4,3.52,-0.16,1.28,5.07,0.2,-2.04,4.2,1.96,-3.36
13.9716,-89.6639,34.07,-1523.23,230.34,3.51,1.09,-0.31,4.98,2.77,-3.59,5.34,-4.9,10.73,-8.25,5.7,-3.29,-2.08,-12.67,-6.37,0.06,4.02,-6.99,-0.2,2.48,1.04,-0.56,5.38,-3.68,-4.09,8.41,1.2,-4.11
13.9716,-89.6631,38.42,-864.84,153.4,4.16,1.36,-5.84,3.81,1.54,-3.55,6.94,-3.95,3.31,-0.0,5.56,-6.49,12.8,-9.15,-0.46,-1.15,3.08,-0.01,1.55,1.12,7.44,4.3,7.38,-1.74,-5.23,7.26,3.65,-3.69
13.9716,-89.6624,-5.97,-233.4,22.04,2.07,1.12,-3.59,4.88,5.2,-2.35,3.6,-4.76,12.79,-6.83,3.02,-3.47,-6.53,-0.89,1.92,-4.98,4.03,-0.08,-3.05,1.01,-1.28,-2.41,6.9,-2.63,-4.5,5.09,0.08,-5.44
13.9716,-89.6616,5.02,-267.51,39.33,3.88,-0.58,-3.32,2.82,7.02,-2.99,7.73,-3.74,-0.0,4.36,6.24,-6.47,-1.48,-5.13,-2.16,2.64,0.62,3.07,-2.63,-10.36,-2.49,2.4,4.06,-0.9,-5.49,5.78,1.83,-5.76
13.9716,-89.6609,11.54,-931.28,129.9,3.55,3.35,-4.2,4.95,5.97,-3.65,1.45,-3.14,-2.44,10.51,6.02,-2.51,-1.26,-2.04,-3.22,-2.61,-1.39,-2.95,-1.64,-20.06,0.08,-0.01,7.78,-1.28,-6.42,8.17,1.83,-7.43
13.9716,-89.6602,-37.24,838.55,-148.81,1.9,4.94,-2.09,4.62,5.39,-4.07,3.28,-7.01,-0.0,10.51,4.69,-3.45,0.83,-1.35,6.41,-1.37,0.05,-1.76,-11.34,-9.12,0.47,3.51,3.68,-2.01,-7.97,2.29,1.65,-6.72
13.9716,-89.6594,-9.29,-701.73,76.61,2.5,1.73,-4.44,4.23,2.91,-4.26,5.63,-3.5,-5.32,-1.42,2.99,-1.96,3.61,-4.13,-14.59,-0.5,0.2,2.03,4.04,-9.02,2.64,3.15,7.12,-5.26,-5.84,6.17,0.31,-7.12
13.9716,-89.6587,58.77,108.77,56.07,-0.07,1.42,-1.54,1.56,6.57,-4.62,1.54,-5.01,-0.0,19.15,1.89,-3.89,17.25,0.29,0.77,-1.83,-0.68,3.99,1.55,4.62,0.02,4.29,3.55,3.57,-4.62,12.42,2.5,-6.73
13.9717,-89.6579,92.97,-1796.92,334.65,1.61,0.96,-4.05,3.11,4.46,-5.46,10.42,-4.67,-0.0,9.83,6.03,-2.62,-2.18,-4.33,3.5,-0.51,4.9,-4.84,4.65,-0.0,-3.93,-11.61,4.7,-5.16,-3.47,15.92,4.08,-8.43
13.9717,-89.6572,-64.49,721.57,-166.6,3.51,-0.68,-2.01,1.97,6.37,-5.9,-0.41,-5.56,15.13,9.83,3.28,-14.5,-2.84,-7.94,-9.51,9.65,4.18,-2.95,-4.99,-8.15,-0.23,5.0,3.66,-5.81,-6.92,-3.03,2.76,-6.48
13.9717,-89.6565,17.54,-355.77,65.25,4.44,1.37,0.85,4.58,6.08,-7.56,5.12,-4.77,1.54,-0.0,11.0,-0.22,3.08,6.81,-6.42,3.23,2.48,-6.13,-6.2,1.82,1.01,4.76,4.79,-0.33,-7.62,10.03,3.19,-10.0
13.9717,-89.6557,19.11,-646.65,103.47,4.75,2.79,0.58,5.45,7.33,-6.21,3.59,-4.82,4.04,-0.0,3.13,0.15,3.47,-10.42,9.24,-2.99,3.61,-1.04,-3.6,1.69,10.7,-5.64,-4.15,-4.55,-7.53,11.81,1.29,-10.04
13.9717,-89.655,36.5,-2289.32,329.45,3.56,-0.12,-3.54,4.02,6.47,-6.23,7.39,-5.78,-3.85,-0.0,1.8,-9.26,2.99,-4.47,2.8,-13.55,2.29,-1.03,-5.5,-1.12,2.45,-2.13,6.39,-1.55,-7.53,13.28,1.8,-9.5
13.9717,-89.6542,-13.2,209.31,-41.82,3.87,-0.5,-2.85,4.01,6.84,-5.43,0.01,-4.24,-0.0,2.81,0.77,3.43,-1.4,8.73,-3.17,-6.36,-2.8,1.73,-0.36,1.84,2.41,-1.11,-5.64,-6.24,-13.52,10.55,2.8,-11.49
13.9717,-89.6535,32.94,-76.22,48.59,1.87,-0.71,-2.98,2.58,5.82,-6.05,1.39,-4.05,5.14,-1.08,2.85,0.26,9.39,18.6,-6.32,1.52,2.43,2.75,-6.31,-3.06,-0.71,5.41,0.01,-2.64,-7.84,12.71,1.63,-8.61
13.9703,-89.7156,-9.97,-68.95,-3.28,3.66,6.4,5.2,-6.07,-1.53,5.19,-9.36,0.5,-40.99,25.71,-1.14,5.58,1.14,0.59,3.06,0.52,-5.09,7.64,-3.73,2.82,-0.7,1.8,-3.35,0.89,6.33,-9.56,1.98,4.71
13.9703,-89.7149,0.63,-284.84,35.79,2.9,6.46,4.23,-5.73,-1.43,6.11,-10.43,0.25,-29.17,15.36,0.57,5.22,1.33,-0.8,1.42,1.05,-4.38,7.88,-3.21,1.64,-1.02,2.5,-2.17,0.28,6.33,-8.01,2.18,4.14
13.9703,-89.7142,-5.52,312.25,-44.95,2.66,6.26,4.46,-5.86,-0.92,7.6,-10.88,0.73,-20.72,18.53,0.76,5.97,1.95,-0.05,0.92,1.51,-4.7,7.59,-3.74,2.45,-1.02,2.45,-3.09,0.35,6.33,-8.05,1.55,3.71
13.9703,-89.7134,6.12,-563.53,76.58,2.13,6.56,3.8,-4.87,-1.08,7.55,-12.09,0.16,-28.25,10.53,0.79,4.09,2.28,-0.79,1.1,2.22,-5.18,5.75,-2.97,3.11,-1.31,2.26,-3.1,0.26,6.63,-7.46,1.55,5.03
13.9703,-89.7127,0.8,572.35,-69.52,2.53,6.99,3.24,-4.18,0.21,9.36,-13.27,1.17,-0.0,10.53,-0.01,4.94,-0.16,0.55,-0.73,2.7,-5.8,5.6,-3.65,1.95,-1.86,3.21,-2.33,0.1,6.76,-7.46,0.5,5.24
13.9703,-89.7119,7.39,-398.71,57.82,1.18,6.71,2.39,-4.16,-0.25,8.76,-14.56,2.26,-32.02,21.84,-0.53,4.84,1.65,-0.84,0.1,2.12,-4.71,5.49,-3.05,1.68,-2.18,3.34,-0.92,-0.5,8.47,-6.18,-0.91,4.89
13.9703,-89.7112,-13.28,-937.45,99.78,2.09,7.18,2.06,-4.99,-0.08,9.61,-13.54,1.5,-29.56,-0.0,0.66,3.57,0.71,-2.36,2.3,2.74,-4.16,4.5,-2.33,2.45,-2.12,1.77,-2.14,-0.49,7.32,-6.75,-2.14,4.17
13.9703,-89.7105,-9.63,1066.21,-142.71,1.71,7.66,2.44,-2.84,0.42,11.48,-14.19,0.91,-0.0,16.94,-0.07,4.26,0.5,-2.19,2.98,2.84,-3.7,3.95,-2.93,2.38,-1.37,0.18,-2.55,-0.45,7.34,-6.7,-2.59,5.57
13.9704,-89.7097,-7.15,-998.29,114.56,2.19,7.99,1.07,-2.46,0.96,10.08,-14.07,0.59,-36.17,-0.0,-0.09,5.39,3.56,-2.43,3.32,2.22,-3.57,7.5,-1.9,2.75,-1.93,-0.8,-1.42,-0.75,7.34,-5.68,-3.1,5.11
13.9704,-89.709,0.2,-777.99,96.12,2.2,7.91,0.98,-2.5,1.07,9.35,-13.86,1.5,-43.98,14.12,0.28,5.81,0.04,-1.99,1.58,2.54,-3.07,4.44,-2.6,3.13,-2.57,1.32,-1.3,-0.16,8.08,-5.68,-2.11,4.47
13.9704,-89.7082,-7.05,-757.56,85.06,1.75,7.42,0.26,-2.07,1.55,9.4,-13.29,0.78,-44.1,7.94,0.74,6.29,1.87,-2.06,2.16,2.04,-2.46,2.56,-1.42,2.99,-2.97,1.91,-1.27,-0.71,7.99,-5.9,-2.45,3.8
13.9704,-89.7075,-2.45,-587.27,69.51,2.13,7.65,-0.04,-1.47,1.84,8.96,-13.41,0.78,-40.62,15.43,0.45,5.14,1.28,-2.46,1.45,2.47,-2.76,2.97,-1.34,3.68,-2.9,1.3,-2.78,-0.11,8.34,-5.35,-2.45,3.53
13.9704,-89.7068,-1.18,-800.79,97.35,2.54,7.46,0.21,-1.2,1.97,8.43,-13.66,0.46,-56.05,25.2,-0.27,4.94,1.89,-2.49,1.68,3.0,-2.9,2.32,-1.64,3.92,-2.95,1.52,-2.04,0.21,8.87,-5.35,-2.84,3.88
13.9704,-89.706,-3.39,-148.75,14.35,2.5,7.34,-0.03,-0.75,1.9,8.01,-13.45,0.21,-39.65,27.14,-0.37,4.99,2.51,-2.74,1.89,3.09,-1.59,1.36,-1.44,4.02,-2.8,1.02,-2.08,0.12,8.65,-5.67,-2.62,3.82
13.9704,-89.7053,-0.03,730.61,-90.16,3.17,7.52,-0.11,-0.27,2.51,7.62,-13.23,-0.18,-0.0,11.15,-0.06,4.4,2.71,-2.68,2.44,2.79,-1.22,1.33,-1.2,3.97,-2.9,1.12,-2.86,0.49,8.1,-5.1,-2.25,3.59
13.9704,-89.7045,1.74,-279.55,36.54,3.06,7.45,-0.47,-0.55,2.95,6.66,-11.28,0.36,-29.79,15.29,-0.0,4.62,2.57,-2.68,2.11,2.13,-0.9,1.11,-0.31,3.58,-3.11,1.06,-2.85,0.85,7.67,-4.7,-2.05,3.46
13.9704,-89.7038,2.48,-526.51,67.9,2.9,7.74,-1.06,-1.13,3.09,6.03,-10.21,1.02,-26.63,6.81,0.11,3.83,2.73,-2.48,2.04,1.89,-0.84,0.41,-2.26,3.98,-3.0,1.17,-2.11,1.19,7.47,-4.06,-1.6,2.0
13.9704,-89.7031,-10.91,154.19,-31.92,2.72,7.65,-0.5,-1.14,2.8,5.64,-9.82,-0.16,-23.51,17.67,0.21,3.55,1.93,-2.1,1.41,1.99,-0.51,-0.11,-1.1,3.52,-2.56,0.77,-2.12,2.24,7.47,-4.77,-1.93,0.63
13.9704,-89.7023,-13.77,912.72,-128.94,3.0,8.41,-0.41,-0.69,3.39,5.28,-8.25,-0.2,-10.54,21.93,0.35,3.02,4.12,-1.68,0.02,2.48,-0.31,0.33,-1.11,4.53,-3.07,0.72,-2.12,2.2,6.94,-4.84,-1.76,0.42
13.9704,-89.7016,-6.05,566.22,-77.06,3.08,8.12,-0.1,-0.35,3.24,3.87,-7.01,-0.87,-10.54,15.98,-0.0,2.74,4.74,-2.57,2.71,0.96,-0.29,0.43,-1.45,5.2,-2.17,0.43,-1.76,0.93,6.82,-4.48,-1.41,1.3
13.9705,-89.7008,3.57,267.57,-28.83,2.95,7.86,-0.61,-0.7,3.27,3.5,-5.61,-1.45,-19.5,20.33,0.17,2.37,5.47,-2.68,3.47,1.33,-0.39,0.66,-0.36,4.07,-3.17,0.66,-1.73,1.97,6.56,-2.9,-1.23,0.89
13.9705,-89.7001,-3.79,-189.56,18.93,2.62,7.17,0.17,-0.62,3.39,2.28,-3.88,-1.69,-27.42,10.45,0.77,3.58,5.92,-3.04,1.79,1.54,0.05,-0.11,-1.62,3.4,-2.89,0.05,-1.72,2.13,6.37,-2.77,-1.74,-0.04
13.9705,-89.6994,-3.67,8.59,-5.4,3.04,7.72,-0.74,-0.83,3.94,1.15,-3.52,-3.17,-16.28,9.18,1.42,1.52,6.17,-2.24,1.32,1.48,-0.52,-1.03,-0.33,2.65,-2.51,0.42,-2.15,1.97,7.2,-3.25,-1.74,-0.08
13.9705,-89.6986,-3.1,-804.18,95.72,3.28,7.4,0.37,-0.12,3.52,-0.36,-3.48,-2.69,-34.19,2.73,2.33,1.25,5.17,-2.47,0.92,2.55,0.02,-1.15,-1.15,3.27,-2.99,0.33,-2.35,2.59,7.26,-3.23,-0.99,-1.24
13.9705,-89.6979,-5.29,-218.97,20.81,2.81,7.94,1.51,-0.37,3.79,-0.29,-2.98,-3.25,-33.43,13.5,1.76,2.01,4.72,-2.24,1.97,2.38,1.44,0.09,-0.97,3.01,-1.46,0.77,-2.6,2.43,6.45,-3.23,-1.11,-0.69
13.9705,-89.6971,20.68,-1449.52,203.63,3.44,7.11,0.67,0.82,3.82,-1.5,-2.92,-2.92,-26.8,-0.0,1.79,1.58,4.38,-0.74,0.42,2.46,-0.11,-1.43,-1.36,3.89,-1.78,0.51,-2.06,2.67,7.48,-1.05,-1.21,0.62
13.9705,-89.6964,5.12,-867.78,113.35,3.36,6.16,0.14,1.25,4.03,0.16,-1.8,-2.99,-21.76,-0.0,2.16,1.32,4.46,-0.77,1.73,3.04,-0.54,-1.0,-2.35,2.24,-1.04,1.38,-1.85,3.22,5.84,-1.66,-0.52,-1.34
13.9705,-89.6957,5.32,-1238.21,159.42,3.54,5.93,-0.07,0.29,3.89,0.56,-2.0,-3.4,-27.12,-0.0,0.92,1.38,5.87,-3.39,-0.04,1.86,-0.16,-0.55,-2.11,3.72,-2.32,1.3,-2.47,2.65,4.55,-1.86,0.4,-1.02
13.9705,-89.6949,-19.53,1060.33,-154.24,3.78,5.81,1.0,0.7,3.59,-0.11,-1.52,-4.16,-6.51,26.66,1.11,1.76,4.41,-3.08,-1.17,2.52,-0.22,0.2,-1.95,0.63,-2.27,0.17,-2.89,4.02,4.55,-3.55,-0.19,-3.0
13.9705,-89.6942,7.37,-490.7,69.42,2.82,5.4,-0.18,1.5,4.01,-0.42,-0.9,-2.78,-2.73,-0.0,1.97,1.03,4.28,-2.69,-0.06,1.67,0.95,-1.79,-1.88,2.71,-1.98,0.52,-2.37,4.17,5.68,-2.39,0.52,-1.05
13.9705,-89.6934,9.81,-236.04,40.81,3.33,5.36,0.52,2.03,4.2,-0.84,-0.24,-3.26,-16.87,7.58,2.19,2.45,5.62,-1.51,-0.36,2.73,-0.65,-0.69,-1.57,2.96,-2.44,-0.01,-2.5,5.41,4.2,-1.62,1.03,-1.05
13.9705,-89.6927,5.13,-620.71,82.88,3.14,5.09,0.75,1.82,4.24,-1.38,-0.18,-3.31,-7.54,-0.0,1.39,0.93,3.27,-0.76,-1.04,1.69,1.37,-1.89,-1.05,2.94,-2.14,-0.9,-3.74,5.13,5.83,-2.25,1.03,-2.79
13.9706,-89.692,6.81,-477.04,67.11,3.17,5.52,-0.27,2.37,4.16,-1.87,0.01,-3.86,-7.76,-0.0,3.8,0.53,4.95,-1.16,1.22,1.63,1.21,-1.51,-0.47,2.65,-2.4,-0.71,-2.92,6.11,5.4,-3.1,2.12,-2.09
13.9706,-89.6912,-16.07,1339.14,-184.81,3.05,5.2,-0.39,2.83,4.2,-2.12,0.22,-2.78,-2.47,24.3,2.9,0.54,5.63,-1.11,0.69,1.37,1.71,-1.13,-1.1,2.98,-2.52,-0.46,-3.14,6.31,3.99,-3.92,2.19,-4.59
13.9706,-89.6905,-11.88,698.18,-100.51,2.81,5.05,-1.03,2.61,4.66,-3.46,0.67,-2.11,-14.68,22.84,2.48,0.14,5.01,-2.2,0.89,1.55,2.74,-3.22,-1.56,3.07,-1.83,-0.03,-3.64,6.49,3.93,-3.92,2.54,-4.07
13.9706,-89.6897,-12.84,683.16,-99.8,3.09,4.09,-1.77,2.66,4.72,-2.29,1.54,-2.48,-6.66,16.44,3.15,-0.42,4.75,-2.54,1.38,1.01,3.54,-3.12,-3.28,1.14,-2.54,-0.64,-4.03,6.8,4.73,-4.12,2.32,-4.47
13.9706,-89.689,-10.85,1023.54,-139.64,3.01,5.06,-0.8,3.56,4.96,-3.06,2.44,-3.1,-11.32,31.59,3.37,-0.96,4.69,-2.81,2.66,-0.46,2.14,-5.28,-1.76,4.97,-2.46,-0.35,-4.93,6.33,1.4,-0.98,2.56,-6.31
13.9706,-89.6883,-19.93,1603.63,-222.27,2.1,4.0,-1.68,3.27,5.22,-3.53,1.73,-3.01,-0.0,33.47,3.9,-1.97,3.54,-4.79,-2.51,0.92,2.14,-3.16,1.02,3.02,-2.31,0.23,-4.76,5.98,0.52,-1.23,1.92,-6.22
13.9706,-89.6875,-3.67,541.7,-71.47,0.94,5.07,-1.2,3.69,5.4,-4.9,1.9,-4.12,-11.54,20.06,3.81,-1.68,6.96,-4.33,-1.83,2.08,3.65,-2.33,2.28,6.11,-2.89,-2.61,-3.54,6.61,2.11,-1.23,3.12,-6.22
13.9706,-89.6868,-49.48,1120.05,-197.36,2.23,5.19,-1.59,3.7,4.68,-3.79,1.87,-4.96,-4.99,18.26,2.58,-2.37,7.04,-7.93,-4.26,4.26,-2.71,-4.26,-1.44,5.44,-1.54,-1.33,-2.85,5.8,0.6,-5.04,1.94,-7.03
13.9706,-89.6861,-31.65,274.14,-71.42,2.55,6.72,-3.83,2.7,6.42,-4.52,1.12,-2.74,-15.39,14.49,3.06,-2.04,-1.31,-0.77,0.0,-0.53,-3.94,-3.36,-0.09,5.03,-2.73,-0.19,-4.9,5.88,0.22,-2.56,2.11,-7.19
13.9706,-89.6853,0.08,57.26,-7.0,0.37,4.16,-2.2,3.83,5.54,-2.94,1.38,-3.33,-0.0,13.85,0.34,-0.53,0.32,-5.56,0.58,3.89,-5.96,-6.35,-4.14,5.38,-3.11,-0.62,-4.54,5.68,1.06,-0.46,3.83,-7.07
13.9706,-89.6846,23.11,585.91,-45.34,0.84,2.86,-2.65,4.34,4.97,-1.79,1.06,-2.9,-0.0,31.49,1.93,-2.53,13.69,-3.42,-1.13,-1.7,-6.99,-3.66,-1.9,6.23,-5.06,-0.93,-2.05,5.6,-0.0,3.57,3.53,-7.09
13.9706,-89.6838,2.27,1028.27,-124.88,-0.13,2.33,-2.2,3.61,6.47,-2.71,0.16,-3.81,-10.19,37.71,4.58,-0.28,9.27,-8.8,-1.94,3.23,1.6,-1.45,1.7,5.19,-2.87,0.22,-3.07,6.01,-0.0,1.2,4.09,-8.73
13.9707,-89.6831,-10.0,1023.45,-138.82,-0.2,2.02,-0.74,3.12,4.98,-2.05,0.07,-3.6,-3.03,27.1,2.72,1.0,8.9,-5.52,-0.1,0.73,0.32,-0.45,-0.51,1.73,-5.12,-0.92,-3.12,5.72,-0.14,-0.26,4.02,-8.84
13.9707,-89.6824,-8.08,801.35,-109.01,-1.31,0.87,0.46,3.51,5.77,-1.66,1.78,-4.17,10.63,22.8,3.56,-2.55,4.5,-6.94,1.07,-6.12,1.44,-1.59,-3.45,0.61,-3.04,-3.61,2.03,3.71,-0.82,-0.26,4.73,-8.84
13.9707,-89.6816,8.37,1199.83,-139.03,1.07,2.27,1.6,4.89,5.98,-2.44,1.08,-3.72,20.3,31.24,5.18,-2.41,-2.45,-8.21,0.47,3.41,3.68,-5.0,-4.88,2.97,-2.96,0.03,0.72,5.21,-0.33,0.65,5.52,-8.44
13.9707,-89.6809,-27.72,366.93,-78.35,0.85,0.38,0.94,4.32,5.93,-1.73,-0.84,-4.9,2.84,13.98,2.52,-3.22,-9.23,-1.41,-0.74,1.28,2.21,-3.61,-4.23,0.13,-2.15,0.74,-3.57,3.66,-0.41,-2.36,4.5,-10.16
13.9707,-89.6801,-9.67,540.68,-78.59,-1.23,0.45,2.21,3.42,4.37,-3.46,0.06,-5.62,2.84,18.88,3.05,-3.04,4.3,-4.45,-0.27,0.48,-1.59,-1.58,-0.88,-0.0,-4.43,-0.43,9.06,2.21,-0.29,-2.07,5.32,-7.86
13.9707,-89.6794,22.58,-963.12,146.34,-1.23,-0.63,-0.47,2.68,5.48,-3.46,-0.26,-3.64,-11.49,15.44,4.32,-2.43,-4.48,-4.32,-0.08,2.09,-1.59,-1.58,-1.11,1.18,-4.61,1.86,-1.51,2.76,1.82,1.07,5.41,-7.76
13.9707,-89.6787,-16.49,-314.56,19.57,-0.73,-0.63,0.27,3.86,4.66,-0.78,0.02,-3.34,-11.49,6.36,4.62,-4.42,3.9,-3.76,-2.84,0.18,-2.71,-1.63,-2.44,1.18,-4.69,-0.96,1.47,2.83,-2.71,-0.29,4.83,-8.28
13.9707,-89.6779,-23.59,438.32,-82.38,-0.82,-0.32,1.12,4.45,4.76,-2.55,0.73,-4.03,-8.4,11.2,6.72,-2.9,4.57,-5.0,-2.52,0.74,1.35,-1.03,-0.62,2.81,-3.4,-1.83,-0.01,2.5,-1.15,-2.73,5.45,-8.13
13.9707,-89.6772,-22.12,-432.91,27.63,-0.51,-0.24,0.65,4.32,3.71,-2.1,3.37,-5.97,-9.29,-0.0,6.01,-4.96,1.55,-3.62,-2.6,-0.44,1.72,1.48,-2.14,3.74,-3.14,0.88,1.11,2.57,-0.35,-2.71,4.65,-7.37
13.9707,-89.6764,-10.79,-294.77,23.86,-0.54,-0.02,0.45,5.18,3.74,-2.34,1.88,-5.3,-5.66,-1.83,6.45,-5.1,3.2,-2.73,-2.69,-1.05,1.42,0.31,-2.74,3.37,-3.65,0.06,1.52,2.63,-1.57,-0.93,4.5,-6.33
13.9707,-89.6757,-9.15,-637.21,68.39,-0.2,0.59,0.43,5.28,4.55,-1.99,2.14,-5.76,-5.66,-15.96,4.52,-5.32,4.53,-2.08,-2.02,2.26,1.85,-1.23,-0.3,3.43,-3.09,-0.79,0.35,2.59,0.45,-1.86,4.14,-5.95
13.9707,-89.675,-12.23,-55.22,-7.62,-0.56,0.44,0.62,6.2,3.57,-1.99,1.73,-4.98,8.3,-15.96,5.86,-3.97,4.01,-2.72,-0.8,0.86,2.24,-0.35,-1.18,2.84,-3.61,-0.42,0.79,2.75,-1.41,-1.36,4.22,-5.54
13.9707,-89.6742,-3.93,-529.33,61.18,-0.11,0.34,-0.13,6.12,3.16,-2.55,2.97,-5.26,-0.0,-17.15,4.53,-3.83,4.88,-3.2,-2.46,0.7,1.73,-0.83,-0.76,1.51,-4.93,-0.62,0.95,2.1,-0.67,-1.36,4.76,-5.08
13.9708,-89.6735,-9.85,-127.23,4.17,0.03,0.18,0.27,5.85,2.48,-2.5,3.9,-5.65,11.46,-17.15,6.07,-4.27,3.49,-2.88,-2.57,1.11,2.63,-0.43,-0.36,2.4,-3.64,-0.6,0.99,1.61,-1.24,-1.39,4.19,-4.81
13.9708,-89.6727,1.74,186.73,-21.17,0.1,-0.02,-0.44,6.55,2.71,-2.76,4.0,-5.58,4.93,6.17,4.42,-3.7,3.2,-1.67,-2.27,1.39,2.16,-0.75,-0.5,1.65,-4.22,0.91,0.12,1.21,-1.02,0.03,3.75,-4.12
13.9708,-89.672,-5.01,-160.26,14.01,0.25,0.4,-0.77,6.92,2.94,-2.92,3.88,-6.55,2.62,-7.06,5.23,-2.91,4.11,-0.95,-3.06,1.39,1.86,-0.32,-0.85,1.03,-4.08,0.47,0.55,0.71,-1.89,-0.66,3.59,-3.29
13.9708,-89.6713,8.93,-400.59,60.43,0.83,0.94,-1.68,7.43,2.32,-3.23,3.62,-6.78,-0.0,-7.06,5.39,-4.22,4.11,-1.37,-2.67,0.97,2.48,-0.05,-0.56,1.27,-3.86,0.54,0.34,0.4,-1.03,0.95,3.16,-3.04
13.9708,-89.6705,9.63,-574.25,82.89,1.91,1.51,-1.97,7.12,2.35,-2.94,3.69,-6.74,-0.0,-11.38,6.2,-3.35,3.36,-1.46,-2.41,0.1,2.0,-0.47,-0.45,1.01,-3.59,-0.17,0.88,0.25,-1.56,1.01,2.88,-1.96
13.9708,-89.6698,16.08,-965.1,139.21,1.76,1.32,-2.15,7.35,2.17,-2.94,3.61,-6.68,-0.0,-19.22,6.14,-4.36,4.01,-2.07,-1.81,0.14,3.57,-0.35,-0.15,0.74,-4.12,-0.37,1.42,-0.44,-1.56,2.66,2.16,-2.2
13.9708,-89.669,31.21,-1181.88,184.16,1.9,1.48,-2.28,6.98,2.23,-2.31,3.66,-6.64,-0.0,-16.84,5.9,-3.14,3.41,-1.74,-2.28,0.56,1.92,-0.33,-0.23,1.95,-3.57,-0.67,2.76,-0.7,-0.47,3.82,1.44,-0.74
13.9708,-89.6683,16.48,-451.61,75.78,2.19,1.43,-3.41,7.3,2.4,-2.4,2.64,-7.16,15.09,-0.0,5.34,-2.65,3.65,-0.81,-3.48,-0.59,2.73,0.08,-1.83,1.23,-4.63,-0.24,2.94,-0.39,-1.42,2.4,1.44,-0.74
13.9708,-89.6676,10.95,139.72,-4.44,2.76,0.89,-3.91,6.99,2.2,-3.09,2.98,-7.12,7.41,11.65,6.68,-3.42,4.79,-2.01,-3.31,-0.6,2.32,0.53,-1.64,0.01,-4.83,1.64,3.16,-1.56,-1.73,2.4,1.74,-2.26
13.9708,-89.6668,-0.87,630.27,-79.57,3.45,1.53,-3.17,6.45,2.96,-3.83,6.11,-5.76,13.54,3.11,6.34,-3.08,4.81,0.44,-0.51,-1.36,2.75,-0.73,-2.52,3.14,-3.77,-0.2,3.15,-0.61,-0.95,0.9,2.04,-3.8
13.9708,-89.6661,16.21,32.2,15.19,4.94,1.62,-2.52,5.41,3.47,-1.95,3.14,-7.08,13.73,-1.21,6.0,-3.71,4.95,-0.32,-2.01,-1.65,3.88,-1.09,0.96,2.04,-1.35,-1.49,2.66,-1.83,-3.22,5.75,1.28,-4.66
13.9708,-89.6653,18.21,222.87,-6.21,2.42,1.81,-1.62,4.32,3.04,-0.77,1.91,-3.99,5.71,13.95,5.85,-2.03,4.91,0.0,1.31,-4.07,1.61,-1.22,-6.11,3.97,-0.1,-3.96,4.93,-0.07,-1.85,4.78,1.77,-4.77
13.9709,-89.6646,31.97,-816.66,139.7,6.05,-0.01,-0.76,4.55,3.29,-3.73,3.64,-6.71,3.76,5.61,6.69,-4.6,0.89,-2.51,-5.85,-2.09,2.75,0.43,-2.47,3.55,1.19,-3.84,5.78,0.42,-3.38,6.72,1.57,-2.97
13.9709,-89.6639,75.13,-1568.9,284.67,4.32,1.4,-3.85,6.4,4.18,-4.62,-2.73,-6.52,-0.45,7.98,8.51,-2.43,1.06,3.85,-5.2,-1.75,4.19,-4.05,-1.93,7.95,0.42,-4.67,6.09,0.56,-3.38,14.14,1.3,-5.35
13.9709,-89.6631,15.27,-294.95,54.88,4.67,0.76,-6.26,5.32,4.1,-3.58,1.36,-4.69,-0.0,9.12,7.43,-3.99,4.86,-6.32,-3.75,-1.56,0.44,-1.98,-4.65,-0.12,6.56,-0.4,7.33,-0.04,-2.9,5.31,1.73,-5.17
13.9709,-89.6624,25.64,-1411.29,206.45,2.22,1.22,-4.08,4.2,5.19,-3.34,2.07,-6.76,-0.0,-7.66,6.48,-5.07,-6.56,2.17,-3.99,-2.75,2.92,1.01,-4.59,-1.75,0.39,-6.86,7.93,-0.61,-2.45,6.7,1.9,-5.86
13.9709,-89.6616,5.23,-863.18,113.91,3.66,0.8,-4.42,4.74,6.26,-3.54,3.27,-3.63,-0.0,-13.08,4.41,-5.17,-1.68,9.12,-1.24,-3.68,2.63,0.79,-4.18,-21.19,1.18,-1.82,14.23,-1.42,-4.76,6.87,0.25,-5.86
13.9709,-89.6609,41.88,-1231.12,203.28,1.11,0.69,-2.96,1.53,6.3,-4.4,4.76,-5.55,14.93,-13.08,4.36,-3.91,2.61,0.89,1.11,-1.67,4.76,-1.25,-7.56,-8.14,3.43,-0.34,4.13,-0.81,-4.95,11.7,0.7,-6.21
13.9709,-89.6602,24.05,-866.74,136.7,2.87,-1.08,-2.24,3.39,6.11,-4.02,5.61,-5.24,-10.02,12.13,5.85,-3.37,2.32,2.27,-2.52,2.6,-2.74,2.5,2.03,-21.75,2.77,-3.82,3.55,-4.07,-8.09,11.7,1.3,-8.02
13.9709,-89.6594,41.16,-346.91,92.1,3.67,-0.26,-3.32,6.8,5.05,-4.46,3.1,-1.24,-6.95,-2.22,4.73,-2.55,8.39,-1.0,0.15,-6.79,1.33,2.83,14.25,14.3,-1.79,6.39,6.54,-2.82,-8.69,11.55,3.32,-6.34
13.9709,-89.6587,80.92,-1786.26,318.97,4.85,2.79,-3.3,3.4,5.2,-3.17,8.68,-6.27,-0.05,-2.22,2.5,-1.49,-3.29,0.89,1.33,-5.44,5.84,1.55,4.29,-3.39,1.48,3.99,6.61,-1.98,-7.18,18.43,1.3,-7.4
13.9709,-89.6579,17.95,-833.86,125.43,4.5,1.61,-5.66,3.53,4.4,-5.02,3.1,-11.83,1.13,14.66,7.35,-3.67,-8.89,-2.38,-10.13,7.0,4.74,-1.66,-5.04,-0.0,-5.22,9.07,8.31,0.26,-5.23,10.59,0.28,-8.92
13.9709,-89.6572,-30.35,-717.45,53.65,0.98,-1.25,-6.27,2.52,4.68,-5.81,-0.14,-5.47,-3.36,-4.04,6.61,-2.62,-0.05,-5.58,-7.78,4.89,3.47,-4.17,-11.01,-11.45,3.68,9.26,6.2,-5.16,-15.23,9.82,0.39,-8.12
13.9709,-89.6565,-20.06,866.31,-132.02,4.44,-2.79,-3.63,4.18,6.54,-4.49,6.98,-2.67,7.82,-4.04,8.26,-1.5,0.36,-5.61,-5.32,5.88,2.76,7.48,-4.05,-10.63,19.23,1.63,11.57,-3.3,-16.1,11.78,1.49,-9.9
13.971,-89.6557,-66.7,283.88,-114.55,3.99,1.35,-1.78,3.98,6.91,-7.91,8.62,-6.13,3.06,-0.0,2.51,-1.1,2.52,-12.69,-2.62,2.43,3.51,4.05,-7.05,-11.34,-3.66,0.71,-6.41,-2.05,-16.1,8.02,1.39,-14.37
13.971,-89.655,-69.41,1376.83,-254.39,3.13,1.37,-4.99,4.68,6.1,-6.38,4.11,-5.46,0.64,-16.88,-1.66,-0.06,7.72,10.13,6.36,-6.85,0.26,1.38,-5.12,5.02,8.52,-1.58,6.37,-0.46,-10.55,4.08,1.39,-14.37
13.971,-89.6542,-14.97,-1612.89,183.9,0.89,-0.95,-1.62,4.18,7.71,-4.85,-3.29,-5.19,-0.0,-17.79,-3.44,-2.63,2.39,-3.68,-5.76,-7.32,-5.11,2.78,-7.6,-1.6,1.73,0.59,-0.0,-5.33,-8.28,7.77,1.57,-10.8
13.971,-89.6535,16.61,-895.67,131.7,-0.49,-1.07,-3.66,4.26,7.64,-5.0,-2.06,-3.62,-0.0,-5.13,-5.56,-1.1,4.69,3.18,-3.99,1.66,-3.68,5.35,-0.27,-6.25,1.45,4.5,0.01,-4.78,-8.29,10.23,3.68,-10.92
13.9696,-89.7156,-13.71,-660.89,65.13,3.49,5.67,4.52,-6.55,-1.07,4.1,-8.96,0.41,-40.18,13.62,-1.91,4.52,1.11,-2.15,1.55,1.52,-6.11,7.7,-3.48,1.62,-1.06,0.88,-3.14,0.95,6.83,-9.41,2.04,2.86
13.9696,-89.7149,-3.63,1638.75,-205.92,3.06,6.31,4.68,-6.06,-1.23,7.32,-10.81,0.54,-0.0,37.54,0.87,6.07,0.7,-0.89,1.29,0.84,-4.75,7.13,-3.5,2.18,-1.17,2.6,-1.8,0.49,6.31,-8.16,2.04,3.58
13.9696,-89.7142,-0.42,78.58,-10.17,3.04,5.48,4.99,-4.91,-1.41,6.76,-10.97,0.44,-29.14,26.35,0.32,5.14,1.94,-0.88,0.15,1.22,-4.43,7.25,-2.95,3.02,-1.93,2.34,-1.96,0.57,6.81,-8.16,2.13,3.59
13.9696,-89.7134,8.7,-1409.24,183.73,2.7,6.3,3.43,-3.96,0.08,7.29,-12.45,0.09,-26.12,-0.0,0.5,3.61,-0.11,-1.86,-0.61,2.63,-4.84,5.1,-3.02,3.07,-1.08,1.38,-1.79,0.69,7.79,-7.95,1.78,4.82
13.9696,-89.7127,7.93,528.05,-55.65,2.77,5.92,3.49,-5.07,-0.06,6.83,-11.67,0.78,-0.0,18.85,-0.18,2.51,-1.64,-0.83,0.15,1.36,-4.99,6.42,-1.45,3.57,-1.64,1.0,-2.29,0.25,8.37,-7.01,0.46,4.42
13.9696,-89.7119,-7.54,-568.21,61.08,2.85,6.34,1.83,-3.97,-0.0,7.9,-12.99,0.51,-30.71,11.28,0.41,3.52,-1.52,-1.91,1.72,2.74,-6.61,5.61,-3.27,2.54,-1.0,2.35,-1.45,0.1,7.45,-7.3,-0.71,4.09
13.9696,-89.7112,-20.47,-1025.85,102.19,1.8,7.31,2.5,-4.28,0.06,8.6,-13.99,1.23,-27.39,-0.0,-0.72,4.48,-3.53,-2.56,0.77,1.99,-4.38,3.57,-4.28,3.63,-1.63,2.6,-1.44,0.67,7.63,-6.88,-2.75,3.29
13.9696,-89.7105,-18.48,-824.84,79.8,1.46,7.38,1.25,-3.25,0.4,9.23,-13.4,1.39,-31.1,-0.0,0.05,3.61,1.37,-2.63,2.9,2.9,-3.09,4.89,-2.42,3.57,-2.35,0.67,-3.8,-0.16,8.24,-7.79,-1.91,3.29
13.9696,-89.7097,-17.16,1657.54,-224.49,2.27,7.81,1.15,-2.45,0.65,9.77,-13.49,1.25,-0.0,30.01,-1.33,5.73,0.47,-2.33,3.05,1.2,-3.22,5.09,-2.15,3.35,-2.1,0.45,-1.48,-0.2,7.39,-7.01,-2.24,3.61
13.9696,-89.709,-11.86,67.56,-22.33,2.74,7.51,0.76,-2.35,1.11,9.31,-13.47,0.55,-43.92,35.13,-1.83,5.63,0.94,-3.13,1.99,2.28,-2.63,4.26,-2.11,3.09,-2.54,1.13,-1.66,0.74,8.11,-6.85,-2.24,3.81
13.9696,-89.7082,-7.41,617.99,-84.92,2.17,7.5,0.67,-2.16,1.61,9.27,-13.81,0.18,-0.0,5.63,0.18,4.91,0.86,-2.67,1.81,3.84,-2.87,2.59,-2.57,3.19,-2.21,1.04,-0.67,-0.32,9.19,-6.85,-2.39,3.95
13.9697,-89.7075,0.86,-617.0,77.08,2.39,7.25,0.28,-1.18,1.64,8.53,-13.1,1.16,-37.99,11.65,0.2,6.22,1.38,-2.74,1.99,3.43,-2.59,2.51,-1.93,4.3,-2.26,1.34,-2.14,-0.15,9.09,-6.32,-1.44,3.59
13.9697,-89.7068,-1.89,231.18,-30.74,2.78,7.03,-0.18,-0.8,2.07,8.66,-13.27,0.22,-33.41,32.69,0.11,5.0,2.12,-2.61,1.9,3.27,-2.05,1.75,-1.57,4.29,-2.99,1.51,-1.98,0.1,8.87,-5.85,-2.12,3.44
13.9697,-89.706,-4.71,-470.5,52.47,2.96,7.0,-0.18,-0.08,1.98,8.28,-13.34,0.01,-43.07,19.47,0.0,5.05,2.01,-2.58,1.98,2.37,-1.87,1.81,-1.23,4.37,-3.18,1.93,-1.43,0.44,8.34,-6.06,-2.1,3.67
13.9697,-89.7053,2.71,-185.66,26.11,3.15,7.37,-0.06,-0.43,2.42,8.02,-12.47,-0.38,-37.94,28.29,-0.0,4.75,2.44,-2.99,1.95,2.17,-1.61,1.36,-1.14,4.81,-3.54,1.34,-2.36,0.53,8.59,-5.38,-1.86,3.57
13.9697,-89.7045,12.1,-885.56,123.55,3.23,7.53,-0.63,0.17,2.74,7.28,-11.4,0.03,-43.04,16.54,-0.18,4.33,2.74,-2.53,1.9,2.17,-0.81,1.51,-1.22,3.89,-3.69,1.36,-2.2,0.99,8.59,-4.32,-1.46,3.29
13.9697,-89.7038,5.34,-501.76,68.23,3.11,7.37,-0.14,-0.96,2.77,6.6,-10.28,0.91,-33.46,15.61,-0.07,3.9,2.31,-2.27,2.42,2.06,-1.2,1.03,-2.42,3.78,-3.38,1.21,-1.62,1.23,7.87,-4.31,-1.42,2.42
13.9697,-89.7031,-15.11,722.05,-106.97,3.36,7.26,0.6,-0.37,2.82,5.64,-9.04,-0.45,-27.74,33.34,0.38,3.35,1.64,-1.84,2.49,1.63,-1.09,0.85,-0.0,4.17,-2.84,0.61,-1.96,1.43,6.99,-5.81,-1.42,1.24
13.9697,-89.7023,-5.19,1904.19,-241.21,3.45,7.75,0.48,-0.67,4.08,5.16,-8.02,-1.58,-0.0,40.31,0.2,3.13,4.97,-2.53,1.59,2.08,-1.45,0.83,-1.43,6.52,-3.41,1.44,-2.12,1.77,7.88,-4.0,-2.52,1.24
13.9697,-89.7016,-3.42,1090.57,-138.7,2.7,6.71,-0.01,-0.71,3.15,4.5,-6.39,-1.64,-6.59,32.11,-0.38,2.2,3.38,-0.18,1.92,1.78,-2.56,-0.2,-0.23,6.31,-4.59,1.68,-2.52,1.79,6.86,-4.06,-0.69,0.03
13.9697,-89.7008,-2.99,1032.39,-131.03,3.04,7.62,0.21,-0.67,3.38,2.08,-4.03,-1.57,-18.63,37.45,0.5,1.91,5.77,-3.04,3.32,1.64,-0.95,0.54,-0.2,5.69,-3.17,0.87,-0.82,1.53,6.03,-3.88,-0.9,1.11
13.9697,-89.7001,5.76,505.06,-55.58,2.67,7.84,-0.08,-0.81,3.85,1.44,-4.93,-2.15,-9.55,23.86,0.13,3.87,4.93,-4.89,1.54,2.56,-0.26,-0.58,-0.49,4.85,-4.0,1.04,-2.04,1.88,6.45,-2.76,-0.77,0.56
13.9697,-89.6994,1.22,275.67,-32.62,3.32,7.45,0.45,-0.78,4.2,0.6,-4.86,-3.18,-16.48,19.95,1.12,1.88,5.95,-3.85,2.14,1.81,0.55,-0.84,0.76,4.25,-3.57,0.4,-2.22,2.5,6.17,-2.76,-1.01,0.16
13.9698,-89.6986,-1.94,1147.4,-144.08,3.02,6.75,0.33,0.19,3.85,0.24,-2.98,-3.48,-0.0,21.74,1.42,2.6,4.83,-2.53,0.93,2.64,0.26,-0.22,-1.02,4.69,-3.79,0.37,-2.37,2.2,5.77,-2.61,-1.29,0.04
13.9698,-89.6979,11.21,-663.91,95.31,2.77,7.42,0.37,1.08,5.62,-0.21,-2.72,-3.13,-44.61,24.1,1.58,1.96,4.23,-1.5,1.58,3.22,-0.79,-0.06,-3.9,3.34,-2.98,1.12,-3.03,2.5,5.74,0.33,-1.46,-1.75
13.9698,-89.6971,19.99,-439.26,77.92,3.2,6.83,0.38,1.49,4.25,-0.68,-2.5,-2.73,-31.39,26.8,1.47,1.47,5.45,-2.01,1.86,2.17,-1.81,-2.53,-2.13,2.53,-2.37,0.05,-2.08,3.24,6.84,-0.16,-1.21,-0.43
13.9698,-89.6964,9.03,224.63,-17.11,4.73,5.61,0.03,1.37,4.54,-0.68,-0.68,-3.0,-30.85,32.91,2.13,1.8,4.81,-0.42,0.85,2.27,0.6,-0.32,-1.36,1.93,-2.0,0.17,-1.77,3.15,6.84,-1.97,-0.56,-0.93
13.9698,-89.6957,6.45,732.55,-82.97,3.87,6.07,0.17,0.77,4.39,-0.86,-2.86,-4.01,-18.77,39.46,0.34,1.2,6.62,-0.59,0.31,0.92,-0.2,0.3,-0.57,4.4,-3.06,1.01,-3.21,3.14,4.87,-1.3,0.4,-2.12
13.9698,-89.6949,4.36,-57.78,12.29,4.04,5.49,0.68,1.75,4.15,-0.85,-2.34,-3.97,-0.0,-0.0,2.21,0.59,3.89,-0.59,-0.59,1.62,1.65,-0.19,-2.76,3.11,-2.3,2.13,-4.79,4.41,4.29,-1.04,0.19,-2.12
13.9698,-89.6942,5.35,-877.11,114.83,2.58,5.96,0.57,2.11,4.08,0.04,-1.06,-4.13,-10.14,-0.0,1.84,-0.1,1.82,-2.94,-0.8,2.37,-0.99,-1.01,-1.25,3.01,-1.85,0.21,-3.27,3.13,5.61,-1.17,0.19,-3.12
13.9698,-89.6934,-3.13,-631.55,74.44,2.81,5.4,0.25,2.4,4.08,-0.83,-1.12,-4.22,-16.54,-0.0,2.12,1.22,7.23,-0.97,-2.01,1.64,0.33,0.22,-2.66,4.18,-2.42,0.41,-4.34,5.2,3.96,-3.06,1.12,-1.49
13.9698,-89.6927,-2.07,-236.6,26.84,2.85,4.51,0.49,2.89,3.8,-1.45,-0.66,-4.46,-2.52,-0.0,2.47,1.22,5.36,-2.58,-0.25,1.93,2.68,-1.55,-1.64,3.22,-2.8,0.05,-3.3,5.34,5.01,-2.41,0.76,-2.9
13.9698,-89.692,-13.12,440.16,-70.0,3.12,5.26,-0.26,3.03,4.54,-1.81,-0.51,-3.42,-9.28,9.48,3.28,0.9,3.96,-1.75,0.61,2.44,2.06,-1.62,-1.94,2.99,-3.23,-1.17,-4.8,5.61,2.34,-2.41,1.44,-3.6
13.9698,-89.6912,-13.41,635.64,-94.56,3.51,5.57,-0.09,2.24,4.29,-2.8,-0.04,-3.55,-11.35,18.63,3.03,-0.12,6.51,-2.74,0.12,0.93,1.57,-2.78,0.51,4.0,-3.68,-0.81,-4.86,5.99,3.07,-3.24,2.09,-3.98
13.9698,-89.6905,-15.5,1288.85,-177.94,3.37,4.38,-1.1,3.24,4.44,-1.24,0.73,-2.81,-4.9,25.37,3.05,1.34,4.7,-2.06,0.58,1.34,2.66,-1.16,-1.22,3.33,-2.73,0.4,-4.08,5.6,2.73,-3.27,2.36,-4.42
13.9699,-89.6897,-45.43,1739.52,-269.17,3.63,4.58,-0.94,4.66,4.88,-3.76,2.0,-4.26,-11.92,28.05,3.16,-0.47,2.67,-2.6,1.47,2.37,1.49,-3.14,0.92,7.49,-1.06,0.27,-3.93,6.2,2.71,-6.14,1.76,-5.48
13.9699,-89.689,7.22,692.87,-77.3,3.38,4.91,-1.24,2.82,4.74,-2.4,1.51,-3.44,6.09,22.41,2.74,-0.45,5.11,-4.19,-2.3,-1.4,2.68,-4.44,-0.5,5.35,-1.63,-0.49,-5.02,6.44,4.43,-1.09,2.47,-4.94
13.9699,-89.6883,-15.97,1682.75,-227.4,2.72,5.73,-1.31,5.18,4.47,-4.02,1.22,-3.07,-0.43,31.66,1.62,-0.24,18.03,-8.87,-1.44,1.12,3.52,-3.46,1.23,4.43,-2.43,-2.55,-5.61,5.69,4.43,-4.31,2.39,-4.72
13.9699,-89.6875,-1.9,-396.87,46.94,2.51,2.7,-2.0,4.81,5.33,-2.51,2.05,-3.52,-18.44,19.38,3.32,-1.39,1.06,-4.9,-4.98,-2.71,3.29,-2.1,-2.35,0.84,-1.81,-0.93,-5.67,6.73,0.15,-0.32,4.01,-6.49
13.9699,-89.6868,-12.35,1029.41,-142.21,1.8,3.53,-3.54,4.05,3.69,-3.95,1.46,-4.09,-4.95,31.27,0.68,-0.47,11.52,-4.12,-2.89,1.52,-1.43,-3.3,0.05,3.14,-2.29,0.12,-2.68,5.56,-0.24,1.54,1.48,-8.06
13.9699,-89.686,10.37,499.64,-49.68,2.8,5.19,-0.83,3.62,6.41,-4.54,1.73,-5.54,0.13,19.78,0.46,-2.71,5.23,2.84,-1.68,6.87,-2.84,-3.84,-2.48,5.18,1.57,0.71,-8.55,5.99,5.92,-2.23,3.12,-5.65
13.9699,-89.6853,16.98,690.22,-65.51,1.41,2.6,-1.98,5.62,7.15,-5.03,0.82,-2.99,-0.0,15.14,0.31,2.33,15.97,-2.02,-3.89,1.92,0.96,-4.53,-0.61,4.11,-2.14,-1.24,-0.19,7.32,5.92,-1.36,2.98,-5.65
13.9699,-89.6846,22.38,-75.44,35.82,0.59,2.37,-1.5,6.09,2.71,-3.62,0.84,-3.07,-0.0,10.36,5.92,-1.0,3.77,-0.88,-3.67,1.74,-0.28,-3.01,-5.14,2.31,0.79,-0.05,-3.05,6.86,1.6,2.7,2.67,-6.48
13.9699,-89.6838,-25.59,2056.6,-285.4,0.35,4.07,1.4,4.83,9.11,-3.38,2.38,-2.89,-8.51,37.43,1.46,-2.45,9.83,-2.47,-2.04,1.58,3.89,5.54,-3.16,6.54,-1.95,0.69,-5.76,4.4,0.29,-4.89,3.59,-4.62
13.9699,-89.6831,-49.84,2414.72,-358.57,0.34,4.99,-0.27,4.73,5.54,-5.12,0.01,-4.25,4.59,28.94,5.9,-0.37,5.69,0.26,-0.59,1.14,2.29,-3.1,3.4,4.44,-5.17,-2.49,-2.12,2.82,-1.29,-7.02,3.29,-4.47
13.9699,-89.6823,-4.77,1690.87,-215.48,-1.08,3.15,-2.83,5.85,4.61,-3.86,0.68,-4.86,15.1,29.65,5.42,-2.99,6.99,-3.34,0.18,-0.27,4.09,-3.34,1.76,3.1,-3.38,3.86,-1.91,5.11,1.93,-1.28,3.9,-8.33
13.9699,-89.6816,-20.23,1451.64,-204.12,-1.73,0.18,-2.31,5.29,6.44,-2.55,2.69,-4.52,20.32,16.48,5.8,-6.21,5.66,-11.79,-2.01,-1.49,6.35,-0.54,0.17,6.11,-0.23,-1.16,1.36,4.79,-2.72,-2.19,3.9,-5.38
13.97,-89.6809,-3.32,-60.85,3.63,-0.3,0.47,-1.12,3.89,5.37,-1.55,1.91,-5.49,16.35,27.11,2.56,-2.35,-9.17,-19.49,-2.75,0.6,-0.88,-2.25,-5.34,1.06,-2.24,0.44,-4.44,3.82,-2.72,-2.37,6.5,-5.38
13.97,-89.6801,-24.16,972.79,-149.38,-1.04,1.6,1.69,4.25,5.52,-3.94,1.82,-5.29,-0.0,25.53,10.32,-1.13,-0.14,-5.66,-0.34,-1.78,-1.04,-13.12,-2.81,-0.39,-2.74,5.46,-0.15,3.56,-1.29,-4.59,6.52,-8.03
13.97,-89.6794,22.58,-740.64,118.7,-0.11,0.09,0.72,3.24,6.55,-2.01,0.35,-4.54,-0.0,-0.0,1.15,-0.64,-1.03,-5.66,-1.75,0.35,-0.24,-2.74,1.85,1.87,-4.25,1.02,-0.68,3.3,3.71,-0.66,6.32,-8.58
13.97,-89.6786,30.37,-1375.0,206.74,0.41,0.21,0.72,4.43,4.41,-2.18,1.74,-4.82,-1.04,-0.0,3.13,-3.49,4.31,-4.36,-4.19,-3.72,0.81,-1.61,2.19,4.95,-2.7,1.22,0.19,3.3,0.1,1.32,6.52,-6.1
13.97,-89.6779,30.49,-1309.87,198.82,0.08,-0.16,-0.52,4.19,4.79,-3.9,1.57,-6.08,-15.08,-2.1,6.31,-3.98,6.02,1.95,-2.95,-2.96,3.75,-1.73,-1.94,2.89,-3.52,0.81,0.19,4.24,2.39,1.25,5.69,-6.86
13.97,-89.6772,8.2,-1426.11,186.93,-0.03,1.43,-0.67,5.2,5.11,-4.03,2.1,-5.29,-15.08,-0.0,5.5,-4.35,4.32,-5.86,-2.52,-4.37,1.73,-1.07,-0.49,3.06,-3.8,1.89,1.85,3.53,-0.4,0.54,5.03,-6.8
13.97,-89.6764,-19.89,-546.21,44.36,0.44,0.91,-1.11,5.08,4.19,-2.79,2.86,-4.47,-8.87,-0.0,1.79,-4.17,2.51,-2.63,-2.12,-0.28,2.7,-2.27,-0.84,3.23,-3.41,0.21,1.97,1.81,-3.51,-0.86,4.24,-6.46
13.97,-89.6757,-25.76,-358.76,14.11,0.12,0.55,0.2,4.82,4.83,-2.73,1.91,-5.6,5.89,-19.45,6.64,-5.65,1.92,-3.48,-1.44,-0.5,0.06,-2.71,-1.0,2.55,-4.39,-0.17,1.82,1.91,-3.51,-1.68,3.83,-5.82
13.97,-89.6749,-34.16,500.08,-102.61,0.43,-0.4,0.51,5.75,3.65,-2.65,2.29,-5.08,-0.0,-5.97,5.53,-4.96,2.7,-3.63,-0.3,0.11,2.28,-0.34,-2.25,1.87,-2.97,1.28,1.81,2.12,-1.89,-3.99,4.25,-5.94
13.97,-89.6742,-16.13,-224.89,8.88,-0.23,1.12,0.4,6.04,2.62,-2.83,3.24,-4.97,-0.0,-14.58,3.86,-3.41,4.17,-2.76,-3.25,1.81,1.93,-1.05,-2.57,1.64,-4.75,0.54,0.02,1.75,-1.23,-3.29,4.67,-4.01
13.97,-89.6735,-11.6,-199.97,11.14,-0.34,0.34,0.28,6.25,2.43,-2.49,3.14,-6.05,5.89,-14.58,5.57,-3.07,3.33,-2.63,-0.71,1.33,2.32,-1.26,-1.59,2.68,-5.25,-0.5,1.7,2.19,-1.32,-1.93,4.46,-4.76
13.97,-89.6727,-5.94,-173.88,14.6,-0.15,0.73,-0.09,7.09,3.06,-2.76,3.91,-7.38,7.47,-14.58,5.32,-3.17,5.88,-1.2,-3.58,1.98,2.05,-0.54,-1.19,1.44,-3.85,0.66,1.39,2.6,-1.93,-0.86,4.5,-4.66
13.9701,-89.672,-4.6,329.11,-46.4,1.33,0.3,-0.28,7.16,2.58,-2.51,3.7,-6.72,11.54,0.7,4.73,-3.81,3.15,-0.91,-2.16,1.06,1.68,-0.85,-1.47,2.76,-4.41,0.28,1.54,1.3,-1.48,-0.48,3.56,-3.98
13.9701,-89.6712,7.12,-535.28,75.05,0.98,0.94,-1.41,7.25,2.21,-2.78,3.81,-6.46,-7.92,0.7,5.43,-2.39,3.43,-1.72,-3.05,0.55,2.28,-1.46,-0.11,2.14,-3.7,0.64,1.62,0.46,-1.93,0.39,3.72,-2.48
13.9701,-89.6705,17.26,-1136.83,161.96,1.4,1.74,-2.48,7.28,2.28,-2.93,4.57,-7.15,-6.19,-9.45,4.33,-2.75,3.25,-2.12,-2.4,-0.3,2.56,-1.22,-0.36,1.46,-4.29,1.05,2.17,0.82,-1.02,1.69,2.64,-1.61
13.9701,-89.6698,22.34,-969.24,147.14,0.98,1.67,-2.38,7.46,2.31,-2.72,4.43,-6.67,3.46,-11.96,5.52,-3.47,3.95,-0.97,-2.61,-1.98,3.37,-1.1,-0.44,1.66,-4.02,-0.44,1.86,-0.23,-1.38,1.98,3.34,-1.61
13.9701,-89.669,40.64,-2013.52,298.88,1.67,1.66,-2.75,7.58,2.28,-2.6,3.73,-7.54,-9.84,-14.7,5.31,-4.34,2.91,-1.03,-2.41,0.19,1.96,-0.3,-3.0,1.65,-3.98,0.76,1.96,-0.28,-2.41,5.05,3.34,-1.54
13.9701,-89.6683,32.05,-1193.16,186.58,2.1,1.45,-2.73,6.7,2.47,-2.54,4.38,-7.47,-0.0,-0.0,4.88,-3.59,3.95,-1.82,-2.85,0.59,2.45,-1.24,-1.92,2.36,-4.08,1.4,2.5,-0.38,-2.77,5.05,2.33,-1.62
13.9701,-89.6675,-39.61,820.81,-149.17,3.09,1.28,-3.32,6.24,2.65,-3.94,5.42,-7.68,11.47,-7.06,6.43,-3.47,5.91,0.93,-4.9,-0.98,2.2,-0.6,-1.44,1.54,-4.49,1.76,2.09,0.32,-1.18,-5.04,2.02,-2.14
13.9701,-89.6668,10.8,-26.52,16.1,3.3,2.0,-3.08,6.03,2.8,-3.63,6.92,-7.26,1.83,6.35,5.48,-2.75,10.23,-0.77,-0.9,-3.7,2.23,-1.53,-3.69,0.61,-4.15,-0.28,2.61,-1.11,-1.43,2.48,2.07,-3.32
13.9701,-89.6661,37.36,-698.21,131.27,3.99,1.73,-3.79,5.88,4.35,-1.84,3.77,-6.59,17.06,-10.24,5.94,-3.6,2.82,-0.99,-1.45,-1.88,3.8,-2.06,-2.72,5.75,-1.71,-0.63,3.6,0.59,-0.92,5.6,1.88,-2.82
13.9701,-89.6653,18.85,-336.51,64.27,2.22,2.9,-1.43,6.23,4.56,-2.34,-0.23,-6.15,5.5,5.67,6.89,-1.67,6.31,0.09,-2.33,-1.43,0.36,-1.45,-2.22,-8.6,-3.72,1.03,3.8,0.61,-0.92,3.65,1.73,-3.55
13.9701,-89.6646,41.32,-956.33,168.19,2.79,0.54,-0.91,5.99,4.5,-3.36,4.62,-7.2,3.68,2.79,5.06,-3.66,11.73,3.12,-17.87,-1.63,2.12,0.67,-3.4,2.11,-3.67,0.72,5.4,4.61,-1.55,5.7,2.88,-2.99
13.9701,-89.6638,15.6,-1158.07,162.9,5.45,-0.39,-2.81,6.11,4.83,-4.7,1.52,-5.26,-2.35,-1.78,3.29,-5.55,5.49,-4.34,-5.55,-8.95,4.54,-1.44,-4.26,11.63,-2.74,-2.25,4.58,0.06,-4.06,5.35,2.88,-5.69
13.9701,-89.6631,12.07,-445.41,69.85,4.75,0.26,-7.07,4.36,5.64,-1.85,-2.72,-7.98,-0.0,0.12,3.9,-4.61,7.91,0.6,-2.24,-0.16,2.1,0.35,-2.84,-0.27,1.14,-5.22,4.39,0.46,-4.98,5.94,2.35,-5.69
13.9702,-89.6624,-11.51,297.72,-50.78,3.96,1.11,-3.39,3.41,5.39,-3.29,1.64,-5.95,-0.0,0.98,2.25,-2.73,9.11,-1.19,-3.25,-1.38,4.17,-1.49,-0.41,0.87,-1.18,-2.91,5.47,0.2,-5.1,3.8,1.09,-5.34
13.9702,-89.6616,15.87,-619.01,96.04,4.24,2.33,-4.31,5.94,5.97,-4.94,2.73,-6.94,-0.0,-4.41,7.57,-3.1,-1.57,1.6,-5.26,-2.6,2.15,-0.03,-2.05,-3.17,-2.22,11.22,9.42,-0.53,-3.79,5.68,1.65,-4.5
13.9702,-89.6609,-2.85,-562.41,66.82,3.67,0.98,-3.53,5.66,6.24,-4.33,2.38,-7.3,-0.4,-4.96,1.11,-3.58,3.98,0.91,-2.13,-2.85,3.17,-0.44,2.39,-7.29,-0.41,-1.07,6.32,-1.15,-5.68,3.35,2.92,-4.83
13.9702,-89.6601,39.73,-1122.96,187.26,2.89,0.27,-4.23,6.55,4.63,-4.17,4.49,-8.02,2.84,-0.62,2.8,-1.68,4.94,3.06,-2.32,0.04,1.43,-0.61,-3.11,-6.04,-3.25,0.79,3.89,-3.06,-3.95,10.12,1.47,-6.29
13.9702,-89.6594,-85.37,648.9,-182.2,3.97,2.5,-2.74,4.65,5.69,-2.54,-6.83,-6.04,-10.31,-6.9,4.53,-2.58,0.81,1.19,-10.11,-0.21,3.29,-2.92,6.39,1.46,-3.43,1.66,1.18,-1.85,-15.2,1.88,1.28,-8.88
13.9702,-89.6587,-49.22,1431.6,-237.11,0.5,1.77,-2.84,8.17,5.78,-4.71,15.76,-3.57,3.34,5.88,7.22,-5.31,-6.87,-6.32,10.59,1.23,-0.2,-4.86,4.81,-4.98,-1.83,2.62,4.42,-3.69,-3.51,-2.16,3.69,-9.77
13.9702,-89.6579,19.05,-241.71,52.77,3.02,1.11,-3.17,5.44,7.17,-4.53,3.63,-7.09,6.67,5.88,5.01,-2.61,-1.09,4.31,-0.0,-3.42,0.98,2.68,-5.55,7.81,-3.16,5.48,8.08,-1.24,-12.89,14.35,2.77,-10.89
13.9702,-89.6572,-8.86,-1131.12,130.8,0.87,1.95,-4.82,-4.97,7.39,-2.93,-2.6,-11.69,-1.2,7.64,4.1,3.7,2.32,5.14,-0.0,-4.74,2.08,1.4,-7.09,6.96,2.28,2.27,4.86,-5.65,-8.48,6.88,3.08,-9.5
13.9702,-89.6564,-32.13,285.1,-73.71,2.65,0.6,-3.15,6.49,6.31,-4.79,9.74,-3.09,12.61,-0.0,2.21,-0.91,-1.6,-2.15,-4.66,-1.71,2.35,5.03,-10.16,-6.66,7.09,-7.41,3.96,-1.34,-9.73,4.49,3.59,-10.17
13.9702,-89.6557,-11.29,-943.67,104.55,3.49,1.28,-1.73,4.46,7.33,-4.23,6.29,-4.49,-3.22,-0.0,4.73,-1.76,-2.62,-12.27,-4.82,-2.92,4.26,2.76,0.12,3.81,-2.36,-10.15,2.85,0.69,-9.73,6.45,3.59,-8.88
13.9702,-89.655,-3.08,146.58,-21.98,-4.11,-0.65,-4.13,3.79,7.54,-0.43,5.27,-4.69,8.63,1.2,0.57,2.86,13.23,-5.47,-10.45,7.95,-0.71,-1.82,-1.41,-6.24,-4.43,2.37,-3.93,-3.52,-5.69,6.45,1.88,-8.88
13.9702,-89.6542,-31.46,970.05,-158.58,3.18,-0.47,-2.6,3.8,8.71,-2.99,1.06,-7.33,-0.0,1.2,2.73,-1.71,6.29,-1.95,10.99,-1.73,-2.22,5.45,-4.31,4.82,-4.0,0.51,-9.09,-2.71,-6.35,3.19,2.84,-10.76
13.9703,-89.6535,67.0,-1450.6,260.83,3.54,-2.38,-2.89,3.62,6.95,-5.8,-4.11,-3.66,14.42,4.78,3.23,-3.74,-3.0,2.02,-1.53,-9.15,-0.53,5.22,-1.71,5.69,0.24,11.57,-0.0,-6.23,-4.62,14.03,3.73,-9.82
13.9688,-89.7156,-5.51,-228.23,21.58,4.47,7.74,4.51,-6.19,-1.85,4.28,-9.58,-0.39,-30.44,18.49,-1.61,5.51,2.28,-1.31,0.08,2.84,-4.64,6.51,-3.49,3.46,-1.45,1.61,-2.71,0.25,6.39,-8.77,2.88,2.77
13.9689,-89.7149,-4.55,538.42,-71.61,3.82,5.71,4.98,-5.64,-1.66,4.41,-9.88,-0.35,-18.06,34.48,1.0,4.71,-2.28,-1.27,2.18,3.1,-5.47,7.07,-5.69,0.67,-0.91,1.87,-1.63,0.12,6.93,-8.89,2.47,3.24
13.9689,-89.7141,2.1,1156.7,-139.86,2.61,6.79,4.62,-4.5,-0.82,6.2,-12.28,0.14,-0.0,34.48,-0.54,1.99,0.45,-0.18,0.96,1.86,-4.34,6.21,-5.18,2.7,-1.98,2.35,-2.34,1.29,6.98,-8.36,2.42,3.89
13.9689,-89.7134,0.18,1213.8,-149.19,2.55,6.12,3.33,-4.04,-0.12,7.22,-11.0,-0.49,-0.0,33.93,0.02,3.18,0.96,-2.43,1.21,1.78,-5.47,5.83,-3.28,1.75,-1.51,2.67,-1.53,0.02,7.02,-7.85,1.69,3.6
13.9689,-89.7127,-1.39,371.38,-47.36,2.75,5.97,3.56,-3.94,-0.2,7.58,-11.71,0.73,-13.22,24.17,0.84,3.69,-0.89,-1.37,0.72,1.93,-5.91,6.21,-3.49,4.82,-1.94,0.92,-1.89,0.03,7.35,-7.62,0.58,4.18
13.9689,-89.7119,-13.8,541.12,-82.91,2.93,6.23,3.36,-3.77,0.2,7.91,-13.2,1.12,-21.88,34.55,-1.68,4.0,-2.14,-3.33,1.38,2.51,-4.96,4.56,-3.26,4.88,-2.12,2.44,-1.72,-0.28,7.28,-8.0,-0.72,4.04
13.9689,-89.7112,-9.7,106.28,-24.53,2.87,6.07,2.59,-3.53,0.08,9.11,-12.82,1.49,-26.18,24.77,-0.4,4.08,-1.9,-1.49,1.86,2.04,-5.01,4.37,-3.47,2.78,-2.26,1.88,-0.82,1.07,7.93,-7.33,-1.04,3.58
13.9689,-89.7104,-14.99,1059.71,-148.23,2.82,6.86,1.95,-2.96,0.22,8.91,-13.73,0.09,-12.67,31.15,0.14,4.41,1.5,-2.31,2.4,3.6,-3.6,4.17,-3.08,4.45,-2.58,2.98,-1.23,0.17,7.25,-7.34,-1.04,3.0
13.9689,-89.7097,-14.23,565.12,-86.43,2.27,6.98,1.31,-2.61,0.8,9.01,-13.7,0.03,-4.69,16.9,-1.3,4.73,-0.77,-4.57,2.22,1.6,-3.67,5.02,-2.25,3.97,-2.61,1.21,-2.14,0.48,8.27,-8.01,-0.96,3.04
13.9689,-89.709,-13.1,768.22,-110.14,2.55,7.16,1.33,-1.73,0.83,9.18,-13.26,-0.07,-15.78,27.22,-1.36,5.59,2.16,-3.04,1.94,2.82,-2.72,4.24,-2.49,3.19,-2.51,1.09,-1.68,0.2,8.08,-7.57,-1.1,2.96
13.9689,-89.7082,-10.26,437.67,-66.06,2.0,7.11,0.82,-1.3,1.8,8.55,-13.77,0.29,-33.66,34.94,-0.24,5.75,1.05,-2.58,2.33,3.63,-2.29,2.21,-1.94,3.28,-2.18,1.07,-1.56,0.66,8.6,-7.56,-1.32,3.43
13.9689,-89.7075,-4.97,53.04,-12.4,3.13,6.55,0.6,-1.08,1.21,8.55,-13.47,0.81,-33.67,26.89,-0.17,5.22,1.22,-2.57,2.14,3.28,-1.92,2.84,-2.38,3.85,-3.19,1.08,-1.42,0.37,8.95,-7.17,-1.2,3.44
13.9689,-89.7067,-5.46,-453.48,49.47,2.23,6.89,0.43,-0.91,1.57,8.45,-13.38,0.51,-43.7,21.75,-0.29,4.94,2.15,-2.8,2.23,3.08,-2.67,2.07,-1.79,4.11,-3.52,0.78,-1.16,0.19,9.32,-6.98,-1.56,3.15
13.969,-89.706,-3.39,-129.37,11.95,3.11,6.82,0.57,-1.09,2.07,8.01,-12.75,0.25,-31.53,20.96,-0.96,5.26,1.82,-2.52,1.82,2.54,-1.7,1.97,-1.64,4.58,-3.61,1.37,-1.86,0.4,9.32,-6.68,-1.63,3.21
13.969,-89.7053,-17.67,-385.62,26.7,2.84,6.64,-0.07,-0.06,2.16,7.81,-12.75,-0.14,-41.95,16.92,-0.81,4.05,1.65,-3.17,2.88,2.08,-1.84,1.69,-1.83,4.53,-3.66,0.89,-1.72,0.15,8.67,-8.16,-1.35,2.7
13.969,-89.7045,9.99,-485.15,71.66,3.11,6.5,0.01,-0.88,2.0,7.84,-11.71,0.91,-32.82,17.42,0.09,4.6,2.38,-2.55,1.43,2.5,-0.88,1.4,-0.67,4.98,-4.32,1.23,-1.68,1.17,9.02,-4.59,-1.41,2.7
13.969,-89.7038,3.16,-1181.53,149.53,3.22,7.07,0.28,-0.69,2.71,6.82,-11.07,-0.28,-29.63,-0.0,-0.28,4.67,3.46,-2.62,2.46,1.93,-1.41,1.38,-2.06,4.29,-4.12,1.06,-1.2,1.51,6.91,-3.14,-1.41,0.9
13.969,-89.7031,27.47,-215.81,59.08,2.7,6.76,0.73,-0.42,3.31,6.2,-10.0,-0.2,-17.7,25.37,0.14,3.6,1.43,-3.79,3.73,0.65,-1.8,0.73,-1.35,6.01,-4.16,0.69,-1.49,0.54,7.56,-1.67,-0.31,1.69
13.969,-89.7023,-9.75,1698.77,-221.22,2.88,7.07,0.13,-0.17,3.16,3.96,-6.81,-0.34,-0.0,35.78,-0.2,3.37,4.3,-2.55,3.03,-0.24,-3.3,-0.41,1.13,4.25,-3.66,0.5,-1.78,0.79,7.48,-5.92,-0.01,0.04
13.969,-89.7016,-6.56,1918.4,-244.62,2.9,7.2,0.48,-1.26,3.32,3.9,-6.91,-1.51,-0.0,42.22,-0.01,0.77,6.64,-2.87,3.36,0.48,-0.87,0.58,-0.58,6.36,-4.37,0.59,-1.03,1.48,6.19,-3.84,-0.64,-0.41
13.969,-89.7008,-6.83,692.88,-93.64,2.81,6.39,1.47,-1.06,3.3,1.92,-3.95,-1.54,-27.46,40.04,-0.58,1.49,4.78,-4.1,3.34,0.62,-0.72,0.45,-1.11,5.58,-3.74,0.2,-1.61,1.61,5.58,-3.84,-0.62,0.18
13.969,-89.7001,17.63,-150.82,39.46,3.39,7.68,0.14,-0.45,3.9,1.26,-5.23,-3.57,-20.14,30.13,-0.32,3.98,2.8,-5.18,1.87,1.38,-1.19,-0.58,-0.1,-0.51,-3.33,1.74,-1.31,2.06,6.2,-1.48,-0.2,0.47
13.969,-89.6994,0.98,-711.03,89.0,3.4,7.63,0.2,-0.25,4.16,1.52,-4.63,-3.58,-14.47,-0.0,0.46,3.57,5.64,-3.92,2.49,2.48,-0.35,0.02,-2.78,2.96,-4.3,0.14,-1.8,2.28,7.87,-3.94,-0.47,-0.53
13.969,-89.6986,-29.98,747.56,-127.8,3.45,7.03,0.7,0.74,4.41,1.36,-2.42,-3.45,-37.19,33.6,0.2,4.96,3.91,-3.99,2.01,3.62,-1.44,-0.51,-1.95,4.89,-4.87,0.8,-1.4,1.64,4.11,-4.69,-0.92,-1.73
13.969,-89.6979,-16.91,836.45,-123.36,3.68,6.23,0.77,1.01,5.5,-0.17,-2.68,-4.32,-24.25,33.15,1.45,2.55,5.21,-0.45,-1.35,2.77,-1.36,-0.84,-0.93,4.62,-3.13,0.01,-1.98,0.83,4.11,-4.1,-0.62,-0.22
13.9691,-89.6971,13.74,-173.18,37.64,2.8,7.02,0.17,0.83,4.06,0.15,-1.7,-2.7,-26.09,30.11,0.66,0.68,2.18,-3.04,1.11,3.62,1.4,-2.15,-3.45,2.36,-3.5,-0.5,-3.09,3.18,6.74,-0.82,-0.68,-1.53
13.9691,-89.6964,17.11,-364.8,65.32,4.45,6.09,2.1,1.23,4.31,0.6,-0.42,-2.86,-34.38,25.83,2.23,2.59,4.91,-3.64,-1.03,0.44,-0.3,-1.2,0.68,4.84,-1.65,0.71,-2.0,2.29,7.83,-0.62,-1.16,-1.53
13.9691,-89.6957,2.07,230.17,-26.01,3.2,7.19,-0.44,1.56,4.43,-0.85,-1.47,-4.4,-23.82,26.37,1.84,0.08,3.51,-1.52,1.89,4.78,-0.27,0.03,-0.77,1.77,-2.23,0.29,-3.33,2.69,5.84,-0.42,-1.16,-3.27
13.9691,-89.6949,-12.65,-329.25,25.78,4.39,5.47,0.69,1.17,5.09,-2.0,-1.98,-3.26,-29.73,10.75,2.43,1.19,6.04,-2.44,1.66,-0.49,-0.51,-2.23,-3.65,2.98,-1.87,0.97,-2.43,3.14,1.15,-0.42,-0.01,-3.5
13.9691,-89.6942,-27.6,962.79,-151.72,2.98,6.54,1.57,1.24,4.86,-2.89,-1.41,-3.62,-22.18,30.36,1.7,-0.85,4.25,-1.6,3.43,2.7,0.33,-1.49,-2.42,2.36,-3.14,0.79,-1.66,4.57,2.82,-3.71,-0.45,-2.41
13.9691,-89.6934,-14.28,-1061.38,114.45,3.45,5.32,0.97,1.63,4.54,-2.44,-1.63,-4.39,-30.56,-0.0,1.85,1.68,4.39,-4.89,0.14,1.43,3.93,-1.61,-2.31,2.15,-1.93,-0.65,-3.25,4.75,3.13,-0.55,-0.14,-5.64
13.9691,-89.6927,-9.02,1039.35,-139.29,2.9,4.25,0.72,2.45,4.95,-1.52,-1.31,-2.69,-9.68,32.16,2.72,0.0,4.38,-1.18,-0.52,1.33,1.76,-0.56,-1.93,2.79,-2.25,-1.5,-5.13,5.87,5.15,-2.59,0.44,-3.87
13.9691,-89.692,-45.43,1586.65,-250.11,3.63,4.71,0.85,2.61,4.55,-1.74,-0.46,-2.85,-17.69,29.81,3.22,1.94,4.22,-2.39,-0.54,1.58,2.11,-1.18,-0.11,3.58,-3.08,-1.11,-2.75,5.59,1.54,-4.4,0.34,-5.16
13.9691,-89.6912,-18.77,18.78,-24.52,3.19,5.55,0.64,3.39,4.26,-2.25,-0.36,-3.48,-4.46,-0.0,3.53,1.54,3.27,-2.65,0.63,1.22,1.49,-1.87,-1.42,3.0,-3.26,0.66,-3.87,6.02,0.48,-1.09,2.02,-6.11
13.9691,-89.6905,-8.66,133.05,-26.72,2.15,4.01,-1.12,2.68,4.42,-1.52,-0.27,-4.26,-25.86,19.52,3.11,0.8,4.6,-0.98,0.84,1.49,2.4,-1.62,-1.17,1.58,-2.38,0.11,-4.08,5.79,3.32,-1.26,1.88,-6.24
13.9691,-89.6897,-38.92,1724.09,-259.55,2.06,4.2,-0.07,3.41,5.23,-3.91,1.96,-3.15,-0.12,38.46,2.38,-0.56,-7.7,-0.16,2.41,0.54,-1.65,-2.57,-3.29,5.45,-0.4,-2.15,-4.67,2.64,2.83,-3.72,1.18,-7.4
13.9691,-89.689,68.24,-1698.2,291.06,2.57,4.84,-1.1,2.95,4.98,-3.17,0.94,-3.34,-10.44,23.45,0.25,-1.53,2.11,-11.49,1.34,-3.17,-0.39,-1.63,-3.41,5.17,-2.92,-1.54,-6.55,5.36,1.98,7.78,3.92,-5.73
13.9691,-89.6883,-30.52,1708.0,-247.72,2.31,4.72,-2.14,2.5,4.99,-4.11,1.8,-2.94,-3.99,32.89,3.37,0.69,20.05,-7.09,-1.86,-0.05,-8.45,-2.41,-0.95,6.42,-2.05,-1.3,-5.37,5.33,2.52,-7.22,3.92,-3.36
13.9692,-89.6875,-45.69,1555.01,-246.74,3.64,4.78,-0.26,4.44,4.22,-3.45,0.48,-4.27,-9.71,14.18,4.72,0.08,9.0,-0.13,-4.5,9.63,-2.22,0.87,-2.2,5.45,-3.15,2.12,-6.0,6.12,0.51,-7.22,4.35,-5.52
13.9692,-89.6868,14.09,-1037.55,145.27,1.57,3.64,-2.37,4.68,3.0,-3.84,-0.39,-3.45,-17.23,27.21,3.77,-2.55,-10.31,-2.66,-5.07,-5.56,0.92,-3.01,-2.07,3.39,1.05,-0.96,-5.51,6.23,3.66,0.4,2.38,-5.26
13.9692,-89.686,-20.1,621.63,-100.84,2.13,4.71,-3.44,7.21,6.12,-4.95,5.03,-4.7,-12.02,17.94,3.69,-2.0,12.45,-2.79,-2.61,-1.22,-0.7,-6.24,3.24,-7.27,0.32,0.73,-1.03,7.23,4.63,-5.55,3.36,-5.73
13.9692,-89.6853,-43.42,772.04,-147.08,-0.36,2.97,-0.71,6.95,4.32,-3.44,2.62,-3.3,-19.7,10.22,0.42,-0.53,-1.15,-2.9,-3.17,5.36,4.39,-0.17,0.8,4.61,0.74,2.11,2.78,4.37,4.63,-8.95,3.36,-5.52
13.9692,-89.6846,-52.88,1036.88,-191.14,0.4,5.15,-4.12,4.28,6.16,-4.4,1.86,-2.86,-0.0,6.18,-0.16,0.37,2.19,-5.6,-0.37,1.68,-0.67,-9.42,4.88,2.02,-3.08,-3.78,-4.28,6.47,-2.94,-4.54,2.49,-6.13
13.9692,-89.6838,-8.7,1816.49,-235.63,0.48,2.74,-0.36,7.58,5.31,-4.32,1.12,-5.25,-0.0,39.46,6.37,-2.46,5.68,-15.05,11.34,0.79,-0.88,-1.03,2.92,3.76,-1.42,0.43,-3.91,6.61,-0.9,-0.07,2.93,-6.65
13.9692,-89.6831,43.58,853.42,-54.34,1.3,2.28,-1.34,2.66,4.46,-6.8,2.95,-4.83,-0.0,38.6,3.94,0.16,-0.27,7.59,-0.77,2.0,-3.23,-2.88,4.5,10.42,-2.13,-1.13,1.46,5.22,-0.9,5.17,5.45,-7.67
13.9692,-89.6823,-0.5,1142.54,-142.37,-0.04,3.93,-1.47,5.27,7.65,-2.77,1.83,-3.3,-0.0,29.6,2.89,-0.76,0.24,-6.04,0.63,1.97,3.71,4.52,-6.83,5.79,-5.06,-4.7,-0.94,4.79,0.91,-2.19,4.78,-6.16
13.9692,-89.6816,-12.37,1886.11,-248.75,1.1,1.2,-1.1,3.36,7.2,-7.3,4.24,-6.12,-0.0,19.61,5.75,-0.2,8.93,2.32,1.82,-0.89,5.92,7.55,-1.93,6.29,-2.63,-1.16,-1.88,3.66,-0.46,-2.19,3.87,-6.16
13.9692,-89.6809,-24.24,-340.05,13.54,0.74,0.33,-0.01,3.36,4.39,-4.74,2.03,-5.44,-0.0,23.31,5.6,-1.6,4.65,-0.0,-1.11,0.67,1.82,-11.25,-5.57,-1.12,-2.58,-0.43,-1.27,2.71,-1.8,-2.45,4.09,-7.61
13.9692,-89.6801,26.03,-732.24,121.72,-0.89,3.64,-0.59,4.93,5.7,-5.13,0.83,-6.47,-0.0,18.97,5.39,-0.57,3.03,-0.0,-1.75,-2.62,1.07,-2.27,-4.42,6.66,-4.38,2.09,-3.13,2.93,-1.44,3.71,3.72,-6.44
13.9692,-89.6794,40.48,-895.87,159.16,-0.89,2.86,-1.78,6.01,5.15,-5.13,2.99,-4.26,-0.0,9.81,1.67,1.88,0.62,-3.24,-5.79,-1.15,1.07,-2.82,-2.15,1.35,-3.44,-0.44,-2.97,2.27,-4.68,4.8,5.53,-3.92
13.9693,-89.6786,9.74,-985.99,134.0,0.2,2.86,1.83,4.97,4.7,-3.78,2.63,-5.71,-0.0,-0.0,4.51,0.19,10.13,-5.24,-3.08,0.31,-0.11,1.8,-3.61,1.35,-6.27,-2.62,-0.9,1.48,-2.17,2.03,4.73,-7.28
13.9693,-89.6779,25.33,-1296.69,191.08,-0.36,0.35,1.33,5.93,2.67,-4.88,2.45,-8.56,-0.0,-0.0,3.56,-1.18,5.68,5.44,-2.82,-4.28,8.06,-2.6,-4.21,3.48,-3.79,0.89,-0.9,2.41,0.65,2.13,6.14,-8.85
13.9693,-89.6772,46.29,-422.85,107.33,-1.07,1.39,-0.76,5.6,4.92,-4.33,2.45,-4.76,-0.0,5.54,4.21,-2.53,8.4,-3.33,-1.27,-0.05,0.44,2.78,-1.13,9.53,-3.89,-0.68,1.24,3.33,3.53,2.82,5.46,-7.19
13.9693,-89.6764,-25.33,301.11,-67.4,-0.12,1.03,-0.75,4.79,5.53,-2.27,2.37,-6.51,10.75,-1.17,1.88,-6.11,2.66,-2.44,-1.29,4.16,-0.89,-1.56,-2.58,-0.22,-7.52,1.31,-0.04,3.04,1.4,-5.73,4.63,-5.67
13.9693,-89.6757,-13.31,-228.57,12.66,0.87,-0.14,0.4,5.22,4.75,-3.35,2.37,-5.89,3.12,-0.0,3.3,-8.2,7.49,-2.83,0.08,3.08,2.6,-1.39,-3.62,-0.17,-5.84,1.43,2.82,1.2,2.82,-5.48,3.73,-3.48
13.9693,-89.6749,-15.67,316.68,-57.93,0.02,-0.66,-0.69,6.21,3.93,-2.4,0.3,-5.72,18.05,-19.84,7.61,-2.82,4.58,-3.83,0.82,2.08,4.17,1.46,-2.77,0.59,-3.91,3.27,1.04,1.6,-2.09,-1.42,4.06,-6.04
13.9693,-89.6742,13.08,-125.18,31.05,1.14,-0.1,0.68,6.47,2.8,-3.37,1.84,-4.89,18.05,-5.49,4.52,-3.25,3.86,-2.24,-1.8,1.94,1.46,-0.64,-2.39,1.19,-6.34,-0.71,3.46,1.6,-1.11,0.54,5.08,-4.95
13.9693,-89.6735,-24.39,-59.5,-21.47,0.56,0.47,0.84,6.55,3.08,-2.38,2.74,-6.23,-3.9,-7.6,4.02,-3.97,3.37,-2.05,-2.27,-0.11,2.25,1.56,-0.39,1.84,-4.78,0.59,1.42,2.25,-2.46,-3.09,4.54,-4.92
13.9693,-89.6727,-6.18,-464.17,50.43,0.98,-0.33,-1.1,6.78,2.2,-3.07,3.57,-6.69,1.74,-18.3,3.86,-4.13,6.65,-2.9,1.14,1.21,2.7,-0.15,-2.25,4.05,-4.17,2.76,0.29,1.53,-2.05,-2.32,4.57,-2.4
13.9693,-89.672,-4.41,-366.54,40.38,1.08,0.25,-1.08,7.29,2.72,-2.44,5.06,-6.03,1.12,-18.3,5.33,-3.88,5.09,0.31,1.18,1.36,1.39,-1.0,-0.7,2.29,-4.48,1.13,1.55,1.08,-2.14,-0.3,3.29,-3.32
13.9693,-89.6712,-3.51,-422.33,48.4,0.8,0.62,-1.25,7.18,2.1,-2.72,4.38,-7.11,11.26,-18.3,4.27,-3.31,1.41,-0.52,-3.22,1.2,2.9,-0.37,-0.32,1.48,-4.39,0.68,1.48,1.07,-0.97,-0.03,3.29,-4.78
13.9693,-89.6705,10.04,-694.37,98.33,1.52,1.32,-1.88,7.39,2.36,-3.12,3.99,-7.4,-0.0,-12.24,4.05,-3.42,5.72,-2.39,-1.5,0.33,1.98,-0.92,-1.41,0.87,-5.47,-0.16,2.93,0.35,-2.37,1.29,3.95,-3.3
13.9694,-89.6698,13.08,-1528.01,205.73,1.47,1.36,-1.49,6.67,1.81,-2.55,4.06,-7.72,-6.51,-23.2,4.9,-2.46,2.77,-0.26,-2.19,-1.22,3.16,-0.32,-1.77,1.44,-3.46,-0.34,2.04,-0.26,-1.2,1.29,2.54,-1.53
13.9694,-89.669,7.16,-1001.73,133.22,2.17,1.38,-2.56,7.4,2.0,-2.67,5.71,-7.55,-14.44,-1.87,5.39,-3.35,4.76,-1.67,-3.02,0.05,2.46,-1.54,-4.94,1.0,-4.24,-0.08,2.98,0.22,-1.18,0.89,2.03,-1.42
13.9694,-89.6683,3.92,-999.61,129.15,2.58,1.96,-2.34,7.32,2.18,-3.05,3.33,-7.65,-7.66,-0.0,5.66,-3.76,4.85,-2.3,-2.82,-0.16,2.67,-1.45,-3.93,2.45,-4.15,1.29,2.49,-0.28,-3.3,2.18,2.28,-2.56
13.9694,-89.6675,-34.13,373.52,-86.96,3.84,1.34,-2.3,6.02,2.66,-3.5,3.46,-7.87,0.52,0.84,5.72,-4.01,6.27,-0.46,-2.18,-4.31,1.96,-2.24,-3.21,2.13,-4.06,0.67,2.05,-0.13,-2.49,-3.71,2.18,-1.99
13.9694,-89.6668,1.54,-592.0,75.59,2.44,2.91,-3.39,5.25,2.98,-2.32,7.0,-6.68,3.8,8.78,5.77,-3.86,5.25,1.69,-16.88,-4.03,1.28,-3.69,-4.44,-3.81,-4.4,-2.15,2.14,-3.52,-2.72,2.36,2.34,-4.28
13.9694,-89.6661,-2.28,310.14,-41.35,2.4,1.86,-3.44,5.47,3.43,-3.65,7.47,-7.64,15.12,11.07,4.81,-2.88,5.71,1.75,-6.87,-5.18,1.68,-4.12,-4.79,-2.21,-5.18,1.03,4.14,-1.54,-2.72,1.33,2.88,-4.28
13.9694,-89.6653,1.69,-1679.2,211.32,1.97,-1.19,-1.48,6.85,4.26,-1.66,6.53,-10.52,-0.19,-12.63,4.22,-3.11,1.69,-2.22,-6.24,-4.89,0.92,-3.01,-3.32,-15.42,-3.86,-1.23,3.3,-0.11,-4.6,4.1,2.97,-6.32
13.9694,-89.6646,4.06,-408.95,55.79,3.98,0.11,-3.64,7.14,4.2,-4.63,3.51,-8.93,2.38,-1.65,5.15,-2.16,4.14,-1.22,-6.61,-2.14,2.16,3.05,-1.12,1.34,-4.77,3.76,6.59,-1.5,-5.62,5.06,2.97,-6.32
13.9694,-89.6638,22.87,-372.25,73.51,4.22,1.12,-4.12,7.4,3.91,-3.04,-0.25,-6.09,-0.0,11.13,5.69,-4.6,14.27,-2.29,-14.08,-2.83,1.52,-1.69,-4.5,5.06,0.34,-0.81,6.12,0.41,-5.36,5.61,2.81,-2.88
13.9694,-89.6631,-19.78,-161.8,-3.25,3.76,1.67,-5.09,5.57,3.75,-4.17,1.67,-7.6,-0.0,-0.0,4.65,-1.66,4.69,-1.11,-4.78,2.16,2.76,1.12,-4.12,2.24,0.07,-3.8,6.59,1.13,-6.28,2.33,1.74,-4.45
13.9694,-89.6624,-9.64,-273.75,22.73,3.54,0.53,-5.73,5.28,4.12,-3.6,2.54,-4.18,-0.0,-0.0,3.76,-1.64,1.84,-4.47,-2.99,-0.44,3.41,-0.03,-1.9,0.17,-1.68,-1.91,9.48,1.17,-4.36,2.33,2.71,-5.65
13.9694,-89.6616,21.86,-1379.19,197.99,5.77,1.64,-5.17,5.33,6.27,-3.86,1.15,-3.86,-0.46,-0.0,8.04,-2.44,-7.16,2.11,-4.37,-1.26,-0.86,-0.88,-3.47,3.3,-0.91,-0.99,4.82,0.55,-4.94,6.98,2.11,-4.81
13.9695,-89.6609,-6.59,-329.3,33.29,3.0,2.47,-4.22,5.14,7.17,-4.93,3.9,-5.77,-1.37,-3.75,4.27,-2.85,3.92,2.23,-3.18,-2.45,0.83,-0.13,-0.53,-4.85,-0.31,-1.4,4.28,0.05,-6.35,4.83,2.01,-6.11
13.9695,-89.6601,19.31,72.43,13.85,3.51,0.75,-3.02,7.14,7.26,-5.27,1.3,-5.25,5.49,13.7,4.98,-1.88,4.04,-0.55,-1.91,-0.73,1.92,-0.87,0.51,-0.46,-2.17,-1.71,4.02,-0.99,-4.98,7.31,2.4,-6.48
13.9695,-89.6594,57.53,-1321.5,233.17,2.6,1.62,-2.25,2.87,8.04,-5.14,-3.83,-7.1,4.99,-7.91,7.29,-3.62,4.83,0.25,-0.66,0.23,3.4,2.3,6.83,-0.03,-2.6,-0.22,4.32,-3.5,-5.91,16.62,0.47,-9.75
13.9695,-89.6587,22.87,510.49,-36.64,3.56,-0.19,-2.87,6.71,9.04,-5.13,2.72,-6.14,13.79,6.77,5.88,-2.59,0.74,1.6,-1.73,5.36,-0.87,2.43,5.05,4.5,-1.07,0.02,3.65,-1.31,-5.91,9.73,2.56,-9.16
13.9695,-89.6579,-89.97,2737.55,-448.55,0.23,-0.3,-4.24,7.24,8.0,-1.89,-1.37,-4.47,3.67,9.06,5.29,-2.19,0.86,14.18,-1.55,-3.76,0.76,9.14,-0.95,2.09,-0.91,-9.32,4.95,-3.08,-6.75,-4.02,1.4,-8.89
13.9695,-89.6572,-2.16,-1223.97,150.34,0.38,1.19,-1.88,4.66,5.16,-6.47,-1.28,-9.68,1.41,9.06,6.44,0.08,-9.23,1.55,-19.67,-5.26,1.92,3.7,-3.16,9.54,-3.65,-12.61,-5.21,-5.18,-8.23,6.51,3.94,-8.95
13.9695,-89.6564,-49.94,506.7,-122.51,3.15,0.36,-2.61,3.31,7.96,-3.42,7.67,-7.21,-0.0,-2.44,3.93,-3.71,-9.1,4.72,-9.89,0.31,-0.02,5.81,-4.34,-0.77,-2.12,-2.19,8.56,-3.06,-9.01,1.02,3.47,-8.95
13.9695,-89.6557,-37.53,-271.15,-10.61,-0.12,0.13,-4.8,5.59,7.82,-2.68,2.87,-7.64,-0.0,-12.09,2.39,0.1,-0.99,-11.1,-3.54,-6.05,4.15,2.0,2.19,-1.14,-3.39,-0.37,9.7,-6.94,-5.12,1.02,3.47,-10.36
13.9695,-89.655,28.49,-889.29,144.93,1.17,-1.68,-2.0,3.21,9.61,-3.69,4.07,-5.84,-0.0,6.1,-0.51,-0.99,-0.0,-9.97,-1.31,-8.6,3.21,5.76,-1.89,-8.34,3.33,6.51,20.14,-4.58,-6.07,9.06,3.67,-8.34
13.9695,-89.6542,-48.07,594.07,-131.26,1.63,-0.97,-2.38,3.4,8.52,-3.64,-2.19,-4.37,-0.0,-5.42,3.85,1.71,-0.0,-3.02,-6.73,1.14,5.8,-0.32,-5.22,-0.92,-0.07,-2.65,11.5,-0.93,-6.74,2.0,1.91,-10.63
13.9695,-89.6535,33.41,-282.01,74.88,1.56,-0.98,-2.61,4.75,9.88,-5.87,1.42,-7.28,7.67,2.98,7.17,0.67,2.79,-2.56,-1.23,-5.78,3.98,12.81,-4.99,4.11,-1.1,4.86,-1.89,-1.05,-6.51,10.2,5.15,-11.25
13.9681,-89.7156,-14.32,-80.68,-6.97,4.1,6.49,4.57,-5.89,-1.81,4.56,-8.13,-0.1,-25.65,11.73,-0.52,4.82,1.29,-1.46,2.78,2.05,-6.71,8.55,-4.25,2.49,-0.43,1.24,-2.96,1.0,6.22,-9.41,2.43,2.66
13.9681,-89.7149,3.06,412.41,-47.13,3.3,6.21,4.84,-5.36,-1.25,5.01,-9.54,-0.38,-0.0,11.73,-1.74,2.93,0.96,-0.84,1.02,2.75,-4.77,6.91,-4.85,2.78,-3.14,2.55,-0.67,1.53,6.63,-8.04,2.93,3.14
13.9681,-89.7141,2.04,-1079.85,135.29,3.29,5.51,5.31,-4.25,-1.36,4.68,-10.35,-1.04,-23.36,-0.0,-0.51,3.87,2.33,-0.06,-0.49,2.47,-4.51,7.1,-3.59,3.98,-2.37,2.36,-1.83,1.68,7.29,-7.87,1.9,3.47
13.9681,-89.7134,-16.87,496.86,-81.06,2.89,6.96,3.56,-4.24,-1.45,5.47,-10.0,-0.51,-26.48,28.02,0.54,3.06,-0.18,-0.74,2.86,2.89,-4.41,6.14,-3.23,3.3,-1.1,3.11,-2.57,1.42,5.81,-9.25,1.34,3.89
13.9682,-89.7127,-8.67,472.99,-68.46,3.43,6.58,3.53,-3.74,-0.58,6.87,-12.62,0.58,-27.88,34.22,-1.05,4.67,1.3,-1.36,3.02,2.21,-4.9,5.82,-2.99,1.51,-0.13,0.82,-0.61,0.74,6.15,-8.14,1.07,3.89
13.9682,-89.7119,-12.69,576.11,-85.92,2.83,6.5,2.52,-4.53,-0.05,7.17,-12.08,0.41,-14.75,27.95,-0.49,3.32,0.24,-3.01,2.72,2.94,-5.55,4.64,-4.81,3.56,-2.03,2.5,-1.5,1.54,5.69,-7.9,1.07,3.01
13.9682,-89.7112,-13.3,858.22,-121.39,3.05,6.4,2.37,-3.62,-0.23,7.55,-12.74,1.35,-10.7,29.44,0.05,4.72,1.21,-1.88,1.96,0.22,-4.28,4.99,-4.21,3.63,-2.62,2.2,-2.07,-0.28,7.14,-7.9,-0.06,3.05
13.9682,-89.7104,-0.94,452.92,-56.9,3.32,6.72,2.36,-2.73,0.71,8.09,-14.14,0.81,-12.49,20.21,-0.48,5.24,2.0,-2.57,3.41,2.82,-4.03,4.36,-2.35,3.82,-1.51,3.82,-3.43,0.74,8.47,-6.47,-0.23,2.19
13.9682,-89.7097,-4.33,1267.29,-161.25,2.68,6.97,1.74,-2.3,0.78,7.55,-13.4,0.19,-1.19,35.75,-1.34,6.04,1.09,-2.42,2.33,2.61,-4.5,4.18,-2.21,3.67,-2.78,2.16,-1.3,1.28,8.85,-7.73,-0.15,2.98
13.9682,-89.709,-10.24,687.3,-96.79,2.54,7.14,1.39,-2.2,0.88,8.28,-13.49,0.39,-10.0,24.06,-0.71,4.4,1.86,-3.73,1.8,3.41,-2.09,2.86,-2.35,3.0,-2.45,0.48,-1.6,0.25,8.59,-7.57,-0.71,2.46
13.9682,-89.7082,-16.3,1314.35,-181.24,2.15,7.0,1.43,-1.64,1.42,8.82,-13.07,-0.13,-7.75,33.39,-0.08,5.55,2.08,-2.76,1.58,3.26,-2.79,2.81,-1.83,3.57,-2.48,0.68,-1.8,0.25,8.45,-8.14,-0.88,2.46
13.9682,-89.7075,-10.67,262.97,-45.01,2.72,6.98,0.39,-0.77,1.27,8.63,-13.94,0.53,-25.92,25.23,-1.28,5.36,1.98,-2.95,1.14,3.37,-2.58,2.17,-2.53,4.82,-2.7,0.43,-1.55,0.29,8.83,-7.25,-1.14,2.24
13.9682,-89.7067,-9.13,-30.98,-6.96,2.73,6.59,0.47,-1.28,2.17,8.38,-12.7,0.13,-37.31,25.98,-0.14,5.0,1.86,-1.98,0.64,3.71,-1.79,1.36,-2.2,4.43,-2.9,0.88,-1.66,0.62,9.09,-7.89,-0.39,2.24
13.9682,-89.706,6.35,-133.11,23.91,2.98,6.53,1.16,-0.76,2.21,8.41,-12.42,-0.06,-28.54,24.5,-0.64,4.7,0.77,-2.59,1.69,3.14,-1.41,2.02,-1.43,4.03,-3.99,1.26,-1.13,0.83,9.28,-5.83,-0.39,2.05
13.9682,-89.7053,-5.02,-212.78,20.32,3.05,7.32,0.07,-0.68,1.79,7.81,-10.34,-0.93,-29.77,16.02,-0.71,4.45,2.99,-1.85,0.84,2.89,-1.9,1.49,-0.88,3.75,-4.56,0.2,-1.18,0.72,9.02,-7.15,-0.76,2.56
13.9682,-89.7045,-2.41,-30.06,0.86,2.85,6.99,0.4,-1.25,1.89,7.24,-12.49,0.15,-35.13,29.22,0.0,4.43,1.9,-1.61,1.33,2.68,-1.85,0.53,-1.44,6.52,-5.11,0.6,-1.04,1.13,8.24,-6.45,-0.86,2.99
13.9683,-89.7038,-5.94,617.35,-83.19,2.88,6.19,0.89,-1.19,2.19,6.48,-10.96,-0.66,-21.41,31.95,-0.27,2.83,3.11,-2.91,2.22,3.95,-1.31,0.52,0.56,5.46,-4.22,0.07,-1.99,1.43,7.44,-5.79,-0.02,0.65
13.9683,-89.703,-3.99,558.23,-73.61,3.13,7.42,1.0,-0.91,2.94,5.65,-8.35,0.01,-28.58,40.2,-0.7,2.53,2.71,-1.93,0.55,1.73,-1.9,0.93,-2.94,5.59,-3.09,1.72,-1.9,1.39,8.6,-5.79,-0.34,0.45
13.9683,-89.7023,-14.36,1513.6,-203.81,2.68,7.53,1.27,-0.5,3.54,4.71,-6.61,-1.01,-0.0,32.79,-1.16,2.44,4.3,-2.88,0.27,-0.06,-2.59,0.7,-1.85,3.49,-3.13,0.01,-1.54,0.54,7.26,-4.94,-1.53,-0.08
13.9683,-89.7016,-34.1,1983.17,-285.14,3.4,6.17,1.13,-0.77,2.88,3.24,-6.66,-1.49,-0.0,34.08,0.77,2.13,4.08,-4.54,2.96,0.83,-1.65,-0.12,-3.52,5.28,-3.63,-1.57,0.68,3.14,3.86,-5.66,-0.94,-0.71
13.9683,-89.7008,-2.23,310.96,-41.03,3.03,7.6,0.39,-0.82,3.34,3.72,-5.95,-3.35,-17.5,25.82,0.03,2.11,6.49,-6.15,0.77,2.93,-1.82,0.25,-2.19,4.87,-4.27,1.3,-2.01,1.94,4.71,-2.45,-0.7,-0.11
13.9683,-89.7001,4.04,1125.59,-134.26,3.47,7.19,0.89,-0.17,3.07,2.7,-6.21,-3.51,-1.61,43.05,0.43,0.27,5.67,-6.25,-2.35,1.79,-0.96,0.63,-1.31,5.71,-3.23,1.56,0.17,1.52,4.29,-1.78,-0.2,-0.15
13.9683,-89.6993,-16.6,1683.5,-227.59,2.68,7.21,0.62,-0.45,3.0,2.2,-5.4,-3.19,-2.12,31.41,0.82,4.16,6.47,-5.36,4.42,2.74,-0.83,0.16,1.28,6.34,-2.69,2.42,-2.67,2.25,5.24,-3.78,-1.0,-1.26
13.9683,-89.6986,-34.62,852.7,-146.26,2.51,7.17,0.88,-0.56,3.92,0.93,-2.9,-3.78,-8.1,7.5,0.66,4.4,6.1,-5.86,2.41,3.48,-2.43,0.49,-2.51,4.91,-3.62,1.05,-0.3,1.37,4.79,-5.68,-1.13,-1.52
13.9683,-89.6979,-3.37,620.77,-80.7,3.18,5.82,1.82,0.27,5.76,0.28,-3.35,-4.13,-22.27,34.15,1.2,3.28,4.1,-2.38,2.37,1.36,-0.5,-1.36,-1.23,3.34,-2.04,-0.31,-3.05,2.63,5.6,-2.52,-0.51,-1.6
13.9683,-89.6971,28.04,-896.32,143.93,2.56,6.55,1.88,-0.1,5.45,-1.14,-2.38,-4.59,-31.27,18.83,0.77,1.32,5.28,1.59,0.5,-0.9,-0.17,1.38,-1.88,0.36,-4.14,1.49,-1.4,1.31,6.34,0.42,-0.51,-0.2
13.9683,-89.6964,31.78,-730.06,127.81,2.86,6.59,0.99,0.84,5.71,-0.91,-1.44,-4.01,-45.38,32.25,1.11,3.5,7.22,-4.98,0.48,0.33,-1.14,1.17,2.92,2.97,-1.38,3.62,-0.8,2.54,9.04,0.42,-0.03,-3.02
13.9683,-89.6956,-10.6,-34.6,-8.25,3.25,5.97,0.2,1.58,5.43,-1.14,-1.74,-4.18,-32.25,33.98,2.41,-0.53,6.17,-9.53,2.14,2.9,-3.15,-2.67,-5.82,0.35,-0.74,1.89,-2.68,1.72,2.81,-1.45,-0.05,-2.95
13.9684,-89.6949,-32.58,38.62,-43.27,3.89,4.17,1.43,2.52,5.64,-1.98,-1.19,-3.8,-36.39,17.26,0.62,0.95,3.15,-5.97,8.99,-0.55,0.39,-3.71,-3.3,4.33,-3.34,0.21,-3.83,3.83,2.61,-3.71,-0.78,-2.81
13.9684,-89.6942,2.38,-72.32,11.76,2.05,4.99,0.56,1.63,5.83,-2.04,-1.72,-3.06,-29.87,29.81,1.41,1.94,2.42,-3.95,-1.07,2.41,5.81,-1.15,-5.98,5.38,-4.31,-1.56,-3.0,1.53,4.83,-1.3,0.79,-3.7
13.9684,-89.6934,-16.56,1089.97,-154.44,2.47,3.76,0.01,2.25,4.15,-2.87,-1.78,-4.02,-11.06,41.7,1.74,1.47,6.64,-4.89,2.62,0.78,-6.4,-2.13,-3.49,4.73,-3.96,0.82,-4.74,2.74,7.04,-4.89,0.59,-3.99
13.9684,-89.6927,-11.33,921.15,-127.4,3.92,4.51,-0.0,2.94,5.08,-1.35,-2.32,-2.89,-24.96,38.51,-0.21,2.4,5.66,-1.04,1.17,2.7,5.56,-0.27,-7.5,4.25,-3.78,-0.36,-4.25,5.49,7.04,-3.97,0.53,-4.29
13.9684,-89.6919,-33.45,1783.87,-260.35,2.43,4.34,1.27,3.47,5.44,-1.17,-0.05,-4.28,-7.27,34.26,5.17,0.48,5.65,-2.08,2.9,1.71,-4.21,-1.21,-2.32,3.9,-4.35,-0.94,-0.37,3.91,2.48,-3.99,0.64,-4.67
13.9684,-89.6912,-23.0,1032.23,-154.99,2.95,5.94,0.74,3.18,3.87,-2.32,-1.23,-3.07,-7.17,30.83,3.51,3.73,-3.11,-2.41,-3.81,0.56,0.24,-0.17,-2.21,3.33,-2.81,0.01,-2.23,2.46,-0.5,-0.92,1.12,-5.04
13.9684,-89.6905,-23.74,1189.46,-175.36,2.47,4.58,0.66,4.87,3.73,-1.86,0.11,-2.64,-9.93,22.74,2.63,1.74,0.06,-1.06,2.16,1.61,2.54,-0.82,-0.8,6.17,-2.52,-1.17,-4.35,6.4,-0.47,-2.11,2.36,-5.04
13.9684,-89.6897,-12.74,1422.17,-191.2,3.1,2.6,-0.91,4.74,4.84,-2.23,-0.51,-3.19,-8.17,24.17,2.78,6.09,10.52,-1.16,-0.69,1.4,-2.95,-1.58,5.24,6.46,-2.13,1.92,-4.23,2.74,0.6,-1.43,1.83,-3.93
13.9684,-89.689,-24.48,1489.0,-213.39,4.95,4.14,-0.86,4.54,5.25,-3.02,0.82,-4.21,-13.21,25.35,2.85,3.45,8.49,-2.76,4.87,1.73,2.06,-0.9,1.14,5.0,-3.5,-2.86,-6.01,6.01,2.43,-4.04,1.83,-4.1
13.9684,-89.6882,-37.11,-8.93,-42.77,3.25,4.9,-3.49,2.04,3.24,-2.94,2.31,-4.43,-13.39,15.67,3.13,-7.59,7.67,-4.62,-1.15,-4.56,-5.64,-4.31,0.89,1.07,-4.73,-3.22,-3.72,3.26,-1.35,-4.04,3.59,-5.77
13.9684,-89.6875,-43.58,-397.65,-2.25,3.55,5.33,-2.08,4.8,2.93,1.4,0.97,-5.0,-34.0,13.04,-0.42,0.4,7.03,-2.75,-0.57,-15.54,-0.67,1.07,1.32,-5.82,-2.63,-1.15,-4.4,4.97,-4.56,-2.19,3.96,-7.65
13.9684,-89.6868,-36.44,276.76,-77.4,4.64,3.42,-1.35,4.99,6.57,-4.89,0.67,-2.16,-13.48,6.27,6.68,-1.09,-10.98,-3.27,0.23,1.57,6.06,-0.94,2.05,0.51,-0.51,-4.02,-5.14,4.13,3.26,-6.88,4.23,-6.72
13.9685,-89.686,-7.45,-162.4,11.32,2.84,1.98,-1.72,6.04,6.9,-5.95,2.89,-4.22,-18.3,18.0,0.24,-0.23,-9.45,-3.06,1.05,-0.83,4.75,-6.48,7.02,3.25,-0.24,5.6,-3.95,5.22,0.33,-0.6,4.23,-7.82
13.9685,-89.6853,-3.3,-431.01,49.54,1.24,6.59,-2.72,6.85,5.16,-0.69,3.49,-3.7,-0.0,16.84,1.27,2.3,-23.03,-6.7,-0.97,4.58,3.46,-0.85,-13.36,-4.96,-2.9,-0.71,-6.57,5.45,-0.41,-0.6,5.03,-7.47
13.9685,-89.6845,-30.48,1345.99,-202.98,1.98,4.18,-1.82,6.99,4.67,-5.07,4.14,-2.35,-0.0,10.09,5.29,-1.52,5.18,0.02,-6.27,1.37,1.63,10.02,-2.4,-7.01,2.47,-3.59,-3.96,2.23,-1.62,-2.02,3.24,-7.47
13.9685,-89.6838,-46.8,379.67,-102.46,-1.61,4.89,-1.33,6.57,3.68,-3.26,1.57,-5.84,-0.0,17.89,-3.76,-2.14,-15.5,-18.03,5.5,0.74,0.87,1.5,-5.13,6.89,-3.16,1.22,-1.58,0.73,-4.2,-3.27,4.27,-8.23
13.9685,-89.6831,-46.52,1381.18,-226.4,1.01,2.26,-0.0,2.38,5.9,-3.02,1.39,-4.22,-0.74,18.41,3.63,0.34,-7.97,0.67,5.49,5.71,-0.5,-1.87,-5.38,-0.86,0.28,-0.89,-0.41,0.15,-1.56,-2.23,1.22,-8.27
13.9685,-89.6823,-32.44,1857.72,-268.91,0.49,3.35,-1.01,5.93,5.01,-5.24,2.57,-4.37,-0.06,29.92,7.72,-1.07,1.9,-11.83,11.54,8.3,2.62,4.95,-7.67,-4.22,-6.43,0.26,-2.75,5.34,1.3,-2.23,1.22,-8.27
13.9685,-89.6816,-13.01,-171.37,5.87,0.59,1.4,-1.37,6.13,7.34,-2.57,5.5,-6.64,8.66,-0.0,5.6,-3.1,16.88,-15.19,-11.49,3.87,0.48,2.17,-3.12,-1.21,-4.23,-2.03,-5.79,3.7,0.08,-1.67,3.37,-7.0
13.9685,-89.6808,-4.48,-1475.94,177.92,-2.05,1.41,-1.43,4.8,5.56,-2.99,2.21,-5.11,-5.05,-0.0,0.98,-0.78,9.51,-20.93,-7.86,2.42,-1.12,1.59,-3.08,-0.35,-5.25,-2.14,-4.59,3.69,-0.09,-2.31,5.75,-7.75
13.9685,-89.6801,-24.43,-315.31,10.25,0.13,2.48,-1.12,4.72,7.52,-2.67,2.21,-4.69,-5.05,-0.0,12.39,0.58,12.52,-16.22,-7.82,-1.36,-2.02,1.3,4.97,-7.84,-7.55,2.86,-3.01,2.37,2.01,-8.56,5.2,-3.05
13.9685,-89.6794,-73.34,1667.34,-293.85,-0.99,1.2,-2.49,4.65,4.92,-7.0,4.79,-6.86,10.31,16.14,7.9,-2.68,13.62,-25.15,-5.15,1.04,-0.99,1.87,-1.77,0.96,0.48,-0.04,-3.01,2.02,-0.03,-13.54,5.32,-3.59
13.9685,-89.6786,50.56,-1894.8,295.19,0.68,0.64,-0.75,3.75,3.64,-2.49,4.9,-8.37,10.31,-2.51,7.77,-4.44,3.77,-16.91,-5.47,-2.88,1.16,-4.5,-4.12,6.73,-6.25,3.28,-1.17,2.02,1.71,3.3,5.62,-5.9
13.9685,-89.6779,66.74,-2268.0,360.76,1.55,0.29,0.05,4.51,4.04,-4.03,2.29,-7.33,10.31,-16.21,1.66,-3.18,1.65,6.99,-4.66,-3.2,-4.88,-1.11,-4.07,3.79,-3.22,0.36,-2.18,0.29,-2.33,7.15,6.82,-6.21
13.9685,-89.6771,14.11,1024.64,-110.62,-1.02,0.2,0.22,5.3,3.4,-2.49,2.04,-9.25,16.85,14.08,4.81,-3.35,11.79,2.87,-3.65,-2.2,4.94,0.93,-4.9,7.96,-6.35,12.3,1.48,1.59,3.64,-1.84,4.67,-5.92
13.9686,-89.6764,11.33,387.01,-34.69,-0.18,1.47,-0.35,5.43,4.23,-1.48,1.98,-6.15,-0.0,6.06,3.03,-3.1,6.69,9.5,-2.13,1.73,2.2,2.16,-2.49,1.43,-7.54,-4.25,-1.6,3.96,3.64,-2.46,4.67,-5.71
13.9686,-89.6757,21.17,-635.13,104.01,0.19,-0.05,1.41,4.97,3.52,-4.42,1.58,-6.3,-2.75,8.18,8.37,-8.36,0.14,-1.27,-1.96,4.98,0.88,-2.26,-2.58,6.32,-4.53,-1.65,-0.73,3.22,-0.98,0.63,5.79,-5.64
13.9686,-89.6749,42.02,-1498.3,236.04,0.0,1.3,-0.24,5.63,4.28,-4.42,1.87,-6.26,7.9,-15.16,5.06,-5.04,3.36,-5.65,-1.89,4.98,0.88,-2.86,-0.11,2.74,-4.53,1.82,1.93,2.56,-0.32,3.08,5.61,-5.1
13.9686,-89.6742,17.64,59.2,13.52,0.0,1.3,1.19,5.16,2.51,-2.97,5.1,-5.38,21.41,-0.0,4.12,-3.37,6.8,-0.47,1.4,1.43,2.35,-2.86,-2.38,0.89,-2.72,-0.55,1.17,2.55,-2.36,2.77,3.97,-5.05
13.9686,-89.6734,20.95,-666.36,107.69,-0.14,0.4,0.83,6.91,3.5,-1.89,3.54,-6.87,7.29,-0.0,3.67,0.84,1.74,-2.01,-1.6,4.09,2.01,2.67,-2.49,-3.16,-5.79,-5.05,3.84,1.86,-1.1,2.24,4.07,-4.67
13.9686,-89.6727,-40.85,1057.99,-179.99,1.67,1.19,-0.4,6.86,3.72,-1.93,3.14,-6.6,4.29,-0.92,3.83,0.84,3.84,-2.01,-3.1,2.46,3.04,1.82,-3.95,1.44,-5.11,6.5,2.3,1.67,-1.84,-5.57,3.64,-4.0
13.9686,-89.672,21.32,-1189.2,173.22,1.61,0.84,-1.38,6.82,2.94,-3.24,4.89,-6.68,4.94,-18.77,3.11,-3.38,0.84,-2.01,-0.1,1.26,3.27,-2.44,-0.69,2.99,-4.88,1.7,0.93,0.85,-0.73,0.96,4.4,-3.09
13.9686,-89.6712,12.82,-1503.19,202.26,1.68,0.79,-1.81,6.32,2.34,-2.94,4.66,-7.58,-6.1,-14.34,4.33,-4.2,3.19,-1.74,-8.92,-0.3,1.51,-0.69,-0.31,2.95,-3.46,0.44,2.46,1.12,-1.7,-0.13,5.13,-3.13
13.9686,-89.6705,-10.13,-170.96,9.28,2.27,1.45,-1.86,7.36,2.81,-2.47,4.5,-7.42,7.34,-14.34,5.28,-4.05,4.64,-2.65,0.42,-0.14,2.79,-0.16,-0.41,2.51,-5.01,-1.07,-0.9,0.01,-2.8,0.08,2.39,-3.14
13.9686,-89.6697,6.19,-628.17,85.54,1.9,1.13,-2.14,5.15,2.59,-2.92,4.47,-8.02,5.32,-9.39,4.62,-4.1,1.17,-0.67,-1.48,0.05,2.83,0.29,-3.04,3.2,-4.8,0.94,1.75,0.66,-0.93,0.93,3.18,-3.88
13.9686,-89.669,-60.33,604.05,-146.67,2.27,1.18,-1.21,6.22,2.5,-2.32,4.87,-8.4,-17.82,3.28,4.86,-1.96,4.86,-1.57,-2.07,0.46,2.8,-1.61,-3.82,1.26,-3.94,1.19,2.17,0.28,-3.11,-6.33,2.5,-3.34
13.9686,-89.6683,35.73,-1497.39,228.82,3.43,2.6,-2.49,7.58,2.71,-1.78,0.79,-8.01,-0.73,-0.0,4.53,-2.72,4.99,-1.47,-4.01,-0.81,2.23,-1.28,-2.87,3.05,-4.35,0.64,2.61,-0.19,-1.41,4.02,3.13,-1.7
13.9687,-89.6675,-17.35,-1500.3,166.35,2.82,1.54,-2.28,7.01,2.72,-1.78,2.2,-8.84,-16.84,-13.63,5.08,-3.95,3.86,-1.13,-12.2,-3.71,0.58,-2.2,-2.32,4.15,-4.38,1.35,3.1,0.2,-1.41,-0.0,1.6,-4.76
13.9687,-89.6668,-32.58,303.76,-76.43,2.69,2.06,-3.17,4.78,4.16,-4.9,7.37,-7.8,1.98,4.88,3.93,-3.17,5.45,-1.7,-7.43,-3.98,0.8,-1.14,-4.35,3.2,-4.0,1.28,2.56,-1.93,-3.26,-1.18,1.76,-4.57
13.9687,-89.666,72.44,-1317.91,250.06,2.98,2.28,-3.15,5.53,3.19,-5.07,2.77,-7.67,-0.0,20.12,6.12,-1.41,0.99,-4.05,-7.6,-4.06,1.79,-2.46,-3.67,11.43,-2.22,1.8,2.18,-1.09,-1.78,12.01,1.76,-4.57
13.9687,-89.6653,9.37,-462.15,68.7,2.9,1.5,-1.09,7.19,5.39,-7.17,3.63,-7.41,2.34,2.9,4.29,-4.51,3.16,-1.83,-3.69,-4.02,3.69,-1.74,-2.12,8.08,-1.43,-2.92,3.24,0.71,-4.23,3.16,3.19,-3.58
13.9687,-89.6646,-12.35,-759.94,80.11,1.63,2.7,-5.07,6.89,4.45,-2.88,3.94,-6.89,2.34,0.36,2.36,-0.77,4.15,2.87,-18.1,-3.72,0.0,-4.38,-2.22,-10.92,0.61,0.82,4.13,0.67,-5.4,2.44,3.18,-6.15
13.9687,-89.6638,-1.13,-262.1,31.34,0.42,3.56,-5.57,6.75,5.05,-4.42,2.31,-7.29,-0.0,12.51,3.04,-3.03,4.02,-6.71,-0.98,-4.19,1.18,-2.13,-5.54,-2.15,-1.14,-2.29,2.6,2.3,-4.46,2.91,3.25,-5.43
13.9687,-89.6631,1.83,-1029.17,130.52,1.75,1.91,-5.04,5.97,4.45,-3.92,2.27,-5.17,-0.0,-18.02,-0.66,-0.76,-0.62,1.75,-2.57,0.13,1.75,-2.8,-3.35,-0.88,0.58,-0.67,3.36,1.28,-3.89,4.48,1.94,-6.0
13.9687,-89.6623,-21.77,-543.52,42.01,5.7,1.56,-4.1,4.23,5.84,-4.54,0.44,-6.53,-0.0,-16.33,2.37,-3.48,-0.93,-0.46,-3.63,1.16,3.74,-3.1,-1.76,0.44,-1.87,-1.28,6.92,-0.41,-5.33,2.05,2.12,-6.02
13.9687,-89.6616,-33.17,-164.57,-18.77,3.77,1.41,-5.15,2.88,6.55,-4.34,2.6,-5.43,-0.0,-16.33,3.51,-5.71,2.76,2.14,-4.56,-0.89,4.17,-1.88,-2.05,-0.15,-1.53,-1.8,2.36,-0.23,-5.56,0.87,2.09,-6.35
13.9687,-89.6609,-17.57,-61.14,-13.19,4.09,0.47,-4.12,3.38,6.21,-3.92,3.78,-6.1,7.32,-6.12,2.22,-5.13,2.01,1.51,-2.15,-1.4,3.03,-0.76,-1.89,1.97,-3.31,-2.7,3.71,0.21,-3.5,2.0,2.05,-6.86
13.9687,-89.6601,46.02,-1044.74,184.95,3.58,1.32,-3.49,3.92,7.42,-5.37,6.87,-7.1,4.79,-9.75,5.63,-2.4,5.46,1.58,1.58,-1.61,2.43,0.34,-2.29,0.71,-1.55,-0.26,4.62,-0.65,-3.92,11.84,2.23,-8.95
13.9687,-89.6594,-50.85,544.29,-128.21,3.52,1.35,-3.67,3.08,9.03,-5.66,3.67,-6.34,-8.51,-0.03,8.24,-2.57,3.38,0.28,-1.75,-1.05,2.68,0.78,-10.32,0.24,-0.23,-1.71,4.98,-3.26,-5.08,-1.23,3.36,-9.44
13.9688,-89.6586,22.99,-854.0,133.89,4.4,1.32,-3.23,8.43,8.07,-6.23,-6.7,-5.84,0.42,3.7,6.92,-3.47,2.4,-0.03,-2.33,-0.86,1.31,1.25,-1.61,-3.38,-0.94,-0.58,5.19,-2.24,-8.76,10.46,3.36,-8.53
13.9688,-89.6579,-9.66,53.06,-18.07,5.62,0.29,-5.32,8.03,8.3,-6.55,1.68,-5.73,18.36,-0.73,5.16,-2.18,11.89,-2.62,-20.11,-3.11,-0.08,-0.94,1.62,-7.13,1.23,6.22,5.59,-3.91,-5.51,3.72,4.15,-9.19
13.9688,-89.6572,-31.85,-168.84,-16.66,1.42,0.08,-4.42,6.47,10.16,-6.45,1.07,-5.6,-4.31,7.32,5.45,-1.39,12.01,-0.21,-15.08,-10.6,-1.08,4.65,-4.1,-12.55,-3.06,0.8,5.94,-1.58,-8.25,4.77,2.18,-10.14
13.9688,-89.6564,-33.88,292.61,-76.72,1.05,-2.43,-3.79,0.44,4.51,0.03,2.42,-7.02,8.7,-0.04,1.2,-1.15,-8.48,-4.08,-0.0,-15.62,-2.08,5.93,-9.72,1.1,-0.78,-5.61,4.94,0.71,-9.73,4.77,2.66,-9.76
13.9688,-89.6557,-50.25,484.51,-120.12,6.46,-0.12,-4.13,5.54,7.0,-10.28,6.29,-5.82,16.89,-10.49,4.59,0.11,-1.32,5.2,-17.05,-5.74,5.08,4.9,-3.5,-5.4,0.04,-8.02,12.59,-0.33,-11.62,3.39,3.21,-10.05
13.9688,-89.6549,-18.29,-178.82,0.67,2.03,-0.13,-2.4,4.08,6.02,-5.12,5.23,-5.5,10.22,2.02,7.07,-4.37,-6.7,-6.1,-6.99,-3.16,5.61,-13.67,0.73,3.04,2.31,-0.53,19.97,0.08,-6.82,6.28,2.32,-11.44
13.9688,-89.6542,18.24,-1277.93,181.38,1.65,-1.28,-3.85,-1.77,8.75,-3.78,-11.37,-5.12,7.43,-0.0,3.01,-1.45,-10.21,4.33,-4.15,7.41,3.5,-0.8,-0.75,1.56,-1.29,-4.28,17.1,-0.68,-5.7,6.71,4.74,-8.78
13.9688,-89.6535,-0.81,-513.63,63.27,2.61,0.79,-1.91,5.13,7.16,-6.3,2.94,-5.75,7.73,-0.0,4.69,-2.61,-2.16,-2.51,0.76,-7.16,4.24,-0.62,0.02,-1.19,0.18,9.29,5.31,-2.04,-5.7,4.0,4.68,-8.56
13.9674,-89.7156,-2.15,-744.0,88.98,4.53,5.4,5.38,-4.69,-0.93,3.79,-8.19,0.15,-0.0,-0.0,0.4,5.73,6.43,-0.5,3.68,3.74,-5.82,8.41,-0.5,2.33,-3.22,0.92,-2.45,1.7,6.05,-7.66,2.01,3.29
13.9674,-89.7149,-0.38,396.92,-49.28,3.69,5.03,4.24,-4.69,-0.61,3.57,-6.89,-1.2,-15.46,28.17,-1.29,6.58,0.5,-0.71,-1.16,2.73,-4.48,6.26,-5.11,2.46,-2.04,3.05,-2.16,1.19,6.3,-8.0,2.89,2.62
13.9674,-89.7141,-18.06,262.76,-53.64,3.59,6.36,4.27,-4.65,-1.41,4.79,-7.85,-0.91,-26.12,22.5,-0.82,5.65,3.28,-5.01,2.63,2.9,-5.69,4.72,-2.12,1.67,-2.14,1.43,-2.06,1.95,5.58,-9.21,2.09,2.62
13.9674,-89.7134,-6.18,-407.98,42.92,3.17,6.27,3.07,-4.83,-0.44,3.92,-10.81,-1.06,-13.79,11.11,-0.17,2.66,1.52,-5.42,1.56,1.58,-6.55,5.1,-6.39,2.81,-2.63,1.97,-1.79,1.93,6.02,-7.64,1.8,2.61
13.9674,-89.7127,-14.59,691.07,-102.29,3.74,6.35,2.21,-3.79,-0.74,4.6,-10.96,-0.75,-0.0,20.08,-0.43,3.29,-4.66,-3.61,2.98,0.59,-6.19,4.92,-3.06,2.39,-0.34,2.34,-2.24,0.61,6.19,-8.5,1.29,2.73
13.9674,-89.7119,-7.33,870.34,-115.81,3.92,7.02,2.25,-4.31,-0.15,7.23,-10.52,0.04,-20.09,39.8,1.67,5.34,-0.71,-2.46,1.76,2.52,-6.83,4.77,-3.72,5.35,-1.4,4.43,-0.68,-0.25,5.76,-7.63,1.43,3.12
13.9674,-89.7112,-18.62,555.27,-90.36,2.51,6.5,2.26,-2.49,0.41,6.22,-11.68,-0.26,-15.3,27.04,-1.52,3.88,0.17,-2.86,2.51,0.42,-5.88,5.76,-3.85,4.2,-3.44,2.66,-3.59,0.29,5.25,-7.72,0.42,2.75
13.9675,-89.7104,-11.8,1049.35,-143.18,2.39,6.27,1.79,-2.17,1.05,6.9,-12.48,0.4,-6.86,32.41,-0.43,4.64,-1.13,-2.02,3.45,0.37,-3.8,3.2,-2.18,4.76,-1.97,2.92,-2.3,0.94,8.04,-7.69,-0.1,2.03
13.9675,-89.7097,-11.1,132.91,-29.47,2.96,7.36,0.87,-2.87,0.69,7.68,-12.64,-0.63,-11.29,10.65,0.19,3.85,0.04,-1.99,1.45,2.55,-3.61,4.14,-2.88,2.73,-2.64,2.51,-1.91,1.19,8.04,-7.73,-0.07,2.15
13.9675,-89.709,-9.17,195.21,-34.88,2.13,6.6,1.54,-2.49,1.41,7.93,-13.35,-0.7,-20.76,22.25,-0.66,4.74,2.41,-2.64,1.17,2.43,-3.34,2.96,-2.9,3.81,-3.14,0.73,-1.54,0.44,7.31,-7.28,0.16,2.21
13.9675,-89.7082,-12.05,798.3,-112.61,2.13,7.66,0.82,-2.07,1.6,8.44,-13.55,0.31,-11.6,25.91,-1.01,5.11,2.2,-2.45,2.06,2.95,-2.61,2.32,-2.23,3.43,-2.39,1.76,-2.32,1.41,7.94,-8.0,0.09,2.21
13.9675,-89.7075,7.33,405.19,-41.29,2.38,7.11,0.57,-0.46,1.93,7.89,-13.6,-0.34,-18.2,35.89,-0.19,4.72,1.5,-2.86,1.99,2.81,-3.73,2.32,-3.17,3.4,-2.56,0.4,-2.01,0.38,9.35,-6.27,0.09,2.2
13.9675,-89.7067,-6.0,-486.94,52.96,2.54,6.88,1.43,-0.31,2.02,6.99,-12.83,-0.65,-44.62,21.32,0.25,3.85,2.15,-1.61,1.89,3.21,-1.97,2.45,-1.82,3.64,-3.08,0.68,-1.38,0.64,8.64,-7.73,0.38,1.93
13.9675,-89.706,-19.76,154.9,-42.44,3.69,6.61,1.46,-0.78,2.96,7.44,-13.12,0.07,-35.05,23.42,-0.38,4.09,-0.21,-1.19,0.33,3.11,-1.01,1.52,1.42,4.48,-4.62,1.99,-1.81,0.87,6.85,-7.73,-0.07,1.34
13.9675,-89.7053,-16.62,1578.6,-214.34,2.92,7.58,0.4,-0.23,2.06,8.59,-12.2,-0.69,-0.0,31.42,-0.31,3.63,2.88,-1.09,-0.01,2.98,-2.22,0.87,-3.04,5.62,-5.63,0.55,-2.01,0.23,5.49,-7.07,-0.34,2.83
13.9675,-89.7045,-29.41,346.41,-77.47,3.17,7.23,-0.05,-0.18,2.94,6.53,-11.45,-1.33,-14.54,7.56,0.26,2.39,0.8,-1.64,2.25,2.84,-0.67,-0.72,-2.66,6.59,-5.42,0.39,-2.01,1.71,6.73,-8.8,0.28,0.57
13.9675,-89.7038,-3.02,282.25,-38.39,3.02,6.55,0.87,-1.63,2.62,6.83,-9.99,-0.78,-34.15,43.21,-0.13,3.49,0.05,-3.42,2.65,0.31,-0.36,1.03,-2.28,4.23,-4.57,-0.48,-2.07,0.83,5.99,-4.62,0.11,0.58
13.9675,-89.703,-37.06,918.28,-157.1,3.28,6.53,1.08,-0.05,4.56,6.27,-9.91,-2.26,-26.1,33.85,0.2,5.09,2.29,-3.05,-0.69,1.31,-1.82,0.33,-6.19,6.24,-4.09,-0.48,-2.27,0.84,6.01,-9.21,-0.58,1.76
13.9675,-89.7023,-3.81,341.26,-46.63,2.52,7.29,-0.09,-0.9,2.72,4.63,-8.63,-2.5,-22.39,28.59,-0.55,1.62,6.99,-2.25,0.02,1.08,-2.2,1.31,-0.45,5.52,-2.83,0.66,-1.36,1.0,5.09,-3.74,0.19,-0.13
13.9676,-89.7016,-48.67,1289.55,-216.7,2.63,7.45,1.12,0.01,3.56,4.21,-6.3,-3.76,-33.95,32.71,-0.22,4.3,8.28,-2.84,2.25,1.05,-3.57,1.4,0.39,7.34,-5.26,-0.25,-0.16,1.72,4.35,-7.52,-1.07,-1.23
13.9676,-89.7008,-4.76,610.23,-80.98,3.15,7.49,1.88,0.06,2.95,3.79,-6.0,-4.06,-11.52,28.87,-0.49,3.2,7.8,-4.04,-3.13,1.77,-2.21,0.09,-1.01,1.27,-3.18,0.94,1.02,2.29,5.86,-2.07,-1.68,-1.05
13.9676,-89.7001,-1.96,711.02,-90.13,3.38,8.08,0.98,-0.57,2.13,0.74,-5.8,-3.46,-12.26,39.7,-0.46,3.19,6.18,-4.69,-0.92,2.81,-1.18,-2.27,-4.06,2.42,-3.93,0.5,-1.09,4.64,10.06,-3.71,-1.99,-1.59
13.9676,-89.6993,-51.58,2045.12,-313.58,3.64,7.55,1.55,0.1,3.28,1.63,-4.62,-3.86,-2.05,33.39,0.82,1.54,9.05,-3.68,-2.49,1.69,-0.69,0.46,-2.74,0.13,-3.37,1.19,-1.63,2.21,-3.11,-3.51,-0.3,-2.07
13.9676,-89.6986,-39.08,1080.29,-179.66,3.32,8.23,2.16,0.45,2.95,0.45,-1.82,-3.24,-13.2,20.44,1.31,2.11,8.03,-5.14,-4.88,0.59,-1.96,0.28,1.09,6.61,-3.9,0.2,-1.66,3.02,3.01,-5.44,-0.3,-2.37
13.9676,-89.6979,-56.19,1179.62,-212.17,2.95,7.45,-0.4,0.46,4.5,0.67,-3.12,-3.48,-22.37,11.04,-0.01,2.43,6.09,-3.79,5.09,3.94,-2.06,-0.54,2.06,4.71,-3.45,2.74,2.13,0.63,-0.03,-5.44,-0.5,-2.8
13.9676,-89.6971,11.08,-1007.9,137.68,2.36,7.48,0.8,1.22,4.62,-0.33,-2.41,-4.1,-16.78,-0.0,1.27,3.9,4.8,-4.07,2.62,-0.54,-3.75,-1.45,2.59,3.73,-2.36,1.36,-0.46,2.19,5.75,-1.85,-0.39,0.26
13.9676,-89.6964,-47.26,829.67,-158.42,3.29,5.97,1.06,0.64,4.6,-0.33,-2.16,-3.68,-31.61,25.95,-0.09,0.53,9.22,-1.03,-1.5,0.26,-0.47,-5.21,0.18,6.55,-3.1,-0.42,-3.58,2.08,5.75,-8.06,-0.13,-3.05
13.9676,-89.6956,-10.06,163.16,-32.07,3.44,6.26,0.08,0.53,4.97,-1.53,-1.86,-3.17,-44.24,40.55,-1.03,2.06,7.38,-2.29,3.92,2.89,-1.63,-2.9,-0.91,-1.05,-5.58,2.38,-1.93,2.93,3.58,-1.01,-0.59,-3.59
13.9676,-89.6949,-33.86,934.99,-155.66,3.01,5.53,1.18,2.35,5.26,-2.15,-1.66,-4.74,-27.73,32.89,0.04,0.3,6.38,-1.6,-0.41,2.2,2.89,-1.26,-2.35,1.63,-3.55,1.49,-2.05,2.4,5.25,-5.69,0.08,-3.89
13.9676,-89.6942,-15.86,1270.63,-175.92,2.94,4.4,1.14,2.29,5.85,-3.56,-1.81,-4.24,-0.0,32.33,1.38,-0.47,6.85,-4.96,-2.91,-0.56,0.63,-1.13,-3.75,3.8,-4.77,2.84,-3.09,1.79,5.25,-1.73,-0.82,-5.18
13.9676,-89.6934,-53.79,2699.86,-397.63,2.77,4.69,1.6,2.26,4.74,-3.39,-1.89,-3.52,-0.0,42.49,1.08,2.54,12.28,-7.92,-2.29,1.38,0.86,-1.35,-1.01,3.35,-4.61,0.93,-4.1,2.1,3.72,-5.65,-1.39,-4.75
13.9677,-89.6927,4.27,1923.43,-232.99,3.56,5.0,0.78,3.63,5.24,-4.53,-1.19,-3.3,-0.0,45.73,1.8,3.03,7.8,-4.51,1.2,5.63,-0.73,-0.6,-1.96,5.46,-4.09,0.7,-2.25,4.7,1.37,-0.17,1.74,-3.23
13.9677,-89.6919,-12.22,653.79,-95.37,4.43,4.92,0.17,4.46,5.03,-3.97,-0.2,-3.89,-27.96,41.6,5.02,2.25,4.37,-4.32,0.77,0.19,-0.4,-0.5,-0.73,-5.34,-2.45,-1.65,-1.53,4.71,4.59,-2.84,1.65,-5.86
13.9677,-89.6912,-16.43,490.38,-80.13,1.98,4.14,-0.13,5.19,4.07,-0.86,-1.12,-3.88,-16.22,28.69,-0.94,6.11,-6.16,-3.43,-0.68,2.06,-1.99,-1.07,-4.92,11.85,-3.62,0.94,-3.76,4.61,0.49,-0.79,1.67,-5.93
13.9677,-89.6905,1.83,-308.0,40.3,2.54,4.53,-0.1,4.4,5.66,-3.08,0.67,-4.59,-21.95,20.07,0.95,3.14,10.53,-15.3,9.54,-0.04,-3.53,1.9,-10.94,0.07,-1.99,-0.74,-4.11,5.47,0.53,0.46,2.25,-4.63
13.9677,-89.6897,-4.38,871.25,-113.08,3.89,5.1,-0.2,4.07,3.0,-1.88,0.26,-4.52,-9.52,25.59,6.47,2.95,14.87,-4.39,1.85,0.34,-5.01,-0.6,-8.23,2.37,-2.26,0.62,-4.25,5.5,-1.93,0.46,4.16,-6.33
13.9677,-89.689,-6.3,1611.16,-207.03,3.44,3.03,0.21,8.07,4.01,-2.35,2.64,-3.86,-2.27,33.17,0.48,4.77,8.42,-3.72,-1.63,1.09,-0.61,-1.49,-1.15,14.08,-4.48,0.9,-3.1,4.0,1.99,-0.25,1.7,-5.83
13.9677,-89.6882,-16.42,905.23,-131.57,2.21,4.77,-0.24,1.76,3.33,-3.0,2.17,-3.41,-11.14,16.15,-0.2,-1.03,7.22,-4.57,14.99,0.93,-5.37,3.31,-1.82,6.84,-3.5,-0.86,-0.25,4.28,-1.88,-0.28,3.79,-7.28
13.9677,-89.6875,-24.24,-124.11,-13.28,2.26,3.6,0.85,5.53,2.23,-2.15,0.06,-2.96,-21.33,30.41,0.17,-0.72,11.39,-6.39,-7.59,-12.94,-9.16,-5.4,-1.08,8.5,0.15,-0.05,-2.86,2.48,1.05,-3.5,2.67,-4.92
13.9677,-89.6868,-113.89,1086.51,-269.35,3.07,4.94,-3.58,3.4,3.24,-2.58,3.7,-2.68,-34.77,16.65,1.23,-0.05,0.91,-0.88,-5.89,-5.1,4.08,-15.51,1.84,3.81,-1.21,-3.47,-3.65,3.57,-3.6,-10.97,2.34,-7.34
13.9677,-89.686,-18.97,-70.56,-13.69,1.34,3.58,-1.72,4.43,4.77,-3.33,2.06,-2.83,-27.86,4.37,4.08,-0.19,0.4,0.79,1.03,5.61,2.45,-1.06,-0.0,5.44,-3.65,-1.6,-6.71,3.5,-3.6,1.82,2.34,-7.36
13.9677,-89.6853,-15.81,758.51,-112.75,0.94,6.19,1.35,6.63,6.39,0.44,1.53,-3.65,-10.27,7.13,3.18,-5.44,7.05,0.02,11.39,4.7,-1.42,-5.7,3.63,-3.8,-2.71,-1.19,-3.83,5.34,-1.81,1.82,2.75,-9.33
13.9677,-89.6845,0.82,678.53,-83.18,0.76,6.34,-1.1,4.42,4.78,-1.73,4.32,-4.35,-0.0,11.42,5.98,-3.11,0.56,-7.83,-1.44,9.45,1.9,-7.16,-0.37,7.28,1.55,4.65,-2.63,1.27,1.92,0.33,3.88,-8.82
13.9678,-89.6838,-36.14,29.33,-46.38,-0.81,2.71,0.27,7.33,4.06,-1.26,2.83,-7.24,-20.35,25.89,-4.16,1.78,-1.69,-10.86,-10.35,4.11,1.35,6.29,-17.04,9.01,-1.1,1.18,-0.3,0.73,2.08,-4.68,3.84,-9.08
13.9678,-89.6831,-33.59,-23.13,-36.87,1.62,3.27,1.83,7.53,8.14,-7.94,2.41,-6.06,-4.28,27.08,3.58,-2.06,-4.55,-15.32,-13.7,9.93,0.45,-9.9,-4.64,-0.31,-1.49,-7.36,-0.87,1.53,1.94,-1.97,3.84,-13.28
13.9678,-89.6823,25.67,-627.01,108.17,1.97,4.68,-2.77,7.42,1.37,-3.82,4.35,-4.43,-11.42,25.25,3.29,-6.7,-8.6,-3.2,-1.45,5.94,-3.53,-4.58,6.04,5.38,0.51,-1.71,-1.79,5.44,1.94,-0.07,3.85,-2.88
13.9678,-89.6816,-98.0,2003.33,-364.58,2.6,4.17,-0.06,4.56,5.55,-4.02,3.56,-5.77,-7.44,31.3,-0.36,-7.36,8.63,-14.76,7.68,0.44,-3.68,-10.42,-12.52,13.57,-0.74,-4.98,-0.09,4.71,-0.64,-11.02,3.7,-10.06
13.9678,-89.6808,-6.52,-1174.16,138.04,-2.66,4.38,-1.65,4.57,6.18,-4.91,4.45,-7.01,-14.5,7.61,2.96,-0.57,20.49,-20.52,-12.41,-0.63,8.98,-11.88,-12.93,-6.53,3.86,-2.21,0.11,1.37,1.72,-2.39,4.44,-7.65
13.9678,-89.6801,24.13,-266.71,61.67,-0.54,3.3,0.09,6.35,8.19,-9.86,4.7,-6.63,4.29,13.73,-0.85,6.6,17.36,-13.45,-0.65,-3.3,-1.73,0.14,-8.06,-7.86,7.49,-3.67,0.47,2.24,1.72,-0.93,5.53,-4.98
13.9678,-89.6794,-1.84,-162.48,18.0,0.69,1.68,-0.25,6.43,7.84,-4.31,6.26,-5.38,4.29,12.37,7.01,-3.67,14.16,-23.23,-3.48,-0.89,-0.24,2.24,-14.85,-4.58,-0.61,7.49,-3.52,4.55,0.18,-4.34,6.92,-5.74
13.9678,-89.6786,22.66,-1690.69,236.81,0.34,1.68,-1.0,6.11,2.95,-5.26,5.41,-5.86,4.29,11.19,6.59,4.42,8.32,-33.52,-2.94,-11.99,-0.67,3.09,-4.0,-11.61,-11.61,1.25,2.24,2.34,0.01,-1.09,4.41,-1.45
13.9678,-89.6779,73.04,-1400.39,260.41,1.1,0.74,-0.31,6.65,4.58,-1.07,7.26,-4.82,-4.68,22.5,14.7,-2.76,-8.02,-26.78,1.97,2.73,2.21,1.37,-2.81,11.85,1.23,-5.13,0.92,-0.68,-0.99,4.94,6.19,-1.78
13.9678,-89.6771,25.68,-533.14,96.64,-1.09,4.27,-1.56,6.81,4.02,-3.08,0.04,-6.64,4.24,15.7,4.73,-9.33,-14.18,6.04,-2.42,3.7,0.35,-6.39,-2.5,8.72,0.11,7.17,2.15,4.34,-3.62,4.94,4.25,-6.96
13.9678,-89.6764,25.76,-1162.41,174.96,1.67,0.87,-0.03,7.07,3.22,-3.74,4.86,-6.12,4.24,-0.0,-0.71,3.8,4.7,-2.69,-1.77,-4.69,-3.37,-2.52,-1.82,2.83,-2.21,1.94,-1.21,3.64,-1.58,3.33,4.54,-6.88
13.9678,-89.6757,10.25,-346.02,55.15,-0.25,1.18,1.03,6.75,5.25,-2.97,4.86,-7.14,-6.2,1.54,1.54,-2.34,4.41,1.54,1.1,3.08,-0.8,-0.54,-3.72,8.72,-6.98,-5.42,1.02,3.35,0.39,-1.39,4.79,-4.81
13.9679,-89.6749,27.24,81.4,22.12,-0.57,1.91,-0.05,6.73,5.71,-3.09,4.7,-5.28,0.75,3.74,2.37,-4.18,9.7,-2.26,0.45,1.23,0.64,0.09,-2.5,18.02,-7.25,11.46,-1.08,2.81,-3.09,2.75,5.15,-4.55
13.9679,-89.6742,70.25,-2392.04,380.62,0.61,1.16,-0.33,6.55,4.27,-3.67,4.91,-6.39,1.65,-19.22,1.74,-4.75,8.2,-1.46,-5.25,0.29,1.86,-1.18,0.34,-3.06,-4.44,3.69,1.95,3.01,0.49,7.08,3.6,-3.06
13.9679,-89.6734,-39.18,-8.16,-45.37,-0.99,0.7,-0.49,8.2,2.92,-2.9,5.95,-6.43,2.36,-19.22,0.07,-3.75,3.37,0.46,-2.2,6.92,-2.06,0.57,-2.02,-1.11,-6.05,-1.79,3.07,1.23,-2.89,-5.77,4.87,-4.51
13.9679,-89.6727,-11.0,-73.18,-3.92,-0.36,0.91,-1.22,7.12,4.11,-1.77,4.95,-7.71,-2.83,-0.0,-0.44,-1.8,10.2,3.64,-1.95,2.13,2.92,-1.67,-3.76,0.38,-3.87,1.33,2.17,1.62,-2.11,-2.24,4.82,-4.74
13.9679,-89.672,8.79,-299.13,47.63,0.19,0.31,-1.91,6.67,4.53,-4.5,3.92,-7.54,9.09,-0.0,1.89,-4.08,7.06,4.3,-2.26,-1.46,0.26,-0.35,-2.45,6.27,-4.15,3.88,1.45,1.31,-2.17,0.45,3.99,-3.27
13.9679,-89.6712,4.09,113.04,-9.23,0.69,0.22,-1.53,6.49,2.2,-2.28,4.95,-7.53,13.41,-7.69,2.2,-1.18,2.04,1.89,2.68,3.45,0.5,1.13,-1.24,1.45,-6.27,-0.26,2.67,-0.26,-1.7,0.69,3.13,-3.71
13.9679,-89.6705,19.37,-1212.05,173.8,0.96,1.59,-1.11,6.36,3.53,-3.35,5.47,-7.87,-0.06,-15.83,5.92,-3.57,6.22,-3.87,-1.46,-0.17,1.89,-0.67,-1.77,1.18,-3.55,-1.87,-0.7,0.85,-0.7,1.64,3.58,-3.26
13.9679,-89.6697,14.72,-793.19,116.18,2.11,1.86,-1.66,7.89,2.88,-3.14,3.5,-8.27,9.59,-15.83,2.16,-4.22,5.2,0.36,-1.15,-0.04,3.07,0.2,-2.6,0.49,-2.6,-0.19,0.33,0.77,-1.34,3.02,2.15,-3.51
13.9679,-89.669,-22.01,207.67,-51.93,2.34,1.85,-1.91,6.62,3.75,-2.73,3.87,-8.84,-0.6,2.3,4.7,-1.89,5.06,-1.72,-0.68,-0.91,2.57,-0.1,-4.89,-0.44,-4.43,-2.18,2.54,-0.11,-3.29,-0.54,1.97,-3.45
13.9679,-89.6683,-57.12,604.15,-142.89,2.87,1.57,-2.38,6.27,3.79,-2.63,3.53,-8.14,-7.04,-2.86,4.14,-2.13,5.14,-0.95,-0.58,-1.03,2.53,-0.8,-3.76,-0.24,-5.28,0.37,2.46,1.18,-1.55,-6.03,2.38,-4.64
13.9679,-89.6675,-22.73,-73.62,-17.75,2.89,2.28,-3.04,5.48,3.5,-0.73,2.11,-9.47,-10.33,-0.0,5.69,-3.71,8.07,1.07,10.49,-3.89,0.07,-2.3,1.86,0.68,-5.42,-0.96,1.45,-1.94,-3.22,-0.37,2.38,-4.64
13.9679,-89.6668,-133.42,1363.5,-327.92,3.55,0.09,-4.54,6.4,3.67,-1.97,12.53,-7.79,-9.11,-0.0,5.35,-3.8,2.75,0.97,-14.6,-5.15,0.95,-2.74,-5.18,-4.0,-0.75,1.71,1.24,0.34,-5.14,-14.89,2.99,-4.19
13.9679,-89.666,-151.91,2723.17,-519.31,4.78,1.32,-4.22,7.38,4.39,-1.82,5.24,-8.45,-0.0,3.4,4.1,-4.11,0.88,-0.75,-6.56,-3.46,2.14,-2.79,-4.69,-1.78,-3.45,-0.62,2.88,-1.43,-7.9,-14.89,2.39,-4.62
13.968,-89.6653,-15.36,826.34,-121.19,7.08,1.22,-4.03,5.77,3.9,-6.5,3.62,-6.66,13.78,8.51,2.46,1.47,5.56,-1.32,-3.62,-5.75,2.0,3.01,-4.84,7.13,-3.35,-0.13,7.45,2.94,-5.15,2.51,2.77,-6.56
13.968,-89.6646,9.32,-204.68,36.56,4.41,0.7,-8.69,7.88,4.21,-5.87,3.25,-6.25,13.78,7.75,2.55,-4.79,1.46,2.36,-11.26,-0.63,-1.02,-1.6,-3.97,8.69,-3.62,0.86,6.68,15.5,-3.65,5.01,1.92,-5.41
13.968,-89.6638,-20.12,705.34,-111.79,1.57,2.45,-3.79,6.75,5.81,-4.85,2.7,-6.07,9.33,11.99,2.86,-1.45,4.88,-4.55,-7.27,-3.25,1.09,0.2,4.11,1.83,-0.04,0.48,0.22,1.72,-4.74,2.45,1.73,-6.37
13.968,-89.6631,-16.5,656.73,-101.45,3.41,1.67,-3.86,5.94,4.57,-4.03,2.83,-4.34,-0.0,6.53,-0.82,-2.05,7.49,-2.17,-6.08,5.99,1.25,1.56,-1.3,2.1,-1.46,-0.02,5.47,0.21,-5.47,2.35,2.56,-5.86
13.968,-89.6623,-29.9,-295.49,1.43,3.73,2.08,-4.67,5.02,6.09,-4.63,4.62,-3.09,-0.0,-0.0,0.74,-3.66,5.06,-1.49,-3.94,-2.06,2.01,0.42,-2.88,-0.47,-1.34,-0.17,3.08,0.31,-6.69,2.8,1.63,-6.98
13.968,-89.6616,-9.78,333.33,-53.18,2.88,2.39,-5.23,4.49,6.97,-3.85,4.18,-5.56,-0.0,-0.97,5.42,-2.95,6.8,-1.23,-2.47,0.18,3.88,-2.26,-3.11,3.05,-1.13,-1.01,4.77,0.66,-4.5,4.17,1.21,-6.35
13.968,-89.6609,-2.23,162.26,-22.89,3.77,1.63,-3.55,4.58,7.23,-5.31,2.81,-5.61,16.69,-8.67,3.44,-2.62,5.41,-0.11,-0.81,-1.14,3.37,0.47,-2.39,1.74,-1.32,-1.82,2.49,-0.08,-5.05,3.81,3.3,-6.69
13.968,-89.6601,-33.12,126.96,-55.09,4.1,2.22,-3.06,3.13,7.32,-5.6,4.14,-5.85,-2.12,-6.42,2.86,-2.44,3.75,-1.03,-1.3,-1.8,2.24,2.12,-3.32,0.54,-1.25,-1.28,4.6,-1.19,-7.14,3.48,1.08,-7.6
13.968,-89.6594,-33.1,1037.18,-168.71,4.11,1.97,-3.92,1.17,8.39,-5.6,8.79,-5.92,10.31,2.32,3.66,-2.8,3.06,-0.77,-2.06,-0.44,2.1,1.04,1.51,0.94,-1.19,-2.49,4.04,-1.44,-5.42,2.5,0.91,-7.48
13.968,-89.6586,-15.63,370.75,-64.82,4.46,0.63,-2.11,5.56,7.95,-6.67,-5.04,-7.13,-4.82,9.23,6.16,-1.96,10.83,3.15,-4.36,-4.42,2.35,1.57,-0.44,3.1,-0.61,-3.79,4.88,-2.43,-5.71,4.29,2.69,-9.03
13.968,-89.6579,-28.86,801.38,-134.29,8.01,0.64,3.31,3.05,6.22,-5.19,-5.34,-6.56,6.63,7.11,5.66,-1.72,6.87,-5.64,4.41,0.49,1.05,4.58,0.07,-7.81,-3.25,-1.67,4.38,-5.22,-5.61,4.29,1.19,-9.87
13.968,-89.6572,-16.7,869.11,-128.35,0.5,-1.76,-0.65,5.68,7.88,-6.23,-3.21,-5.51,12.43,11.84,4.24,-1.13,12.85,7.48,-21.92,6.66,-6.66,1.74,3.15,-8.86,1.59,7.14,6.75,-1.1,-8.17,5.26,3.66,-9.84
13.9681,-89.6564,15.93,-654.58,100.66,1.73,-1.79,-1.54,3.3,6.66,-8.27,1.31,-3.16,21.54,-0.0,3.18,-3.54,-5.27,2.48,1.17,-3.4,4.1,0.16,5.78,-19.7,0.26,4.69,8.92,0.04,-11.28,12.33,2.19,-8.83
13.9681,-89.6557,109.7,-3145.91,523.16,3.41,-2.1,-1.99,2.1,10.72,-5.94,10.92,-1.98,9.62,-0.0,11.16,-0.6,-11.09,-0.25,-9.41,-15.56,12.65,0.59,-0.96,-6.58,-2.16,-1.69,3.22,-0.8,-12.01,21.06,7.12,-9.03
13.9681,-89.6549,23.24,-613.25,104.2,2.58,-0.29,-1.93,1.98,9.42,-5.53,1.23,-1.97,8.1,14.44,2.82,0.7,-6.75,-4.71,-15.48,7.52,3.25,-4.68,0.23,-2.62,-0.65,1.13,13.25,0.14,-3.63,10.89,1.41,-11.67
13.9681,-89.6542,-24.41,778.61,-126.27,2.75,0.49,0.34,2.86,9.9,-5.34,1.71,-2.04,5.27,15.29,4.3,0.45,-3.65,-10.45,-9.0,11.17,-5.68,-0.09,-1.27,11.92,1.36,-2.65,9.39,-10.21,-3.63,2.19,4.89,-13.29
13.9681,-89.6535,-30.94,1083.66,-172.17,-0.06,-3.26,-1.99,2.72,10.39,-4.4,-1.06,-5.17,14.17,-0.14,4.74,-2.45,3.13,-2.44,9.05,-0.26,-1.01,-1.14,0.18,-0.0,-1.3,12.6,-3.29,-1.82,-5.84,2.6,4.89,-13.29
13.9667,-89.7156,-15.85,-884.7,90.12,4.74,5.93,3.61,-5.39,0.07,0.18,-6.37,-1.54,-27.56,-0.0,-0.71,5.37,-1.74,-0.68,2.85,6.53,-9.76,5.0,-0.67,6.14,-0.95,-0.61,-1.86,1.67,4.93,-9.71,2.76,3.59
13.9667,-89.7149,-4.89,245.69,-36.0,3.67,6.71,5.16,-5.27,-0.43,3.53,-6.75,0.2,-12.09,13.27,-0.33,3.31,-1.31,3.39,-0.11,3.52,-6.04,5.82,-0.75,1.7,-2.1,1.27,-0.83,1.93,6.1,-7.97,2.78,1.84
13.9667,-89.7141,-9.25,-8.88,-9.82,2.85,6.54,4.1,-5.44,-0.35,4.04,-6.46,0.03,-23.22,16.14,-2.38,2.0,4.27,-1.08,2.9,1.51,-6.07,5.61,-3.31,2.53,-1.91,2.2,-1.06,2.23,6.05,-8.62,2.32,2.73
13.9667,-89.7134,-7.11,-811.71,91.51,2.72,6.94,3.96,-3.17,0.15,4.27,-7.16,-1.44,-33.6,11.39,0.38,3.27,-1.69,-5.77,1.66,0.96,-3.96,5.07,-4.47,3.29,-2.22,3.12,-2.59,0.82,4.52,-7.21,2.32,2.4
13.9667,-89.7126,-11.57,-373.54,32.33,3.15,6.65,1.62,-3.0,-0.34,4.4,-9.55,-1.91,-20.59,14.5,-0.76,2.88,0.49,-2.94,-1.26,2.8,-5.89,6.32,-5.73,2.08,-2.63,1.6,-3.78,0.28,6.44,-8.41,1.76,2.2
13.9667,-89.7119,-18.31,178.83,-43.62,4.49,6.55,2.99,-3.09,0.69,3.06,-11.59,-0.05,-17.07,16.16,-0.76,5.51,0.28,-3.5,0.13,2.92,-6.67,5.76,-1.97,2.78,-1.74,2.08,-0.73,1.74,6.52,-8.32,0.75,1.95
13.9667,-89.7112,-24.11,657.43,-109.41,3.47,6.57,2.18,-2.39,0.97,5.61,-11.15,-0.38,-21.03,27.17,-2.46,5.98,0.58,-2.02,2.52,3.95,-6.21,4.49,-3.64,3.24,-1.99,1.76,-1.98,0.43,5.74,-8.94,1.24,1.71
13.9667,-89.7104,-21.02,166.84,-45.36,2.97,6.71,0.99,-2.69,0.9,6.09,-11.72,-1.24,-17.47,26.65,-2.3,2.67,-3.41,-3.26,1.1,1.86,-4.14,2.32,-2.88,0.51,-3.26,1.45,-1.65,1.0,5.3,-7.54,0.52,1.56
13.9667,-89.7097,-13.57,622.63,-92.72,1.86,7.5,0.82,-2.51,0.87,6.55,-11.42,0.36,-5.72,16.67,-0.85,5.25,0.99,-1.13,0.09,3.23,-2.94,3.01,-2.84,2.95,-2.78,1.12,-0.98,1.03,6.41,-7.83,1.15,1.56
13.9668,-89.7089,-20.95,692.8,-110.09,1.92,7.1,1.62,-2.49,0.96,7.45,-12.56,-0.41,-6.67,19.37,-2.66,3.88,1.24,-2.81,1.74,3.33,-2.77,3.09,-3.21,2.4,-2.58,1.29,-1.44,0.64,6.39,-7.82,0.19,1.32
13.9668,-89.7082,-13.81,910.48,-128.52,2.15,7.58,1.17,-0.83,1.68,6.91,-11.91,-0.78,-0.0,16.54,-0.88,3.9,-1.0,-2.2,2.12,3.21,-2.67,2.62,-2.68,2.69,-2.74,0.8,-1.29,0.93,7.86,-7.9,-0.0,1.81
13.9668,-89.7075,-11.05,958.65,-131.22,2.4,6.78,0.54,-0.81,1.94,7.44,-11.95,-1.86,-0.0,17.35,-0.77,4.43,1.39,-2.62,2.67,3.58,-1.78,1.94,-2.62,2.24,-2.84,0.06,-1.24,1.33,8.23,-8.16,0.15,2.27
13.9668,-89.7067,-9.83,-665.94,70.49,2.58,6.56,1.14,0.22,1.78,7.56,-12.13,-1.33,-18.18,-0.0,-0.57,4.64,1.48,-1.58,2.39,3.44,-2.51,2.19,-2.44,2.97,-3.18,0.22,-1.68,0.64,6.97,-6.98,0.24,1.74
13.9668,-89.706,-21.05,372.89,-70.83,2.43,6.86,-0.03,-0.37,2.47,7.21,-12.65,0.14,-31.5,27.31,-0.94,4.34,1.45,-1.81,0.98,1.86,-1.48,1.0,0.63,5.41,-3.51,0.31,-1.06,0.51,7.53,-8.58,0.31,1.2
13.9668,-89.7052,-7.24,830.92,-111.04,2.05,5.94,-0.17,-1.38,2.24,7.18,-9.77,-0.19,-0.0,19.67,-0.61,4.38,-0.85,-2.49,-0.74,3.39,-2.7,1.47,-2.62,5.53,-4.26,0.05,-1.86,0.76,8.78,-6.94,0.45,0.01
13.9668,-89.7045,-47.39,1100.23,-191.69,2.29,6.68,0.66,-0.29,2.63,6.94,-11.43,-0.09,-24.22,20.07,0.02,2.48,6.22,0.04,1.41,1.58,-1.45,0.71,-1.39,6.53,-3.81,0.28,-1.7,1.47,5.73,-10.69,0.47,0.4
13.9668,-89.7038,-11.36,-529.82,51.96,2.91,6.79,-0.15,-1.7,3.37,7.4,-9.26,-3.49,-16.38,-0.0,-0.48,3.11,5.42,-3.16,2.02,2.51,-2.03,0.67,1.8,3.27,-4.2,1.01,-1.95,1.71,5.73,-6.21,0.95,0.31
13.9668,-89.703,-20.19,865.29,-130.64,3.67,6.89,-1.1,0.37,2.91,5.26,-7.37,-3.52,-17.4,30.8,0.3,3.06,7.63,-5.81,-1.2,2.57,-3.03,0.69,1.85,4.92,-5.73,1.23,-2.76,1.95,4.25,-5.74,0.92,-0.88
13.9668,-89.7023,-8.33,449.55,-65.33,2.98,7.66,0.3,-0.14,2.71,4.77,-8.66,-2.16,-19.56,27.51,-0.19,4.12,5.35,-5.32,6.46,-2.19,-2.7,-0.3,-1.87,4.75,-3.4,0.56,-1.26,2.44,6.67,-4.64,-0.48,-0.34
13.9668,-89.7015,-47.22,1305.38,-216.93,3.96,8.27,0.76,0.06,2.72,3.35,-4.39,-3.73,-17.91,32.02,-1.26,0.43,5.43,-5.07,0.81,1.32,-1.62,2.12,-4.08,4.56,-3.44,-1.0,0.27,1.63,3.42,-6.84,-0.9,-1.35
13.9668,-89.7008,-42.28,934.54,-165.35,2.67,7.21,1.08,-0.42,2.13,2.77,-6.7,-3.39,-11.87,29.05,-1.65,1.47,5.89,-4.33,-6.27,0.02,-3.01,0.69,0.81,2.97,-5.69,-0.84,0.0,0.54,0.77,-4.56,-0.82,-1.35
13.9668,-89.7001,-9.82,538.4,-78.1,4.43,6.93,0.8,0.51,3.04,0.15,-4.68,-3.59,-4.01,28.66,-3.38,0.93,-5.31,-2.78,1.95,2.05,-2.28,0.16,-0.27,4.11,-1.37,0.74,-1.01,0.45,10.1,-4.93,-0.82,-3.2
13.9669,-89.6993,-1.29,521.56,-65.95,3.44,7.61,2.43,1.49,3.39,0.92,-4.27,-3.26,-14.25,17.81,0.45,-0.43,9.08,-3.61,2.35,2.93,1.3,-0.04,1.42,6.52,-4.96,1.2,-1.27,2.29,-0.6,1.96,0.23,-3.35
13.9669,-89.6986,34.91,936.37,-74.45,4.19,7.92,0.93,1.78,3.96,1.48,-2.5,-2.8,-1.78,23.4,0.22,3.82,3.86,3.0,5.28,3.16,1.17,0.28,1.38,17.39,-5.64,1.1,-2.15,-0.54,3.9,1.96,0.35,0.11
13.9669,-89.6978,-20.77,1095.25,-159.89,3.21,10.66,0.09,0.51,2.09,2.49,-3.61,-3.17,-1.69,24.66,0.75,0.36,-1.06,1.63,-3.82,3.83,2.31,-1.75,-5.6,4.45,-2.9,2.61,1.72,1.65,5.04,-4.86,-0.81,-0.46
13.9669,-89.6971,14.39,-169.72,37.98,3.01,6.92,0.03,1.47,4.32,-2.5,-2.36,-4.12,-2.0,15.6,0.93,4.06,-1.24,-2.14,1.17,-0.79,1.29,-5.08,3.89,1.13,-2.26,-8.47,-1.53,0.4,4.72,1.58,-1.44,-2.16
13.9669,-89.6964,-29.96,1446.92,-214.28,4.49,7.92,0.21,1.64,3.12,-2.76,-2.39,-3.62,-10.14,11.33,0.1,0.78,17.73,0.18,-0.36,1.43,5.09,1.93,0.13,10.66,-3.64,-2.72,-2.29,1.32,7.74,-6.19,-0.48,-3.85
13.9669,-89.6956,84.74,-1659.82,305.38,3.17,5.43,0.86,0.61,5.2,-1.88,-1.77,-3.63,-0.0,16.81,-0.36,-2.82,6.62,-4.13,-3.26,1.5,-4.57,-2.89,-1.34,2.58,-6.72,1.91,-9.65,2.39,7.74,8.55,-0.29,-2.99
13.9669,-89.6949,13.31,294.35,-20.68,3.82,6.14,0.88,1.45,5.31,-2.5,-0.85,-4.38,-0.0,9.31,1.82,1.19,6.72,-4.52,6.27,-1.19,4.32,-3.68,-1.16,1.8,-7.19,-0.47,-1.53,2.19,3.85,2.16,-0.77,-3.69
13.9669,-89.6941,-5.37,1648.96,-210.32,1.91,5.84,0.25,2.09,4.95,-3.02,-0.59,-3.29,-0.0,40.58,2.06,0.77,6.97,-4.34,-5.65,1.04,1.7,-5.92,4.2,12.66,-4.88,0.94,-6.19,2.11,0.55,1.67,-0.77,-3.69
13.9669,-89.6934,90.16,-520.96,171.01,3.76,3.87,0.62,3.94,4.03,-3.16,-0.87,-2.68,-0.0,35.61,-0.14,0.71,10.5,-5.47,-5.56,-0.35,-1.83,-0.72,3.83,4.79,-3.04,4.14,1.1,1.7,1.31,13.99,0.12,-5.09
13.9669,-89.6927,-24.12,1841.52,-256.4,3.45,3.86,0.34,3.73,4.72,-7.31,0.21,-3.63,-0.0,30.02,3.4,-2.1,8.37,-5.34,-1.61,5.77,2.89,1.3,-1.35,5.93,-4.42,2.2,-4.23,3.34,-0.94,0.27,0.12,-5.77
13.9669,-89.6919,-40.28,1493.0,-232.41,2.38,4.6,-0.12,3.52,5.06,-3.87,-2.45,-4.67,-20.24,33.3,0.19,1.88,7.69,-5.81,6.72,1.44,-0.6,-1.48,-2.19,11.88,-4.48,2.12,-1.94,1.92,-0.94,-3.38,0.48,-3.94
13.9669,-89.6912,26.33,115.23,16.86,3.3,3.83,0.19,1.88,5.59,-4.21,0.45,-5.63,-19.86,25.93,0.94,5.7,11.19,-3.08,1.99,0.02,-3.54,-1.45,2.97,10.01,-4.48,3.2,-0.66,5.57,1.5,2.04,2.36,-3.27
13.967,-89.6904,19.82,1345.13,-143.12,2.12,2.02,-0.23,6.42,2.93,-3.92,4.29,-4.28,-0.0,10.77,2.79,10.0,20.4,-4.44,4.96,2.23,-0.64,1.47,-6.23,11.25,-2.61,1.56,-3.35,4.61,0.06,1.73,4.84,-6.44
13.967,-89.6897,-53.3,1555.3,-255.63,3.03,2.42,-0.07,7.25,3.25,-1.76,0.51,-3.91,-13.79,16.88,4.98,-9.69,10.36,5.45,2.61,3.81,-0.04,-1.92,-9.68,9.94,-3.42,0.81,-4.24,5.3,-0.39,-3.64,1.16,-7.8
13.967,-89.689,-9.57,-554.26,57.34,1.26,3.32,-0.75,5.49,4.85,-1.87,0.52,-4.26,-20.16,-0.0,4.21,-2.22,10.39,-10.74,2.53,5.49,0.8,-1.98,-1.99,11.49,-1.44,-3.04,-3.85,4.06,-0.39,-2.36,5.16,-5.99
13.967,-89.6882,-62.62,1905.91,-310.17,2.06,3.74,2.18,4.42,6.22,-0.47,0.68,-6.03,-0.0,-0.0,4.82,-1.24,7.19,-0.05,-1.64,-0.86,3.78,-4.93,-1.44,12.96,-4.56,-2.03,-2.41,4.27,-5.94,-2.35,1.91,-7.31
13.967,-89.6875,-14.96,2266.19,-298.51,1.89,4.57,-1.27,5.65,4.38,-2.77,2.5,-5.59,-0.0,42.85,12.13,8.5,11.28,-5.46,-0.25,-3.59,1.97,-4.94,0.59,-4.53,-5.18,-3.88,-4.9,5.77,-4.05,-0.84,4.85,-5.4
13.967,-89.6867,-94.0,3012.68,-484.55,0.89,3.58,-5.72,5.9,4.58,-2.26,2.19,-5.5,-0.0,26.87,-0.85,-6.48,23.66,-6.42,5.82,-1.79,-8.29,-12.38,10.23,7.57,-6.22,-0.98,-2.76,5.26,-1.28,-10.44,2.59,-6.53
13.967,-89.686,-66.6,1020.14,-205.22,2.91,4.75,-1.99,6.8,3.64,-3.92,2.95,-4.67,-25.1,14.21,7.53,0.22,-16.75,-0.05,-3.56,5.77,6.44,-0.19,6.36,6.28,-4.84,1.16,-2.15,2.88,0.6,-5.76,2.59,-10.23
13.967,-89.6853,-41.47,-563.96,20.88,1.42,6.76,-1.33,7.88,10.33,-2.03,2.59,-4.53,-43.4,17.11,-9.75,-7.3,-1.58,-11.61,1.87,-1.28,14.36,8.94,-2.34,-1.63,-6.48,-6.72,-1.03,1.59,3.13,-5.76,4.09,-9.49
13.967,-89.6845,-31.81,-443.0,17.32,2.25,2.8,-0.53,6.87,5.57,-4.07,-0.12,-5.94,-31.03,20.23,1.5,-0.21,-6.7,-8.36,-1.82,8.11,-2.24,-9.05,-1.71,10.18,-1.8,-5.04,0.68,3.81,-2.16,-2.51,4.32,-7.67
13.967,-89.6838,-32.06,-614.86,38.35,2.5,4.81,-1.89,7.95,5.82,-5.67,2.19,-5.03,-37.42,13.86,0.71,0.98,0.79,-12.28,-6.17,5.29,4.98,-0.49,-3.98,3.7,-0.84,-3.55,-2.54,3.18,0.64,-2.68,3.27,-8.94
13.967,-89.683,-25.24,408.43,-80.52,2.1,2.42,0.77,8.52,4.72,-4.49,4.41,-5.79,-26.96,29.7,4.1,3.04,2.81,-1.7,-8.12,-1.22,-1.5,2.5,-12.81,8.88,0.2,-3.17,1.76,4.58,-0.73,-2.27,3.27,-6.7
13.967,-89.6823,-27.74,939.14,-149.35,0.39,3.3,-1.31,8.44,4.13,-4.24,5.56,-5.19,-22.16,32.95,9.02,3.08,0.03,-10.01,-6.05,3.29,2.56,-2.36,2.47,9.21,-6.98,-2.0,-1.89,1.99,-1.97,-2.27,4.93,-8.71
13.9671,-89.6816,12.06,-1149.21,156.89,2.54,-0.6,-1.46,6.13,4.55,-2.2,1.97,-6.68,-9.91,-0.0,4.9,7.24,-4.91,-13.83,4.2,2.03,3.54,-10.72,3.52,11.11,0.51,-4.0,-0.54,2.99,0.82,3.48,2.46,-8.71
13.9671,-89.6808,22.36,525.79,-38.81,-0.07,2.59,-2.12,3.22,7.35,0.69,5.97,-6.11,-3.75,15.02,1.33,-1.87,14.66,-4.24,8.57,2.69,0.89,0.04,-4.62,4.63,-4.82,0.4,-0.49,1.46,0.94,2.99,3.0,-6.69
13.9671,-89.6801,31.24,-335.55,78.63,4.04,3.4,-1.09,6.24,7.38,-4.45,4.41,-4.46,3.12,13.14,3.14,5.31,16.18,-23.14,-2.03,1.98,4.68,-2.39,-0.3,-4.72,-4.39,-5.49,-0.39,3.27,0.94,0.26,4.04,-1.81
13.9671,-89.6793,123.53,-3127.82,534.59,-0.68,3.91,-2.42,1.93,6.86,-2.53,5.74,-6.93,-2.85,10.4,9.42,-6.97,-0.0,-0.0,-1.19,0.71,10.75,10.58,-1.76,8.13,12.2,5.89,1.43,-2.92,-3.06,14.18,4.9,-1.81
13.9671,-89.6786,76.12,-2974.51,459.53,-1.67,0.89,-0.24,6.46,4.97,-11.43,3.9,-6.66,-2.85,20.17,-0.59,-6.38,5.03,-25.35,-6.22,-2.62,2.51,-9.97,-0.52,-0.38,2.42,-2.49,-0.12,3.0,-1.16,10.75,2.49,-5.43
13.9671,-89.6779,-15.02,-1662.09,188.71,2.06,1.15,-1.32,5.83,5.31,-4.39,5.15,-5.37,-16.18,-0.0,-4.62,-14.55,7.26,-31.62,1.49,6.44,3.23,-0.52,-1.37,12.12,1.18,5.8,0.02,0.5,-0.13,-6.48,6.97,-4.96
13.9671,-89.6771,-140.15,3175.94,-560.49,1.57,2.31,1.41,5.79,7.02,-3.52,5.25,-7.09,-6.43,16.48,7.39,-8.27,-7.99,-3.24,-0.87,7.51,5.99,-5.53,-6.28,10.27,8.38,-2.04,-1.03,5.34,-2.53,-20.82,6.97,-6.66
13.9671,-89.6764,-69.44,1184.68,-229.42,0.67,1.97,-0.96,7.7,7.27,-4.5,7.65,-8.88,-3.25,7.27,-1.79,-4.27,-7.2,-1.01,-2.02,5.55,0.56,3.35,-3.97,7.06,-6.34,4.02,2.88,1.18,-0.05,-9.42,3.23,-6.66
13.9671,-89.6756,-54.44,1087.47,-199.61,0.92,3.44,-1.77,6.74,5.71,-3.72,4.97,-7.53,2.73,-7.25,5.6,-1.99,6.38,-4.62,-2.74,2.05,-0.13,-2.07,0.53,10.49,-7.68,5.8,2.12,3.79,0.66,-9.7,3.68,-4.02
13.9671,-89.6749,13.32,-840.45,120.26,-0.92,3.21,-2.23,7.22,5.23,-5.41,5.37,-4.97,-0.59,-5.75,4.62,-12.56,8.58,-1.46,-8.5,0.72,5.0,-0.09,-1.34,5.08,-4.82,-1.01,1.87,4.71,1.1,1.49,2.75,-6.4
13.9671,-89.6742,41.02,-1350.79,216.54,0.48,1.4,-0.25,5.94,4.48,-5.29,4.02,-7.11,-8.95,-8.24,3.76,-4.75,9.21,1.01,-0.33,2.45,-0.86,1.81,-1.71,5.7,-4.5,0.24,-0.27,1.45,0.98,2.27,5.08,-4.54
13.9671,-89.6734,105.81,-3191.47,522.21,-0.14,2.74,-0.77,7.55,4.45,-5.77,4.28,-7.05,-3.45,-8.24,0.18,-4.97,2.11,-1.95,-2.64,5.33,0.78,-0.81,-1.18,0.26,-3.47,-6.57,0.63,3.19,-0.9,11.83,5.23,-4.07
13.9672,-89.6727,2.44,-377.89,49.9,0.43,1.51,-1.37,7.88,3.15,-4.31,6.49,-8.21,-2.14,-1.36,-0.23,-3.1,6.4,-0.27,0.5,-0.06,4.21,-5.97,-1.21,3.04,-4.84,2.64,0.27,2.35,-2.84,0.98,3.6,-4.63
13.9672,-89.672,8.96,-230.65,39.31,0.8,1.54,-0.24,6.3,3.87,-3.66,3.58,-8.77,6.78,-1.36,2.57,-5.13,0.84,-1.03,0.57,0.27,3.62,-0.05,-2.9,2.55,1.1,4.24,5.38,0.8,-3.79,0.93,3.71,-2.03
13.9672,-89.6712,22.88,-503.3,89.73,1.07,1.53,-0.87,5.87,3.96,-5.84,5.77,-9.69,15.88,-0.0,2.87,-2.95,3.81,-2.36,1.06,2.35,3.23,0.72,-2.62,0.59,-2.6,0.81,0.77,2.25,-4.01,3.42,4.16,-3.37
13.9672,-89.6705,7.73,5.97,8.4,1.8,0.92,-0.63,6.69,3.72,-2.41,6.27,-8.53,13.44,-3.85,3.97,-3.18,4.24,-0.96,-2.16,-0.93,4.06,1.35,-1.14,1.05,-3.69,-0.54,-0.53,0.62,-0.67,1.94,2.06,-4.26
13.9672,-89.6697,10.03,-201.78,36.99,2.03,1.86,-1.84,6.39,3.83,-3.24,4.29,-7.89,19.52,-0.0,3.43,-3.75,4.26,0.32,-1.57,-1.21,1.86,-0.11,-2.93,1.05,-3.32,0.64,2.31,1.06,-2.6,4.22,1.74,-4.78
13.9672,-89.669,-44.17,85.8,-62.99,2.39,1.91,-1.95,5.48,4.39,-3.61,5.25,-8.3,-11.95,-0.0,4.97,-2.35,5.24,-1.58,-1.88,-0.28,2.75,0.27,-1.9,1.63,-3.67,1.8,1.51,1.35,-1.98,-5.05,2.86,-3.62
13.9672,-89.6683,-17.48,-287.05,15.05,2.06,0.91,-2.35,5.97,5.95,-4.7,5.46,-9.93,-4.42,-0.0,4.54,-1.7,6.64,-1.94,0.13,-0.45,2.23,-1.04,-0.53,-0.49,-4.2,-0.74,1.27,1.66,-3.03,-0.71,2.86,-3.79
13.9672,-89.6675,-41.89,176.91,-71.65,2.83,1.04,-2.41,4.81,3.01,-5.28,5.19,-9.54,-3.83,-0.0,4.96,-3.53,6.26,-0.32,0.55,-0.66,1.81,-0.62,-1.25,3.28,-4.84,-1.98,1.16,0.05,-5.55,-1.24,2.84,-5.83
13.9672,-89.6668,-38.96,487.94,-106.94,2.91,1.17,-4.33,6.54,2.84,-3.1,7.53,-8.61,-0.0,-14.7,5.03,-1.34,5.2,-1.41,4.93,-4.36,0.37,-1.54,-4.91,13.03,-6.59,-1.2,0.98,0.12,-1.66,-1.24,1.52,-7.26
13.9672,-89.666,-75.01,1127.49,-229.36,1.96,0.08,-4.5,7.31,4.28,-6.52,11.66,-8.44,-0.0,-7.68,4.71,-1.84,2.89,0.76,-7.31,-4.65,1.07,1.43,-2.95,8.83,-6.61,-3.82,2.11,0.35,-6.39,-4.5,1.65,-5.14
13.9672,-89.6653,-93.15,2374.11,-406.26,5.39,1.32,-2.39,5.69,2.5,-3.21,5.48,-6.75,1.44,10.08,3.66,-0.86,2.82,-3.11,10.89,-5.08,2.26,-3.0,-0.3,1.56,-2.53,1.32,2.45,-1.27,-1.39,-9.83,3.1,-7.83
13.9672,-89.6646,-69.25,883.91,-192.23,4.21,0.45,-2.39,5.08,5.83,-7.77,7.11,-6.83,4.23,-0.0,2.21,1.38,2.74,-7.3,1.81,2.43,-1.19,0.25,-4.74,2.19,-4.11,-2.57,7.15,-1.31,-7.54,-1.65,1.72,-7.68
13.9673,-89.6638,-93.27,1574.95,-306.88,3.8,0.76,-3.02,6.51,4.49,-2.59,7.25,-7.75,-5.4,13.11,2.52,-2.93,3.99,-4.9,1.24,-5.7,-1.27,-3.16,-1.92,-2.4,-7.03,3.07,6.53,-0.27,-7.54,-6.25,3.35,-7.89
13.9673,-89.6631,-21.6,287.36,-61.43,3.28,3.28,-4.61,4.89,4.93,-4.44,4.04,-4.26,-0.0,3.56,2.55,1.67,2.04,-2.7,-3.64,-8.53,3.3,-0.69,-2.01,3.27,-2.83,-1.07,6.19,0.34,-7.86,1.35,3.37,-4.0
13.9673,-89.6623,-13.66,-572.78,55.26,9.07,2.54,-6.0,5.14,2.94,-3.63,5.68,-2.03,12.46,-0.0,3.97,-3.46,1.45,-3.57,-5.23,-13.65,1.54,1.62,-2.07,0.7,-4.42,2.01,-2.45,1.78,-5.07,2.15,2.99,-5.95
13.9673,-89.6616,2.38,-710.28,91.44,3.52,1.23,-3.08,4.88,5.2,-5.05,4.75,-6.16,9.75,-15.84,1.29,-3.69,3.48,-1.63,-2.44,-1.91,4.5,-0.12,-0.95,1.93,-2.73,-1.25,2.01,0.72,-5.44,3.66,3.97,-5.95
13.9673,-89.6609,84.6,-2107.5,363.25,4.35,2.18,-4.12,4.29,6.72,-4.88,4.96,-7.23,15.14,-15.84,5.92,-0.36,4.22,-3.37,-1.02,-2.43,3.75,0.69,-3.58,0.6,-2.22,-1.39,3.16,-0.22,-4.25,13.76,4.01,-5.61
13.9673,-89.6601,17.09,-82.78,30.59,4.71,1.45,-2.59,8.92,6.87,-4.81,2.64,-6.32,10.01,5.13,5.33,-4.14,3.7,-1.55,-0.62,-1.13,2.5,2.07,-4.3,-0.23,-1.73,-0.37,2.83,-0.36,-5.63,8.07,2.69,-7.98
13.9673,-89.6594,25.57,-744.32,123.22,4.3,0.98,-1.91,3.56,8.09,-5.97,-0.1,-7.23,16.28,-15.21,6.55,-3.87,3.89,0.28,-1.61,-0.92,2.23,1.5,0.91,1.4,-1.11,-1.52,3.92,-1.28,-3.7,8.07,2.44,-7.69
13.9673,-89.6586,-103.84,3068.88,-506.25,6.16,3.19,-2.91,7.07,8.19,-5.82,6.28,-7.8,14.39,8.93,5.66,-2.59,-8.48,0.48,-0.76,-1.38,5.75,12.02,-0.61,-0.87,2.72,-2.29,3.82,0.48,-6.25,-6.51,2.22,-9.56
13.9673,-89.6579,14.59,-316.31,56.79,1.77,0.14,-0.84,5.25,5.56,-4.2,5.2,-6.87,12.4,13.16,5.37,1.19,-4.48,-2.36,2.69,-9.52,4.86,6.32,-5.57,-11.99,-4.78,-13.09,4.03,3.44,-4.23,7.1,2.05,-7.4
13.9673,-89.6572,-34.77,824.17,-144.15,4.21,-0.07,-1.07,1.18,7.4,-8.35,-0.99,-5.73,6.03,23.78,5.28,-1.01,2.03,-0.95,-0.06,-1.74,2.75,1.66,-10.32,-13.88,-4.42,-0.06,6.05,0.47,-6.28,3.29,1.98,-10.0
13.9673,-89.6564,2.74,-9.94,4.49,2.46,1.43,-1.64,2.09,7.53,-7.07,0.12,-6.72,13.63,-0.0,4.52,-4.81,2.51,1.08,-3.34,4.64,1.16,-0.95,10.7,-0.81,3.3,3.23,-1.65,2.58,-6.86,6.04,4.96,-10.06
13.9673,-89.6557,46.87,-2172.2,327.0,1.82,-0.14,-2.88,0.7,8.55,-8.26,3.99,-2.3,0.42,13.2,5.5,0.41,-22.17,-4.82,-21.87,7.7,10.69,0.43,0.58,-18.58,4.08,-2.85,11.33,0.91,-5.47,14.1,2.81,-11.84
13.9673,-89.6549,-20.05,-388.23,24.75,0.86,-0.44,-5.15,1.69,10.17,-4.93,1.73,-5.29,-2.01,6.0,-2.32,-1.19,-3.3,-0.21,-18.68,-1.18,6.93,4.4,-1.05,-2.14,1.37,0.39,20.13,-4.19,-5.47,3.99,4.38,-12.44
13.9674,-89.6542,25.41,-1230.09,183.89,0.99,-1.2,-3.81,2.49,6.78,-3.48,3.33,-5.17,7.41,10.0,3.01,-1.19,8.41,-0.05,-17.76,-3.35,-7.78,-3.67,0.85,-6.24,0.92,-6.39,6.06,2.96,5.43,3.31,4.38,-12.44
13.9674,-89.6535,-29.14,1062.44,-167.39,3.75,0.01,-1.96,2.24,9.12,-3.94,-0.14,-6.25,11.59,14.11,6.16,-3.72,10.11,-2.42,0.07,0.19,6.73,-17.52,-1.01,-0.0,-6.33,-1.08,12.11,1.86,-4.1,3.31,2.59,-12.25
13.966,-89.7156,-36.17,247.34,-73.09,4.38,5.77,3.46,-5.0,-0.22,2.42,-5.38,-0.12,-32.12,11.4,-0.56,3.69,1.41,-0.56,2.41,2.2,-7.93,9.06,0.22,4.52,-3.11,1.37,-0.77,1.5,5.28,-12.01,2.68,2.45
13.966,-89.7149,-15.03,-168.04,2.94,3.38,5.1,4.85,-3.94,0.41,2.56,-6.27,-0.18,-35.44,26.24,-5.32,5.91,2.98,-1.28,-3.0,-0.59,-8.43,7.98,0.71,2.88,-3.6,2.36,-1.49,1.31,5.52,-8.84,2.56,1.78
13.966,-89.7141,4.55,-950.16,122.28,3.79,6.87,3.92,-3.91,-0.14,2.7,-7.05,-0.43,-30.89,15.82,-2.95,6.44,-2.6,-5.22,2.06,-1.33,-8.98,8.46,-4.8,4.8,-2.93,2.32,0.56,1.36,5.82,-6.76,2.56,2.42
13.966,-89.7134,3.75,-1368.86,172.89,2.76,5.79,2.87,-4.81,0.36,3.28,-6.38,-1.63,-23.28,2.7,-3.11,3.86,-7.83,-5.45,0.08,3.05,-9.76,8.4,-1.82,2.75,-0.66,1.91,-0.86,0.54,6.62,-7.76,2.26,3.61
13.966,-89.7126,11.42,-44.54,18.96,3.65,6.72,2.93,-3.53,-0.51,4.5,-7.9,-0.64,-0.0,5.63,-2.15,4.56,3.07,-5.73,4.18,2.38,-7.45,6.13,-4.01,0.42,-2.94,2.34,-1.47,2.22,6.62,-6.42,2.93,2.02
13.966,-89.7119,-11.28,22.0,-16.03,3.77,6.95,1.87,-3.02,-0.3,4.36,-9.99,-1.16,-11.53,8.01,-1.14,4.92,1.18,-0.23,2.89,1.42,-5.52,5.62,-3.44,2.2,-2.59,0.63,-2.65,1.15,6.21,-7.73,1.68,1.36
13.966,-89.7112,-28.87,56.94,-41.08,3.29,6.49,2.29,-3.38,0.49,4.5,-9.66,-0.18,-27.14,5.29,-2.07,3.22,3.39,-1.92,6.59,4.66,-5.16,4.67,-3.64,1.89,-1.96,4.83,-0.86,1.47,4.75,-8.35,0.74,1.36
13.966,-89.7104,-16.31,504.06,-81.33,2.77,7.43,0.71,-2.37,0.59,6.67,-11.17,-0.8,-6.73,13.65,-2.33,3.31,-0.49,-0.89,-0.31,5.53,-2.61,6.09,-2.23,2.58,-2.46,0.37,-1.37,2.25,6.97,-8.56,0.99,1.86
13.966,-89.7097,-25.03,724.61,-118.81,2.26,6.9,0.81,-1.41,1.15,4.89,-9.65,-2.19,-8.62,20.42,-1.21,3.69,0.14,-2.27,1.13,2.6,-3.38,4.01,-3.05,3.01,-2.64,0.82,-0.31,1.68,5.86,-9.27,1.83,0.88
13.966,-89.7089,-10.63,655.15,-93.28,1.86,6.54,0.88,-1.6,1.31,6.79,-12.02,-0.85,-11.88,28.56,-2.15,2.94,1.55,-1.61,2.25,3.05,-3.75,3.38,-1.68,3.08,-3.56,0.94,-1.8,1.45,6.77,-7.45,1.09,1.21
13.966,-89.7082,-23.41,-125.36,-12.19,1.85,7.17,0.99,0.23,1.45,7.51,-12.01,-1.82,-27.89,10.16,-1.22,4.47,-0.45,-2.78,2.63,4.47,-2.42,2.72,-3.73,4.81,-2.9,-0.19,-1.23,1.43,5.91,-8.27,0.8,1.0
13.966,-89.7075,-34.49,519.06,-104.7,2.23,6.45,0.61,-0.6,1.22,7.66,-11.56,-1.85,-18.83,13.23,-1.12,4.58,1.96,-2.15,2.48,2.96,-2.16,1.5,-2.73,4.48,-2.84,-0.03,-1.58,0.94,5.67,-10.4,1.16,1.8
13.9661,-89.7067,-21.56,-633.67,52.68,2.34,6.69,1.28,0.12,1.6,9.23,-12.16,-2.46,-24.71,-0.0,-1.48,5.19,1.53,-1.62,3.34,2.96,-1.63,0.75,-2.22,3.16,-3.2,0.26,-0.69,0.38,4.88,-7.96,1.32,1.19
13.9661,-89.706,-10.65,-885.45,96.61,2.39,6.07,0.56,-0.89,2.26,6.96,-12.11,-1.99,-25.26,-0.0,-0.92,4.29,5.65,-3.81,1.02,4.45,-2.31,1.91,-2.18,3.56,-4.48,1.54,0.04,2.61,3.51,-5.22,1.13,0.79
13.9661,-89.7052,-7.57,1604.89,-206.88,2.1,6.14,0.15,-0.95,2.06,7.25,-12.87,0.04,-0.0,34.98,-0.46,5.38,5.89,-4.63,4.09,3.7,-3.72,-0.31,-0.12,4.12,-4.29,-0.53,-0.26,1.35,6.69,-5.63,0.02,0.6
13.9661,-89.7045,-5.99,-138.12,9.96,2.25,5.27,-0.12,-3.95,2.86,8.33,-12.81,-0.37,-16.37,13.08,-1.17,2.52,-1.14,-0.52,1.83,0.14,-3.07,-3.04,1.96,14.57,-6.09,0.42,-0.58,0.27,5.2,-5.78,0.44,2.17
13.9661,-89.7038,-35.26,-183.41,-19.01,4.51,5.97,-0.69,-0.92,3.62,5.21,-11.97,-1.17,-25.3,19.84,-1.92,3.02,-0.99,-7.06,-0.06,2.63,-1.21,1.75,-8.66,0.03,-4.14,-1.33,-1.32,1.04,4.39,-8.14,-0.4,1.65
13.9661,-89.703,27.0,-975.1,152.22,3.52,7.07,-0.47,-0.31,2.63,6.18,-9.12,-2.22,-3.13,-0.0,0.29,4.29,7.85,-5.23,0.78,-0.63,-1.21,1.37,-1.47,5.67,-6.73,1.39,-1.96,1.18,6.03,-3.77,-0.4,6.95
13.9661,-89.7023,-51.78,673.17,-144.25,3.47,7.68,2.01,0.94,2.22,5.51,-8.95,-0.9,-0.27,-0.0,-1.31,3.01,7.77,-4.37,0.88,-0.99,-3.38,1.19,-2.56,5.32,-0.92,-2.16,-3.4,0.18,1.97,-8.5,0.34,-0.03
13.9661,-89.7015,-34.56,-65.76,-32.7,2.57,8.2,1.11,-0.7,2.51,7.63,-9.11,-2.19,-8.17,-0.0,0.49,0.62,-1.64,-3.89,1.57,5.13,-2.44,2.13,-2.77,2.67,-5.82,2.69,0.94,0.84,1.04,-5.33,0.3,-0.35
13.9661,-89.7008,-28.36,425.96,-86.1,2.87,6.23,0.59,-0.37,2.52,4.16,-8.06,-3.46,-16.52,19.99,0.05,1.85,1.69,-3.36,1.5,2.71,-2.09,-1.48,-1.97,3.19,-3.25,2.27,-1.92,-3.88,1.32,-2.5,-0.97,-2.05
13.9661,-89.7001,-17.87,1883.42,-253.72,2.66,7.68,0.75,0.48,1.94,1.52,-6.37,-3.13,-0.0,33.44,0.5,1.02,20.32,-6.46,-1.32,3.34,-4.02,1.34,-2.17,2.24,-3.13,1.62,0.01,1.0,1.55,-2.5,-0.29,-0.89
13.9661,-89.6993,-7.82,730.07,-99.42,3.1,8.33,-1.14,1.47,2.82,1.34,-6.37,-3.32,-15.09,25.11,-0.32,0.93,17.7,-5.06,2.35,3.14,1.01,-1.73,-10.17,8.22,-4.86,1.78,-1.42,1.01,4.9,-3.1,-0.06,-1.51
13.9661,-89.6986,-8.02,1201.5,-157.92,3.27,6.29,0.61,0.86,2.79,1.96,-1.88,-3.16,-5.58,40.81,0.8,4.43,2.75,-4.87,-7.44,6.6,0.68,-0.38,-3.44,1.0,-1.81,-0.63,1.01,1.97,2.17,-1.19,0.87,-3.44
13.9662,-89.6978,-9.37,417.38,-62.65,5.02,6.57,0.69,1.66,2.06,-0.01,-4.3,-4.44,-11.64,27.56,0.97,3.57,1.36,1.84,-0.36,2.73,-1.58,-2.25,-10.55,3.98,-4.8,1.01,-2.5,-1.15,1.48,-1.17,-0.31,-1.2
13.9662,-89.6971,-25.4,-721.36,59.15,3.57,5.11,0.22,2.78,4.0,0.49,-4.18,-3.55,-0.19,-0.0,-1.54,3.93,-13.96,-0.74,1.2,0.99,-1.78,-2.47,-1.86,-3.73,-4.87,0.42,0.2,-0.23,-0.44,-2.37,1.24,-3.29
13.9662,-89.6964,-29.77,588.54,-107.94,4.24,8.4,0.38,1.35,5.19,-2.05,-2.88,-4.35,-21.93,32.4,-0.57,2.33,-0.04,-4.04,4.35,-1.24,6.71,-10.08,1.08,3.58,-9.45,-4.07,-1.65,1.15,0.13,-0.96,-0.11,-5.32
13.9662,-89.6956,-4.67,-796.04,92.91,4.77,8.34,0.59,3.67,4.97,-1.59,-3.55,-3.87,-26.17,20.71,-0.12,-2.56,1.31,-8.46,1.18,-0.58,-1.47,-2.98,-0.88,3.8,-7.9,-3.2,0.0,2.12,3.8,-0.41,-0.11,-4.4
13.9662,-89.6949,-28.5,-449.81,21.94,3.32,5.28,0.53,2.13,4.85,-1.5,-0.48,-3.54,-17.92,-0.0,1.18,3.13,4.97,-6.6,0.65,2.1,-0.91,-1.77,-7.29,8.21,-8.0,5.9,-1.9,1.19,-2.61,-0.41,0.4,-3.93
13.9662,-89.6941,-9.64,-332.5,29.74,3.29,6.11,0.11,2.84,4.74,-3.97,-3.02,-3.88,-30.67,21.6,0.93,0.76,4.12,2.33,-0.32,1.04,9.89,-16.39,-6.02,7.74,-5.22,-4.67,-0.39,1.94,5.76,-2.42,0.15,-4.68
13.9662,-89.6934,-21.88,-257.63,6.02,3.58,4.35,-0.77,3.82,3.92,-3.46,-0.68,-3.13,-26.2,31.88,1.83,0.39,-1.08,-17.04,-2.04,1.17,2.05,-7.7,-4.69,12.11,-5.22,-1.36,1.67,0.72,1.03,-1.25,0.16,-4.58
13.9662,-89.6927,-29.52,624.28,-112.15,3.19,6.67,-2.06,5.31,5.28,-3.92,-1.07,-2.8,-28.67,29.1,0.76,1.0,-2.59,-7.19,7.33,1.63,-1.32,1.81,-3.82,15.49,-8.56,-0.49,1.17,6.06,1.03,-1.64,0.42,-6.36
13.9662,-89.6919,-17.67,383.1,-68.3,2.08,3.08,-0.22,3.06,5.26,-4.99,-1.91,-5.49,-29.38,35.13,-0.8,4.01,8.36,-4.07,2.55,3.01,-3.14,-2.95,-5.39,4.66,-5.97,3.54,-1.27,-0.84,0.99,-1.21,1.6,-6.36
13.9662,-89.6912,18.0,-309.17,59.55,3.18,5.0,-0.24,6.67,4.75,-7.42,0.19,-4.26,-14.87,25.6,-2.3,4.61,8.68,-6.92,-7.34,4.06,-0.22,2.61,-9.4,6.81,-4.45,0.45,-0.65,4.79,4.7,-1.32,3.72,-5.13
13.9662,-89.6904,-33.6,1167.69,-184.31,2.0,5.01,-0.95,5.37,2.93,-6.54,0.83,-2.81,-19.03,29.55,9.19,-4.95,0.08,0.09,6.68,5.07,-2.64,-3.99,-7.23,9.36,-3.47,3.34,-2.71,5.01,-0.45,-2.58,2.79,-7.93
13.9662,-89.6897,-39.37,1422.26,-222.68,1.94,5.86,0.03,3.67,4.52,-4.78,1.26,-4.17,-28.26,22.04,1.83,-2.46,11.75,-3.16,1.52,11.64,10.04,-0.71,-1.35,4.45,-2.82,0.41,-2.5,2.49,-3.67,-2.06,2.18,-5.66
13.9663,-89.689,-55.83,730.99,-156.55,2.91,4.27,0.36,8.45,4.67,1.77,0.72,-3.46,-36.28,11.62,1.14,-2.32,10.45,-4.8,10.0,1.81,-0.85,-3.96,-6.51,8.75,-5.79,-0.21,-5.37,3.18,-0.31,-5.66,2.97,-8.06
13.9663,-89.6882,-55.13,835.58,-168.7,4.0,5.54,-1.14,2.67,4.42,-3.48,2.62,-7.01,-0.0,14.65,2.51,-8.5,7.46,6.85,-0.0,15.28,8.09,-2.43,2.97,2.83,-1.78,-1.24,0.01,4.56,-1.11,-7.04,4.09,-6.24
13.9663,-89.6875,26.35,-746.98,123.72,4.47,4.02,-2.62,4.49,4.82,-4.59,1.14,-4.74,-31.59,31.74,4.19,-11.16,12.27,1.15,2.84,1.5,-3.32,-7.93,-9.88,5.94,-4.84,11.63,-0.7,5.28,-2.96,6.96,4.14,-9.46
13.9663,-89.6867,22.95,-462.81,84.5,3.5,1.29,0.34,7.04,3.13,-3.23,2.12,-2.71,-23.11,29.64,4.34,-8.69,15.89,-4.54,6.14,1.15,-1.96,-10.48,-7.98,8.22,-11.04,-2.18,-2.7,4.84,-3.65,6.85,2.22,-6.11
13.9663,-89.686,19.38,-1699.34,233.57,1.93,6.07,0.08,8.78,4.02,-2.15,-1.27,-5.26,-35.5,30.66,2.29,-6.26,-13.06,-7.44,8.41,1.82,-13.99,-0.34,-1.58,1.65,-5.1,1.01,1.28,7.43,3.58,6.85,-1.42,-8.94
13.9663,-89.6853,76.82,-3945.26,580.01,1.13,3.07,0.18,4.9,3.03,-2.62,-0.74,-6.65,-33.59,-0.0,12.48,5.22,-4.88,-21.17,13.98,-2.78,2.92,1.33,-13.75,-12.51,-9.89,-0.24,0.86,8.24,4.22,6.7,5.38,-6.63
13.9663,-89.6845,50.15,-1621.11,260.35,3.34,2.66,-1.43,6.35,7.39,-4.3,3.3,-6.16,-25.13,25.11,4.69,-0.6,-7.68,5.24,-8.18,6.75,-2.58,-1.53,-9.06,-8.13,-3.56,2.99,10.25,4.08,0.07,4.31,6.36,-5.91
13.9663,-89.6838,-46.64,-276.82,-20.83,0.81,2.89,-1.08,8.12,7.22,-5.65,4.95,-6.28,-41.75,-0.0,9.18,3.07,-7.84,-1.23,-3.65,-0.95,11.4,-4.41,-4.68,21.57,1.66,-0.13,0.3,7.05,-2.61,-0.02,0.93,-9.73
13.9663,-89.683,15.93,-204.19,44.17,1.41,1.76,-1.44,9.48,5.72,-6.0,3.38,-5.35,-26.45,28.27,4.12,2.32,3.87,-9.44,-5.44,-2.97,13.4,2.21,-9.2,15.4,-4.41,-0.67,-1.52,4.27,-5.43,9.85,0.93,-9.32
13.9663,-89.6823,54.93,-379.77,112.1,4.21,5.78,-1.6,7.06,4.61,-6.73,3.59,-3.51,-31.23,30.28,3.76,-4.15,2.92,-4.84,-4.32,9.04,5.99,10.89,8.73,5.28,-1.9,6.08,-0.94,4.46,-2.64,9.85,4.76,-9.32
13.9663,-89.6816,-8.47,-201.85,15.03,-1.57,2.73,1.17,6.51,3.46,-3.83,2.53,-6.99,-0.0,21.31,-10.18,-14.12,-1.92,-7.18,0.66,0.97,1.52,-6.74,9.2,7.54,-9.68,6.53,-4.11,1.5,-1.47,-0.95,4.31,-5.99
13.9663,-89.6808,-41.17,1329.65,-213.76,2.5,2.9,-1.25,8.33,4.89,-3.84,5.45,-5.4,-6.91,14.09,4.13,-2.27,13.26,-6.34,-1.08,2.76,4.55,-10.18,6.67,-1.46,-5.19,4.23,-1.86,3.53,1.03,-6.52,4.31,-6.81
13.9663,-89.6801,-48.53,1529.25,-247.29,3.47,4.91,-3.58,6.66,3.77,-1.0,3.58,-6.19,-6.91,17.0,8.01,-5.8,18.62,-0.0,-7.5,3.57,2.66,-5.42,-6.32,0.06,2.76,6.7,2.61,1.47,-1.71,-6.52,4.31,-5.82
13.9664,-89.6793,-57.44,1462.91,-249.63,1.39,2.49,-1.88,6.86,9.04,-1.24,4.68,-5.12,-12.27,14.44,3.55,5.66,23.29,-0.0,-2.27,-0.49,-0.33,11.86,-4.26,-1.2,5.51,-11.7,-5.11,2.62,-1.71,-8.44,4.88,-5.82
13.9664,-89.6786,40.69,-861.7,155.18,0.71,1.0,-0.79,5.41,4.21,-10.38,6.0,-7.8,-0.83,12.19,9.28,0.24,11.9,-27.0,6.14,1.46,6.26,4.71,-2.66,3.39,-13.57,-3.67,-0.66,0.09,-1.75,4.48,3.66,-3.65
13.9664,-89.6779,60.03,-2533.28,385.75,-0.16,-1.29,-5.29,5.56,6.38,4.78,5.48,-8.29,-0.83,3.45,-0.32,-11.02,-0.33,-21.46,2.88,-1.33,-1.17,-1.53,-0.99,3.61,-0.77,-0.5,-3.27,4.85,-3.31,10.23,4.05,-8.26
13.9664,-89.6771,-54.02,1204.28,-213.57,2.45,1.77,-2.02,6.38,3.86,0.92,5.5,-7.53,-10.55,-0.0,10.14,6.83,8.74,-14.79,2.92,2.68,5.68,-1.96,-1.45,15.92,-1.76,-3.89,-0.02,0.47,-3.31,-9.92,8.55,-7.01
13.9664,-89.6764,-15.29,1081.73,-152.53,0.79,2.29,1.12,7.06,5.56,-4.11,3.09,-10.43,0.76,5.72,9.18,-2.4,8.44,-2.0,0.17,4.44,1.57,-4.11,-8.43,23.95,-4.68,4.71,3.49,3.13,-2.45,-1.23,4.47,-7.45
13.9664,-89.6756,9.81,352.41,-32.19,0.68,3.27,-1.42,6.64,4.34,-5.53,4.82,-7.73,9.77,-0.44,13.82,-2.12,1.71,4.35,-2.74,3.52,-0.31,0.29,-4.74,8.54,-4.1,-1.19,-5.86,2.93,-2.25,1.35,4.59,-6.26
13.9664,-89.6749,-31.18,1210.69,-187.43,0.87,2.16,-0.4,7.34,4.09,-5.02,5.23,-7.89,9.77,5.33,2.54,-1.95,6.99,0.78,-9.65,6.44,0.75,-0.73,-3.68,10.59,-0.89,0.83,1.3,3.85,-9.09,0.55,4.19,-6.2
13.9664,-89.6742,86.71,-2484.38,411.57,1.49,2.16,-2.13,6.21,4.08,-4.21,2.21,-6.6,-8.77,-4.12,3.63,-4.05,20.06,-5.16,-16.25,9.38,2.82,-0.81,-4.84,-0.0,-2.66,1.91,-0.64,3.3,-0.46,10.21,4.61,-5.12
13.9664,-89.6734,-20.38,-888.58,86.39,0.96,2.69,0.33,7.42,4.58,-5.91,3.14,-6.22,-7.85,-0.0,2.32,-8.77,-1.75,-5.7,1.15,2.68,2.3,-0.5,-2.18,-0.96,-4.86,2.26,2.48,2.17,-0.01,-4.64,5.17,-5.57
13.9664,-89.6727,-17.37,-376.09,26.22,-0.31,0.39,-1.55,7.09,4.07,-3.88,9.55,-8.26,0.53,-0.0,-0.18,-6.93,1.69,-0.59,-1.64,3.78,1.07,-3.63,-3.43,4.65,-3.56,2.54,2.01,1.46,-1.59,-2.37,6.2,-8.66
13.9664,-89.6719,5.62,-459.51,63.82,1.04,2.97,-2.72,6.62,5.38,-4.32,6.27,-8.9,3.93,-0.0,2.83,-3.96,9.82,0.6,-3.15,-0.35,1.58,-0.59,-2.85,3.98,-4.84,-1.33,1.74,-0.05,-0.49,1.54,2.92,-6.02
13.9664,-89.6712,2.99,-20.7,6.11,0.95,2.71,-3.1,5.9,3.41,-4.18,6.72,-9.09,3.93,-0.0,2.13,-4.82,5.22,0.17,8.11,1.41,4.27,1.07,-1.51,4.59,-3.82,1.51,0.45,3.11,-2.06,1.28,2.64,-3.92
13.9665,-89.6705,-20.49,403.13,-74.44,1.27,2.47,-2.13,5.09,4.82,-4.36,6.76,-8.13,19.67,-12.42,3.24,-3.17,3.2,-2.99,-1.81,-0.54,2.95,0.03,0.61,1.52,-2.75,1.48,0.13,3.96,0.33,-1.49,2.44,-6.59
13.9665,-89.6697,-43.66,544.83,-119.53,1.91,2.92,-2.34,6.1,4.74,-3.86,5.1,-8.46,10.31,-10.63,2.75,-3.71,4.09,-1.91,-3.38,-0.48,2.14,0.28,-0.03,0.81,-2.66,-0.85,2.03,3.0,-2.36,-4.04,2.47,-4.4
13.9665,-89.669,-40.54,487.61,-108.72,1.93,2.16,-0.86,5.92,4.92,-4.81,7.49,-8.96,19.2,-18.06,2.82,-3.99,5.24,-3.14,-2.19,-2.12,3.13,-0.27,-4.26,2.61,-4.4,1.25,3.76,0.74,-1.69,-4.04,2.55,-4.37
13.9665,-89.6682,10.19,-1593.52,210.53,2.4,-1.13,-0.98,7.02,4.52,-5.08,5.96,-9.12,-14.63,-18.06,4.66,-4.79,2.98,-1.02,2.36,-3.06,1.91,0.69,1.63,0.69,-6.2,1.74,1.35,2.58,-0.32,1.97,3.04,-5.19
13.9665,-89.6675,24.21,-1535.42,219.94,2.26,1.29,-2.07,8.21,5.72,-4.09,2.41,-9.08,-14.63,-15.02,4.52,-3.54,4.12,-1.01,2.32,0.52,3.5,-0.01,-0.78,5.12,-6.62,2.36,2.64,0.32,-2.52,5.28,3.31,-5.76
13.9665,-89.6668,-81.12,480.86,-155.99,4.45,1.85,-3.95,2.74,5.74,-3.47,6.18,-10.55,-0.0,-0.0,5.28,1.45,12.98,-0.62,-0.73,-4.01,2.34,0.18,0.09,0.16,0.51,-2.34,1.81,0.91,-4.44,-6.81,2.48,-6.05
13.9665,-89.666,5.4,-1615.07,207.65,3.6,1.29,-4.02,5.94,4.75,-4.88,7.24,-18.3,2.55,-17.22,4.64,-5.5,3.33,-4.86,4.4,-6.86,2.57,2.19,-0.58,0.77,-5.99,-15.95,3.23,1.8,-2.04,3.64,3.24,-7.75
13.9665,-89.6653,-138.15,1623.45,-366.0,3.51,4.35,-11.38,5.02,6.82,-4.4,3.65,-9.16,3.2,-25.75,2.62,-4.57,13.09,-6.8,-0.39,-5.04,-2.02,4.18,-1.82,8.98,-2.63,-12.18,1.76,-0.11,-2.04,-12.64,1.15,-9.72
13.9665,-89.6645,-46.38,1516.9,-244.04,4.67,2.35,-2.74,6.6,5.85,-3.38,24.35,-8.67,10.62,-15.12,2.68,2.05,3.81,-3.11,4.13,-4.35,0.7,13.19,-4.04,-0.29,-4.35,1.16,2.85,-0.62,-5.84,-0.68,4.69,-10.54
13.9665,-89.6638,-46.47,1731.05,-270.89,2.0,1.76,-4.65,4.24,3.0,-5.8,13.38,-8.83,8.25,10.79,3.69,3.1,3.25,2.0,5.17,7.68,0.77,-12.39,-1.8,-1.76,-3.94,1.96,-5.96,7.34,-4.04,-0.27,2.97,-10.54
13.9665,-89.6631,-26.74,1153.28,-175.51,3.65,4.15,-7.21,4.34,2.73,-4.21,8.14,-4.71,4.96,11.33,3.3,-3.37,15.4,-5.63,-2.39,3.81,1.08,-5.03,-3.23,6.08,-1.32,-0.24,2.11,-0.42,-2.41,1.19,2.97,-10.2
13.9665,-89.6623,-42.1,36.26,-54.4,8.38,4.19,-3.01,5.16,5.46,-4.29,4.38,-1.26,12.37,-12.26,3.0,-4.34,-4.78,-3.25,-8.11,-0.62,3.49,1.46,-3.39,-3.97,-5.97,2.82,2.35,1.67,-4.43,0.58,3.93,-12.05
13.9666,-89.6616,11.33,-774.49,110.05,2.79,2.25,-1.62,5.52,5.63,-4.71,4.54,-8.1,13.3,-4.18,0.04,-4.06,0.45,-9.34,-4.32,4.46,6.42,-0.78,-4.01,-1.12,-1.69,-1.85,5.28,-1.41,-4.27,6.17,4.21,-9.88
13.9666,-89.6608,29.49,-984.29,157.77,3.49,1.79,-3.01,8.16,6.39,-4.5,5.69,-6.91,11.07,-14.95,2.09,-2.65,3.06,-0.67,-1.8,-2.08,4.06,1.07,-0.1,-0.17,-1.58,-0.68,2.35,-0.14,-1.73,6.17,4.6,-8.96
13.9666,-89.6601,-89.36,1958.53,-350.33,7.2,0.73,-3.15,7.1,6.39,-5.24,6.84,-7.79,13.27,-14.95,9.36,-1.84,3.57,1.3,-3.62,-2.42,3.95,2.34,-4.47,1.78,-2.13,3.03,4.86,-0.06,-6.59,-5.5,2.71,-8.26
13.9666,-89.6594,-2.31,195.68,-27.17,7.19,-3.06,-2.03,6.01,5.18,-3.8,1.68,-6.96,10.4,-1.67,5.53,-3.87,7.39,-1.69,-3.63,6.36,2.46,0.32,-1.45,-2.02,-8.17,6.87,3.67,-1.3,-6.0,3.82,2.11,-3.8
13.9666,-89.6586,18.45,-650.82,103.12,11.28,1.69,-3.32,9.58,7.2,-6.05,4.72,-5.94,15.24,-10.26,5.5,2.05,-4.09,1.94,-5.52,1.38,2.43,-3.26,0.8,0.06,-5.08,-11.59,4.11,-0.22,-5.74,7.16,3.8,-7.72
13.9666,-89.6579,35.47,-740.66,134.54,5.21,-0.17,-4.75,2.55,6.88,-7.65,3.0,-3.63,16.76,0.12,5.03,-0.8,1.47,5.57,-1.66,-11.25,1.03,4.09,3.38,-12.87,-4.83,5.91,2.03,2.04,-0.6,8.05,1.78,-7.63
13.9666,-89.6571,56.17,-1525.28,257.1,1.08,-2.25,4.64,3.75,7.38,-9.61,3.58,-7.62,-0.0,0.94,3.98,-5.21,0.0,13.86,15.4,-7.02,1.26,-1.97,-8.64,-25.62,-4.19,2.04,2.38,2.19,-0.6,11.21,2.41,-9.25
13.9666,-89.6564,12.87,-1574.63,211.97,4.6,-4.03,-4.86,-0.16,10.07,-8.34,2.65,-6.8,-0.51,6.64,3.68,-6.16,-10.02,5.49,9.82,-1.66,2.69,-5.77,-6.13,-20.38,-6.23,-6.28,2.59,-1.85,-1.81,4.87,4.25,-9.93
13.9666,-89.6557,-9.26,-596.05,63.5,1.14,-1.24,-5.14,2.87,11.99,-7.1,3.69,-1.11,12.42,-0.0,5.44,-0.41,-8.99,-10.64,0.72,1.84,0.9,-1.87,-2.01,-0.33,-2.11,-0.47,2.73,-0.51,-2.49,4.26,3.54,-12.18
13.9666,-89.6549,-24.84,-112.71,-15.37,2.07,-1.05,-3.87,5.56,11.83,-3.86,1.95,-3.24,8.87,1.45,-9.57,0.27,-8.5,-9.89,-0.0,0.82,3.69,8.11,0.95,-2.93,1.73,0.52,9.46,-7.95,-6.69,4.74,3.54,-12.18
13.9666,-89.6542,-5.87,-937.23,110.2,-1.3,-0.16,-1.29,5.41,11.56,-7.29,1.79,-3.62,12.3,6.84,2.45,-3.91,0.02,-1.3,-0.0,-5.6,-1.02,4.08,0.14,4.83,-5.12,-10.02,-0.31,-2.76,-6.51,4.74,5.71,-11.4
13.9666,-89.6534,-18.17,-1047.42,109.41,2.8,-0.81,-1.17,2.74,10.16,-5.84,1.6,-6.8,-0.92,7.53,10.35,-7.16,-0.71,-13.37,-24.26,-3.93,4.56,-5.9,-1.72,10.38,-2.25,1.91,6.57,1.64,-5.04,4.71,2.92,-11.52
13.9652,-89.7156,-6.09,1337.56,-171.7,2.85,7.88,3.34,-3.77,0.54,0.98,-5.81,-1.67,-0.0,20.86,-3.11,7.95,10.36,7.4,-3.5,1.06,-6.72,5.79,-4.95,1.71,-1.83,4.29,-2.06,0.96,5.27,-8.17,2.96,2.23
13.9652,-89.7148,-22.88,-36.06,-22.55,3.48,7.03,2.41,-4.1,-0.92,0.79,-7.3,-0.9,-33.04,27.87,-2.81,2.32,0.45,-0.47,0.89,1.88,-5.85,5.14,-4.0,1.94,-2.59,1.94,-0.1,1.6,4.63,-9.04,1.35,2.97
13.9652,-89.7141,-56.01,664.07,-147.79,3.7,5.74,3.08,-4.09,-0.11,2.2,-5.83,-1.23,-39.06,22.15,-2.13,3.68,-1.63,-1.26,2.43,8.41,-6.79,6.92,-1.27,2.23,-0.96,1.5,-0.69,0.66,4.46,-12.62,1.25,1.77
13.9653,-89.7134,-2.55,-714.32,84.9,5.07,6.07,2.5,-4.77,0.39,2.58,-5.58,0.2,-24.08,2.87,-0.34,4.1,0.41,-7.25,2.13,-0.55,-5.8,7.42,4.44,2.95,-2.95,2.13,-1.01,0.94,5.79,-7.13,2.38,1.58
13.9653,-89.7126,-10.66,-382.46,34.5,3.74,6.01,1.5,-5.33,1.49,3.94,-9.55,-0.87,-24.01,6.48,-2.54,8.14,-0.45,0.22,3.69,1.56,-6.2,5.21,-2.66,2.71,-3.28,2.24,-1.4,1.62,7.75,-8.36,2.23,0.02
13.9653,-89.7119,-21.1,229.88,-53.2,3.76,6.95,0.72,-3.63,0.66,3.34,-7.63,-1.12,-14.95,0.26,0.86,7.41,4.39,2.57,2.58,2.45,-5.47,4.59,-1.67,-1.56,-3.09,2.71,-2.17,1.79,6.2,-9.71,2.23,1.6
13.9653,-89.7111,-23.33,1417.96,-202.14,3.47,6.49,1.94,-2.49,1.65,2.88,-7.84,-3.41,-7.06,15.5,-0.89,6.9,16.01,-2.84,1.82,4.19,-2.74,5.15,-2.34,4.49,-0.75,2.22,-0.61,1.42,5.02,-9.71,2.0,2.69
13.9653,-89.7104,-18.69,622.66,-98.76,2.88,6.93,2.78,-1.62,0.86,4.44,-10.46,-1.22,-21.87,28.96,-0.49,5.19,3.3,-2.0,3.13,2.95,-6.6,2.29,-1.91,1.88,-3.3,2.81,-0.79,3.0,5.99,-8.69,2.13,0.72
13.9653,-89.7097,-25.1,516.89,-93.3,2.79,7.22,1.18,-2.14,1.1,4.9,-10.4,-2.0,-19.87,18.19,-3.27,4.6,3.12,-2.46,2.97,2.62,-2.15,5.77,-2.28,5.47,-3.77,0.94,-0.82,1.8,4.29,-8.59,2.29,0.6
13.9653,-89.7089,-25.62,-212.23,-4.1,1.83,7.22,0.95,-1.89,1.15,6.4,-11.5,-2.0,-12.52,-0.0,-2.44,5.12,2.18,-0.55,4.01,1.36,-3.3,2.05,-1.25,5.37,-3.58,1.11,-1.63,-0.38,5.87,-8.5,1.44,-0.1
13.9653,-89.7082,-26.08,2051.69,-283.63,2.78,6.27,0.46,-0.09,1.1,5.78,-11.72,-1.3,-0.0,40.01,-1.22,5.88,4.41,-2.86,1.78,4.3,-2.97,2.0,-3.72,3.51,-2.71,-1.48,0.54,1.18,5.87,-8.26,0.91,0.17
13.9653,-89.7074,-15.5,1634.89,-219.82,2.95,7.06,0.51,0.06,2.29,5.48,-12.04,-1.73,-0.0,33.14,-0.61,4.68,-0.42,-1.38,3.08,6.27,-1.87,1.72,-2.09,2.04,-3.87,2.04,-0.29,0.44,6.72,-7.04,0.78,-0.19
13.9653,-89.7067,-38.48,470.41,-103.43,3.47,7.22,-0.37,-0.42,1.17,7.32,-13.03,-0.59,-0.0,-0.0,-1.07,3.57,1.92,-3.14,1.91,4.39,-0.66,1.46,-1.64,2.5,-3.28,-0.65,-1.61,0.49,3.3,-8.25,1.04,-0.19
13.9653,-89.706,-33.03,767.76,-133.67,2.33,6.85,0.86,-0.95,1.74,7.35,-12.35,-1.51,-23.38,34.67,-1.45,3.59,-0.35,-2.65,-0.19,3.51,-3.42,2.86,-1.33,0.88,-4.55,0.84,-0.56,1.64,2.67,-6.94,0.91,-0.27
13.9653,-89.7052,-39.45,1036.4,-174.41,3.06,6.44,-0.75,-0.07,2.47,6.14,-10.25,-1.74,-0.0,16.95,-0.48,4.1,-0.04,-9.59,0.9,0.95,-2.91,1.47,-0.95,4.01,-6.22,-0.2,-2.09,2.01,0.37,-7.64,2.39,-0.37
13.9654,-89.7045,-12.76,24.03,-18.03,3.5,6.79,1.69,-0.47,2.59,5.55,-9.86,-1.71,-18.86,21.27,-1.96,0.66,3.01,-5.67,-2.0,1.54,-3.45,0.92,-1.27,11.1,-3.6,-1.65,-0.87,2.17,4.19,-5.54,1.37,-0.28
13.9654,-89.7037,-3.56,400.65,-53.64,2.39,5.32,1.04,-0.5,4.31,6.11,-11.02,-0.67,-14.21,20.91,-1.5,4.69,8.98,-8.84,-0.36,-1.28,-1.8,-0.8,8.02,10.9,-4.78,0.42,-4.05,0.49,5.75,-5.51,1.74,-0.42
13.9654,-89.703,19.65,-38.43,27.94,2.41,7.17,0.55,0.13,4.58,4.32,-8.56,-1.81,-13.16,27.83,-0.7,6.52,6.56,-8.56,-1.65,-1.04,-3.41,1.98,-1.33,8.06,-3.0,-1.2,-1.84,0.49,6.47,-3.39,1.15,1.55
13.9654,-89.7023,-53.04,1362.16,-230.77,3.03,5.19,1.89,1.39,1.81,7.05,-10.32,-1.38,-1.37,20.19,-1.54,5.0,-7.17,-3.67,0.45,6.31,-2.64,-1.29,-2.69,6.5,-3.26,-1.02,-1.35,3.49,3.64,-8.88,0.09,-1.13
13.9654,-89.7015,-21.35,-291.22,10.74,1.77,8.21,0.94,-1.17,1.78,6.72,-9.13,-2.96,-2.2,16.38,-2.29,2.32,-9.42,-3.12,-2.2,0.26,-5.61,-0.89,-3.46,-3.82,-3.11,-2.26,-0.63,1.94,5.65,-4.27,-0.46,-2.93
13.9654,-89.7008,-60.72,826.4,-173.76,2.53,7.88,0.33,1.54,2.09,3.25,-8.43,-3.46,-3.48,24.81,2.95,1.33,-9.78,-10.48,-4.47,11.03,-4.32,0.94,-2.95,-0.53,-5.99,-12.84,-0.48,0.15,-8.21,-2.07,0.03,-1.71
13.9654,-89.7,-29.45,171.6,-55.99,2.3,6.47,-0.03,-1.02,2.79,0.21,-8.29,-3.33,-10.88,30.15,0.38,2.25,-8.2,-6.45,-3.32,1.67,-3.69,3.91,-5.86,5.97,-8.1,0.44,-2.11,0.68,6.5,-7.74,1.31,-2.36
13.9654,-89.6993,-39.21,832.75,-149.18,2.9,6.44,-0.86,0.12,2.96,0.73,-3.06,-2.34,-14.54,22.1,4.03,0.19,-6.1,-0.83,4.56,1.56,-1.59,1.57,-6.1,1.28,-3.34,5.59,-1.08,-0.9,-1.05,-2.69,-0.88,-1.86
13.9654,-89.6986,-56.39,1605.34,-264.96,3.59,9.23,-0.41,1.21,2.72,0.8,-4.64,-3.05,-6.31,38.75,0.08,-3.95,12.14,-4.14,-6.52,-4.91,-2.23,-2.43,-2.57,6.03,-2.79,-5.25,1.89,-3.7,0.39,-7.21,0.64,-2.01
13.9654,-89.6978,-32.05,1087.18,-172.21,2.99,9.55,1.08,1.77,4.08,-1.52,-1.02,-2.4,-19.02,27.92,0.6,-0.44,3.17,-4.56,0.25,1.82,-0.52,-0.04,9.92,2.09,-10.43,8.99,-2.45,-0.07,-2.64,-0.61,0.86,-4.92
13.9654,-89.6971,-68.2,2225.87,-355.7,0.95,8.62,1.25,0.39,4.56,-2.17,-4.3,-2.01,13.52,21.23,0.41,0.45,-0.81,-6.13,2.78,-1.65,-0.71,-1.2,-0.61,9.23,-0.28,-1.68,-1.75,1.88,-0.23,-7.72,0.97,-3.83
13.9654,-89.6963,-37.58,1352.34,-211.58,3.13,6.87,0.32,1.34,4.65,0.72,-3.61,-5.54,3.42,17.23,0.86,3.38,3.78,-3.49,-2.13,-2.78,1.2,-2.65,5.77,4.93,-3.59,2.95,-2.04,-2.27,-0.94,-1.78,0.97,-6.28
13.9655,-89.6956,-79.9,2511.1,-404.91,4.12,6.05,1.1,1.06,4.45,-1.48,-3.16,-3.44,-12.13,28.46,3.44,-1.8,10.4,-0.35,-2.68,2.0,-0.65,1.78,3.77,2.59,-1.99,-0.12,1.35,1.4,3.16,-9.43,0.98,-7.39
13.9655,-89.6949,36.83,-1073.61,176.3,4.3,6.12,1.18,3.34,6.13,-1.21,-3.6,-3.3,-22.73,24.18,1.18,-1.94,3.03,-15.22,4.41,4.76,-0.97,-3.8,-3.24,7.22,-3.34,4.09,-0.33,1.16,0.74,6.09,0.57,-3.86
13.9655,-89.6941,-55.55,896.09,-176.5,2.47,5.76,1.6,1.88,5.28,-1.67,-3.12,-4.19,-28.48,33.7,1.97,-5.18,2.47,-8.15,-0.76,0.2,2.18,1.1,-0.5,0.57,-6.47,11.71,-3.22,2.11,-3.04,-2.26,-0.09,-5.9
13.9655,-89.6934,-50.92,294.67,-96.63,3.57,6.21,1.27,5.56,3.61,-1.58,-3.37,-3.02,-42.82,31.25,1.8,-9.52,11.76,-9.87,-1.78,3.4,1.51,-2.09,-4.71,6.18,-6.68,-0.09,2.15,1.63,-3.04,-3.45,2.34,-6.66
13.9655,-89.6927,-52.07,1683.75,-269.9,3.98,6.45,-1.37,4.88,5.1,-3.79,-1.85,-1.86,-0.0,34.67,0.53,0.79,4.86,-14.94,0.47,0.41,-1.6,-6.21,-8.2,12.71,-9.38,0.57,1.8,1.5,-2.08,-3.45,1.37,-6.66
13.9655,-89.6919,-49.0,468.99,-115.96,2.56,5.36,1.98,4.94,4.19,-8.38,-1.13,-3.6,-0.0,20.1,-3.39,2.91,-7.23,-8.65,-1.43,0.86,0.73,-1.55,-12.86,-0.84,-5.37,-2.46,-1.04,1.75,0.07,-4.13,1.81,-7.99
13.9655,-89.6912,9.31,-184.45,33.84,5.08,4.9,-1.03,4.65,4.44,-4.54,3.19,-3.09,-27.75,29.62,2.42,4.27,14.24,-11.7,6.12,0.91,-3.52,-1.7,-9.74,0.36,-6.42,-1.33,-1.3,1.79,6.66,-0.51,0.56,-5.81
13.9655,-89.6904,-65.63,1865.24,-308.53,4.46,2.05,-0.96,4.69,5.91,-4.84,1.45,-4.08,-22.33,30.8,-0.63,-0.56,6.98,0.89,12.82,-0.81,-0.56,3.78,-15.88,6.42,-7.0,-0.29,4.69,2.46,-4.83,-4.73,3.69,-8.58
13.9655,-89.6897,-33.31,1849.94,-268.48,3.2,3.1,0.57,5.46,3.01,-2.89,0.01,-5.33,-0.0,15.03,1.09,-3.22,12.25,1.34,6.64,-0.98,2.63,1.51,-1.91,4.27,-3.67,-0.0,2.02,2.76,-0.69,-2.78,1.62,-5.64
13.9655,-89.689,-16.27,2199.54,-291.68,-0.08,3.13,-2.07,4.76,4.89,-7.04,-1.0,-5.04,-0.0,26.08,-0.19,5.62,19.35,-7.76,14.37,-0.32,10.39,-1.34,-0.88,5.75,-6.43,-7.95,-3.53,4.25,-1.32,-0.38,1.99,-5.68
13.9655,-89.6882,22.66,-549.95,94.92,2.61,4.31,-2.3,8.6,5.19,-2.41,-0.47,-3.9,-34.78,21.37,-0.2,-4.62,8.59,3.88,-3.01,6.48,10.9,-1.34,-5.17,5.63,-6.07,-2.11,-5.32,2.74,1.58,3.12,1.92,-5.39
13.9655,-89.6875,-10.78,1852.78,-242.33,3.69,-1.75,-0.43,6.99,2.02,-1.64,1.26,-5.53,-0.0,22.2,0.7,-5.55,22.44,-2.65,6.36,-1.81,9.48,0.39,-3.16,6.63,1.07,-6.47,-1.99,2.34,-1.84,3.12,2.15,-9.58
13.9656,-89.6867,6.96,964.55,-111.31,2.4,3.19,1.65,1.47,4.99,-1.3,2.38,-4.92,-0.0,12.39,4.09,-1.24,8.08,1.92,-0.72,5.88,4.75,-2.14,-2.61,4.6,-5.57,1.25,0.42,4.21,0.37,-2.64,4.04,-0.5
13.9656,-89.686,-62.04,1925.27,-312.02,2.89,4.4,-1.86,10.28,7.27,-4.4,0.92,-4.65,-0.0,33.03,6.52,-1.24,-4.03,-2.17,-0.2,-7.51,0.06,-3.36,-4.68,1.89,-6.91,-1.42,-1.16,7.74,-2.61,-5.62,3.51,-7.39
13.9656,-89.6853,-42.93,1354.45,-218.7,3.75,5.92,-1.92,5.94,3.05,-2.34,0.55,-7.13,-0.0,34.78,-2.71,-2.38,3.55,-2.31,-11.39,3.97,5.87,-5.2,-11.97,3.04,1.38,-3.42,-0.66,4.19,1.11,-5.19,3.13,-7.11
13.9656,-89.6845,-86.16,976.9,-223.04,3.46,2.8,-2.59,10.19,6.12,-6.66,3.95,-4.89,-23.74,12.32,0.58,-1.51,11.21,1.72,-11.62,-8.8,4.11,-5.53,0.34,-3.87,-5.53,3.18,6.56,6.5,3.0,-11.55,3.23,-8.44
13.9656,-89.6838,-19.68,-516.7,40.81,-0.93,2.02,-2.97,7.41,3.02,-5.6,4.28,-7.44,-28.13,25.76,5.26,-10.99,-3.72,3.8,-4.6,3.63,14.15,-6.01,-20.23,-4.04,-2.3,0.23,8.23,2.9,3.0,-4.79,4.84,-7.27
13.9656,-89.683,-17.04,-105.6,-7.05,2.62,2.05,-0.87,8.36,6.7,-6.98,3.77,-5.58,-27.86,16.9,8.51,-10.27,-6.0,7.22,-2.23,2.53,5.78,-6.06,-5.1,15.54,-9.08,2.82,-2.59,7.09,-1.93,0.06,3.71,-8.1
13.9656,-89.6823,-48.06,972.76,-177.56,2.16,4.36,-1.11,8.42,5.57,-9.1,3.64,-4.32,-0.0,35.74,-1.19,-1.73,-25.6,-14.1,-6.83,1.26,-1.4,-5.35,9.09,21.09,1.73,-0.84,1.39,2.09,-7.1,-0.62,4.46,-9.85
13.9656,-89.6816,-6.6,1313.55,-170.82,1.28,4.02,-2.23,8.39,3.6,-7.82,3.72,-4.19,-0.0,46.55,1.92,3.25,-13.62,-1.39,-8.45,-0.94,2.12,1.93,2.16,12.25,-2.02,-4.54,-0.39,4.7,0.21,-2.76,5.68,-6.23
13.9656,-89.6808,-14.79,1211.18,-167.84,2.7,3.25,-4.14,7.57,7.38,-7.69,5.39,-5.87,-16.56,18.39,3.43,1.33,6.73,4.54,1.74,-0.56,1.98,4.45,11.12,4.03,-10.05,-0.63,7.08,2.71,-1.01,-0.96,2.82,-5.51
13.9656,-89.6801,-15.03,1006.12,-142.7,4.36,5.3,-2.39,7.29,3.59,-8.03,6.21,-6.28,-0.0,21.06,3.91,-2.31,19.44,-11.59,-3.17,3.12,-8.27,-11.36,8.0,-0.63,3.54,0.14,3.82,-0.0,-0.85,-4.0,4.34,-2.94
13.9656,-89.6793,-28.01,1022.93,-160.17,3.1,0.13,-3.7,6.03,5.15,-6.01,4.22,-6.58,-0.0,5.63,0.37,2.37,21.44,0.94,0.39,-3.37,0.18,1.71,-14.75,-2.25,0.39,-3.44,-0.73,3.81,-0.85,-4.0,3.33,-4.62
13.9656,-89.6786,11.48,447.66,-42.02,3.94,0.2,-1.85,6.07,6.01,-8.03,8.29,-7.49,-0.0,19.92,10.11,12.15,26.84,-20.54,-14.74,-9.55,12.03,-2.67,-5.14,-4.22,-7.12,-3.59,0.07,2.18,-1.04,1.22,3.39,-4.62
13.9657,-89.6779,-14.42,407.12,-67.64,3.58,3.0,-0.48,6.61,5.51,-6.51,5.77,-6.35,-7.64,13.16,6.6,5.24,16.27,-29.31,-5.06,4.55,4.75,2.75,-2.76,5.66,-10.06,4.36,3.75,6.23,-5.06,4.75,-0.02,-7.39
13.9657,-89.6771,91.72,-1436.69,287.05,3.52,2.35,-3.83,5.89,5.8,-10.7,3.76,-5.89,-8.93,14.09,19.07,-0.1,7.84,-9.47,-6.96,7.88,-0.68,-2.64,4.03,8.64,0.47,-3.42,0.35,0.53,1.99,8.85,5.85,-6.65
13.9657,-89.6764,-8.49,1316.05,-173.6,1.13,3.68,0.05,5.88,3.41,-4.23,3.39,-7.39,-0.99,33.61,0.13,1.63,4.9,-1.94,-1.01,-5.15,3.38,4.11,-3.01,18.08,-5.12,-5.26,0.11,5.0,1.99,0.14,2.17,-9.07
13.9657,-89.6756,-26.68,-394.94,17.51,-0.42,1.59,-1.56,4.85,3.09,-6.5,2.14,-6.81,-0.99,13.51,-2.87,1.25,-3.83,-2.71,-0.56,-10.47,2.49,-3.13,-0.39,-0.0,-7.03,-0.69,-4.61,3.47,-0.72,-3.74,5.22,-8.22
13.9657,-89.6749,22.62,56.94,19.7,-0.93,1.49,-1.24,5.85,4.67,-5.13,3.13,-6.51,8.74,8.23,4.68,-1.18,7.53,7.74,-8.52,1.44,0.48,-6.96,0.45,4.43,-2.13,-2.37,4.87,2.71,-0.04,0.25,6.55,-6.17
13.9657,-89.6742,17.79,-1175.18,167.19,0.14,1.68,-2.22,5.93,4.14,-2.77,6.57,-6.65,3.71,-0.0,3.89,-3.86,11.18,-2.86,-20.97,4.48,1.24,-3.81,4.44,-0.0,-4.75,-1.56,3.44,2.17,-2.46,2.01,4.74,-4.67
13.9657,-89.6734,-89.76,1501.77,-293.03,-0.44,2.6,0.63,6.92,4.6,-4.41,4.84,-7.01,4.47,-0.0,2.82,-3.86,-4.23,-2.98,-2.38,7.84,5.13,-0.59,-1.28,2.67,-1.97,1.4,0.75,4.07,-0.29,-12.94,4.42,-5.52
13.9657,-89.6727,-37.85,365.56,-90.28,1.73,1.79,-1.63,5.69,3.92,-6.88,5.71,-8.52,-0.0,-0.0,0.38,-1.61,0.6,0.17,6.59,1.55,2.74,0.36,-3.82,1.02,-4.18,9.65,-0.01,4.62,0.88,-4.72,3.13,-6.85
13.9657,-89.6719,-48.84,436.68,-112.16,0.83,2.73,-1.06,8.0,5.05,-6.39,7.65,-8.36,-8.55,-12.3,1.96,-1.93,8.62,-1.96,1.62,-0.25,5.18,2.71,-3.9,0.62,-3.1,-1.53,-0.57,2.6,-1.3,-4.07,1.23,-5.17
13.9657,-89.6712,-15.93,503.14,-81.47,2.04,2.27,-1.37,6.02,5.04,-6.48,6.93,-8.32,15.76,-11.95,1.94,-4.33,3.33,-0.83,10.04,2.06,1.97,-0.06,-2.52,3.61,-4.49,-3.87,3.68,0.39,-4.24,0.75,2.71,-4.99
13.9657,-89.6705,16.6,-996.75,143.71,2.71,2.67,-1.3,6.98,5.61,-5.0,7.24,-9.68,13.48,-19.55,2.02,-3.32,3.3,-0.96,-1.07,-1.58,3.07,1.15,-8.2,2.0,-2.47,-1.29,2.15,2.46,-0.53,3.66,3.38,-7.32
13.9657,-89.6697,4.15,-928.27,120.48,1.57,2.65,-2.38,5.92,5.01,-4.64,6.79,-7.52,2.97,-22.34,2.88,-6.89,5.29,-1.47,-0.8,0.99,3.42,1.38,1.43,0.58,-2.46,-4.33,3.04,2.9,-0.24,0.36,3.09,-4.11
13.9657,-89.669,-28.43,-689.83,52.23,2.05,3.45,-3.29,6.77,4.95,-4.45,5.73,-8.63,10.87,-17.19,1.9,-4.57,3.34,-3.17,-7.44,-3.08,2.93,0.95,-13.21,0.29,-5.75,-0.15,3.82,2.56,0.33,-2.24,2.69,-7.1
13.9658,-89.6682,71.74,-2110.77,347.83,1.47,1.0,-0.09,7.51,5.8,-4.18,5.66,-7.73,10.1,-5.72,4.22,-1.14,-0.09,-3.44,-7.72,-4.74,2.29,-1.14,6.32,-6.03,-5.17,-0.41,1.11,3.49,-2.64,11.67,2.7,-4.63
13.9658,-89.6675,8.06,559.31,-60.12,1.47,0.34,-1.28,6.48,4.95,-3.06,9.16,-10.21,-0.0,1.98,4.02,-4.05,6.33,4.95,14.29,-3.62,3.61,2.7,-3.05,-0.91,-1.8,-9.42,1.83,2.12,-0.67,3.2,2.54,-6.79
13.9658,-89.6668,-76.89,2185.78,-363.39,2.72,3.81,-0.22,7.63,6.34,-4.87,2.67,-8.55,-0.0,-0.0,3.96,1.57,10.1,1.23,11.88,-2.58,-1.29,1.77,-7.58,6.92,-4.64,-0.78,-4.92,3.55,0.79,-8.89,2.06,-6.58
13.9658,-89.666,-143.57,3423.14,-596.61,4.94,4.36,-2.16,5.94,5.59,-9.76,4.13,-8.14,-0.0,-17.51,2.79,-8.83,4.86,-0.41,10.12,13.23,14.45,1.28,-3.42,2.33,0.55,0.16,2.92,3.74,-3.65,-16.8,2.16,-3.72
13.9658,-89.6653,-126.72,1246.69,-305.48,2.58,4.29,-4.7,9.6,6.54,-14.61,0.27,-11.84,-0.0,-22.6,0.93,-0.21,10.03,2.61,-0.27,-11.03,4.79,-0.22,-3.8,-6.65,-3.56,-0.47,-1.62,-2.34,-6.98,-10.85,2.87,-7.55
13.9658,-89.6645,-126.14,2402.78,-448.95,1.55,2.21,-4.79,4.85,7.91,-0.98,4.76,-8.34,6.13,-15.42,5.89,1.51,6.54,-5.8,1.66,1.37,-2.94,3.88,3.91,-0.52,-11.35,-0.24,4.16,-1.06,-13.34,-5.74,2.87,-9.44
13.9658,-89.6638,-52.08,842.2,-166.7,6.74,3.35,-9.38,4.83,3.76,-2.15,21.38,-2.54,2.72,-20.61,2.59,-0.61,3.71,-7.55,7.96,0.69,0.86,1.8,-2.12,-0.34,-3.02,-5.3,2.57,2.75,-5.93,-2.66,4.09,-7.37
13.9658,-89.6631,-85.09,662.05,-183.38,4.79,-0.42,-7.26,10.23,6.29,-3.61,7.41,-4.23,7.07,1.7,4.8,-6.25,-15.8,-2.96,-6.28,-9.02,7.55,-2.13,-1.83,3.14,-9.6,-2.55,-2.43,2.24,-5.05,-5.92,1.43,-6.19
13.9658,-89.6623,-28.2,-970.74,87.66,4.2,5.2,-6.28,2.58,3.59,-7.41,8.12,-11.22,-0.62,-6.81,5.29,-9.78,-4.02,0.29,-12.77,-1.87,6.66,-5.35,-4.06,-0.33,-0.0,7.4,4.64,1.5,-3.96,2.3,2.64,-10.26
13.9658,-89.6616,-23.16,274.18,-61.65,2.58,2.78,-5.66,4.02,5.85,-4.41,7.92,-9.5,23.49,-14.08,-0.07,-3.51,3.2,-2.12,-3.72,2.48,3.24,2.56,-4.84,0.59,1.93,-3.03,-2.09,2.09,-1.46,0.02,3.5,-9.13
13.9658,-89.6608,16.12,-564.37,89.52,4.36,2.18,-2.91,9.39,6.38,-4.42,5.04,-7.95,10.98,-12.64,4.4,-0.73,1.92,-1.8,-0.27,-1.11,3.08,-1.07,2.89,-0.11,-3.21,-1.94,0.69,0.51,-4.79,6.09,4.28,-8.14
13.9658,-89.6601,-33.03,-0.52,-39.08,9.15,1.43,-6.68,0.46,7.02,-6.58,2.58,-8.0,2.48,-13.26,6.88,-2.35,6.9,-1.55,-3.56,-0.88,4.54,5.58,-9.88,4.88,-12.38,6.35,8.47,1.57,-3.19,0.9,2.94,-10.24
13.9659,-89.6594,-42.28,774.71,-146.82,3.95,-0.95,-8.76,5.18,4.44,-5.51,4.37,-8.75,17.61,2.77,6.18,-1.23,2.58,9.59,-5.88,-14.34,10.23,4.89,-15.98,0.51,-11.87,0.39,2.15,2.53,-3.32,-0.73,2.38,-8.57
13.9659,-89.6586,-7.45,-19.61,-6.38,4.17,0.35,-9.16,2.45,8.01,-7.18,3.45,-8.95,15.51,-4.05,4.97,1.0,5.55,2.53,-1.7,-1.32,2.97,3.14,-11.11,6.7,-13.68,-7.92,1.67,4.85,-3.32,5.16,1.7,-9.6
13.9659,-89.6579,-14.7,-151.71,1.52,3.89,3.35,-4.78,1.12,9.61,-4.31,3.14,-5.02,15.98,-9.53,4.04,-3.44,3.01,4.07,-5.88,-8.52,0.34,2.03,-2.62,-6.24,3.06,-3.24,3.68,1.17,-4.93,4.98,1.47,-8.88
13.9659,-89.6571,-125.54,1688.28,-359.67,6.6,2.63,-1.0,5.44,5.36,-4.5,-4.61,-8.98,19.38,3.15,6.31,1.1,-1.99,1.37,8.3,-19.98,-11.7,-0.56,-7.23,-6.52,-11.19,-4.74,0.85,-2.04,-7.57,-9.29,2.59,-8.88
13.9659,-89.6564,-45.18,-557.92,16.14,2.85,-1.77,-3.41,-3.2,7.53,-6.88,-7.83,-9.79,13.18,-16.19,5.5,-5.1,0.99,-9.3,1.63,-1.62,-0.55,4.9,1.07,7.08,-11.8,-3.74,-3.46,0.88,-5.09,1.74,2.59,-11.89
13.9659,-89.6557,-77.35,547.78,-160.14,4.5,0.81,-0.83,1.2,11.3,-6.14,3.41,-4.86,9.36,-13.85,2.6,-3.05,-2.68,-7.73,2.55,-2.51,-4.6,2.41,-3.09,-5.46,4.55,-4.6,10.45,-12.17,-10.49,2.18,1.61,-12.84
13.9659,-89.6549,-42.19,436.0,-104.51,3.5,-1.95,-2.32,3.38,11.77,-2.96,-1.24,-2.7,6.94,-1.44,-0.48,-0.54,-2.84,-1.68,-9.04,10.26,7.92,-3.54,-4.85,-9.88,-0.39,3.09,-4.41,12.73,-6.13,3.58,1.22,-11.15
13.9659,-89.6542,-40.28,-576.07,24.25,2.82,1.99,0.26,1.72,8.33,-6.95,-4.12,-6.87,-12.27,-2.92,2.49,0.76,-3.8,7.09,-11.09,-1.77,9.68,-0.55,-0.24,-8.15,-8.01,-1.51,3.49,0.89,-6.18,3.51,2.2,-12.08
13.9659,-89.6534,-9.37,-327.9,29.88,1.42,-1.43,-0.53,3.15,9.36,-4.07,-0.95,-5.54,0.5,7.8,6.05,10.74,-10.72,-13.58,1.3,-0.11,8.14,-1.33,-4.66,-3.2,-5.92,-0.28,3.13,-3.44,-6.02,5.16,3.72,-10.32
13.9645,-89.7156,4.55,135.02,-11.24,4.17,7.07,3.03,-4.81,-0.48,1.54,-5.11,-2.17,-18.73,11.99,-0.37,3.18,15.4,-1.44,1.7,3.42,-7.3,7.51,-2.64,1.43,0.62,1.64,-1.39,0.55,3.88,-5.5,1.97,3.01
13.9645,-89.7148,-28.8,-1115.83,103.28,4.83,8.81,3.43,-3.07,-0.41,0.88,-4.43,0.93,-43.83,18.46,-0.05,2.04,2.74,-15.22,0.17,0.3,-10.26,3.18,-8.17,-0.82,0.32,0.98,-0.65,-1.86,3.75,-9.61,1.99,2.41
13.9645,-89.7141,-13.8,1096.93,-151.25,6.24,7.44,2.88,-5.09,-0.23,0.94,-5.78,-2.04,-0.0,22.62,1.25,6.22,1.51,-5.86,-2.2,3.39,-2.7,6.84,-1.73,-0.76,-1.05,2.99,0.44,0.34,3.92,-9.48,3.89,2.52
13.9645,-89.7134,6.35,-854.34,112.63,4.15,6.5,2.16,-3.88,0.23,2.66,-5.56,0.06,-36.58,21.94,-0.98,3.91,3.27,-4.58,-1.41,2.09,-6.36,4.87,-3.19,0.07,-1.91,1.42,-1.35,1.44,4.42,-7.14,3.89,2.7
13.9645,-89.7126,-1.1,-512.39,61.78,3.94,5.69,2.18,-3.86,-0.11,3.18,-6.44,-1.51,-21.53,1.05,-0.94,3.72,13.96,-3.76,2.17,1.24,-4.97,4.34,-4.1,0.55,-2.9,1.32,-1.67,1.17,5.68,-7.14,2.54,1.8
13.9646,-89.7119,-11.84,-65.11,-5.95,5.41,6.81,1.59,-2.81,0.61,3.3,-7.29,-0.56,-15.18,8.35,-0.19,5.6,-0.02,-2.17,-2.56,2.5,-3.42,5.9,-2.46,2.58,-1.27,0.8,-0.8,0.94,4.59,-7.24,1.96,1.56
13.9646,-89.7111,-10.48,30.91,-16.18,3.36,6.89,2.48,-1.28,0.76,2.66,-7.89,-1.69,-23.46,22.72,-2.74,4.23,1.19,-4.59,2.7,1.71,-4.08,6.0,-2.1,1.9,-2.64,1.32,-0.68,2.07,3.67,-6.52,2.38,0.92
13.9646,-89.7104,-9.22,-678.65,72.7,2.54,5.92,0.53,-2.17,0.64,5.71,-7.59,-1.87,-16.58,-0.0,0.52,4.59,4.13,-2.73,2.23,-0.11,-3.95,4.68,-2.67,3.26,-2.58,-0.18,-2.17,1.28,4.66,-7.5,2.58,1.55
13.9646,-89.7097,-25.8,892.44,-140.38,4.2,6.86,0.65,-0.9,1.56,4.5,-7.94,-1.13,-9.72,19.79,0.29,4.17,3.1,-1.57,1.23,1.81,-4.05,4.39,-2.09,1.12,-3.0,1.47,-1.13,0.78,4.66,-7.59,1.42,-0.37
13.9646,-89.7089,-57.71,1446.51,-246.35,3.34,7.2,0.12,-0.92,1.06,5.5,-10.59,-2.14,-5.16,15.27,-0.22,5.83,0.32,-2.17,2.48,3.66,-4.43,4.11,-4.76,4.01,-3.08,2.18,-0.95,1.28,1.87,-10.64,1.78,-0.14
13.9646,-89.7082,-50.78,2629.97,-384.05,2.17,6.32,1.44,0.79,1.73,5.77,-9.86,-2.5,4.45,42.06,-0.23,5.49,1.14,-2.27,0.66,3.45,-3.54,4.28,-0.14,6.01,-5.24,-0.7,-0.35,2.07,1.63,-9.49,1.68,-0.14
13.9646,-89.7074,-29.51,1221.09,-185.35,3.12,9.43,0.32,-1.26,1.8,5.59,-12.26,-0.59,-13.18,33.41,-1.29,4.38,1.95,0.43,-1.72,8.25,-3.77,2.34,-3.44,0.76,-4.28,0.15,-0.7,2.6,0.87,-6.46,1.68,0.39
13.9646,-89.7067,-25.73,968.72,-149.81,2.0,8.41,-0.73,0.09,1.73,6.12,-9.08,-0.75,-17.74,29.24,-0.22,4.06,0.67,-2.66,0.94,2.75,-0.65,2.35,-2.24,5.83,-4.24,1.96,-1.53,1.14,3.13,-6.46,1.81,-1.37
13.9646,-89.706,0.53,-41.9,5.79,1.15,8.2,-0.62,-1.27,2.57,6.63,-10.6,-0.37,-23.7,24.22,0.95,3.94,-1.32,-3.43,-2.36,3.41,-0.08,1.37,-3.92,11.61,-3.95,0.63,-1.1,2.17,3.09,-3.55,2.13,-0.78
13.9646,-89.7052,-48.22,963.67,-175.79,3.02,6.22,-1.35,-0.75,2.77,6.65,-14.37,0.33,-15.14,25.51,2.24,-2.7,-0.88,0.44,-2.51,7.34,-4.12,2.45,0.62,-1.49,-6.06,-1.01,0.66,3.9,-2.2,-5.77,0.43,-0.0
13.9646,-89.7045,-17.25,-655.31,60.47,3.46,7.13,0.4,-0.37,3.87,7.72,-9.43,-3.59,-30.35,14.77,0.15,5.95,-5.74,-7.28,-2.26,1.9,-3.23,3.84,1.37,4.92,-4.23,-10.16,0.07,2.98,4.47,-6.02,1.59,-1.4
13.9646,-89.7037,-14.81,266.45,-50.37,1.89,9.34,0.84,-0.52,2.01,5.04,-8.93,-2.15,-18.94,21.78,-0.7,5.56,-16.74,-8.38,12.15,1.16,-0.98,0.15,9.32,11.24,-4.64,0.08,-0.51,2.76,4.47,-4.1,0.25,-2.06
13.9646,-89.703,33.8,-533.19,105.72,2.47,8.37,2.88,-0.82,2.22,3.24,-13.32,0.32,-7.77,23.08,-4.28,3.77,-2.04,-5.89,8.25,-1.39,-6.79,1.16,-6.45,18.24,-2.03,-0.01,-0.65,1.98,11.92,-3.99,0.79,0.33
13.9647,-89.7023,-0.18,-337.05,41.39,1.86,5.89,2.13,-2.99,2.92,9.31,-5.16,-4.5,5.13,28.3,-0.39,0.14,-20.99,-7.56,-0.9,4.97,-2.11,-0.44,-15.37,8.61,-3.63,-3.61,-2.52,1.93,7.36,-4.37,-0.19,-0.38
13.9647,-89.7015,-59.59,1946.79,-310.71,2.58,4.77,3.05,-0.77,4.51,6.53,-9.78,-2.43,7.28,24.33,-2.16,2.51,-0.0,-2.89,1.25,2.94,2.73,-0.7,-4.54,0.81,-7.78,-1.99,2.01,1.46,0.17,-7.78,-0.07,-0.62
13.9647,-89.7008,-26.69,1093.05,-166.49,2.35,6.97,0.17,-0.07,3.32,3.11,-6.63,-3.12,-0.0,31.18,-8.72,0.74,0.99,5.55,-5.91,6.47,-4.93,0.84,-3.33,-3.55,-7.8,3.32,-0.58,-0.88,3.06,-3.34,0.33,-4.23
13.9647,-89.7,-55.88,945.5,-182.78,2.46,8.18,1.39,-1.56,2.99,1.3,-7.3,-2.25,-4.13,14.01,15.03,-2.06,-4.74,-10.29,-5.01,2.05,-5.89,9.85,-5.64,3.24,-0.48,-1.22,-2.5,-1.02,3.06,-9.48,1.88,-2.74
13.9647,-89.6993,-91.01,1876.96,-339.36,2.19,7.27,-1.27,-1.09,3.85,3.61,-1.17,-2.2,1.07,25.98,1.73,-3.52,-8.8,-6.74,-5.57,1.04,-3.8,-1.82,6.46,1.78,-2.38,0.24,-1.36,1.13,3.86,-11.13,-0.0,-5.99
13.9647,-89.6986,-23.35,986.79,-149.51,3.21,5.22,2.53,1.43,4.2,0.27,-1.25,-1.13,-5.44,25.18,0.98,-3.84,-9.94,-6.18,-2.04,10.33,-0.72,5.65,-0.34,3.68,-2.87,3.58,12.53,1.36,3.39,-1.71,-0.07,-5.99
13.9647,-89.6978,-53.34,2661.28,-391.88,2.42,6.29,-1.07,1.06,3.52,-0.72,-4.16,-3.07,6.2,30.13,3.75,7.74,4.5,-1.87,0.55,4.27,1.13,3.29,2.52,-1.53,-3.36,-11.81,8.83,0.36,-1.95,-3.75,-0.07,-3.76
13.9647,-89.6971,-45.94,1832.71,-280.79,2.84,8.35,2.81,2.34,5.33,-1.94,-3.35,-7.3,-0.0,29.47,0.22,-1.23,-1.46,-8.19,-2.6,7.39,2.69,2.15,-4.5,11.05,-2.58,0.04,1.96,-0.78,-0.79,-3.75,0.88,-4.81
13.9647,-89.6963,-28.37,1144.96,-175.07,2.13,3.24,2.92,1.95,5.68,-2.61,-4.47,-3.05,-7.85,37.86,6.56,-6.9,7.05,-4.09,-10.95,6.41,2.2,-11.83,-1.59,14.08,-5.93,0.54,-0.56,1.12,-4.5,0.63,0.57,-3.84
13.9647,-89.6956,-29.46,-293.8,1.51,2.67,5.98,-1.33,2.38,5.18,-6.7,-3.32,-3.34,-11.59,24.0,1.16,6.74,-7.91,-3.77,-7.05,8.67,-1.42,-4.93,-15.18,-8.65,-2.26,-1.43,-4.84,1.73,2.7,-4.03,1.17,-4.79
13.9647,-89.6949,-39.28,2251.25,-324.82,4.35,7.84,-0.34,3.45,5.82,-0.87,-4.27,-3.92,-0.0,30.94,3.29,9.22,9.52,-15.89,-4.61,5.5,2.03,-1.13,3.68,4.22,-1.44,-1.58,1.3,4.35,-2.03,-1.9,1.11,-5.69
13.9647,-89.6941,-16.02,12.99,-20.54,4.29,5.93,-1.92,2.03,5.24,-0.85,-0.71,-3.72,-32.21,25.66,0.35,-3.0,-0.21,-5.08,8.7,1.06,-2.41,5.3,-1.7,0.81,-8.11,4.41,4.43,2.37,0.78,-0.46,1.88,-7.02
13.9648,-89.6934,-8.12,-1146.11,132.2,3.52,5.54,-1.59,4.49,4.76,-2.33,-2.59,-2.46,-41.14,29.16,1.83,-7.68,-0.0,-7.95,0.59,3.84,1.98,-3.08,-5.99,-2.83,-3.47,-2.91,-7.95,0.91,0.21,-0.46,3.39,-7.02
13.9648,-89.6926,-38.98,169.46,-67.05,2.79,6.26,0.96,4.12,4.05,-2.85,-3.09,-2.52,-30.76,28.16,-1.6,0.84,-0.0,-7.53,0.06,12.2,0.09,-9.84,-12.38,5.78,-5.41,-0.52,7.28,2.31,-3.49,-3.05,3.93,-6.82
13.9648,-89.6919,69.29,-2903.16,441.2,3.02,6.5,-0.85,5.14,4.61,-5.39,-2.45,-3.91,-29.12,5.19,2.18,-1.18,5.36,-3.37,2.62,-0.55,-0.58,-2.95,-11.23,-6.25,-5.76,1.43,1.52,5.47,-0.87,9.62,3.55,-5.97
13.9648,-89.6912,-36.03,-644.11,37.14,1.02,6.56,1.39,5.27,3.97,-3.74,-0.88,-3.23,-30.61,8.38,1.95,-13.76,9.6,-10.86,-0.11,-2.35,-1.22,-2.24,3.34,4.01,-2.35,3.23,-1.07,1.07,-15.74,7.37,1.07,-6.93
13.9648,-89.6904,5.43,-2232.74,282.86,1.79,3.03,-0.27,6.98,3.92,-6.05,1.77,-3.53,-37.69,-0.0,1.92,-5.65,10.16,-8.9,4.72,-1.19,-3.29,-0.02,-3.62,2.41,-6.67,-1.54,-9.4,1.01,4.66,0.48,1.62,-8.15
13.9648,-89.6897,-47.75,1948.46,-297.74,2.54,2.59,-3.66,3.64,7.21,-4.82,-2.21,-3.24,-0.0,24.12,3.85,1.89,2.58,-1.98,1.86,-0.46,4.85,-2.5,-3.31,4.84,-6.66,4.38,-2.57,5.58,-3.13,-3.53,3.29,-7.95
13.9648,-89.6889,48.44,-2291.54,341.1,2.18,4.9,-0.7,6.27,2.04,-3.44,-1.17,-2.26,-32.9,15.26,-1.12,-4.76,4.12,-4.57,-8.17,1.45,0.73,-0.55,-2.76,8.15,-7.36,1.2,-3.62,5.47,-5.23,9.5,3.36,-5.87
13.9648,-89.6882,-5.41,799.48,-105.44,3.27,6.89,0.74,4.88,4.46,9.51,0.86,-2.94,-20.96,14.39,-0.36,11.92,5.96,3.23,-7.12,0.23,13.66,-3.64,-4.76,6.63,-8.9,-0.84,-1.69,5.68,1.74,-0.23,0.59,-4.35
13.9648,-89.6875,-54.74,941.14,-181.34,3.57,9.25,0.74,5.5,3.1,0.61,-0.79,-3.55,-33.86,27.23,-9.63,13.58,14.52,-8.44,5.56,1.18,-3.8,-4.02,-6.81,-0.45,-6.36,-2.42,-0.76,5.08,1.17,-4.91,1.83,-8.7
13.9648,-89.6867,-87.68,3385.2,-523.22,2.93,2.27,-2.39,5.4,3.0,3.28,1.45,-2.66,-0.0,21.03,1.05,0.34,8.42,-7.12,12.59,9.55,-3.41,7.17,-6.16,6.41,-6.35,-7.54,1.66,3.12,-2.27,-4.63,-1.1,-8.38
13.9648,-89.686,-30.96,731.08,-127.23,2.78,2.29,-1.67,4.82,6.24,-2.39,3.53,-4.74,-12.66,30.1,1.19,1.96,6.45,-1.41,-3.79,2.18,-0.31,-6.25,-11.51,-2.04,-3.24,-4.09,2.23,1.17,-0.39,-3.8,3.92,-6.37
13.9648,-89.6852,9.32,-522.66,75.83,16.61,4.05,-1.96,4.31,3.94,-6.09,6.39,-5.64,-21.08,24.93,7.9,-1.21,-3.58,-0.24,0.06,-2.08,0.59,-6.75,-4.29,3.45,-5.39,-4.04,1.04,3.35,-0.39,2.77,2.91,-6.82
13.9649,-89.6845,-24.58,154.01,-48.17,0.91,4.99,-1.52,6.58,1.87,-3.15,2.41,-6.11,-29.0,22.2,6.26,-6.25,2.77,-3.06,4.16,2.31,4.15,-6.48,4.48,-0.91,-5.91,0.2,-2.12,2.84,-0.34,-0.1,0.98,-6.82
13.9649,-89.6838,-11.53,705.61,-101.15,-0.89,1.82,-2.17,8.41,3.36,-4.21,2.48,-5.34,-5.33,15.45,3.25,-3.41,-0.29,-1.09,16.06,7.04,4.52,-8.67,0.13,-2.9,-7.41,-1.17,-0.76,0.86,0.26,2.75,0.98,-9.41
13.9649,-89.683,-19.42,394.13,-71.87,2.15,3.49,-2.78,7.29,5.27,-4.4,1.27,-5.15,-19.19,28.64,1.52,-0.82,2.78,-3.84,-2.58,8.96,4.09,0.32,-10.47,3.06,-2.17,-14.14,0.56,5.45,-1.02,1.69,1.4,-8.69
13.9649,-89.6823,1.29,287.63,-34.16,0.62,2.95,0.12,7.27,7.99,-9.8,3.28,-4.39,-5.94,33.24,1.2,-0.43,-0.0,2.7,1.34,1.96,-0.81,-18.98,-3.5,7.99,-10.65,3.1,-2.0,2.09,-1.26,1.69,2.83,-5.84
13.9649,-89.6815,-11.91,1334.21,-179.67,-1.81,2.84,0.39,7.21,4.35,-3.9,5.18,-5.94,-0.0,46.56,4.75,-5.8,-0.0,-7.25,2.48,1.06,0.58,-8.94,4.1,-0.0,-8.08,-1.66,-2.07,2.18,-1.81,2.35,1.23,-7.03
13.9649,-89.6808,-21.09,1021.71,-151.77,0.37,2.95,-3.9,5.87,6.34,-5.3,5.56,-7.5,-12.44,36.44,2.72,2.23,-16.49,-13.44,7.92,3.47,0.77,11.46,9.08,4.12,-4.13,-3.31,1.81,5.24,-2.34,1.85,1.29,-7.94
13.9649,-89.6801,-122.66,1523.81,-334.3,3.31,1.89,2.84,7.59,5.74,-6.5,4.98,-6.99,-17.12,13.08,0.76,-10.29,4.67,-17.88,-2.55,4.19,4.01,-2.13,-4.18,7.21,-0.06,-8.16,4.49,-1.04,-1.93,-11.65,1.29,-8.78
13.9649,-89.6793,-57.92,-626.12,9.22,2.62,0.97,0.06,6.58,4.97,-6.53,5.02,-8.36,-36.76,13.65,-3.86,1.54,-1.96,-17.62,5.91,1.55,0.57,-3.36,-0.93,4.87,-9.17,-8.09,2.05,7.48,-14.37,4.9,1.06,-8.78
13.9649,-89.6786,14.82,245.13,-12.91,-0.46,1.63,-6.33,8.41,6.77,-5.32,9.13,-6.28,-24.6,20.19,11.36,4.82,1.3,-0.68,-7.63,0.48,3.53,5.99,0.11,14.92,-2.65,-4.68,0.02,4.78,-3.99,4.9,2.64,-5.54
13.9649,-89.6778,24.44,-1984.5,275.43,3.68,2.17,-6.73,7.32,6.58,-8.43,6.19,-7.31,-24.6,25.5,1.09,4.23,2.3,-10.5,-9.24,-1.99,-7.09,-9.22,1.7,-2.17,-8.17,-0.74,-0.54,-1.88,-0.99,3.44,2.64,-4.1
13.9649,-89.6771,34.44,-1431.1,218.57,0.88,2.9,-3.47,4.62,4.75,-9.08,5.31,-8.08,-22.45,24.1,13.78,6.0,3.19,-4.96,-13.63,-0.04,-9.21,-5.66,-4.92,3.59,-2.75,2.03,5.98,0.36,-2.41,5.55,1.89,-2.78
13.9649,-89.6764,-69.5,2079.64,-340.68,2.27,4.67,-4.58,7.43,2.91,-6.02,5.42,-6.94,-2.28,20.21,15.04,-5.72,9.28,-13.31,-2.11,10.26,3.61,-0.41,-1.77,-0.0,-4.92,0.72,-4.31,3.56,-2.99,-10.14,3.32,-1.35
13.965,-89.6756,-5.81,-66.33,1.37,4.59,3.51,-2.25,7.29,5.17,-3.81,3.47,-5.72,0.07,17.2,-4.51,1.2,0.93,-3.27,-3.0,1.06,-5.76,3.5,-6.6,3.89,-3.33,-4.04,-0.5,2.62,0.95,-1.29,2.8,-5.16
13.965,-89.6749,6.15,250.96,-23.92,0.32,2.18,1.15,7.9,6.04,-6.47,6.06,-7.54,-0.62,7.46,-9.81,8.1,6.56,5.49,-1.34,-3.62,4.16,7.21,-7.84,5.47,-3.03,-3.13,0.52,2.51,-2.76,1.83,2.81,-3.71
13.965,-89.6741,-10.68,-216.72,14.31,0.71,-0.3,-1.57,7.76,4.27,-6.07,8.13,-8.63,2.44,-0.0,2.43,-2.01,5.31,-3.47,3.74,2.76,5.03,-0.98,-5.73,-0.0,-3.77,-7.27,5.11,3.71,-2.06,-2.75,5.17,-4.05
13.965,-89.6734,53.57,-1421.14,240.15,1.19,2.6,-2.22,7.25,4.12,-5.46,5.65,-6.29,-5.31,-0.0,1.27,-1.82,4.05,-5.99,-2.07,15.76,-0.63,-3.16,-5.22,26.33,-10.1,-2.75,4.15,5.88,2.03,4.92,3.34,-3.74
13.965,-89.6727,-10.25,84.22,-22.61,0.47,1.39,-2.38,7.25,4.62,-4.43,7.7,-8.38,-2.26,-0.0,0.37,3.48,4.24,-3.71,10.66,2.25,-0.52,-0.49,-4.11,4.63,1.28,-4.61,3.44,2.16,-1.27,-2.14,3.54,-3.04
13.965,-89.6719,-0.69,-703.9,86.76,0.48,1.44,-1.83,7.85,4.71,-6.99,9.62,-8.04,-2.26,-12.57,4.48,-3.01,8.19,-3.99,-3.95,3.69,-1.39,3.04,-3.27,1.78,-4.25,-1.84,-2.61,0.94,-1.64,-0.06,3.48,-3.84
13.965,-89.6712,22.7,-906.22,139.64,0.08,2.14,-2.58,6.96,4.52,-7.98,8.39,-8.08,11.07,-0.0,3.99,0.61,4.24,-6.06,-3.32,3.81,0.82,0.36,-0.87,0.35,-6.37,-7.24,-0.0,2.07,-2.08,2.19,3.77,-2.19
13.965,-89.6704,14.05,-464.03,74.39,1.7,1.16,-0.86,6.95,5.6,-6.84,8.31,-8.87,7.8,-0.0,2.26,-4.01,5.83,-2.54,-0.59,-0.02,4.2,0.42,1.17,2.84,-3.28,-0.62,1.96,3.95,-4.06,4.51,2.44,-3.92
13.965,-89.6697,4.25,849.66,-100.74,0.91,2.29,-2.6,8.29,5.84,-5.63,9.43,-9.83,18.73,-8.53,2.0,2.19,10.29,0.18,-1.58,1.08,4.01,-0.32,4.69,6.78,-3.32,1.22,2.43,2.4,-1.74,0.84,3.52,-3.96
13.965,-89.669,-36.65,1036.23,-172.42,2.95,2.35,-1.95,8.66,5.17,-4.76,8.08,-10.25,10.57,-0.0,2.07,-3.46,9.17,0.2,7.33,-3.02,4.28,-1.31,-2.78,3.31,-2.2,-0.92,2.52,3.13,-3.37,-2.77,3.86,-5.95
13.965,-89.6682,-22.09,674.12,-110.11,4.14,0.2,-2.81,9.09,5.12,-5.79,8.15,-11.23,23.68,-5.59,3.06,-1.84,2.72,-1.31,-4.22,-3.1,-0.21,0.26,3.8,6.02,-6.38,0.95,0.1,4.49,-3.37,-1.4,3.26,-4.01
13.965,-89.6675,70.21,-1765.6,303.07,3.91,1.72,-1.39,5.96,6.02,-4.88,5.73,-11.55,23.68,-5.59,2.03,-2.0,1.93,7.68,-1.16,-9.47,1.43,-2.79,-5.12,-5.89,-5.07,-3.93,1.59,2.13,-6.74,12.6,3.7,-4.01
13.965,-89.6667,53.39,-587.72,136.46,4.44,3.68,-2.33,7.02,5.94,-1.38,6.08,-6.34,7.31,11.19,4.76,-4.01,15.69,-3.21,-2.55,-3.24,0.31,7.31,-4.76,-10.24,-4.03,-2.65,0.29,4.15,-4.15,8.56,3.7,-3.85
13.9651,-89.666,38.58,-1141.18,187.89,3.26,5.68,-1.77,7.19,5.4,-10.97,5.54,-7.25,-0.0,-14.24,11.38,-6.14,3.76,4.28,6.08,-4.88,-5.53,7.97,8.75,-11.62,-3.95,-5.54,-0.08,1.83,-7.95,10.95,4.1,-7.93
13.9651,-89.6653,-116.2,1265.63,-295.38,1.85,4.18,-3.89,5.59,5.95,-5.25,17.1,-9.75,-0.0,-18.97,2.13,-3.4,3.13,0.15,-16.11,0.43,-3.76,-6.31,0.69,-6.55,5.37,2.47,3.7,11.84,-9.1,-7.17,3.38,-10.08
13.9651,-89.6645,-114.97,2105.82,-398.69,4.15,-0.4,-3.81,2.87,5.71,-3.52,3.45,-12.29,8.95,-10.24,8.19,-4.91,4.62,-8.03,-8.58,18.14,4.35,0.74,3.74,-13.26,12.57,-10.14,1.33,-0.33,-3.03,-7.17,-1.42,-8.7
13.9651,-89.6638,-43.73,775.0,-148.43,3.68,7.27,-16.73,9.05,2.98,-6.04,12.83,-9.69,-5.66,-17.29,5.67,-4.03,2.96,0.76,8.57,10.3,-6.23,0.53,-5.77,9.87,12.45,-0.0,8.92,3.31,-4.59,1.53,0.2,-8.01
13.9651,-89.663,-78.88,709.92,-181.98,3.12,0.96,-0.02,5.88,5.55,-6.4,8.7,-7.42,-3.82,-27.38,1.67,-1.48,-0.73,-2.76,2.78,8.67,1.41,-5.21,-4.19,15.26,-0.8,-0.0,0.24,3.35,-7.75,-3.87,2.51,-7.09
13.9651,-89.6623,-103.84,2027.88,-375.96,1.43,5.95,-3.96,6.12,8.16,-7.19,6.88,-6.1,14.87,-11.66,0.56,-5.43,8.64,-3.18,-3.78,5.15,0.48,3.25,-4.56,1.34,2.82,-9.08,-4.94,1.92,-10.41,-4.08,3.53,-11.34
13.9651,-89.6616,-29.15,424.15,-87.45,4.53,2.23,-5.81,5.21,5.51,-5.25,6.19,-10.86,16.75,-0.0,1.38,0.79,4.36,-1.14,-1.78,-2.13,2.31,1.49,-4.61,5.83,-2.88,-3.8,3.57,0.07,-3.24,0.72,3.99,-10.64
13.9651,-89.6608,-23.86,1132.34,-169.57,7.2,2.43,-4.49,1.78,4.68,-9.35,11.37,-4.69,33.06,-13.49,4.39,-2.42,3.34,4.27,4.48,-2.76,-0.61,2.52,-1.89,-1.19,-3.77,-4.27,6.0,3.19,-3.24,1.13,4.64,-11.15
13.9651,-89.6601,-1.42,-309.26,36.91,6.42,-0.81,-5.0,1.8,7.94,-8.74,2.2,-9.61,15.69,-20.75,5.62,-2.27,12.09,1.83,3.42,-6.67,5.26,0.63,-4.98,6.65,-5.59,1.08,-4.27,0.23,-10.98,6.22,4.44,-6.05
13.9651,-89.6593,-2.06,-1742.95,215.12,5.26,-0.41,6.01,11.4,5.89,-12.8,2.73,-7.67,1.07,-15.15,4.89,1.12,-0.0,-2.86,-11.89,1.92,8.76,-7.16,-7.78,-2.65,-18.09,-10.69,2.12,4.61,-6.04,5.14,2.85,-7.16
13.9651,-89.6586,15.14,489.85,-43.21,4.08,-0.15,-17.5,7.04,8.74,-6.57,8.97,-7.94,-0.0,-2.26,3.4,-4.1,1.49,7.65,1.76,2.98,7.63,14.33,-2.02,8.23,6.32,-11.72,1.14,5.29,-7.61,7.29,2.85,-5.18
13.9651,-89.6579,-25.02,1943.0,-272.28,5.22,-0.98,-4.02,13.36,10.44,-8.13,9.73,-7.13,-0.0,-14.85,14.6,-1.19,-5.9,10.29,-9.88,14.52,16.13,21.22,-4.41,11.69,-1.94,-9.87,-0.06,-1.06,-5.79,5.62,1.55,-11.6
13.9652,-89.6571,-5.81,-454.91,49.93,5.79,2.05,-0.43,-1.19,13.22,-7.2,5.83,-7.58,7.38,-17.88,7.05,-1.63,1.39,-3.85,7.24,-6.64,-2.57,10.06,-5.59,13.78,-12.26,-6.37,-1.61,-1.29,-5.0,5.55,5.03,-13.29
13.9652,-89.6564,48.49,-1811.49,283.77,2.39,-4.2,-0.73,9.94,9.6,-7.24,1.02,-10.64,7.77,-5.65,1.67,-0.34,-6.03,-11.68,3.26,11.99,3.93,-2.6,-4.63,-9.76,1.49,7.42,1.43,-2.62,5.93,5.55,3.77,-10.29
13.9652,-89.6556,-70.79,-1017.94,43.26,2.55,-1.53,0.09,1.27,12.55,-6.94,-1.08,-8.78,1.09,-23.04,-5.5,-7.97,-11.91,3.09,-1.99,-11.68,-6.59,9.29,-3.49,6.18,-1.39,-0.95,4.28,3.87,-2.35,-2.73,0.83,-10.27
13.9652,-89.6549,-20.91,-3245.4,380.78,-0.41,2.52,-2.16,2.88,11.32,-5.56,-4.59,-3.47,1.52,-24.26,2.58,0.34,-15.32,-4.43,-20.38,-10.33,2.07,-2.42,-4.86,-23.49,-1.41,-0.94,1.29,0.66,-4.53,1.49,4.94,-10.07
13.9652,-89.6542,-5.3,-1490.68,180.04,0.07,-1.07,-2.81,3.16,10.29,-5.21,1.25,-6.96,8.03,-0.0,4.4,-3.08,0.08,-6.1,-8.48,-3.89,1.14,4.82,-5.16,-10.88,-8.62,-3.62,0.91,3.68,-4.62,3.67,5.17,-10.48
13.9652,-89.6534,-55.49,-165.63,-45.08,3.78,-0.43,-2.9,3.45,10.41,-3.6,-2.4,-7.1,-1.29,-8.91,4.89,-3.56,-3.09,2.35,8.16,-6.86,-4.91,3.26,-5.13,-14.48,-2.41,-2.15,5.62,1.95,-10.29,3.18,1.28,-9.14
13.9638,-89.7156,-15.63,914.23,-130.88,3.62,6.4,2.83,-4.76,1.01,0.12,-4.49,-1.63,-16.17,22.45,-2.44,6.78,8.01,2.83,0.56,4.13,-7.14,6.3,-1.62,7.27,-5.86,2.25,-0.34,-1.83,4.27,-9.06,2.91,2.5
13.9638,-89.7148,-27.54,-837.76,70.56,4.56,6.89,2.82,-4.62,0.11,1.94,-4.82,-3.39,-33.35,33.13,3.62,-2.96,-10.26,-16.44,-1.65,1.01,-11.46,7.47,-6.11,1.46,4.04,0.51,1.9,-2.18,5.64,-10.66,2.52,1.57
13.9638,-89.7141,-12.48,645.1,-94.09,5.8,7.78,2.31,-3.82,2.37,1.82,-5.83,-0.95,-22.8,28.46,4.64,2.05,2.14,-2.36,1.47,2.98,-4.04,5.79,-0.31,-0.42,-1.72,1.51,1.69,-0.82,6.01,-8.2,1.58,1.91
13.9638,-89.7133,-18.07,-200.96,3.41,5.01,7.19,2.45,-4.66,0.74,1.43,-5.39,-1.23,-26.94,12.83,-1.26,5.15,0.53,-1.84,1.92,2.33,-6.74,7.65,-5.37,3.73,-3.12,1.28,-0.77,0.85,4.61,-8.93,2.45,2.09
13.9638,-89.7126,-41.94,832.35,-151.94,4.58,7.37,2.6,-2.85,1.51,2.13,-5.88,-1.42,-22.69,14.45,0.28,0.23,0.79,0.33,1.31,6.93,-2.19,6.27,-4.02,7.03,-1.93,1.36,-1.02,1.05,1.74,-8.9,1.43,1.22
13.9638,-89.7119,-18.34,-509.45,41.07,3.23,6.55,2.56,-1.52,0.18,1.53,-6.57,-0.22,-24.47,-0.0,-0.85,4.57,2.04,-2.14,2.86,4.61,-2.12,5.83,-4.06,5.7,-2.27,1.42,1.33,-0.94,2.6,-7.05,2.1,1.58
13.9638,-89.7111,-24.37,-683.63,55.42,2.88,5.97,0.4,-1.43,1.55,3.03,-6.9,-1.63,-28.06,-0.0,-2.06,6.01,6.48,-1.99,2.32,2.43,-4.49,2.06,-2.56,3.54,-4.36,0.09,-0.09,0.97,2.6,-7.3,1.33,1.79
13.9638,-89.7104,-36.73,518.57,-107.22,3.76,6.38,0.93,-1.32,0.96,3.3,-7.83,-1.38,-26.17,14.55,-1.07,3.52,4.84,-2.34,4.14,1.9,-2.59,3.76,-2.77,4.18,-3.45,2.02,2.02,1.07,3.2,-8.7,1.0,1.21
13.9639,-89.7097,-53.64,1692.83,-271.84,2.69,7.1,1.62,-0.46,0.28,4.39,-8.61,-1.8,-0.0,17.86,-3.01,3.28,1.38,-1.03,2.52,2.66,-4.71,4.35,-3.59,3.67,-3.54,-0.42,0.74,0.56,2.19,-11.07,1.79,1.21
13.9639,-89.7089,-80.57,2011.91,-342.98,3.45,7.51,1.63,-0.44,0.91,4.59,-8.02,-1.51,-13.59,23.34,-1.36,5.35,1.72,-2.32,2.84,3.03,-2.5,3.32,-3.32,3.96,-3.32,-0.01,-1.47,0.96,1.04,-11.8,1.79,-2.64
13.9639,-89.7082,-72.09,2581.25,-403.19,4.46,7.23,1.44,1.03,1.93,4.67,-7.76,-1.6,2.55,35.17,-1.19,6.48,3.26,-4.12,-2.45,2.96,-3.82,3.29,-4.91,2.48,-3.19,0.5,0.81,1.88,2.5,-11.8,1.41,-1.65
13.9639,-89.7074,-61.69,1073.67,-205.16,4.14,8.85,0.75,0.57,3.02,3.56,-8.51,-2.77,-22.35,18.07,-2.09,4.46,2.61,-2.42,1.48,1.08,-3.54,2.6,-1.33,5.53,-5.35,2.22,-0.49,2.47,0.4,-8.43,-0.33,-0.06
13.9639,-89.7067,-79.86,2376.76,-387.28,4.25,8.45,-0.13,0.2,3.01,3.95,-6.94,-1.62,-5.66,31.62,-1.83,4.3,-0.11,-1.61,-0.15,4.12,-3.32,0.78,-2.33,3.3,-3.15,1.84,-0.86,1.94,1.8,-13.31,2.03,-1.05
13.9639,-89.706,28.48,1029.83,-93.35,3.93,8.27,-0.81,1.14,3.79,5.8,-9.82,-2.06,-18.6,42.82,-1.47,3.64,8.61,1.88,2.82,4.13,-1.44,1.51,8.39,9.9,-4.6,0.49,-0.91,-1.36,11.93,-7.57,2.27,2.97
13.9639,-89.7052,52.64,-1085.04,195.96,2.97,8.29,0.45,-0.44,3.53,5.08,-9.29,-1.35,-12.78,33.4,0.71,2.18,-0.41,-11.3,-1.54,2.63,-4.57,-0.24,-6.41,6.6,-4.71,0.75,0.03,4.0,11.93,-3.74,2.04,2.19
13.9639,-89.7045,-23.98,462.81,-85.41,2.15,7.38,1.53,2.72,0.98,1.78,-15.08,-1.47,0.36,25.02,0.08,6.61,-2.27,-3.04,-1.49,6.56,-15.87,5.69,-15.19,9.03,-7.25,-0.06,0.75,1.09,0.72,-6.43,1.61,1.53
13.9639,-89.7037,-33.35,1128.84,-178.66,2.83,8.64,-2.05,0.44,3.96,11.2,-10.72,-2.62,-11.73,34.54,-3.96,-0.05,-8.37,-11.28,-0.83,3.9,-1.14,6.08,-2.82,23.89,-1.4,0.86,2.31,-0.86,0.13,-7.67,3.01,-0.19
13.9639,-89.703,-9.77,204.61,-36.78,3.55,7.2,-1.23,0.76,2.17,3.71,-0.25,-3.25,-11.25,28.57,-2.55,-3.85,-7.51,-2.36,6.76,-3.08,7.56,-10.04,-17.15,20.95,-4.03,2.55,0.49,5.06,-3.42,-3.51,0.95,5.24
13.9639,-89.7023,-13.58,258.2,-47.9,2.52,7.45,0.88,-0.89,1.7,-0.0,-1.76,-3.85,-5.47,32.95,-1.52,-9.76,-16.1,-3.05,4.72,-5.63,-0.15,0.44,-1.97,26.42,-0.95,-1.05,-0.38,2.09,6.72,-5.45,0.16,-1.84
13.9639,-89.7015,-30.88,1808.42,-259.71,2.16,5.01,-0.15,-0.78,2.95,12.47,-12.08,-2.0,-0.0,18.67,9.25,9.34,-13.09,-3.05,4.72,3.02,-1.39,0.64,-1.88,19.03,-5.33,-0.36,1.22,1.41,0.6,-6.88,0.75,2.55
13.964,-89.7008,-34.55,1053.35,-170.87,2.43,8.78,1.22,3.8,3.26,-7.63,-8.08,-0.2,-0.0,-0.0,4.51,5.28,-20.59,-2.78,-1.15,1.53,-10.0,-0.85,0.66,6.51,-4.88,-0.33,4.06,5.18,6.03,-6.46,0.16,-3.76
13.964,-89.7,-91.82,1399.63,-281.31,3.05,13.16,-0.03,-0.63,2.91,3.83,-8.16,-1.9,1.86,31.65,5.3,-6.75,-4.35,-18.64,-6.28,0.76,-1.95,-9.47,-2.2,4.42,-2.49,-3.21,2.9,1.74,-8.23,-7.52,-0.19,0.75
13.964,-89.6993,-19.22,557.36,-91.55,3.29,7.82,0.59,0.4,4.19,3.63,-7.66,-5.5,8.91,33.0,7.93,0.62,-9.05,-17.52,-4.02,2.08,-12.79,1.48,4.38,3.62,-1.72,-1.94,4.46,-1.03,3.82,-4.24,0.89,-2.63
13.964,-89.6986,-10.04,367.75,-57.3,2.5,-3.92,-2.06,-0.08,3.55,2.07,-6.0,-6.27,13.27,30.5,2.03,-2.44,2.16,-26.12,0.06,11.37,-4.17,10.54,-1.46,-6.48,-3.5,-7.05,-5.22,2.42,0.78,-0.92,0.58,-2.53
13.964,-89.6978,-48.78,2043.96,-310.2,3.02,5.42,-0.87,0.55,5.01,-0.0,-4.02,-5.89,5.72,17.39,3.18,2.32,-0.72,-3.62,13.22,1.29,-0.04,0.2,-2.45,10.86,-4.68,-2.45,5.08,2.65,0.45,-4.71,-0.18,-3.46
13.964,-89.6971,-41.06,1408.51,-222.59,1.02,9.29,0.82,1.48,6.84,-0.78,-2.19,-4.71,7.07,21.33,4.64,-6.29,-5.05,-11.77,-2.15,7.49,-0.93,3.41,-2.36,15.31,-3.08,2.28,-1.74,0.43,0.91,-3.18,0.31,-5.6
13.964,-89.6963,-29.91,1425.5,-211.56,2.77,2.8,0.39,1.8,4.71,2.55,-5.06,-0.17,-16.14,32.57,-3.53,8.16,7.66,-1.53,-2.13,4.3,1.54,6.62,-2.6,-4.43,-3.51,0.4,-7.82,1.89,-0.11,-1.35,1.38,-6.8
13.964,-89.6956,21.7,-174.71,47.24,4.84,6.15,-0.47,0.5,5.51,-1.99,-2.35,-5.23,-25.04,35.61,10.57,-4.84,2.67,-12.14,-2.55,5.73,14.47,-7.28,-4.1,8.32,-2.38,-0.83,-2.17,5.84,-0.11,4.07,1.57,-4.51
13.964,-89.6949,-71.05,1244.91,-237.91,1.28,6.17,2.6,2.86,6.69,-1.1,-2.12,-3.53,-31.96,25.12,-4.46,4.39,2.69,-2.19,-8.91,11.07,-2.12,6.02,-7.12,8.37,-3.14,-2.15,0.96,0.84,-3.48,-3.6,1.05,-8.52
13.964,-89.6941,-55.25,1675.75,-272.56,2.29,7.28,0.16,1.43,7.27,-3.06,-2.8,-2.45,-0.0,32.61,-2.98,-8.4,1.81,3.62,-6.71,7.79,-13.46,5.11,-2.32,3.61,-3.71,-4.28,2.12,-0.72,-2.35,-3.6,2.6,-8.52
13.964,-89.6934,-79.26,439.06,-147.99,2.8,4.01,-2.88,4.84,5.65,-0.53,-2.11,-5.19,-27.55,15.24,-6.57,-4.16,-13.86,-5.33,-1.28,3.58,0.81,18.26,-5.05,7.67,-7.75,0.66,1.67,-0.47,1.79,-13.74,4.52,-4.02
13.964,-89.6926,-37.16,301.08,-81.18,3.53,6.66,0.67,5.36,5.61,-2.98,-3.64,-5.26,-33.73,23.65,-4.42,-2.26,-5.79,-2.43,-4.53,6.02,5.89,5.86,-0.07,8.74,-0.35,4.04,1.73,3.3,-6.71,-2.5,4.42,-4.64
13.964,-89.6919,-19.61,627.28,-100.81,3.78,4.86,0.66,5.05,7.34,-2.86,-6.04,-2.18,-28.0,33.83,2.64,-4.22,10.46,-11.33,-2.04,12.56,-3.06,4.25,-6.97,8.42,-2.44,2.66,-0.4,-5.51,-3.62,-0.46,3.52,-6.23
13.9641,-89.6912,13.03,-827.5,117.84,2.96,18.01,-1.92,6.64,5.75,-6.43,0.04,-3.04,-33.03,10.69,5.42,-13.91,24.62,-3.84,-0.81,3.58,-2.5,-4.42,1.55,-4.86,-6.01,2.9,2.63,1.87,0.44,2.22,2.52,-6.23
13.9641,-89.6904,20.65,-1457.95,204.92,4.98,1.03,-0.78,3.79,5.18,-4.17,-1.71,-2.56,-30.49,22.42,-5.87,-0.73,11.79,-11.71,-4.65,4.35,2.59,-3.28,-1.99,2.21,-7.63,-5.33,-0.4,1.12,-4.84,5.05,4.46,-6.85
13.9641,-89.6897,6.76,496.79,-53.53,3.41,-2.2,-4.0,7.94,5.25,-3.98,-1.03,-2.23,-7.23,31.99,5.62,2.27,1.28,-16.27,5.09,9.49,-2.16,2.52,-1.01,2.71,-2.72,-6.1,-1.47,0.66,0.14,0.89,4.46,-8.35
13.9641,-89.6889,-72.02,2886.1,-442.61,2.93,3.91,-1.9,8.27,4.86,-6.22,-2.27,-5.64,-6.48,23.72,10.27,7.89,14.6,2.73,-6.49,7.19,5.55,-0.57,-3.45,-3.22,-6.63,4.37,-4.24,5.79,-3.24,-7.88,2.94,-5.43
13.9641,-89.6882,-15.54,522.05,-83.05,3.6,12.56,0.38,4.99,4.36,-10.56,-0.43,-5.64,-31.23,13.23,2.7,4.55,14.34,8.99,0.35,0.26,-0.58,7.2,-9.35,8.11,-6.42,1.58,-1.72,4.78,-2.47,1.15,2.44,-7.64
13.9641,-89.6875,-21.81,-539.66,41.08,4.63,1.87,-1.45,3.0,4.36,-3.52,2.07,-5.18,-43.6,20.56,9.5,-2.83,14.34,-2.46,0.35,-0.94,3.36,-10.72,-17.53,-1.56,-1.4,1.58,5.41,5.05,-4.16,-0.14,4.53,-7.91
13.9641,-89.6867,-26.93,-277.95,2.61,4.31,3.76,-3.68,6.9,4.02,0.85,1.94,-3.52,-33.23,-0.0,7.54,1.83,5.55,-1.95,2.25,10.36,-0.17,4.11,-8.78,3.41,-4.04,-6.23,-1.13,3.85,-0.83,1.08,-0.25,-7.03
13.9641,-89.686,-45.92,995.19,-177.66,3.74,4.4,-2.67,8.58,5.1,-3.95,2.08,-3.37,-17.36,34.84,7.54,2.32,-4.07,-2.44,-12.23,-0.6,0.44,0.86,-2.52,-5.05,-3.25,2.99,3.38,3.26,-3.09,-3.15,3.2,-7.03
13.9641,-89.6852,27.12,187.23,8.86,1.46,4.11,-1.51,8.12,3.43,-5.76,1.26,-4.61,-0.0,30.88,3.46,-0.02,5.3,-4.07,0.34,-4.43,6.81,-15.73,-0.93,2.23,-4.96,2.33,2.63,4.96,-1.82,5.89,2.43,-5.88
13.9641,-89.6845,46.71,-738.87,146.86,1.63,4.52,-4.04,8.81,4.06,-5.81,3.54,-3.73,-0.0,21.39,-5.81,-8.62,-12.53,3.58,1.05,-1.21,5.5,1.3,3.66,3.46,-5.54,4.87,1.34,8.31,-3.68,8.13,2.43,-3.24
13.9641,-89.6838,-23.3,1544.07,-219.06,4.34,3.96,-2.18,5.76,5.07,-3.08,1.29,-4.8,-21.62,23.92,8.86,-1.79,16.5,3.03,8.69,2.53,4.27,-2.04,0.79,5.07,-10.54,-8.72,-3.47,2.47,-1.16,2.07,0.17,-8.2
13.9641,-89.683,-36.03,2515.84,-354.7,2.24,3.88,0.72,5.83,5.3,-2.59,1.2,-6.56,-12.65,31.68,8.5,8.12,10.56,-1.25,6.38,2.15,7.53,-8.68,-4.05,16.68,-6.24,0.16,-1.05,2.67,-4.21,2.07,0.39,-8.11
13.9642,-89.6823,-1.58,-214.08,24.7,2.75,4.3,-0.3,8.09,7.7,-3.39,4.66,-6.39,-23.07,30.98,3.07,-13.95,7.43,-3.26,1.47,1.12,3.56,-6.05,1.65,0.58,-7.03,-10.85,1.54,-8.06,-0.53,0.54,1.66,-3.29
13.9642,-89.6815,-23.42,1598.69,-226.1,1.1,5.08,-2.04,6.52,4.86,-5.6,7.4,-7.61,-0.0,38.27,2.47,-15.39,-3.32,2.86,8.1,-2.88,-3.8,-9.51,1.09,13.01,-5.15,12.02,13.1,1.95,-3.3,1.03,1.9,-6.75
13.9642,-89.6808,-33.16,-274.56,-5.15,1.82,4.05,-2.74,7.42,6.46,-7.75,6.06,-6.0,-19.35,40.29,2.78,-5.33,-2.68,-14.82,-8.82,-3.49,-0.64,-1.53,-6.78,-0.74,-8.0,0.63,3.92,5.29,-1.76,-1.63,1.57,-5.67
13.9642,-89.6801,-52.42,1444.61,-241.36,1.86,4.28,-2.53,7.49,6.03,-8.88,4.21,-6.72,-22.01,40.73,0.73,-0.71,5.47,-5.91,-6.35,2.55,8.96,-3.26,-1.59,4.98,-3.06,-0.98,-1.17,2.94,-1.31,-3.82,0.72,-5.67
13.9642,-89.6793,-31.17,378.69,-83.9,2.55,3.98,0.48,7.58,5.49,-8.19,0.09,-8.0,-14.84,23.86,4.93,12.68,4.07,-19.85,-1.21,-2.7,6.45,-4.29,-14.34,-2.79,4.56,12.88,0.74,1.1,-6.37,2.36,1.08,-6.68
13.9642,-89.6786,10.96,-2324.36,301.64,0.17,4.16,-0.56,4.65,7.08,-9.73,3.24,-6.79,-14.84,18.21,3.94,-0.72,-11.23,-17.72,-2.95,-6.54,-0.05,-2.14,-8.74,-6.29,-3.5,-3.36,-1.6,-0.2,-2.61,6.86,-0.49,-6.24
13.9642,-89.6778,-8.84,-689.15,75.14,5.22,1.35,-3.19,9.69,6.65,-7.73,3.47,-5.44,-15.7,29.68,5.29,1.61,-5.96,-20.01,0.75,-6.24,3.1,-1.97,-1.48,-1.17,-6.66,-2.27,-0.24,-4.31,-1.43,1.07,1.19,-4.67
13.9642,-89.6771,19.44,-558.69,92.42,6.18,1.72,0.36,5.98,4.72,-4.95,7.14,-7.27,-15.7,21.55,2.73,1.41,0.82,2.35,0.47,3.33,-9.31,-4.69,-5.99,-0.54,-5.06,10.14,-1.8,2.54,-1.21,1.07,5.19,-4.51
13.9642,-89.6764,-33.76,-19.12,-37.58,-0.63,2.66,1.56,10.1,5.67,-5.04,3.69,-12.56,-9.71,10.52,4.94,-0.39,-7.75,-3.36,-0.17,0.91,-1.3,-9.02,6.45,0.49,-3.35,1.92,-2.01,1.82,-5.15,-1.05,3.3,-6.01
13.9642,-89.6756,-3.27,-814.61,97.38,3.3,2.11,-6.28,9.34,5.4,-8.38,5.59,-8.55,10.07,18.02,-0.8,0.97,8.69,-9.03,-0.0,3.63,0.67,-6.48,-2.24,1.8,-2.36,2.8,-1.16,-2.89,-1.84,1.84,2.58,-6.34
13.9642,-89.6749,32.57,-1725.07,253.0,2.69,0.05,0.06,9.11,4.63,-8.59,6.48,-9.08,5.53,3.62,-0.99,-3.18,11.97,-7.38,-12.57,-3.72,-5.28,-9.16,-2.3,13.91,-5.25,-11.05,-0.11,3.7,-3.03,6.28,3.62,-6.07
13.9642,-89.6741,35.29,-248.33,72.64,-1.07,0.63,-3.87,9.42,4.85,-2.9,7.31,-8.11,5.53,1.05,4.57,0.01,3.93,-6.82,3.59,6.39,2.54,0.8,-10.94,18.66,-5.4,0.42,-0.52,3.26,-3.03,5.62,2.54,-2.6
13.9643,-89.6734,108.71,-1949.54,371.13,2.92,2.02,1.13,7.3,5.23,-6.55,8.29,-7.03,2.6,5.62,5.91,-0.38,-3.8,-4.23,4.19,9.61,1.17,-10.2,-1.31,9.58,-2.57,1.07,3.28,0.09,0.45,13.38,3.38,-3.92
13.9643,-89.6727,-1.21,913.83,-115.1,3.83,1.41,-3.03,8.4,5.21,-5.49,4.25,-8.23,17.85,5.62,3.84,-1.91,5.87,4.04,2.43,3.27,4.02,-1.77,-3.03,-1.66,-6.63,0.34,1.42,2.52,-12.37,4.59,3.79,-1.0
13.9643,-89.6719,24.81,-1581.06,226.08,3.65,0.72,-0.21,7.52,6.26,-8.28,8.62,-7.82,4.41,-3.05,-1.75,-12.42,0.31,-0.11,-1.77,-1.39,4.13,-2.22,-4.09,-0.86,-4.2,-5.36,-2.31,5.92,1.34,1.18,3.99,-3.93
13.9643,-89.6712,23.56,-869.53,136.1,-0.04,1.25,-2.34,8.44,4.99,-7.47,9.27,-9.4,21.35,-10.49,0.18,-4.64,4.47,-4.72,-2.64,4.08,2.16,2.3,-3.0,-3.05,-4.22,-3.31,-12.93,5.51,-1.28,1.95,4.32,-3.11
13.9643,-89.6704,18.75,487.64,-38.49,1.56,2.51,-0.87,6.61,5.52,-7.08,11.98,-9.32,27.47,2.6,1.26,-1.45,5.82,-1.72,-3.89,-0.72,3.85,1.86,-3.25,-0.31,-2.27,1.01,7.08,4.08,-1.28,2.02,3.56,-3.1
13.9643,-89.6697,9.05,1333.77,-155.31,2.83,2.82,-2.05,8.07,5.51,-7.71,10.79,-10.31,30.42,15.24,4.83,-1.43,7.4,-3.24,-1.63,-0.17,0.49,0.63,1.1,0.24,0.08,-0.34,0.84,3.53,-2.65,1.93,3.16,-3.11
13.9643,-89.669,-1.44,744.8,-94.43,3.31,3.68,-1.59,9.11,6.3,-5.77,8.61,-11.3,22.11,-1.12,3.37,2.06,7.19,-3.06,-2.03,0.16,3.5,1.13,-0.93,0.12,-3.31,-3.55,1.64,0.41,-3.53,1.63,4.12,-5.61
13.9643,-89.6682,-36.44,812.84,-144.37,4.32,2.32,-0.75,6.76,5.08,-4.5,7.07,-7.26,9.41,0.33,0.83,-3.19,4.28,-4.43,4.02,-14.84,14.35,-0.55,-1.94,-2.9,3.29,0.08,2.34,1.49,-4.34,-2.55,3.2,-4.29
13.9643,-89.6675,-8.76,-222.3,17.31,3.25,1.54,-2.94,6.41,6.28,-8.22,12.58,-11.32,11.75,1.66,1.45,-2.61,9.1,3.21,-14.36,-16.78,14.72,0.99,-8.08,-4.2,-4.29,0.5,0.51,4.92,-0.56,1.8,2.64,-8.84
13.9643,-89.6667,77.54,-2448.68,396.89,5.99,3.9,-4.28,5.6,5.68,-2.14,4.97,-14.79,22.46,1.66,0.86,-3.7,2.37,-4.85,2.59,-8.18,0.07,-7.2,-7.62,-17.34,0.28,-1.21,7.48,6.6,2.79,6.83,2.31,-0.59
13.9643,-89.666,-36.57,983.95,-165.92,3.88,2.18,-6.02,7.71,5.99,-11.46,4.74,-7.66,14.59,-4.3,2.78,7.99,11.39,8.98,-0.94,-4.01,-3.62,1.05,-4.46,-14.89,-4.77,0.74,3.63,6.24,-6.79,3.25,0.3,-7.47
13.9643,-89.6653,-44.73,499.27,-115.2,3.48,2.18,-4.23,5.24,4.58,-12.08,7.85,-12.45,20.22,-20.18,3.42,5.86,3.69,-4.27,1.46,1.82,0.75,-1.25,-3.85,-6.66,5.33,-3.58,5.73,2.48,-10.7,2.02,2.95,-6.95
13.9644,-89.6645,-141.28,2779.62,-513.85,5.35,1.33,-6.64,4.25,3.12,-8.47,5.81,-11.21,21.72,-15.56,4.16,-0.96,13.16,-4.44,-8.43,13.23,4.54,-1.85,-12.48,-0.0,5.23,-9.49,-0.52,6.61,-7.35,-9.68,1.3,-10.11
13.9644,-89.6638,55.6,-1793.66,289.5,6.78,1.16,0.28,10.19,5.34,-5.23,8.98,-7.04,12.42,-15.14,3.36,-0.7,15.81,-3.99,-18.47,6.8,1.59,-5.39,-9.47,1.2,4.84,-22.05,4.97,6.77,-3.51,9.76,3.55,-5.49
13.9644,-89.663,-67.2,1679.5,-289.05,8.64,4.07,2.32,4.58,7.58,-1.86,21.08,-12.83,13.06,-12.47,6.39,7.68,0.15,-3.43,-3.9,0.88,1.92,6.04,-17.06,0.58,-1.32,-0.0,1.12,4.0,-4.92,-2.24,3.55,-11.9
13.9644,-89.6623,-32.01,-309.33,0.65,3.87,3.31,-8.98,5.67,6.72,-9.29,11.58,-5.78,-0.0,-19.18,4.63,-2.39,-2.31,-0.3,-6.57,1.51,0.13,6.65,-2.22,-0.01,-4.94,-7.76,8.04,-0.55,-4.92,1.56,4.02,-11.04
13.9644,-89.6616,-99.35,1915.95,-356.73,2.04,4.62,-4.06,5.75,9.81,-4.46,8.58,-7.67,7.27,-0.0,5.11,-1.77,-5.24,3.88,-5.95,0.32,1.68,2.11,-0.67,-1.7,7.96,-0.55,0.59,-0.83,-7.98,-5.42,3.03,-9.81
13.9644,-89.6608,-26.98,539.97,-99.35,4.16,1.17,-7.98,5.01,7.78,-7.11,6.0,-9.06,13.84,-5.1,5.23,-1.79,-7.55,-3.93,9.72,-3.66,4.71,-4.47,3.33,11.05,-4.84,-1.78,8.33,0.16,-6.59,1.81,4.85,-9.81
13.9644,-89.6601,-42.42,2520.44,-364.81,4.68,0.81,-2.73,10.31,12.22,-4.73,-1.71,-0.66,22.81,-2.85,5.08,-7.73,21.69,-1.35,13.9,-4.56,8.65,10.97,-18.04,3.24,-6.71,-2.46,5.26,2.31,7.22,-7.58,2.48,-8.19
13.9644,-89.6593,26.11,-663.22,113.73,11.75,3.82,-6.5,2.08,8.48,-6.71,2.82,-11.53,-0.0,-7.78,-5.94,-3.63,16.56,-1.7,13.92,0.6,0.42,4.88,-9.44,9.27,-6.74,-9.29,6.16,1.55,-0.76,3.15,5.75,-7.35
13.9644,-89.6586,-10.32,718.24,-101.89,4.65,1.24,-0.06,9.87,11.31,-8.51,1.9,-12.23,5.91,-10.65,5.62,-2.84,18.0,-2.14,-4.9,1.93,7.13,25.95,-2.21,-3.37,3.78,-23.51,1.18,3.1,-6.72,2.2,3.29,-3.92
13.9644,-89.6579,-50.41,438.37,-114.48,5.01,0.58,-6.87,1.76,8.27,-8.86,-1.32,-10.96,5.66,-10.88,12.09,-18.93,2.17,0.92,-5.04,4.31,6.54,14.86,-1.94,4.98,2.68,-5.21,-2.98,4.65,-10.68,2.2,1.68,-6.5
13.9644,-89.6571,-70.3,748.59,-176.82,0.86,0.49,-3.94,6.46,12.51,-8.25,1.64,-7.58,-4.44,-19.98,6.91,-8.32,-8.75,-3.25,-0.0,3.79,7.73,16.87,-5.33,0.6,-0.61,-9.87,1.64,0.65,-9.37,3.54,-1.46,-9.92
13.9644,-89.6564,-38.35,-66.25,-37.19,1.81,0.74,-1.83,3.6,11.81,-6.98,7.75,-6.18,5.84,-0.0,-3.47,-2.53,1.78,-8.97,15.6,-10.61,2.41,8.51,-2.58,-18.9,-0.72,-4.37,2.68,5.33,-5.82,2.13,2.23,-9.58
13.9644,-89.6556,-9.81,-1982.35,236.05,2.25,-4.09,-0.13,0.2,11.47,-5.44,-3.51,-10.38,8.69,-10.39,-0.9,-5.51,-1.47,-7.23,-8.93,-0.0,-0.07,7.83,-5.62,-18.36,1.75,-17.01,5.82,7.52,-6.26,4.67,4.42,-10.3
13.9645,-89.6549,-47.23,-2376.94,241.04,3.14,2.13,0.33,-3.51,9.93,-5.4,-3.05,-12.7,-5.59,-10.39,9.25,-18.16,3.26,-4.67,-15.48,-0.0,0.35,-12.16,-9.03,-14.36,-2.49,-10.78,3.26,4.01,-10.31,1.72,4.45,-9.62
13.9645,-89.6542,-24.06,-2355.23,265.85,1.78,0.34,-0.76,-0.91,9.28,-7.37,0.23,-4.79,1.12,-21.26,1.07,-0.03,0.18,-11.73,-10.25,-0.0,-3.31,-4.89,-5.24,-16.03,-2.27,-6.46,6.42,-1.43,-5.51,2.82,4.52,-11.39
13.9645,-89.6534,-17.04,-1588.73,178.41,1.53,-0.09,-1.48,1.52,8.98,-5.82,-1.71,-8.65,4.44,-28.65,-3.8,2.89,-10.96,1.19,-10.92,6.81,9.19,-3.34,-3.04,3.82,-4.24,1.28,4.89,0.16,-5.51,3.99,5.02,-12.58
