Latitud,Longitud,Valor_Sentinel,Temp_2m_ERA5_(C),Temp_10m_ERA5_(C),Vapor_Agua_(mm),Humedad_Relativa_(%),Factor_Error_(%)
1590840.0,171720.0,14.1152,21.96,22.35,26.41,64.55,14.28
1590840.0,175880.0,13.9748,21.99,22.57,26.27,63.92,14.67
1590840.0,180040.0,13.517,22.13,22.76,26.61,63.92,16.59
1590840.0,184200.0,14.3104,22.28,22.95,27.02,64.0,18.71
1590840.0,188360.0,13.7666,22.43,23.13,27.42,64.07,20.83
1590840.0,192520.0,17.8964,22.58,23.32,27.83,64.15,22.94
1590840.0,196680.0,11.981,22.73,23.5,28.23,64.23,25.06
1590840.0,200840.0,14.984,22.88,23.68,28.64,64.3,27.18
1590840.0,205000.0,13.9461,23.04,23.83,29.02,64.37,29.53
1590840.0,209160.0,13.9399,23.24,23.92,29.37,64.43,32.23
1590840.0,213320.0,15.9925,23.43,24.0,29.71,64.49,34.93
1590840.0,217480.0,15.7364,23.62,24.09,30.06,64.55,37.63
1590840.0,221640.0,16.0244,23.81,24.18,30.41,64.61,40.32
1590840.0,225800.0,17.7717,24.0,24.26,30.76,64.66,43.02
1590840.0,229960.0,16.9564,24.19,24.35,31.11,64.72,45.72
1590840.0,250760.0,10.9602,23.62,23.36,30.6,67.74,37.66
1586680.0,171720.0,15.1879,21.96,22.35,26.41,64.54,14.28
1586680.0,175880.0,18.116,21.99,22.57,26.27,63.91,14.68
1586680.0,180040.0,15.5417,22.13,22.76,26.62,63.92,16.62
1586680.0,184200.0,14.5961,22.28,22.95,27.02,64.0,18.74
1586680.0,188360.0,12.8759,22.43,23.13,27.43,64.07,20.85
1586680.0,192520.0,14.1098,22.58,23.32,27.83,64.15,22.97
1586680.0,196680.0,13.6108,22.73,23.5,28.24,64.23,25.09
1586680.0,200840.0,11.9983,22.88,23.69,28.64,64.31,27.2
1586680.0,205000.0,12.0527,23.05,23.83,29.02,64.38,29.56
1586680.0,209160.0,13.3556,23.24,23.92,29.37,64.43,32.26
1586680.0,213320.0,15.3982,23.43,24.0,29.72,64.49,34.96
1586680.0,217480.0,14.6933,23.62,24.09,30.07,64.55,37.66
1586680.0,221640.0,15.3689,23.81,24.18,30.42,64.61,40.35
1586680.0,225800.0,14.1055,24.0,24.27,30.76,64.66,43.05
1586680.0,229960.0,14.9852,24.19,24.35,31.11,64.72,45.75
1586680.0,234120.0,12.0875,24.1,24.17,31.04,65.28,44.37
1586680.0,238280.0,10.7434,23.98,23.96,30.93,65.89,42.69
1586680.0,242440.0,12.0345,23.86,23.76,30.82,66.5,41.01
1586680.0,246600.0,9.9858,23.74,23.56,30.71,67.12,39.33
1586680.0,250760.0,10.5953,23.62,23.35,30.6,67.74,37.65
1586680.0,254920.0,10.9394,23.5,23.15,30.49,68.37,35.97
1586680.0,259080.0,11.8403,23.39,22.96,30.34,68.78,34.35
1586680.0,263240.0,12.0682,23.28,22.77,30.15,68.9,32.8
1586680.0,267400.0,9.873,23.17,22.59,29.96,69.03,31.26
1586680.0,271560.0,7.9035,23.06,22.41,29.77,69.15,29.71
1586680.0,275720.0,7.059,22.95,22.23,29.58,69.28,28.17
1586680.0,279880.0,5.3224,22.84,22.04,29.4,69.41,26.63
1586680.0,284040.0,6.1535,22.73,21.86,29.21,69.53,25.08
1582520.0,171720.0,15.275,21.96,22.36,26.41,64.53,14.29
1582520.0,175880.0,11.2486,21.99,22.58,26.27,63.9,14.68
1582520.0,180040.0,15.8011,22.13,22.77,26.62,63.92,16.65
1582520.0,184200.0,11.1748,22.28,22.95,27.03,64.0,18.76
1582520.0,188360.0,11.3851,22.43,23.14,27.43,64.07,20.88
1582520.0,192520.0,11.9753,22.58,23.32,27.84,64.15,23.0
1582520.0,196680.0,13.3547,22.73,23.5,28.24,64.23,25.11
1582520.0,200840.0,12.8401,22.88,23.69,28.65,64.31,27.23
1582520.0,205000.0,13.6055,23.05,23.83,29.03,64.38,29.59
1582520.0,209160.0,13.8314,23.24,23.92,29.37,64.43,32.29
1582520.0,213320.0,16.2488,23.43,24.01,29.72,64.49,34.99
1582520.0,217480.0,14.2567,23.62,24.09,30.07,64.55,37.69
1582520.0,221640.0,12.2678,23.81,24.18,30.42,64.61,40.38
1582520.0,225800.0,13.8137,24.01,24.27,30.77,64.66,43.08
1582520.0,229960.0,11.7823,24.2,24.35,31.12,64.72,45.78
1582520.0,234120.0,12.2097,24.1,24.17,31.03,65.29,44.36
1582520.0,238280.0,11.8231,23.98,23.96,30.92,65.89,42.67
1582520.0,242440.0,11.8659,23.86,23.76,30.81,66.51,40.99
1582520.0,246600.0,13.0528,23.74,23.55,30.7,67.12,39.31
1582520.0,250760.0,13.1983,23.62,23.35,30.59,67.75,37.63
1582520.0,254920.0,12.7442,23.5,23.15,30.48,68.38,35.95
1582520.0,259080.0,11.699,23.38,22.95,30.34,68.78,34.33
1582520.0,263240.0,11.2945,23.28,22.77,30.15,68.9,32.79
1582520.0,267400.0,12.076,23.17,22.59,29.96,69.03,31.24
1582520.0,271560.0,11.3026,23.06,22.41,29.77,69.16,29.7
1582520.0,275720.0,10.8041,22.95,22.22,29.58,69.28,28.16
1582520.0,279880.0,8.4241,22.84,22.04,29.39,69.41,26.61
1582520.0,284040.0,6.3468,22.73,21.86,29.21,69.53,25.07
1582520.0,288200.0,5.8924,22.63,21.74,29.04,69.61,23.65
1582520.0,292360.0,10.6425,22.53,21.62,28.88,69.68,22.24
1582520.0,296520.0,5.0882,22.43,21.5,28.72,69.75,20.82
1582520.0,300680.0,5.0352,22.33,21.38,28.55,69.82,19.41
1582520.0,304840.0,4.9493,22.23,21.26,28.39,69.89,18.0
1578360.0,167560.0,14.6272,21.94,22.14,26.55,65.16,13.9
1578360.0,171720.0,16.069,21.96,22.36,26.41,64.52,14.29
1578360.0,175880.0,12.2363,21.99,22.58,26.26,63.89,14.69
1578360.0,180040.0,12.0566,22.13,22.77,26.63,63.92,16.68
1578360.0,184200.0,11.908,22.28,22.95,27.03,64.0,18.79
1578360.0,188360.0,10.5685,22.43,23.14,27.44,64.08,20.91
1578360.0,192520.0,12.1854,22.58,23.32,27.84,64.15,23.02
1578360.0,196680.0,12.4114,22.73,23.51,28.25,64.23,25.14
1578360.0,200840.0,12.8817,22.88,23.69,28.65,64.31,27.25
1578360.0,205000.0,13.7173,23.05,23.83,29.03,64.38,29.63
1578360.0,209160.0,13.0709,23.24,23.92,29.38,64.43,32.32
1578360.0,213320.0,14.367,23.43,24.01,29.73,64.49,35.02
1578360.0,217480.0,12.6002,23.62,24.09,30.08,64.55,37.72
1578360.0,221640.0,12.0309,23.82,24.18,30.42,64.61,40.41
1578360.0,225800.0,8.0752,24.01,24.27,30.77,64.66,43.11
1578360.0,229960.0,15.1073,24.2,24.35,31.12,64.72,45.81
1578360.0,234120.0,12.9972,24.09,24.16,31.03,65.3,44.34
1578360.0,238280.0,12.6162,23.98,23.96,30.92,65.9,42.66
1578360.0,242440.0,11.1797,23.86,23.76,30.81,66.51,40.98
1578360.0,246600.0,11.4396,23.74,23.55,30.7,67.13,39.29
1578360.0,250760.0,11.4008,23.62,23.35,30.59,67.75,37.61
1578360.0,254920.0,12.8605,23.5,23.15,30.48,68.38,35.93
1578360.0,259080.0,11.4169,23.38,22.95,30.34,68.78,34.32
1578360.0,263240.0,9.6228,23.27,22.77,30.15,68.91,32.77
1578360.0,267400.0,10.338,23.16,22.59,29.96,69.03,31.23
1578360.0,271560.0,9.0166,23.06,22.4,29.77,69.16,29.69
1578360.0,275720.0,9.6637,22.95,22.22,29.58,69.28,28.14
1578360.0,279880.0,9.1181,22.84,22.04,29.39,69.41,26.6
1578360.0,284040.0,9.7711,22.73,21.86,29.2,69.54,25.06
1578360.0,288200.0,9.4901,22.63,21.74,29.04,69.61,23.64
1578360.0,292360.0,7.1092,22.53,21.62,28.88,69.68,22.23
1578360.0,296520.0,4.0056,22.43,21.5,28.72,69.75,20.81
1578360.0,300680.0,4.7221,22.33,21.38,28.55,69.82,19.4
1578360.0,304840.0,3.7493,22.23,21.26,28.39,69.89,17.99
1578360.0,309000.0,1.2235,22.12,21.14,28.23,69.96,16.57
1578360.0,313160.0,2.0541,21.98,20.99,28.0,70.2,14.55
1578360.0,317320.0,-0.0266,21.79,20.83,27.7,70.62,11.89
1578360.0,321480.0,-0.7627,21.6,20.67,27.4,71.04,9.22
1578360.0,325640.0,2.0422,21.41,20.5,27.1,71.46,6.56
1574200.0,167560.0,14.8655,22.35,22.55,27.41,64.98,19.72
1574200.0,171720.0,15.9208,22.35,22.73,27.2,64.3,19.7
1574200.0,175880.0,13.7618,22.35,22.92,26.99,63.63,19.68
1574200.0,180040.0,12.4849,22.43,23.03,27.27,63.77,20.89
1574200.0,184200.0,14.7495,22.52,23.14,27.59,63.96,22.2
1574200.0,188360.0,11.5071,22.62,23.25,27.9,64.14,23.52
1574200.0,192520.0,10.5629,22.71,23.36,28.22,64.33,24.86
1574200.0,196680.0,13.3675,22.81,23.48,28.54,64.51,26.21
1574200.0,200840.0,13.5681,22.91,23.6,28.86,64.69,27.58
1574200.0,205000.0,14.6013,23.05,23.71,29.2,64.77,29.59
1574200.0,209160.0,14.03,23.24,23.82,29.54,64.75,32.35
1574200.0,213320.0,11.5809,23.44,23.93,29.88,64.72,35.11
1574200.0,217480.0,12.5781,23.64,24.04,30.22,64.7,37.87
1574200.0,221640.0,12.6123,23.83,24.16,30.56,64.68,40.63
1574200.0,225800.0,12.5749,24.03,24.27,30.9,64.66,43.39
1574200.0,229960.0,11.4823,24.22,24.37,31.24,64.64,46.14
1574200.0,234120.0,8.9988,24.15,24.23,31.19,65.06,45.18
1574200.0,238280.0,11.6982,24.07,24.08,31.13,65.5,44.06
1574200.0,242440.0,12.3202,23.99,23.93,31.06,65.95,42.92
1574200.0,246600.0,11.7262,23.91,23.78,30.99,66.4,41.77
1574200.0,250760.0,10.4153,23.83,23.63,30.92,66.86,40.61
1574200.0,254920.0,10.6379,23.75,23.47,30.85,67.33,39.43
1574200.0,259080.0,9.6861,23.65,23.3,30.72,67.65,38.07
1574200.0,263240.0,9.9725,23.54,23.12,30.53,67.8,36.52
1574200.0,267400.0,8.7118,23.43,22.93,30.34,67.95,34.97
1574200.0,271560.0,7.2544,23.32,22.75,30.15,68.09,33.42
1574200.0,275720.0,6.5958,23.21,22.56,29.96,68.24,31.87
1574200.0,279880.0,10.9795,23.1,22.38,29.78,68.39,30.31
1574200.0,284040.0,8.9257,22.99,22.2,29.59,68.54,28.76
1574200.0,288200.0,6.9803,22.9,22.09,29.43,68.58,27.5
1574200.0,292360.0,5.5234,22.81,21.98,29.28,68.63,26.24
1574200.0,296520.0,4.2296,22.72,21.88,29.13,68.68,24.97
1574200.0,300680.0,3.7715,22.63,21.77,28.97,68.73,23.7
1574200.0,304840.0,4.1585,22.54,21.66,28.82,68.78,22.42
1574200.0,309000.0,3.1603,22.45,21.55,28.66,68.84,21.13
1574200.0,313160.0,0.593,22.31,21.42,28.44,69.06,19.18
1574200.0,317320.0,0.72,22.12,21.26,28.14,69.46,16.54
1574200.0,321480.0,1.796,21.94,21.09,27.84,69.87,13.9
1574200.0,325640.0,2.3543,21.75,20.93,27.54,70.27,11.26
1574200.0,329800.0,2.9726,21.56,20.77,27.24,70.68,8.62
1574200.0,333960.0,2.1672,21.37,20.61,26.95,71.1,5.97
1570040.0,167560.0,15.5897,22.83,23.02,28.43,64.77,26.5
1570040.0,171720.0,12.8403,22.8,23.17,28.14,64.04,26.06
1570040.0,175880.0,16.4597,22.77,23.32,27.85,63.33,25.62
1570040.0,180040.0,13.8041,22.79,23.34,28.04,63.6,25.94
1570040.0,184200.0,13.8058,22.82,23.37,28.26,63.91,26.32
1570040.0,188360.0,12.69,22.84,23.39,28.47,64.23,26.71
1570040.0,192520.0,8.8686,22.87,23.42,28.69,64.55,27.11
1570040.0,196680.0,13.9462,22.9,23.44,28.91,64.86,27.53
1570040.0,200840.0,15.2565,22.93,23.47,29.13,65.18,27.97
1570040.0,205000.0,14.6792,23.04,23.55,29.41,65.28,29.53
1570040.0,209160.0,13.931,23.25,23.7,29.74,65.15,32.38
1570040.0,213320.0,12.8332,23.45,23.84,30.07,65.02,35.23
1570040.0,217480.0,10.6803,23.65,23.98,30.41,64.89,38.07
1570040.0,221640.0,11.7214,23.85,24.12,30.74,64.77,40.91
1570040.0,225800.0,11.3429,24.05,24.26,31.07,64.65,43.76
1570040.0,229960.0,10.9716,24.25,24.4,31.41,64.52,46.59
1570040.0,234120.0,11.0692,24.24,24.34,31.41,64.72,46.38
1570040.0,238280.0,11.7553,24.22,24.26,31.41,64.92,46.06
1570040.0,242440.0,12.0248,24.19,24.19,31.41,65.14,45.73
1570040.0,246600.0,11.4765,24.17,24.11,31.4,65.35,45.38
1570040.0,250760.0,8.9655,24.14,24.03,31.4,65.57,45.02
1570040.0,254920.0,7.5562,24.12,23.95,31.39,65.8,44.65
1570040.0,259080.0,7.1912,24.05,23.83,31.3,65.99,43.74
1570040.0,263240.0,7.1622,23.95,23.65,31.12,66.15,42.25
1570040.0,267400.0,6.3049,23.84,23.47,30.94,66.31,40.77
1570040.0,271560.0,5.5587,23.74,23.29,30.76,66.46,39.28
1570040.0,275720.0,8.1437,23.63,23.11,30.58,66.62,37.79
1570040.0,279880.0,6.2621,23.52,22.93,30.39,66.78,36.3
1570040.0,284040.0,6.7304,23.42,22.75,30.21,66.94,34.82
1570040.0,288200.0,6.6386,23.35,22.68,30.08,66.93,33.91
1570040.0,292360.0,4.5835,23.29,22.6,29.96,66.92,33.0
1570040.0,296520.0,4.2591,23.23,22.53,29.83,66.91,32.09
1570040.0,300680.0,3.5283,23.16,22.46,29.7,66.9,31.16
1570040.0,304840.0,2.2549,23.09,22.38,29.57,66.89,30.24
1570040.0,309000.0,0.4718,23.03,22.3,29.44,66.88,29.3
1570040.0,313160.0,0.2082,22.91,22.19,29.23,67.05,27.6
1570040.0,317320.0,-2.2642,22.73,22.05,28.95,67.39,25.15
1570040.0,321480.0,-0.3906,22.56,21.9,28.67,67.73,22.7
1570040.0,325640.0,1.6236,22.39,21.75,28.39,68.07,20.24
1570040.0,329800.0,0.2426,22.21,21.61,28.11,68.41,17.78
1570040.0,333960.0,3.8685,22.04,21.46,27.82,68.76,15.32
1565880.0,167560.0,18.6033,23.31,23.5,29.44,64.56,33.27
1565880.0,171720.0,12.5076,23.25,23.61,29.07,63.79,32.41
1565880.0,175880.0,14.0656,23.19,23.72,28.71,63.02,31.55
1565880.0,180040.0,14.5699,23.15,23.66,28.81,63.42,30.97
1565880.0,184200.0,13.247,23.11,23.59,28.92,63.87,30.41
1565880.0,188360.0,16.2601,23.07,23.53,29.04,64.32,29.87
1565880.0,192520.0,9.0918,23.03,23.46,29.16,64.77,29.34
1565880.0,196680.0,13.7009,22.99,23.4,29.28,65.22,28.84
1565880.0,200840.0,14.3395,22.96,23.34,29.4,65.67,28.34
1565880.0,205000.0,13.1701,23.04,23.4,29.62,65.8,29.48
1565880.0,209160.0,12.4651,23.25,23.57,29.94,65.56,32.41
1565880.0,213320.0,12.8914,23.46,23.74,30.27,65.32,35.34
1565880.0,217480.0,12.5882,23.66,23.92,30.59,65.09,38.27
1565880.0,221640.0,11.4974,23.87,24.09,30.92,64.86,41.2
1565880.0,225800.0,10.9586,24.08,24.26,31.25,64.63,44.12
1565880.0,229960.0,11.5865,24.29,24.43,31.57,64.41,47.05
1565880.0,234120.0,11.7954,24.33,24.44,31.64,64.38,47.59
1565880.0,238280.0,10.4716,24.36,24.44,31.7,64.35,48.08
1565880.0,242440.0,10.3909,24.39,24.44,31.76,64.33,48.55
1565880.0,246600.0,9.606,24.43,24.44,31.82,64.32,49.01
1565880.0,250760.0,7.2644,24.46,24.44,31.88,64.31,49.46
1565880.0,254920.0,6.2282,24.49,24.44,31.94,64.3,49.89
1565880.0,259080.0,6.2086,24.45,24.35,31.88,64.38,49.4
1565880.0,263240.0,7.2646,24.35,24.18,31.71,64.54,47.98
1565880.0,267400.0,6.2564,24.25,24.0,31.53,64.71,46.56
1565880.0,271560.0,7.0477,24.15,23.83,31.36,64.88,45.14
1565880.0,275720.0,4.5249,24.05,23.66,31.19,65.05,43.72
1565880.0,279880.0,4.31,23.95,23.48,31.01,65.21,42.3
1565880.0,284040.0,3.2001,23.85,23.31,30.84,65.38,40.88
1565880.0,288200.0,3.8255,23.81,23.27,30.74,65.31,40.33
1565880.0,292360.0,4.7604,23.77,23.23,30.63,65.25,39.77
1565880.0,296520.0,4.6062,23.73,23.18,30.53,65.18,39.21
1565880.0,300680.0,3.204,23.69,23.14,30.43,65.12,38.64
1565880.0,304840.0,0.5136,23.65,23.1,30.32,65.06,38.06
1565880.0,309000.0,0.6581,23.61,23.05,30.22,64.99,37.48
1565880.0,313160.0,-0.1573,23.51,22.97,30.03,65.11,36.03
1565880.0,317320.0,-0.9335,23.34,22.84,29.77,65.38,33.77
1565880.0,321480.0,-1.5733,23.18,22.71,29.5,65.66,31.5
1565880.0,325640.0,-2.3417,23.02,22.58,29.23,65.94,29.23
1565880.0,329800.0,2.7991,22.86,22.45,28.97,66.23,26.96
1565880.0,333960.0,1.1775,22.7,22.32,28.7,66.52,24.68
1561720.0,167560.0,15.3221,23.79,23.97,30.45,64.36,40.02
1561720.0,171720.0,17.5883,23.7,24.04,30.01,63.53,38.74
1561720.0,175880.0,15.4843,23.61,24.11,29.57,62.72,37.47
1561720.0,180040.0,13.7027,23.5,23.97,29.58,63.26,35.97
1561720.0,184200.0,13.6325,23.4,23.81,29.59,63.84,34.48
1561720.0,188360.0,17.0178,23.29,23.66,29.61,64.42,33.01
1561720.0,192520.0,10.6255,23.19,23.51,29.62,65.0,31.55
1561720.0,196680.0,12.2904,23.09,23.36,29.64,65.59,30.11
1561720.0,200840.0,11.2464,22.98,23.21,29.66,66.18,28.69
1561720.0,205000.0,10.9493,23.04,23.24,29.83,66.31,29.43
1561720.0,209160.0,12.8269,23.25,23.44,30.15,65.96,32.45
1561720.0,213320.0,12.4138,23.46,23.65,30.46,65.62,35.46
1561720.0,217480.0,10.8441,23.68,23.85,30.78,65.28,38.47
1561720.0,221640.0,9.5935,23.89,24.06,31.1,64.94,41.49
1561720.0,225800.0,11.5788,24.11,24.26,31.42,64.61,44.5
1561720.0,229960.0,11.6401,24.32,24.46,31.74,64.29,47.5
1561720.0,234120.0,9.9239,24.41,24.54,31.86,64.03,48.82
1561720.0,238280.0,8.7968,24.5,24.62,31.99,63.78,50.11
1561720.0,242440.0,6.0982,24.59,24.7,32.12,63.54,51.39
1561720.0,246600.0,7.2599,24.68,24.78,32.24,63.3,52.65
1561720.0,250760.0,6.7499,24.77,24.85,32.36,63.06,53.9
1561720.0,254920.0,5.8402,24.86,24.93,32.48,62.83,55.14
1561720.0,259080.0,6.0508,24.86,24.88,32.46,62.81,55.07
1561720.0,263240.0,5.7533,24.76,24.71,32.29,62.98,53.72
1561720.0,267400.0,5.6544,24.66,24.54,32.13,63.16,52.36
1561720.0,271560.0,4.181,24.57,24.37,31.96,63.34,51.01
1561720.0,275720.0,5.2219,24.47,24.2,31.8,63.51,49.65
1561720.0,279880.0,2.7335,24.38,24.03,31.63,63.69,48.29
1561720.0,284040.0,2.2569,24.28,23.86,31.47,63.86,46.95
1561720.0,288200.0,3.3607,24.27,23.86,31.39,63.74,46.75
1561720.0,292360.0,3.7359,24.25,23.85,31.31,63.63,46.54
1561720.0,296520.0,4.6061,24.24,23.84,31.23,63.51,46.33
1561720.0,300680.0,0.6414,24.22,23.83,31.16,63.39,46.11
1561720.0,304840.0,-1.2793,24.2,23.82,31.08,63.28,45.89
1561720.0,309000.0,-0.8033,24.19,23.8,31.0,63.17,45.66
1561720.0,313160.0,0.1878,24.1,23.74,30.83,63.23,44.46
1561720.0,317320.0,-7.6538,23.96,23.63,30.58,63.45,42.38
1561720.0,321480.0,-5.7423,23.81,23.51,30.33,63.67,40.3
1561720.0,325640.0,-1.8535,23.66,23.4,30.08,63.9,38.22
1561720.0,329800.0,-1.6398,23.51,23.29,29.83,64.12,36.13
1561720.0,333960.0,-1.7235,23.36,23.17,29.58,64.35,34.04
1561720.0,338120.0,-1.306,23.21,23.05,29.33,64.61,31.91
1561720.0,342280.0,0.1932,22.97,22.71,29.11,65.72,28.55
1561720.0,346440.0,-3.6995,22.74,22.38,28.9,66.84,25.21
1557560.0,167560.0,17.5893,24.27,24.44,31.45,64.15,46.77
1557560.0,171720.0,14.3802,24.15,24.48,30.94,63.28,45.07
1557560.0,175880.0,15.5383,24.03,24.51,30.43,62.41,43.38
1557560.0,180040.0,16.9499,23.85,24.27,30.34,63.1,40.95
1557560.0,184200.0,12.5675,23.68,24.03,30.25,63.8,38.53
1557560.0,188360.0,13.2452,23.51,23.79,30.17,64.51,36.13
1557560.0,192520.0,14.4437,23.34,23.55,30.08,65.23,33.74
1557560.0,196680.0,13.6463,23.17,23.32,30.0,65.95,31.37
1557560.0,200840.0,11.7797,23.01,23.08,29.92,66.68,29.01
1557560.0,205000.0,11.2641,23.03,23.08,30.04,66.82,29.38
1557560.0,209160.0,9.1797,23.25,23.32,30.35,66.37,32.48
1557560.0,213320.0,12.953,23.47,23.56,30.66,65.91,35.58
1557560.0,217480.0,12.0123,23.69,23.79,30.97,65.47,38.68
1557560.0,221640.0,9.8378,23.91,24.03,31.28,65.03,41.77
1557560.0,225800.0,9.4659,24.13,24.26,31.59,64.6,44.87
1557560.0,229960.0,9.9393,24.35,24.49,31.9,64.17,47.96
1557560.0,234120.0,8.4184,24.5,24.65,32.09,63.69,50.07
1557560.0,238280.0,7.986,24.65,24.8,32.28,63.21,52.16
1557560.0,242440.0,6.8965,24.8,24.96,32.47,62.75,54.24
1557560.0,246600.0,7.7276,24.94,25.11,32.66,62.29,56.31
1557560.0,250760.0,5.3705,25.09,25.26,32.85,61.84,58.37
1557560.0,254920.0,6.8329,25.23,25.41,33.03,61.4,60.41
1557560.0,259080.0,4.4338,25.26,25.4,33.04,61.28,60.74
1557560.0,263240.0,4.8117,25.17,25.24,32.88,61.46,59.45
1557560.0,267400.0,3.8572,25.08,25.08,32.72,61.65,58.16
1557560.0,271560.0,3.1956,24.98,24.91,32.57,61.83,56.87
1557560.0,275720.0,3.329,24.89,24.75,32.41,62.02,55.58
1557560.0,279880.0,1.4575,24.8,24.58,32.25,62.21,54.29
1557560.0,284040.0,2.1875,24.71,24.42,32.09,62.39,53.03
1557560.0,288200.0,2.2393,24.72,24.45,32.04,62.22,53.18
1557560.0,292360.0,0.7004,24.73,24.47,31.99,62.05,53.32
1557560.0,296520.0,0.7887,24.74,24.49,31.94,61.89,53.46
1557560.0,300680.0,-2.4691,24.75,24.51,31.88,61.72,53.6
1557560.0,304840.0,-3.4515,24.76,24.53,31.83,61.56,53.72
1557560.0,309000.0,-5.6077,24.77,24.56,31.78,61.4,53.84
1557560.0,313160.0,2.0826,24.7,24.51,31.63,61.41,52.9
1557560.0,317320.0,-7.2833,24.57,24.42,31.4,61.58,51.0
1557560.0,321480.0,-7.1327,24.43,24.32,31.16,61.75,49.11
1557560.0,325640.0,-5.2027,24.3,24.23,30.93,61.92,47.21
1557560.0,329800.0,-4.6608,24.16,24.13,30.69,62.1,45.31
1557560.0,333960.0,-3.8404,24.03,24.03,30.46,62.27,43.4
1557560.0,338120.0,-3.353,23.89,23.92,30.22,62.49,41.42
1557560.0,342280.0,-3.7259,23.62,23.52,29.97,63.73,37.59
1557560.0,346440.0,-2.8381,23.34,23.11,29.73,65.0,33.77
1557560.0,350600.0,-2.3885,23.07,22.71,29.48,66.29,29.96
1557560.0,354760.0,1.0222,22.8,22.3,29.23,67.61,26.16
1557560.0,358920.0,2.9663,22.54,21.9,28.99,68.95,22.36
1557560.0,363080.0,0.8766,22.27,21.5,28.74,70.31,18.57
1553400.0,163400.0,13.6464,24.9,24.92,33.04,64.88,55.63
1553400.0,167560.0,12.126,24.75,24.91,32.46,63.95,53.51
1553400.0,171720.0,13.5654,24.59,24.91,31.87,63.03,51.39
1553400.0,175880.0,13.3363,24.44,24.91,31.29,62.12,49.27
1553400.0,180040.0,12.8682,24.21,24.58,31.1,62.94,45.91
1553400.0,184200.0,11.6045,23.97,24.25,30.91,63.77,42.56
1553400.0,188360.0,11.6209,23.73,23.92,30.73,64.61,39.22
1553400.0,192520.0,11.9663,23.5,23.6,30.54,65.46,35.9
1553400.0,196680.0,8.6791,23.26,23.27,30.36,66.33,32.6
1553400.0,200840.0,11.5993,23.03,22.95,30.18,67.2,29.32
1553400.0,205000.0,11.8893,23.03,22.93,30.25,67.34,29.33
1553400.0,209160.0,10.7235,23.26,23.2,30.55,66.77,32.52
1553400.0,213320.0,10.9411,23.48,23.46,30.85,66.21,35.7
1553400.0,217480.0,9.7157,23.71,23.73,31.16,65.66,38.88
1553400.0,221640.0,8.6558,23.93,23.99,31.46,65.11,42.06
1553400.0,225800.0,9.2718,24.16,24.26,31.76,64.57,45.24
1553400.0,229960.0,6.8521,24.38,24.52,32.06,64.04,48.42
1553400.0,234120.0,9.8629,24.59,24.76,32.32,63.34,51.33
1553400.0,238280.0,6.4842,24.8,24.99,32.57,62.64,54.23
1553400.0,242440.0,6.323,25.0,25.22,32.83,61.96,57.12
1553400.0,246600.0,5.8385,25.2,25.45,33.08,61.3,59.99
1553400.0,250760.0,6.1678,25.41,25.68,33.33,60.64,62.85
1553400.0,254920.0,5.1095,25.61,25.9,33.58,60.0,65.69
1553400.0,259080.0,3.9176,25.66,25.93,33.62,59.79,66.41
1553400.0,263240.0,4.0761,25.57,25.77,33.47,59.99,65.19
1553400.0,267400.0,2.6463,25.49,25.61,33.32,60.18,63.96
1553400.0,271560.0,-0.359,25.4,25.45,33.17,60.37,62.74
1553400.0,275720.0,3.8377,25.31,25.29,33.02,60.57,61.52
1553400.0,279880.0,5.8216,25.23,25.13,32.87,60.76,60.29
1553400.0,284040.0,1.2101,25.14,24.98,32.72,60.95,59.11
1553400.0,288200.0,0.346,25.18,25.04,32.69,60.73,59.62
1553400.0,292360.0,1.1034,25.21,25.09,32.67,60.52,60.11
1553400.0,296520.0,0.3492,25.25,25.15,32.64,60.31,60.6
1553400.0,300680.0,-1.8158,25.28,25.2,32.61,60.1,61.08
1553400.0,304840.0,-4.8882,25.32,25.25,32.59,59.89,61.56
1553400.0,309000.0,-5.2893,25.35,25.31,32.56,59.69,62.03
1553400.0,313160.0,-4.9074,25.3,25.29,32.43,59.66,61.34
1553400.0,317320.0,-7.0593,25.18,25.21,32.21,59.78,59.63
1553400.0,321480.0,-6.3944,25.06,25.13,31.99,59.9,57.92
1553400.0,325640.0,-5.9531,24.94,25.05,31.77,60.02,56.2
1553400.0,329800.0,-5.3138,24.81,24.97,31.56,60.15,54.49
1553400.0,333960.0,-6.5047,24.69,24.89,31.34,60.27,52.76
1553400.0,338120.0,-6.4564,24.56,24.79,31.12,60.45,50.93
1553400.0,342280.0,-4.7819,24.26,24.32,30.84,61.82,46.62
1553400.0,346440.0,-6.2202,23.95,23.84,30.56,63.22,42.33
1553400.0,350600.0,-4.6991,23.65,23.37,30.28,64.65,38.04
1553400.0,354760.0,-2.3175,23.34,22.9,30.0,66.11,33.75
1553400.0,358920.0,-2.3628,23.04,22.44,29.72,67.6,29.48
1553400.0,363080.0,-0.2903,22.74,21.97,29.44,69.13,25.22
1553400.0,367240.0,-0.9684,22.47,21.63,29.18,70.4,21.48
1553400.0,371400.0,-0.8405,22.24,21.4,28.94,71.45,18.16
1553400.0,375560.0,-0.8155,22.0,21.17,28.7,72.52,14.85
1553400.0,379720.0,-4.4248,21.77,20.94,28.46,73.6,11.54
1553400.0,383880.0,-2.7401,21.53,20.71,28.22,74.71,8.23
1549240.0,163400.0,12.7718,25.48,25.54,34.03,64.02,63.88
1549240.0,167560.0,13.1455,25.29,25.53,33.32,62.97,61.16
1549240.0,171720.0,11.5731,25.08,25.46,32.68,62.24,58.18
1549240.0,175880.0,12.6424,24.85,25.29,32.15,61.96,54.95
1549240.0,180040.0,11.9117,24.56,24.96,31.7,62.31,50.87
1549240.0,184200.0,11.3254,24.2,24.5,31.29,63.25,45.79
1549240.0,188360.0,10.6434,23.81,23.96,30.94,64.53,40.35
1549240.0,192520.0,11.753,23.45,23.43,30.66,65.93,35.2
1549240.0,196680.0,10.3101,23.15,22.99,30.46,67.19,31.0
1549240.0,200840.0,10.7703,22.96,22.71,30.35,68.03,28.37
1549240.0,205000.0,10.2789,22.93,22.65,30.37,68.23,27.91
1549240.0,209160.0,11.2057,23.03,22.78,30.52,67.97,29.4
1549240.0,213320.0,11.0737,23.24,23.05,30.79,67.39,32.35
1549240.0,217480.0,9.7907,23.52,23.41,31.14,66.59,36.26
1549240.0,221640.0,9.973,23.83,23.81,31.52,65.69,40.65
1549240.0,225800.0,10.0445,24.14,24.21,31.89,64.77,45.02
1549240.0,229960.0,9.5313,24.42,24.55,32.23,63.93,48.88
1549240.0,234120.0,9.2777,24.69,24.88,32.57,63.04,52.73
1549240.0,238280.0,7.0809,25.0,25.26,32.95,62.01,57.08
1549240.0,242440.0,7.9863,25.32,25.64,33.34,60.94,61.54
1549240.0,246600.0,6.0827,25.61,25.99,33.71,59.93,65.74
1549240.0,250760.0,5.8803,25.87,26.28,34.01,59.07,69.32
1549240.0,254920.0,5.9214,26.05,26.48,34.22,58.45,71.89
1549240.0,259080.0,4.83,26.13,26.55,34.3,58.14,73.07
1549240.0,263240.0,6.838,26.11,26.47,34.24,58.16,72.77
1549240.0,267400.0,2.6771,25.9,26.15,33.92,58.75,69.77
1549240.0,271560.0,0.6294,25.82,25.99,33.77,58.95,68.61
1549240.0,275720.0,0.0482,25.73,25.84,33.63,59.16,67.45
1549240.0,279880.0,-0.7046,25.65,25.68,33.49,59.36,66.29
1549240.0,284040.0,0.681,25.57,25.54,33.35,59.55,65.2
1549240.0,288200.0,2.5341,25.64,25.63,33.35,59.29,66.06
1549240.0,292360.0,0.3819,25.7,25.71,33.35,59.03,66.9
1549240.0,296520.0,-2.2334,25.76,25.8,33.35,58.78,67.74
1549240.0,300680.0,-4.8788,25.81,25.89,33.34,58.53,68.58
1549240.0,304840.0,-4.7839,25.87,25.97,33.34,58.28,69.41
1549240.0,309000.0,-6.7984,25.93,26.06,33.34,58.03,70.23
1549240.0,313160.0,-8.0034,25.9,26.06,33.23,57.96,69.78
1549240.0,317320.0,-9.4262,25.79,26.0,33.03,58.04,68.25
1549240.0,321480.0,-10.0982,25.68,25.94,32.82,58.11,66.73
1549240.0,325640.0,-6.5145,25.57,25.87,32.62,58.19,65.2
1549240.0,329800.0,-7.6093,25.47,25.81,32.42,58.26,63.67
1549240.0,333960.0,-6.6845,25.36,25.75,32.22,58.34,62.13
1549240.0,338120.0,-5.3277,25.24,25.66,32.01,58.49,60.43
1549240.0,342280.0,-5.7229,24.9,25.12,31.7,59.97,55.65
1549240.0,346440.0,-7.0814,24.56,24.58,31.38,61.49,50.87
1549240.0,350600.0,-3.7185,24.22,24.04,31.07,63.05,46.11
1549240.0,354760.0,-3.576,23.88,23.5,30.76,64.65,41.35
1549240.0,358920.0,-1.642,23.55,22.97,30.45,66.29,36.6
1549240.0,363080.0,-4.0802,23.21,22.43,30.14,67.97,31.85
1549240.0,367240.0,-2.6467,22.92,22.06,29.85,69.29,27.84
1549240.0,371400.0,-4.5878,22.68,21.83,29.57,70.3,24.42
1549240.0,375560.0,-5.0227,22.44,21.6,29.29,71.33,20.99
1549240.0,379720.0,-2.6925,22.2,21.37,29.02,72.38,17.57
1549240.0,383880.0,-5.672,21.95,21.14,28.74,73.45,14.15
1549240.0,388040.0,-3.9234,21.71,20.9,28.46,74.53,10.73
1549240.0,392200.0,-5.7007,21.49,20.69,28.21,75.53,7.67
1549240.0,396360.0,-2.8958,21.67,20.85,28.41,74.85,10.12
1549240.0,400520.0,-3.9514,21.84,21.01,28.61,74.18,12.56
1549240.0,404680.0,-1.6255,22.01,21.16,28.8,73.52,15.0
1545080.0,163400.0,12.1536,25.84,25.93,35.02,64.56,68.92
1545080.0,167560.0,14.4529,25.64,25.89,34.31,63.57,66.06
1545080.0,171720.0,11.8916,25.41,25.8,33.65,62.88,62.9
1545080.0,175880.0,10.1648,25.17,25.6,33.09,62.63,59.48
1545080.0,180040.0,9.9348,24.86,25.25,32.6,62.99,55.18
1545080.0,184200.0,11.8417,24.49,24.75,32.14,63.91,49.84
1545080.0,188360.0,9.2751,24.08,24.18,31.73,65.17,44.13
1545080.0,192520.0,12.0561,23.69,23.62,31.38,66.53,38.69
1545080.0,196680.0,11.6845,23.37,23.14,31.11,67.75,34.18
1545080.0,200840.0,11.0461,23.16,22.83,30.94,68.54,31.23
1545080.0,205000.0,9.3064,23.11,22.74,30.89,68.69,30.41
1545080.0,209160.0,8.7135,23.18,22.84,30.97,68.39,31.46
1545080.0,213320.0,10.5005,23.36,23.07,31.16,67.76,33.91
1545080.0,217480.0,10.6156,23.6,23.4,31.43,66.92,37.33
1545080.0,221640.0,9.6576,23.88,23.77,31.74,65.96,41.27
1545080.0,225800.0,8.9947,24.16,24.15,32.06,65.0,45.29
1545080.0,229960.0,9.3608,24.42,24.48,32.36,64.11,48.95
1545080.0,234120.0,9.1518,24.69,24.82,32.69,63.17,52.78
1545080.0,238280.0,7.0875,25.01,25.2,33.08,62.08,57.25
1545080.0,242440.0,6.9014,25.34,25.61,33.49,60.96,61.92
1545080.0,246600.0,5.8523,25.66,25.99,33.88,59.9,66.38
1545080.0,250760.0,5.4222,25.93,26.31,34.21,59.0,70.24
1545080.0,254920.0,3.5063,26.13,26.53,34.45,58.34,73.06
1545080.0,259080.0,4.3868,26.23,26.62,34.55,58.0,74.45
1545080.0,263240.0,2.6056,26.22,26.56,34.51,57.99,74.35
1545080.0,267400.0,-0.8336,26.14,26.41,34.39,58.2,73.22
1545080.0,271560.0,1.1959,26.02,26.2,34.2,58.54,71.53
1545080.0,275720.0,0.1079,25.9,25.99,34.01,58.89,69.76
1545080.0,279880.0,0.193,25.8,25.82,33.84,59.15,68.39
1545080.0,284040.0,1.1216,25.77,25.75,33.75,59.21,67.9
1545080.0,288200.0,0.9247,25.8,25.78,33.72,59.06,68.41
1545080.0,292360.0,1.0284,25.88,25.88,33.75,58.79,69.54
1545080.0,296520.0,-3.6608,25.99,26.02,33.79,58.44,71.01
1545080.0,300680.0,-5.0904,26.09,26.17,33.84,58.07,72.53
1545080.0,304840.0,-5.9486,26.19,26.32,33.87,57.72,73.81
1545080.0,309000.0,-7.1504,26.24,26.42,33.86,57.45,74.56
1545080.0,313160.0,-4.8739,26.24,26.48,33.79,57.27,74.64
1545080.0,317320.0,-6.3091,26.24,26.55,33.68,57.01,74.51
1545080.0,321480.0,-6.9123,26.21,26.62,33.55,56.74,74.13
1545080.0,325640.0,-4.6527,26.15,26.67,33.4,56.55,73.36
1545080.0,329800.0,-5.3058,26.06,26.65,33.22,56.52,72.09
1545080.0,333960.0,-3.0927,25.93,26.54,33.01,56.74,70.19
1545080.0,338120.0,-6.4106,25.74,26.3,32.78,57.3,67.54
1545080.0,342280.0,-6.0542,25.47,25.9,32.51,58.33,63.79
1545080.0,346440.0,-6.1427,25.14,25.34,32.2,59.82,59.02
1545080.0,350600.0,-3.8995,24.75,24.7,31.87,61.61,53.62
1545080.0,354760.0,-4.2102,24.35,24.02,31.52,63.55,47.98
1545080.0,358920.0,-3.5589,23.96,23.38,31.18,65.48,42.48
1545080.0,363080.0,-3.9228,23.61,22.85,30.85,67.2,37.53
1545080.0,367240.0,-5.3624,23.31,22.44,30.53,68.59,33.26
1545080.0,371400.0,-5.7339,23.0,22.1,30.17,69.91,28.9
1545080.0,375560.0,-5.9777,22.69,21.81,29.8,71.15,24.61
1545080.0,379720.0,-4.1236,22.42,21.57,29.45,72.25,20.68
1545080.0,383880.0,-3.4231,22.18,21.39,29.15,73.14,17.42
1545080.0,388040.0,-4.4929,22.02,21.27,28.93,73.77,15.13
1545080.0,392200.0,-4.4532,21.95,21.21,28.82,74.06,14.13
1545080.0,396360.0,-5.2316,22.02,21.27,28.89,73.83,15.07
1545080.0,400520.0,-4.6005,22.21,21.44,29.1,73.12,17.79
1545080.0,404680.0,-4.3952,22.47,21.68,29.4,72.13,21.48
1545080.0,408840.0,-5.4416,22.75,21.93,29.71,71.07,25.39
1545080.0,413000.0,-6.1676,22.99,22.14,29.97,70.13,28.71
1540920.0,163400.0,9.2946,26.15,26.27,35.98,65.37,73.28
1540920.0,167560.0,9.9837,25.94,26.22,35.29,64.47,70.36
1540920.0,171720.0,11.3826,25.71,26.11,34.64,63.86,67.14
1540920.0,175880.0,13.1455,25.47,25.9,34.08,63.64,63.66
1540920.0,180040.0,7.8044,25.16,25.53,33.57,63.99,59.3
1540920.0,184200.0,9.9716,24.78,25.02,33.07,64.85,53.96
1540920.0,188360.0,8.96,24.37,24.44,32.61,66.01,48.23
1540920.0,192520.0,11.5978,23.98,23.87,32.21,67.26,42.75
1540920.0,196680.0,12.7853,23.65,23.37,31.88,68.36,38.12
1540920.0,200840.0,11.7828,23.43,23.03,31.64,69.05,34.97
1540920.0,205000.0,10.1552,23.35,22.91,31.52,69.14,33.8
1540920.0,209160.0,10.9587,23.38,22.96,31.51,68.78,34.3
1540920.0,213320.0,9.2678,23.51,23.14,31.6,68.12,36.08
1540920.0,217480.0,10.0662,23.7,23.41,31.76,67.25,38.77
1540920.0,221640.0,9.229,23.93,23.73,31.97,66.27,42.01
1540920.0,225800.0,9.6707,24.17,24.05,32.21,65.29,45.44
1540920.0,229960.0,9.1967,24.4,24.35,32.45,64.4,48.67
1540920.0,234120.0,8.4015,24.66,24.67,32.75,63.45,52.27
1540920.0,238280.0,8.3831,24.97,25.05,33.12,62.37,56.61
1540920.0,242440.0,8.8428,25.29,25.45,33.53,61.27,61.24
1540920.0,246600.0,5.8917,25.61,25.83,33.93,60.22,65.74
1540920.0,250760.0,5.9912,25.89,26.16,34.28,59.33,69.67
1540920.0,254920.0,3.0516,26.1,26.4,34.53,58.66,72.6
1540920.0,259080.0,3.3688,26.21,26.51,34.65,58.31,74.12
1540920.0,263240.0,1.2219,26.22,26.47,34.65,58.26,74.24
1540920.0,267400.0,1.0423,26.16,26.35,34.55,58.43,73.39
1540920.0,271560.0,2.4674,26.06,26.18,34.4,58.72,72.02
1540920.0,275720.0,-0.0524,25.96,26.0,34.25,59.02,70.56
1540920.0,279880.0,-1.0895,25.88,25.87,34.11,59.24,69.48
1540920.0,284040.0,2.4201,25.86,25.82,34.04,59.26,69.22
1540920.0,288200.0,-0.1059,25.9,25.87,34.03,59.09,69.85
1540920.0,292360.0,-0.2903,25.99,25.98,34.05,58.81,71.02
1540920.0,296520.0,-1.2727,26.09,26.12,34.1,58.47,72.49
1540920.0,300680.0,-2.7479,26.2,26.28,34.14,58.09,74.04
1540920.0,304840.0,-2.918,26.3,26.43,34.18,57.73,75.41
1540920.0,309000.0,-3.0956,26.37,26.55,34.18,57.43,76.36
1540920.0,313160.0,-4.5893,26.4,26.65,34.14,57.17,76.81
1540920.0,317320.0,-4.9415,26.43,26.78,34.09,56.81,77.24
1540920.0,321480.0,-5.8922,26.45,26.92,34.03,56.41,77.55
1540920.0,325640.0,-3.8726,26.45,27.03,33.94,56.07,77.52
1540920.0,329800.0,-3.9559,26.41,27.08,33.82,55.91,76.95
1540920.0,333960.0,-4.5905,26.31,27.02,33.67,56.02,75.62
1540920.0,338120.0,-6.1462,26.15,26.83,33.48,56.51,73.35
1540920.0,342280.0,-4.0036,25.9,26.44,33.23,57.51,69.75
1540920.0,346440.0,-5.8973,25.56,25.88,32.93,59.0,64.96
1540920.0,350600.0,-6.7554,25.17,25.22,32.6,60.82,59.43
1540920.0,354760.0,-6.9975,24.75,24.53,32.25,62.79,53.63
1540920.0,358920.0,-8.3489,24.36,23.87,31.9,64.74,48.02
1540920.0,363080.0,-7.0712,24.0,23.33,31.57,66.45,43.05
1540920.0,367240.0,-5.7034,23.71,22.94,31.25,67.77,38.92
1540920.0,371400.0,-3.1737,23.42,22.61,30.9,68.97,34.81
1540920.0,375560.0,-3.3252,23.14,22.35,30.54,70.07,30.84
1540920.0,379720.0,-5.4536,22.88,22.14,30.2,71.0,27.28
1540920.0,383880.0,-4.102,22.68,21.98,29.9,71.73,24.4
1540920.0,388040.0,-4.7179,22.54,21.89,29.69,72.2,22.45
1540920.0,392200.0,-4.8839,22.49,21.85,29.59,72.36,21.72
1540920.0,396360.0,-6.2974,22.57,21.92,29.67,72.02,22.9
1540920.0,400520.0,-4.8033,22.78,22.11,29.9,71.2,25.84
1540920.0,404680.0,-5.3591,23.06,22.37,30.2,70.12,29.73
1540920.0,408840.0,-4.7499,23.35,22.63,30.53,68.99,33.79
1540920.0,413000.0,-6.5595,23.59,22.85,30.79,68.02,37.23
1536760.0,163400.0,11.8366,26.41,26.58,36.91,66.34,77.04
1536760.0,167560.0,9.7481,26.21,26.52,36.25,65.58,74.14
1536760.0,171720.0,6.2571,25.98,26.39,35.63,65.06,70.96
1536760.0,175880.0,10.5175,25.74,26.17,35.08,64.87,67.52
1536760.0,180040.0,10.9529,25.44,25.8,34.56,65.18,63.25
1536760.0,184200.0,9.5842,25.07,25.3,34.04,65.94,58.07
1536760.0,188360.0,8.7019,24.68,24.72,33.55,66.96,52.54
1536760.0,192520.0,9.7482,24.3,24.16,33.1,68.05,47.2
1536760.0,196680.0,10.5718,23.97,23.66,32.72,68.98,42.61
1536760.0,200840.0,13.766,23.74,23.31,32.42,69.54,39.35
1536760.0,205000.0,10.942,23.63,23.15,32.22,69.55,37.84
1536760.0,209160.0,9.6266,23.63,23.15,32.12,69.14,37.75
1536760.0,213320.0,9.5001,23.7,23.26,32.09,68.45,38.76
1536760.0,217480.0,7.9919,23.83,23.45,32.13,67.58,40.59
1536760.0,221640.0,8.1043,24.0,23.69,32.23,66.61,42.98
1536760.0,225800.0,10.4186,24.19,23.95,32.37,65.64,45.64
1536760.0,229960.0,8.3723,24.38,24.2,32.54,64.76,48.31
1536760.0,234120.0,5.2021,24.6,24.48,32.79,63.85,51.53
1536760.0,238280.0,7.3546,24.89,24.83,33.13,62.83,55.55
1536760.0,242440.0,5.6831,25.2,25.22,33.53,61.79,59.95
1536760.0,246600.0,4.8298,25.51,25.59,33.93,60.81,64.29
1536760.0,250760.0,4.1755,25.78,25.91,34.28,59.96,68.14
1536760.0,254920.0,2.2849,25.99,26.15,34.54,59.32,71.06
1536760.0,259080.0,3.0606,26.1,26.27,34.67,58.96,72.65
1536760.0,263240.0,2.3869,26.13,26.27,34.69,58.88,72.99
1536760.0,267400.0,0.0555,26.09,26.18,34.63,59.0,72.46
1536760.0,271560.0,0.485,26.02,26.05,34.53,59.22,71.47
1536760.0,275720.0,-1.3065,25.94,25.92,34.41,59.46,70.4
1536760.0,279880.0,-2.1978,25.89,25.82,34.31,59.61,69.65
1536760.0,284040.0,-1.1895,25.89,25.8,34.27,59.59,69.62
1536760.0,288200.0,0.0412,25.94,25.86,34.27,59.41,70.33
1536760.0,292360.0,0.2873,26.02,25.97,34.29,59.13,71.47
1536760.0,296520.0,-2.264,26.12,26.11,34.32,58.8,72.87
1536760.0,300680.0,-0.2652,26.22,26.26,34.36,58.43,74.36
1536760.0,304840.0,-1.7544,26.32,26.42,34.39,58.06,75.75
1536760.0,309000.0,-1.1632,26.4,26.56,34.41,57.73,76.86
1536760.0,313160.0,-3.8117,26.46,26.69,34.41,57.39,77.69
1536760.0,317320.0,-2.0563,26.54,26.88,34.42,56.91,78.74
1536760.0,321480.0,-3.2325,26.61,27.1,34.43,56.36,79.81
1536760.0,325640.0,-3.4399,26.67,27.29,34.42,55.88,80.6
1536760.0,329800.0,-3.8872,26.68,27.42,34.38,55.57,80.82
1536760.0,333960.0,-5.6945,26.64,27.43,34.29,55.56,80.18
1536760.0,338120.0,-6.628,26.51,27.28,34.15,55.95,78.38
1536760.0,342280.0,-7.1586,26.27,26.91,33.93,56.91,75.02
1536760.0,346440.0,-7.6468,25.94,26.36,33.64,58.38,70.29
1536760.0,350600.0,-8.3157,25.54,25.71,33.31,60.2,64.73
1536760.0,354760.0,-8.8009,25.13,25.01,32.97,62.17,58.86
1536760.0,358920.0,-8.9963,24.73,24.36,32.62,64.11,53.22
1536760.0,363080.0,-10.1988,24.38,23.82,32.29,65.77,48.33
1536760.0,367240.0,-11.7664,24.1,23.45,31.99,67.0,44.44
1536760.0,371400.0,-8.9863,23.84,23.15,31.66,68.07,40.69
1536760.0,375560.0,-5.3563,23.59,22.91,31.31,69.0,37.17
1536760.0,379720.0,-5.9653,23.37,22.74,30.99,69.74,34.08
1536760.0,383880.0,-5.2938,23.2,22.61,30.71,70.28,31.67
1536760.0,388040.0,-7.2642,23.09,22.55,30.52,70.58,30.14
1536760.0,392200.0,-5.6386,23.06,22.53,30.44,70.6,29.74
1536760.0,396360.0,-7.596,23.16,22.63,30.53,70.15,31.19
1536760.0,400520.0,-6.9946,23.39,22.84,30.77,69.23,34.36
1536760.0,404680.0,-5.9481,23.68,23.11,31.09,68.07,38.45
1536760.0,408840.0,-6.3699,23.98,23.38,31.42,66.89,42.66
1536760.0,413000.0,-6.7312,24.23,23.61,31.7,65.89,46.19
1532600.0,159240.0,10.1909,26.82,26.9,38.37,68.13,82.82
1532600.0,163400.0,12.3711,26.65,26.86,37.78,67.39,80.32
1532600.0,167560.0,10.0726,26.45,26.79,37.18,66.77,77.5
1532600.0,171720.0,6.2799,26.23,26.65,36.59,66.35,74.42
1532600.0,175880.0,8.004,25.99,26.43,36.06,66.2,71.09
1532600.0,180040.0,8.5622,25.7,26.06,35.54,66.46,67.03
1532600.0,184200.0,13.6854,25.36,25.58,35.02,67.1,62.14
1532600.0,188360.0,8.1365,24.99,25.03,34.51,67.95,56.93
1532600.0,192520.0,5.6591,24.63,24.48,34.03,68.84,51.86
1532600.0,196680.0,7.3743,24.31,23.99,33.6,69.58,47.43
1532600.0,200840.0,9.3592,24.08,23.63,33.25,69.99,44.13
1532600.0,205000.0,8.1205,23.95,23.44,32.98,69.91,42.33
1532600.0,209160.0,9.2379,23.9,23.38,32.78,69.47,41.64
1532600.0,213320.0,9.1045,23.92,23.41,32.63,68.76,41.85
1532600.0,217480.0,7.692,23.98,23.52,32.55,67.89,42.78
1532600.0,221640.0,9.6564,24.09,23.68,32.53,66.94,44.26
1532600.0,225800.0,5.8184,24.22,23.86,32.56,66.01,46.1
1532600.0,229960.0,8.0299,24.36,24.05,32.66,65.17,48.14
1532600.0,234120.0,9.5435,24.56,24.3,32.85,64.32,50.87
1532600.0,238280.0,6.8526,24.81,24.61,33.16,63.4,54.46
1532600.0,242440.0,7.0018,25.1,24.96,33.53,62.46,58.5
1532600.0,246600.0,3.4956,25.39,25.31,33.91,61.57,62.55
1532600.0,250760.0,4.162,25.65,25.62,34.26,60.81,66.19
1532600.0,254920.0,4.0193,25.84,25.86,34.52,60.22,69.0
1532600.0,259080.0,1.8685,25.96,25.98,34.66,59.86,70.61
1532600.0,263240.0,0.0055,26.0,26.0,34.7,59.75,71.15
1532600.0,267400.0,0.1555,25.98,25.95,34.69,59.81,70.95
1532600.0,271560.0,-1.5532,25.94,25.87,34.63,59.96,70.36
1532600.0,275720.0,-3.257,25.89,25.78,34.55,60.12,69.69
1532600.0,279880.0,-0.3752,25.86,25.72,34.49,60.2,69.29
1532600.0,284040.0,-2.3098,25.88,25.73,34.47,60.14,69.49
1532600.0,288200.0,0.5758,25.93,25.8,34.47,59.95,70.24
1532600.0,292360.0,0.6481,26.01,25.9,34.49,59.68,71.31
1532600.0,296520.0,-0.5139,26.1,26.03,34.51,59.36,72.57
1532600.0,300680.0,0.5685,26.19,26.17,34.54,59.01,73.94
1532600.0,304840.0,-1.0466,26.29,26.32,34.57,58.64,75.3
1532600.0,309000.0,-3.7552,26.38,26.48,34.6,58.27,76.55
1532600.0,313160.0,-1.2393,26.46,26.65,34.63,57.86,77.73
1532600.0,317320.0,-4.1938,26.58,26.9,34.7,57.26,79.39
1532600.0,321480.0,-4.7014,26.71,27.19,34.78,56.57,81.22
1532600.0,325640.0,-3.2297,26.83,27.47,34.85,55.93,82.85
1532600.0,329800.0,-5.0203,26.9,27.67,34.89,55.47,83.88
1532600.0,333960.0,-6.3027,26.9,27.75,34.87,55.33,83.94
1532600.0,338120.0,-7.2493,26.81,27.66,34.77,55.63,82.66
1532600.0,342280.0,-9.3708,26.6,27.32,34.59,56.52,79.59
1532600.0,346440.0,-9.8312,26.27,26.8,34.32,57.95,75.01
1532600.0,350600.0,-9.3009,25.88,26.15,34.0,59.74,69.51
1532600.0,354760.0,-6.4853,25.47,25.47,33.66,61.69,63.68
1532600.0,358920.0,-10.9493,25.07,24.83,33.32,63.58,58.1
1532600.0,363080.0,-9.7642,24.74,24.31,33.01,65.17,53.37
1532600.0,367240.0,-8.7349,24.48,23.96,32.73,66.29,49.79
1532600.0,371400.0,-7.318,24.25,23.69,32.42,67.22,46.47
1532600.0,375560.0,-7.5079,24.03,23.49,32.1,67.97,43.44
1532600.0,379720.0,-6.7935,23.85,23.35,31.8,68.53,40.89
1532600.0,383880.0,-6.8934,23.72,23.26,31.55,68.88,38.99
1532600.0,388040.0,-5.9353,23.64,23.23,31.38,69.01,37.92
1532600.0,392200.0,-6.7768,23.64,23.23,31.32,68.9,37.88
1532600.0,396360.0,-6.1147,23.76,23.35,31.43,68.34,39.6
1532600.0,400520.0,-7.1835,24.0,23.58,31.68,67.34,42.98
1532600.0,404680.0,-6.4479,24.3,23.86,32.02,66.12,47.24
1532600.0,408840.0,-6.6545,24.61,24.15,32.36,64.9,51.56
1532600.0,413000.0,-6.6568,24.86,24.38,32.65,63.88,55.16
1528440.0,159240.0,5.1933,27.02,27.15,39.12,68.98,85.58
1528440.0,163400.0,5.2456,26.85,27.11,38.59,68.41,83.2
1528440.0,167560.0,6.0755,26.66,27.03,38.04,67.94,80.52
1528440.0,171720.0,10.032,26.45,26.89,37.5,67.61,77.58
1528440.0,175880.0,6.1607,26.23,26.67,36.99,67.49,74.43
1528440.0,180040.0,7.057,25.96,26.32,36.49,67.7,70.62
1528440.0,184200.0,8.4692,25.64,25.86,35.97,68.21,66.1
1528440.0,188360.0,5.1679,25.3,25.34,35.45,68.88,61.28
1528440.0,192520.0,11.6434,24.96,24.81,34.95,69.57,56.56
1528440.0,196680.0,8.7461,24.66,24.34,34.49,70.12,52.36
1528440.0,200840.0,7.9648,24.43,23.98,34.09,70.39,49.09
1528440.0,205000.0,7.1698,24.29,23.76,33.76,70.23,47.04
1528440.0,209160.0,6.2951,24.2,23.65,33.47,69.75,45.81
1528440.0,213320.0,5.1238,24.16,23.61,33.22,69.04,45.28
1528440.0,217480.0,6.9006,24.17,23.64,33.03,68.18,45.36
1528440.0,221640.0,7.5349,24.21,23.71,32.89,67.27,45.96
1528440.0,225800.0,7.6044,24.28,23.83,32.83,66.38,47.01
1528440.0,229960.0,7.3046,24.38,23.96,32.84,65.6,48.41
1528440.0,234120.0,8.7846,24.54,24.15,32.99,64.83,50.62
1528440.0,238280.0,7.1389,24.76,24.42,33.25,64.02,53.73
1528440.0,242440.0,4.8798,25.02,24.74,33.59,63.2,57.32
1528440.0,246600.0,2.143,25.28,25.06,33.95,62.43,61.01
1528440.0,250760.0,3.513,25.52,25.35,34.28,61.76,64.37
1528440.0,254920.0,3.2236,25.7,25.57,34.53,61.24,67.0
1528440.0,259080.0,2.4174,25.81,25.69,34.68,60.9,68.57
1528440.0,263240.0,0.282,25.86,25.74,34.74,60.76,69.27
1528440.0,267400.0,1.2363,25.87,25.72,34.76,60.77,69.39
1528440.0,271560.0,-2.5901,25.86,25.68,34.74,60.84,69.17
1528440.0,275720.0,-0.8449,25.84,25.63,34.71,60.92,68.89
1528440.0,279880.0,-0.7676,25.83,25.61,34.68,60.95,68.8
1528440.0,284040.0,-0.3454,25.86,25.64,34.68,60.84,69.19
1528440.0,288200.0,-0.8424,25.91,25.71,34.69,60.64,69.97
1528440.0,292360.0,-3.6155,25.98,25.81,34.69,60.38,70.92
1528440.0,296520.0,-0.5989,26.06,25.92,34.7,60.09,72.02
1528440.0,300680.0,-0.9168,26.15,26.05,34.71,59.75,73.24
1528440.0,304840.0,-1.6772,26.24,26.2,34.74,59.38,74.54
1528440.0,309000.0,-4.5629,26.33,26.36,34.77,58.98,75.88
1528440.0,313160.0,-4.2202,26.44,26.56,34.84,58.5,77.38
1528440.0,317320.0,-2.7667,26.59,26.87,34.96,57.79,79.58
1528440.0,321480.0,-4.4327,26.77,27.22,35.11,56.96,82.1
1528440.0,325640.0,-5.7325,26.94,27.57,35.25,56.18,84.48
1528440.0,329800.0,-5.9231,27.07,27.85,35.36,55.59,86.27
1528440.0,333960.0,-7.0721,27.12,28.0,35.41,55.32,87.0
1528440.0,338120.0,-8.7646,27.07,27.95,35.36,55.52,86.22
1528440.0,342280.0,-10.7394,26.87,27.66,35.2,56.35,83.48
1528440.0,346440.0,-12.065,26.56,27.17,34.96,57.71,79.12
1528440.0,350600.0,-6.7702,26.18,26.55,34.66,59.44,73.77
1528440.0,354760.0,-9.187,25.78,25.89,34.33,61.33,68.06
1528440.0,358920.0,-8.6615,25.39,25.28,34.0,63.15,62.65
1528440.0,363080.0,-8.9599,25.07,24.78,33.7,64.65,58.15
1528440.0,367240.0,-10.154,24.84,24.46,33.44,65.65,54.91
1528440.0,371400.0,-8.3421,24.64,24.23,33.16,66.42,52.04
1528440.0,375560.0,-9.7111,24.46,24.06,32.87,67.0,49.53
1528440.0,379720.0,-9.4253,24.32,23.96,32.6,67.38,47.51
1528440.0,383880.0,-7.9122,24.22,23.9,32.38,67.57,46.12
1528440.0,388040.0,-7.2546,24.18,23.89,32.23,67.55,45.51
1528440.0,392200.0,-5.612,24.2,23.92,32.19,67.33,45.81
1528440.0,396360.0,-7.0814,24.34,24.06,32.32,66.69,47.77
1528440.0,400520.0,-8.4715,24.59,24.3,32.59,65.63,51.33
1528440.0,404680.0,-8.5457,24.9,24.6,32.94,64.39,55.7
1528440.0,408840.0,-8.2266,25.21,24.89,33.3,63.16,60.09
1528440.0,413000.0,-9.5137,25.47,25.12,33.6,62.14,63.73
1524280.0,159240.0,4.5553,27.19,27.38,39.77,69.72,88.02
1524280.0,163400.0,7.5501,27.04,27.33,39.31,69.29,85.78
1524280.0,167560.0,8.2692,26.86,27.25,38.82,68.94,83.27
1524280.0,171720.0,5.2508,26.66,27.11,38.33,68.69,80.52
1524280.0,175880.0,4.9624,26.45,26.89,37.85,68.6,77.57
1524280.0,180040.0,8.1724,26.2,26.56,37.37,68.76,74.04
1524280.0,184200.0,8.3774,25.91,26.13,36.86,69.15,69.89
1524280.0,188360.0,8.1674,25.59,25.64,36.34,69.66,65.47
1524280.0,192520.0,9.2555,25.28,25.14,35.83,70.18,61.11
1524280.0,196680.0,9.3461,25.0,24.69,35.35,70.56,57.17
1524280.0,200840.0,6.7205,24.78,24.34,34.93,70.7,53.97
1524280.0,205000.0,10.0313,24.62,24.1,34.55,70.49,51.75
1524280.0,209160.0,2.8808,24.5,23.95,34.19,69.98,50.1
1524280.0,213320.0,4.72,24.42,23.85,33.86,69.27,48.96
1524280.0,217480.0,3.9871,24.38,23.81,33.56,68.44,48.33
1524280.0,221640.0,7.0991,24.37,23.81,33.34,67.57,48.2
1524280.0,225800.0,6.6623,24.39,23.86,33.19,66.74,48.56
1524280.0,229960.0,7.9452,24.45,23.94,33.14,66.02,49.41
1524280.0,234120.0,7.3083,24.58,24.09,33.23,65.34,51.13
1524280.0,238280.0,6.6006,24.76,24.32,33.45,64.63,53.74
1524280.0,242440.0,5.0834,24.98,24.6,33.75,63.94,56.88
1524280.0,246600.0,6.9895,25.22,24.88,34.08,63.3,60.16
1524280.0,250760.0,4.441,25.43,25.14,34.39,62.73,63.19
1524280.0,254920.0,5.0864,25.6,25.35,34.63,62.28,65.61
1524280.0,259080.0,4.3504,25.71,25.48,34.78,61.96,67.11
1524280.0,263240.0,1.1262,25.77,25.53,34.86,61.81,67.92
1524280.0,267400.0,-0.1322,25.79,25.55,34.9,61.77,68.28
1524280.0,271560.0,-0.4255,25.8,25.54,34.92,61.78,68.37
1524280.0,275720.0,-4.1113,25.8,25.53,34.92,61.8,68.41
1524280.0,279880.0,-0.7072,25.82,25.53,34.92,61.77,68.59
1524280.0,284040.0,1.4597,25.85,25.58,34.94,61.63,69.13
1524280.0,288200.0,-1.4349,25.91,25.65,34.95,61.42,69.89
1524280.0,292360.0,-3.8886,25.97,25.73,34.94,61.17,70.73
1524280.0,296520.0,-0.1842,26.03,25.82,34.93,60.89,71.66
1524280.0,300680.0,-3.0132,26.11,25.93,34.93,60.57,72.72
1524280.0,304840.0,-3.7537,26.19,26.07,34.95,60.2,73.94
1524280.0,309000.0,-4.6669,26.29,26.24,34.99,59.78,75.33
1524280.0,313160.0,-2.3725,26.42,26.47,35.08,59.24,77.07
1524280.0,317320.0,-4.2579,26.6,26.81,35.24,58.44,79.69
1524280.0,321480.0,-3.6537,26.82,27.22,35.44,57.51,82.75
1524280.0,325640.0,-6.6485,27.03,27.62,35.65,56.61,85.74
1524280.0,329800.0,-8.1748,27.2,27.96,35.82,55.91,88.14
1524280.0,333960.0,-8.5968,27.29,28.17,35.92,55.53,89.43
1524280.0,338120.0,-10.953,27.27,28.17,35.91,55.64,89.1
1524280.0,342280.0,-12.9887,27.1,27.92,35.78,56.38,86.7
1524280.0,346440.0,-10.6873,26.81,27.47,35.56,57.66,82.61
1524280.0,350600.0,-11.411,26.45,26.89,35.27,59.3,77.5
1524280.0,354760.0,-11.0704,26.06,26.27,34.95,61.09,72.02
1524280.0,358920.0,-9.9871,25.69,25.69,34.64,62.8,66.85
1524280.0,363080.0,-8.8398,25.39,25.23,34.36,64.19,62.64
1524280.0,367240.0,-7.255,25.19,24.94,34.12,65.07,59.76
1524280.0,371400.0,-11.5819,25.02,24.74,33.86,65.7,57.32
1524280.0,375560.0,-8.5097,24.87,24.61,33.6,66.13,55.29
1524280.0,379720.0,-7.961,24.76,24.53,33.36,66.36,53.76
1524280.0,383880.0,-8.9447,24.7,24.5,33.17,66.41,52.83
1524280.0,388040.0,-8.4129,24.68,24.52,33.05,66.27,52.61
1524280.0,392200.0,-7.7479,24.72,24.57,33.03,65.97,53.21
1524280.0,396360.0,-8.3852,24.88,24.71,33.18,65.28,55.36
1524280.0,400520.0,-9.6405,25.14,24.97,33.46,64.21,59.02
1524280.0,404680.0,-9.8548,25.45,25.27,33.82,62.97,63.43
1524280.0,408840.0,-9.8875,25.76,25.56,34.19,61.76,67.83
1524280.0,413000.0,-10.021,26.02,25.79,34.5,60.77,71.45
1520120.0,159240.0,5.6832,27.35,27.58,40.34,70.27,90.15
1520120.0,167560.0,4.906,27.04,27.45,39.5,69.69,85.79
1520120.0,171720.0,4.9164,26.86,27.31,39.06,69.51,83.25
1520120.0,175880.0,7.9131,26.66,27.11,38.62,69.43,80.52
1520120.0,180040.0,8.3887,26.43,26.8,38.16,69.55,77.28
1520120.0,184200.0,6.554,26.16,26.39,37.67,69.85,73.5
1520120.0,188360.0,8.2862,25.88,25.93,37.16,70.24,69.46
1520120.0,192520.0,9.2178,25.59,25.47,36.66,70.62,65.45
1520120.0,196680.0,7.0036,25.33,25.04,36.17,70.88,61.76
1520120.0,200840.0,5.9783,25.11,24.7,35.73,70.93,58.68
1520120.0,205000.0,3.7002,24.95,24.45,35.33,70.67,56.37
1520120.0,209160.0,6.3825,24.81,24.27,34.93,70.15,54.45
1520120.0,213320.0,2.7241,24.7,24.13,34.53,69.45,52.9
1520120.0,217480.0,5.8264,24.62,24.04,34.18,68.65,51.78
1520120.0,221640.0,4.173,24.58,24.0,33.89,67.83,51.12
1520120.0,225800.0,9.2342,24.57,24.0,33.68,67.05,50.98
1520120.0,229960.0,6.6603,24.59,24.04,33.58,66.39,51.39
1520120.0,234120.0,6.0676,24.69,24.15,33.63,65.79,52.69
1520120.0,238280.0,4.8154,24.84,24.35,33.81,65.2,54.86
1520120.0,242440.0,5.5549,25.03,24.58,34.07,64.63,57.56
1520120.0,246600.0,2.905,25.24,24.84,34.37,64.1,60.43
1520120.0,250760.0,6.276,25.43,25.07,34.65,63.63,63.12
1520120.0,254920.0,4.7389,25.58,25.26,34.88,63.25,65.3
1520120.0,259080.0,0.8143,25.68,25.38,35.01,62.96,66.69
1520120.0,263240.0,0.2919,25.74,25.44,35.1,62.8,67.55
1520120.0,267400.0,-1.0465,25.78,25.47,35.16,62.73,68.06
1520120.0,271560.0,-2.9969,25.8,25.49,35.2,62.71,68.37
1520120.0,275720.0,-0.0116,25.82,25.5,35.22,62.68,68.63
1520120.0,279880.0,-0.5248,25.84,25.53,35.24,62.61,68.99
1520120.0,284040.0,-1.3243,25.89,25.58,35.27,62.44,69.61
1520120.0,288200.0,-4.5874,25.94,25.64,35.28,62.23,70.34
1520120.0,292360.0,-4.2545,25.99,25.71,35.26,61.99,71.07
1520120.0,296520.0,-2.131,26.05,25.78,35.24,61.72,71.86
1520120.0,300680.0,-2.9875,26.11,25.87,35.23,61.41,72.78
1520120.0,304840.0,-2.8175,26.19,25.99,35.24,61.04,73.91
1520120.0,309000.0,-2.8129,26.29,26.16,35.28,60.6,75.3
1520120.0,313160.0,-3.0466,26.43,26.39,35.39,60.02,77.19
1520120.0,317320.0,-4.6467,26.63,26.76,35.58,59.16,80.06
1520120.0,321480.0,-6.4284,26.87,27.2,35.81,58.17,83.45
1520120.0,325640.0,-8.1575,27.11,27.64,36.05,57.2,86.82
1520120.0,329800.0,-10.3372,27.31,28.02,36.26,56.41,89.62
1520120.0,333960.0,-10.2993,27.43,28.26,36.4,55.96,91.3
1520120.0,338120.0,-10.7804,27.43,28.31,36.42,55.98,91.32
1520120.0,342280.0,-11.2375,27.28,28.1,36.31,56.63,89.25
1520120.0,346440.0,-11.1631,27.01,27.69,36.1,57.8,85.49
1520120.0,350600.0,-12.0238,26.67,27.16,35.83,59.31,80.7
1520120.0,354760.0,-12.1321,26.31,26.59,35.53,60.97,75.55
1520120.0,358920.0,-10.6014,25.97,26.06,35.23,62.54,70.71
1520120.0,363080.0,-9.5921,25.69,25.64,34.96,63.8,66.84
1520120.0,367240.0,-8.1102,25.51,25.39,34.75,64.55,64.3
1520120.0,371400.0,-7.21,25.36,25.22,34.51,65.06,62.23
1520120.0,375560.0,-6.2615,25.25,25.11,34.27,65.37,60.59
1520120.0,379720.0,-8.9006,25.17,25.05,34.05,65.49,59.45
1520120.0,383880.0,-10.4873,25.13,25.04,33.88,65.44,58.88
1520120.0,388040.0,-9.6298,25.13,25.07,33.79,65.24,58.96
1520120.0,392200.0,-8.4659,25.19,25.13,33.79,64.89,59.76
1520120.0,396360.0,-9.7205,25.35,25.29,33.95,64.2,62.01
1520120.0,400520.0,-9.3678,25.61,25.54,34.25,63.16,65.67
1520120.0,404680.0,-10.9906,25.92,25.84,34.62,61.97,70.03
1520120.0,408840.0,-11.7154,26.22,26.13,34.99,60.82,74.35
1515960.0,159240.0,3.3104,27.46,27.74,40.79,70.74,91.71
1515960.0,163400.0,4.0999,27.33,27.7,40.46,70.52,89.92
1515960.0,167560.0,6.5021,27.19,27.62,40.1,70.34,87.9
1515960.0,171720.0,4.6457,27.03,27.5,39.72,70.22,85.68
1515960.0,175880.0,5.3871,26.86,27.31,39.34,70.15,83.27
1515960.0,180040.0,7.4513,26.65,27.03,38.92,70.22,80.41
1515960.0,184200.0,7.9984,26.42,26.66,38.46,70.43,77.1
1515960.0,188360.0,8.3781,26.17,26.25,37.98,70.69,73.55
1515960.0,192520.0,7.5283,25.92,25.83,37.5,70.93,70.0
1515960.0,196680.0,5.2118,25.68,25.44,37.03,71.07,66.68
1515960.0,200840.0,6.6902,25.48,25.11,36.59,71.04,63.82
1515960.0,205000.0,3.8838,25.31,24.87,36.18,70.75,61.52
1515960.0,209160.0,6.5117,25.17,24.67,35.75,70.23,59.44
1515960.0,213320.0,3.8892,25.04,24.5,35.32,69.56,57.61
1515960.0,217480.0,6.6803,24.93,24.37,34.92,68.8,56.11
1515960.0,221640.0,5.9886,24.85,24.29,34.58,68.04,55.02
1515960.0,225800.0,3.185,24.81,24.24,34.33,67.34,54.43
1515960.0,229960.0,7.0195,24.81,24.24,34.19,66.76,54.42
1515960.0,234120.0,3.8228,24.87,24.32,34.19,66.27,55.27
1515960.0,238280.0,2.4922,24.99,24.47,34.32,65.81,56.91
1515960.0,242440.0,9.2633,25.14,24.66,34.53,65.39,59.05
1515960.0,246600.0,3.2823,25.3,24.87,34.78,65.01,61.39
1515960.0,254920.0,3.1951,25.59,25.22,35.21,64.38,65.44
1515960.0,259080.0,0.5306,25.68,25.33,35.33,64.14,66.65
1515960.0,263240.0,-0.0603,25.74,25.39,35.42,63.99,67.5
1515960.0,267400.0,0.4848,25.78,25.44,35.49,63.9,68.1
1515960.0,271560.0,0.1976,25.81,25.47,35.54,63.84,68.56
1515960.0,275720.0,-1.5935,25.84,25.5,35.58,63.77,68.98
1515960.0,279880.0,-2.0373,25.88,25.53,35.62,63.66,69.46
1515960.0,284040.0,-3.5664,25.92,25.58,35.64,63.48,70.11
1515960.0,288200.0,-2.6495,25.97,25.63,35.65,63.26,70.77
1515960.0,292360.0,-3.054,26.01,25.67,35.62,63.03,71.36
1515960.0,296520.0,-3.8295,26.06,25.71,35.59,62.78,71.98
1515960.0,300680.0,-4.6094,26.11,25.77,35.56,62.47,72.74
1515960.0,304840.0,-2.6027,26.18,25.87,35.56,62.1,73.74
1515960.0,309000.0,-2.6942,26.28,26.02,35.61,61.64,75.09
1515960.0,313160.0,-3.9724,26.41,26.26,35.72,61.04,77.03
1515960.0,317320.0,-4.708,26.62,26.63,35.92,60.15,80.0
1515960.0,321480.0,-7.6753,26.88,27.08,36.17,59.12,83.54
1515960.0,325640.0,-8.336,27.13,27.55,36.44,58.1,87.1
1515960.0,329800.0,-9.3011,27.34,27.95,36.67,57.26,90.13
1515960.0,333960.0,-9.5425,27.48,28.23,36.83,56.74,92.09
1515960.0,342280.0,-9.5992,27.39,28.15,36.78,57.2,90.74
1515960.0,346440.0,-10.1391,27.15,27.81,36.59,58.21,87.45
1515960.0,350600.0,-12.4212,26.85,27.35,36.34,59.53,83.17
1515960.0,354760.0,-10.9321,26.52,26.86,36.05,60.98,78.55
1515960.0,358920.0,-10.8863,26.21,26.39,35.77,62.35,74.21
1515960.0,363080.0,-9.4636,25.97,26.03,35.53,63.43,70.78
1515960.0,367240.0,-9.0525,25.82,25.81,35.33,64.05,68.62
1515960.0,371400.0,-9.1155,25.7,25.67,35.11,64.44,66.92
1515960.0,375560.0,-8.4651,25.6,25.59,34.9,64.65,65.62
1515960.0,379720.0,-9.7452,25.55,25.55,34.7,64.7,64.79
1515960.0,383880.0,-10.7237,25.52,25.55,34.55,64.6,64.48
1515960.0,388040.0,-11.3959,25.54,25.59,34.48,64.36,64.75
1515960.0,392200.0,-11.0398,25.61,25.65,34.5,64.02,65.68
1515960.0,396360.0,-8.7546,25.77,25.8,34.67,63.37,67.93
1515960.0,400520.0,-9.3476,26.02,26.04,34.97,62.42,71.48
1515960.0,404680.0,-10.5416,26.32,26.33,35.35,61.34,75.66
1515960.0,408840.0,-10.5798,26.61,26.6,35.73,60.3,79.8
1511800.0,159240.0,3.0894,27.53,27.87,41.16,71.15,92.76
1511800.0,163400.0,8.1487,27.43,27.83,40.91,71.02,91.31
1511800.0,167560.0,6.9576,27.31,27.77,40.63,70.92,89.65
1511800.0,171720.0,5.5573,27.18,27.66,40.33,70.84,87.81
1511800.0,175880.0,7.3556,27.04,27.5,40.0,70.78,85.79
1511800.0,180040.0,9.1629,26.87,27.26,39.64,70.81,83.4
1511800.0,184200.0,6.2111,26.67,26.94,39.23,70.91,80.65
1511800.0,188360.0,4.8089,26.46,26.59,38.8,71.04,77.68
1511800.0,192520.0,5.2881,26.25,26.22,38.35,71.15,74.69
1511800.0,196680.0,4.7533,26.04,25.88,37.91,71.18,71.82
1511800.0,200840.0,5.9075,25.86,25.58,37.49,71.07,69.26
1511800.0,205000.0,2.6752,25.71,25.34,37.08,70.76,67.06
1511800.0,209160.0,2.1135,25.55,25.13,36.64,70.25,64.91
1511800.0,213320.0,4.0231,25.41,24.94,36.19,69.61,62.89
1511800.0,217480.0,1.2671,25.28,24.78,35.76,68.91,61.09
1511800.0,221640.0,3.1653,25.18,24.65,35.38,68.22,59.65
1511800.0,225800.0,2.5955,25.11,24.57,35.09,67.61,58.67
1511800.0,229960.0,2.6898,25.08,24.53,34.91,67.14,58.25
1511800.0,234120.0,5.6796,25.11,24.56,34.87,66.78,58.6
1511800.0,238280.0,4.009,25.18,24.66,34.94,66.49,59.64
1511800.0,242440.0,3.7703,25.28,24.79,35.09,66.25,61.11
1511800.0,246600.0,2.7858,25.4,24.95,35.28,66.04,62.8
1511800.0,250760.0,3.2794,25.52,25.1,35.46,65.86,64.45
1511800.0,254920.0,2.2367,25.62,25.22,35.61,65.68,65.84
1511800.0,259080.0,0.8261,25.69,25.3,35.71,65.5,66.8
1511800.0,263240.0,-0.2166,25.74,25.36,35.79,65.37,67.56
1511800.0,267400.0,-0.9742,25.79,25.41,35.86,65.27,68.2
1511800.0,271560.0,1.335,25.83,25.46,35.92,65.18,68.77
1511800.0,275720.0,-4.3747,25.87,25.5,35.98,65.08,69.31
1511800.0,279880.0,-7.4888,25.91,25.54,36.02,64.94,69.87
1511800.0,284040.0,-0.9264,25.95,25.58,36.05,64.74,70.5
1511800.0,288200.0,-4.1884,25.99,25.61,36.04,64.53,71.04
1511800.0,292360.0,-4.8869,26.02,25.61,36.0,64.31,71.45
1511800.0,296520.0,-3.8923,26.05,25.61,35.95,64.06,71.87
1511800.0,300680.0,-3.3791,26.09,25.64,35.91,63.76,72.43
1511800.0,304840.0,-3.5978,26.15,25.7,35.9,63.39,73.26
1511800.0,309000.0,-4.8963,26.23,25.83,35.94,62.93,74.5
1511800.0,313160.0,-7.0145,26.37,26.06,36.05,62.32,76.41
1511800.0,317320.0,-6.2039,26.58,26.43,36.25,61.42,79.36
1511800.0,321480.0,-7.1892,26.83,26.88,36.51,60.38,82.91
1511800.0,325640.0,-8.6883,27.09,27.34,36.79,59.35,86.53
1511800.0,329800.0,-8.9693,27.31,27.76,37.03,58.47,89.68
1511800.0,333960.0,-9.4566,27.46,28.07,37.21,57.88,91.84
1511800.0,338120.0,-10.1173,27.51,28.19,37.26,57.72,92.47
1511800.0,342280.0,-11.0607,27.42,28.09,37.19,58.08,91.24
1511800.0,346440.0,-11.3748,27.23,27.83,37.02,58.88,88.55
1511800.0,350600.0,-9.7343,26.98,27.47,36.79,59.94,84.95
1511800.0,354760.0,-9.4965,26.7,27.07,36.53,61.12,81.03
1511800.0,358920.0,-9.1722,26.44,26.69,36.27,62.23,77.35
1511800.0,363080.0,-8.6934,26.23,26.4,36.05,63.09,74.49
1511800.0,367240.0,-8.8699,26.11,26.24,35.88,63.55,72.76
1511800.0,371400.0,-8.665,26.02,26.13,35.69,63.83,71.43
1511800.0,375560.0,-9.3183,25.95,26.06,35.5,63.96,70.46
1511800.0,379720.0,-10.1997,25.91,26.03,35.33,63.95,69.9
1511800.0,383880.0,-12.1577,25.9,26.04,35.2,63.82,69.8
1511800.0,388040.0,-10.9423,25.93,26.08,35.14,63.59,70.22
1511800.0,392200.0,-11.3329,26.0,26.14,35.18,63.27,71.22
1511800.0,396360.0,-10.6184,26.16,26.28,35.36,62.71,73.41
1511800.0,400520.0,-11.1514,26.39,26.51,35.67,61.89,76.76
1511800.0,404680.0,-10.1614,26.67,26.77,36.05,60.97,80.65
1511800.0,408840.0,-10.6347,26.94,27.02,36.44,60.09,84.51
1507640.0,155080.0,13.2366,27.64,27.98,41.6,71.57,94.38
1507640.0,159240.0,6.0765,27.58,27.97,41.46,71.5,93.46
1507640.0,163400.0,12.3796,27.5,27.94,41.3,71.46,92.37
1507640.0,167560.0,8.2679,27.41,27.9,41.1,71.42,91.11
1507640.0,175880.0,8.9205,27.2,27.67,40.61,71.32,88.09
1507640.0,180040.0,1.5561,27.07,27.47,40.31,71.29,86.21
1507640.0,184200.0,8.8756,26.91,27.21,39.96,71.3,84.05
1507640.0,188360.0,8.457,26.75,26.92,39.58,71.31,81.72
1507640.0,192520.0,3.6816,26.58,26.62,39.18,71.3,79.31
1507640.0,196680.0,4.7333,26.41,26.32,38.78,71.22,76.95
1507640.0,200840.0,2.6203,26.25,26.06,38.39,71.04,74.74
1507640.0,205000.0,1.5598,26.11,25.84,37.99,70.72,72.69
1507640.0,209160.0,1.5928,25.95,25.62,37.55,70.23,70.55
1507640.0,213320.0,3.596,25.8,25.41,37.09,69.64,68.41
1507640.0,217480.0,2.3256,25.66,25.22,36.65,69.0,66.41
1507640.0,221640.0,2.3347,25.54,25.06,36.25,68.4,64.68
1507640.0,225800.0,2.632,25.44,24.94,35.92,67.88,63.36
1507640.0,229960.0,-2.2422,25.39,24.87,35.71,67.52,62.57
1507640.0,234120.0,-0.5364,25.38,24.86,35.62,67.3,62.42
1507640.0,238280.0,-1.5199,25.41,24.9,35.63,67.19,62.82
1507640.0,242440.0,-5.9337,25.46,24.97,35.72,67.14,63.6
1507640.0,246600.0,0.5296,25.53,25.07,35.84,67.13,64.58
1507640.0,250760.0,-1.7871,25.6,25.17,35.96,67.11,65.61
1507640.0,254920.0,0.5271,25.67,25.25,36.07,67.06,66.51
1507640.0,259080.0,0.2324,25.72,25.31,36.13,66.95,67.18
1507640.0,263240.0,-1.8894,25.76,25.36,36.2,66.85,67.84
1507640.0,267400.0,-2.9023,25.81,25.42,36.27,66.75,68.48
1507640.0,271560.0,-3.7971,25.85,25.47,36.34,66.64,69.12
1507640.0,275720.0,-3.497,25.9,25.51,36.4,66.51,69.74
1507640.0,279880.0,-3.0348,25.94,25.55,36.45,66.35,70.34
1507640.0,284040.0,-2.0804,25.98,25.58,36.47,66.14,70.93
1507640.0,288200.0,-4.219,26.01,25.58,36.46,65.93,71.32
1507640.0,292360.0,-6.9703,26.02,25.55,36.41,65.72,71.54
1507640.0,296520.0,-4.297,26.04,25.51,36.34,65.49,71.74
1507640.0,300680.0,-3.5166,26.06,25.49,36.28,65.2,72.08
1507640.0,304840.0,-5.4771,26.11,25.52,36.26,64.84,72.72
1507640.0,309000.0,-6.508,26.19,25.62,36.28,64.38,73.81
1507640.0,313160.0,-8.727,26.31,25.83,36.39,63.76,75.62
1507640.0,317320.0,-7.9424,26.52,26.19,36.59,62.87,78.47
1507640.0,321480.0,-8.6646,26.76,26.62,36.85,61.84,81.92
1507640.0,325640.0,-8.599,27.01,27.08,37.12,60.82,85.47
1507640.0,329800.0,-10.1995,27.24,27.51,37.37,59.92,88.64
1507640.0,333960.0,-10.3338,27.4,27.83,37.55,59.28,90.92
1507640.0,338120.0,-10.0792,27.46,27.99,37.62,59.01,91.82
1507640.0,342280.0,-11.3779,27.41,27.96,37.56,59.2,91.06
1507640.0,346440.0,-10.9581,27.27,27.79,37.42,59.74,89.03
1507640.0,350600.0,-10.292,27.07,27.54,37.21,60.51,86.21
1507640.0,354760.0,-9.5226,26.84,27.24,36.98,61.38,83.09
1507640.0,358920.0,-9.0865,26.64,26.97,36.75,62.19,80.16
1507640.0,363080.0,-10.2649,26.48,26.76,36.55,62.8,77.93
1507640.0,367240.0,-8.8121,26.39,26.64,36.4,63.11,76.65
1507640.0,371400.0,-9.9606,26.32,26.57,36.24,63.28,75.7
1507640.0,375560.0,-11.2772,26.27,26.52,36.07,63.33,75.03
1507640.0,379720.0,-12.0461,26.25,26.5,35.92,63.28,74.71
1507640.0,383880.0,-11.9245,26.25,26.51,35.82,63.15,74.78
1507640.0,388040.0,-12.4057,26.29,26.54,35.78,62.94,75.31
1507640.0,392200.0,-10.5577,26.37,26.6,35.84,62.67,76.34
1507640.0,396360.0,-9.9882,26.51,26.73,36.03,62.21,78.41
1507640.0,400520.0,-11.9482,26.73,26.93,36.35,61.56,81.48
1507640.0,404680.0,-11.6656,26.98,27.16,36.73,60.84,85.02
1507640.0,408840.0,-11.6805,27.23,27.38,37.11,60.15,88.53
1503480.0,155080.0,6.5654,27.66,28.05,41.78,71.81,94.55
1503480.0,159240.0,3.2925,27.61,28.05,41.71,71.8,93.95
1503480.0,163400.0,6.3104,27.56,28.03,41.63,71.82,93.21
1503480.0,167560.0,0.9458,27.5,28.0,41.51,71.83,92.34
1503480.0,171720.0,3.2258,27.43,27.94,41.36,71.82,91.33
1503480.0,180040.0,6.935,27.25,27.67,40.92,71.69,88.78
1503480.0,184200.0,8.5296,27.14,27.47,40.63,71.61,87.22
1503480.0,188360.0,4.3615,27.01,27.24,40.31,71.52,85.5
1503480.0,192520.0,3.8285,26.89,26.99,39.97,71.39,83.68
1503480.0,196680.0,0.2322,26.75,26.75,39.61,71.22,81.83
1503480.0,200840.0,-1.9996,26.62,26.52,39.25,70.99,79.98
1503480.0,205000.0,-0.0458,26.49,26.32,38.88,70.67,78.12
1503480.0,209160.0,-0.7568,26.34,26.1,38.45,70.2,76.04
1503480.0,213320.0,0.7453,26.19,25.88,37.99,69.66,73.86
1503480.0,217480.0,0.7696,26.04,25.68,37.54,69.09,71.73
1503480.0,221640.0,1.0576,25.9,25.49,37.12,68.57,69.79
1503480.0,225800.0,1.8924,25.79,25.34,36.78,68.15,68.19
1503480.0,229960.0,-0.6927,25.71,25.24,36.54,67.9,67.08
1503480.0,234120.0,-0.6026,25.66,25.18,36.41,67.83,66.47
1503480.0,238280.0,-0.4463,25.65,25.17,36.37,67.89,66.26
1503480.0,242440.0,-4.8597,25.66,25.19,36.38,68.03,66.36
1503480.0,246600.0,-4.1812,25.68,25.23,36.44,68.2,66.67
1503480.0,250760.0,-2.6536,25.71,25.28,36.51,68.35,67.09
1503480.0,254920.0,-3.3433,25.74,25.32,36.57,68.43,67.51
1503480.0,259080.0,-4.67,25.77,25.35,36.6,68.4,67.89
1503480.0,263240.0,-4.9368,25.8,25.4,36.66,68.33,68.42
1503480.0,267400.0,-5.1703,25.85,25.45,36.73,68.24,69.04
1503480.0,271560.0,-5.6409,25.9,25.5,36.8,68.11,69.72
1503480.0,275720.0,-6.3103,25.94,25.55,36.86,67.96,70.39
1503480.0,279880.0,-5.9526,25.99,25.59,36.91,67.78,71.02
1503480.0,284040.0,-7.257,26.02,25.61,36.93,67.58,71.53
1503480.0,288200.0,-6.2625,26.04,25.58,36.9,67.38,71.78
1503480.0,292360.0,-7.3672,26.04,25.51,36.83,67.18,71.81
1503480.0,296520.0,-6.2104,26.04,25.43,36.75,66.95,71.81
1503480.0,300680.0,-2.3657,26.05,25.37,36.68,66.68,71.93
1503480.0,304840.0,-7.325,26.08,25.36,36.64,66.32,72.37
1503480.0,309000.0,-8.219,26.15,25.43,36.66,65.87,73.29
1503480.0,313160.0,-9.3699,26.27,25.62,36.75,65.25,74.97
1503480.0,317320.0,-10.1057,26.46,25.95,36.94,64.39,77.63
1503480.0,321480.0,-9.7676,26.69,26.36,37.19,63.4,80.89
1503480.0,325640.0,-9.8901,26.93,26.81,37.46,62.4,84.28
1503480.0,329800.0,-11.7057,27.15,27.23,37.7,61.5,87.37
1503480.0,333960.0,-11.4534,27.31,27.56,37.88,60.82,89.7
1503480.0,338120.0,-12.1961,27.39,27.75,37.95,60.45,90.82
1503480.0,342280.0,-11.3165,27.37,27.79,37.91,60.45,90.52
1503480.0,346440.0,-12.2162,27.27,27.71,37.78,60.73,89.15
1503480.0,350600.0,-11.5257,27.13,27.57,37.6,61.2,87.12
1503480.0,354760.0,-10.2525,26.97,27.38,37.39,61.74,84.81
1503480.0,358920.0,-11.6308,26.81,27.21,37.19,62.25,82.66
1503480.0,363080.0,-10.818,26.7,27.08,37.02,62.62,81.06
1503480.0,367240.0,-10.5489,26.64,27.02,36.89,62.77,80.23
1503480.0,371400.0,-10.7887,26.6,26.97,36.75,62.83,79.63
1503480.0,375560.0,-11.3481,26.57,26.94,36.61,62.81,79.25
1503480.0,379720.0,-11.9008,26.56,26.93,36.49,62.74,79.13
1503480.0,383880.0,-11.0776,26.58,26.93,36.4,62.61,79.35
1503480.0,388040.0,-11.3002,26.62,26.96,36.39,62.43,79.94
1503480.0,392200.0,-12.3944,26.69,27.01,36.46,62.23,80.98
1503480.0,396360.0,-11.2455,26.83,27.13,36.66,61.89,82.89
1503480.0,400520.0,-11.5748,27.02,27.3,36.98,61.42,85.63
1503480.0,404680.0,-13.0899,27.25,27.5,37.36,60.9,88.78
1503480.0,408840.0,-13.2586,27.47,27.69,37.75,60.42,91.9
1499320.0,167560.0,4.3474,27.58,28.09,41.87,72.16,93.42
1499320.0,171720.0,-2.4219,27.53,28.04,41.79,72.17,92.78
1499320.0,175880.0,7.9843,27.48,27.96,41.65,72.11,92.0
1499320.0,180040.0,-0.1849,27.41,27.85,41.46,71.99,91.08
1499320.0,184200.0,5.9387,27.34,27.7,41.23,71.84,90.04
1499320.0,188360.0,3.6678,27.25,27.52,40.97,71.66,88.88
1499320.0,192520.0,-2.5909,27.16,27.33,40.68,71.46,87.6
1499320.0,196680.0,1.756,27.06,27.14,40.37,71.22,86.2
1499320.0,200840.0,0.6202,26.96,26.95,40.04,70.96,84.7
1499320.0,205000.0,-1.2847,26.84,26.76,39.69,70.63,83.03
1499320.0,209160.0,-2.877,26.7,26.55,39.28,70.2,81.05
1499320.0,213320.0,-2.9311,26.55,26.33,38.84,69.7,78.89
1499320.0,217480.0,0.2485,26.39,26.11,38.39,69.2,76.7
1499320.0,221640.0,-0.0929,26.24,25.91,37.97,68.76,74.64
1499320.0,225800.0,-1.1789,26.12,25.73,37.62,68.44,72.85
1499320.0,229960.0,-3.5155,26.02,25.6,37.36,68.28,71.48
1499320.0,234120.0,-3.2631,25.95,25.52,37.2,68.33,70.49
1499320.0,238280.0,-2.6744,25.9,25.46,37.1,68.55,69.76
1499320.0,242440.0,-2.8257,25.86,25.43,37.06,68.85,69.28
1499320.0,246600.0,-5.8076,25.84,25.42,37.06,69.19,68.99
1499320.0,250760.0,-3.5821,25.83,25.42,37.08,69.49,68.86
1499320.0,254920.0,-4.0898,25.83,25.43,37.09,69.68,68.86
1499320.0,259080.0,-5.0269,25.84,25.44,37.1,69.73,68.99
1499320.0,263240.0,-5.1689,25.87,25.48,37.15,69.7,69.39
1499320.0,267400.0,-4.0945,25.91,25.53,37.21,69.62,69.99
1499320.0,271560.0,-4.8991,25.96,25.58,37.28,69.49,70.69
1499320.0,275720.0,-6.2645,26.01,25.63,37.35,69.33,71.4
1499320.0,279880.0,-6.0886,26.06,25.66,37.39,69.14,72.02
1499320.0,284040.0,-4.1226,26.09,25.67,37.41,68.94,72.46
1499320.0,288200.0,-6.4968,26.1,25.61,37.37,68.75,72.58
1499320.0,292360.0,-6.7539,26.09,25.51,37.29,68.56,72.45
1499320.0,296520.0,-5.9912,26.08,25.4,37.2,68.35,72.27
1499320.0,300680.0,-8.0581,26.07,25.3,37.12,68.08,72.21
1499320.0,304840.0,-10.0966,26.09,25.26,37.07,67.73,72.46
1499320.0,309000.0,-10.8094,26.14,25.3,37.07,67.29,73.22
1499320.0,313160.0,-7.9172,26.25,25.46,37.15,66.69,74.72
1499320.0,317320.0,-10.9564,26.42,25.76,37.32,65.87,77.16
1499320.0,321480.0,-9.9497,26.64,26.15,37.56,64.93,80.16
1499320.0,325640.0,-10.0728,26.86,26.57,37.81,63.98,83.33
1499320.0,329800.0,-11.7613,27.07,26.97,38.03,63.09,86.27
1499320.0,333960.0,-11.8595,27.23,27.3,38.2,62.38,88.57
1499320.0,338120.0,-12.1742,27.32,27.52,38.28,61.93,89.83
1499320.0,342280.0,-12.0114,27.33,27.61,38.24,61.75,89.93
1499320.0,346440.0,-12.4702,27.27,27.62,38.13,61.78,89.16
1499320.0,350600.0,-11.4733,27.18,27.58,37.97,61.95,87.85
1499320.0,354760.0,-11.6949,27.07,27.5,37.78,62.19,86.3
1499320.0,358920.0,-12.2872,26.97,27.42,37.6,62.41,84.86
1499320.0,363080.0,-12.3332,26.9,27.37,37.46,62.55,83.84
1499320.0,367240.0,-11.4677,26.87,27.35,37.35,62.56,83.42
1499320.0,371400.0,-11.3679,26.85,27.33,37.23,62.53,83.14
1499320.0,375560.0,-12.0931,26.84,27.32,37.11,62.45,83.01
1499320.0,379720.0,-12.5028,26.84,27.31,37.01,62.36,83.08
1499320.0,383880.0,-12.7376,26.87,27.31,36.95,62.23,83.41
1499320.0,388040.0,-11.3734,26.91,27.33,36.95,62.1,84.06
1499320.0,392200.0,-11.433,26.99,27.37,37.04,61.95,85.08
1499320.0,396360.0,-12.2256,27.11,27.47,37.24,61.74,86.82
1499320.0,400520.0,-12.6245,27.28,27.62,37.57,61.45,89.22
1499320.0,404680.0,-13.219,27.47,27.78,37.94,61.14,91.96
1495160.0,159240.0,5.1266,27.68,28.16,42.14,72.25,94.81
1495160.0,163400.0,-0.4463,27.66,28.17,42.17,72.33,94.65
1495160.0,167560.0,1.4685,27.65,28.16,42.18,72.39,94.42
1495160.0,171720.0,2.4805,27.62,28.13,42.15,72.41,94.08
1495160.0,175880.0,-1.7685,27.59,28.07,42.06,72.34,93.6
1495160.0,180040.0,-4.2934,27.55,27.99,41.92,72.19,93.05
1495160.0,184200.0,0.2882,27.51,27.88,41.74,72.0,92.42
1495160.0,188360.0,-3.4273,27.45,27.75,41.53,71.77,91.7
1495160.0,205000.0,-6.1541,27.13,27.12,40.41,70.65,87.14
1495160.0,209160.0,-2.2543,27.0,26.92,40.02,70.24,85.29
1495160.0,213320.0,-0.4984,26.85,26.7,39.59,69.8,83.19
1495160.0,217480.0,-6.5639,26.7,26.48,39.16,69.36,81.01
1495160.0,221640.0,-1.6292,26.55,26.27,38.75,68.99,78.9
1495160.0,225800.0,4.5393,26.41,26.09,38.39,68.73,77.01
1495160.0,229960.0,-0.2255,26.3,25.95,38.12,68.66,75.48
1495160.0,234120.0,1.2022,26.21,25.84,37.94,68.81,74.22
1495160.0,238280.0,0.0265,26.14,25.75,37.81,69.13,73.12
1495160.0,242440.0,-1.6012,26.07,25.68,37.73,69.56,72.2
1495160.0,246600.0,-0.8773,26.02,25.64,37.68,70.02,71.46
1495160.0,250760.0,-2.0758,25.98,25.6,37.65,70.43,70.93
1495160.0,254920.0,-3.4312,25.96,25.58,37.63,70.71,70.61
1495160.0,259080.0,-3.6943,25.95,25.58,37.63,70.82,70.55
1495160.0,263240.0,-6.6652,25.98,25.6,37.66,70.83,70.86
1495160.0,267400.0,-6.4097,26.02,25.65,37.72,70.77,71.43
1495160.0,271560.0,-5.271,26.07,25.71,37.79,70.65,72.14
1495160.0,275720.0,-6.4007,26.12,25.76,37.86,70.49,72.86
1495160.0,279880.0,-6.5027,26.16,25.78,37.91,70.31,73.48
1495160.0,284040.0,-6.9427,26.19,25.78,37.91,70.12,73.86
1495160.0,288200.0,-5.9876,26.19,25.7,37.87,69.94,73.88
1495160.0,292360.0,-6.4484,26.17,25.58,37.79,69.76,73.64
1495160.0,296520.0,-8.9875,26.15,25.44,37.69,69.55,73.33
1495160.0,300680.0,-9.4052,26.14,25.32,37.59,69.28,73.14
1495160.0,304840.0,-8.5777,26.15,25.25,37.53,68.95,73.25
1495160.0,309000.0,-11.1441,26.19,25.26,37.52,68.51,73.85
1495160.0,313160.0,-11.1764,26.28,25.4,37.59,67.94,75.19
1495160.0,317320.0,-9.4078,26.44,25.67,37.75,67.18,77.37
1495160.0,321480.0,-8.9259,26.63,26.02,37.96,66.3,80.07
1495160.0,325640.0,-8.8303,26.84,26.4,38.18,65.4,82.96
1495160.0,329800.0,-9.444,27.03,26.78,38.39,64.56,85.69
1495160.0,333960.0,-10.8238,27.18,27.11,38.55,63.84,87.89
1495160.0,338120.0,-11.0012,27.28,27.34,38.61,63.32,89.22
1495160.0,342280.0,-13.1757,27.31,27.47,38.58,63.0,89.61
1495160.0,346440.0,-13.0745,27.29,27.55,38.48,62.82,89.31
1495160.0,350600.0,-13.1631,27.23,27.59,38.33,62.73,88.57
1495160.0,354760.0,-13.0042,27.17,27.6,38.16,62.71,87.64
1495160.0,358920.0,-13.6799,27.11,27.6,38.0,62.69,86.78
1495160.0,363080.0,-15.4561,27.07,27.61,37.87,62.65,86.24
1495160.0,367240.0,-13.6251,27.06,27.63,37.78,62.54,86.14
1495160.0,371400.0,-14.0566,27.06,27.63,37.68,62.42,86.14
1495160.0,375560.0,-13.3386,27.07,27.63,37.58,62.3,86.23
1495160.0,379720.0,-13.5386,27.08,27.63,37.5,62.18,86.47
1495160.0,383880.0,-12.9047,27.12,27.63,37.46,62.06,86.91
1495160.0,388040.0,-12.8451,27.16,27.64,37.47,61.96,87.6
1495160.0,392200.0,-13.6056,27.23,27.67,37.57,61.87,88.6
1495160.0,396360.0,-14.904,27.35,27.76,37.78,61.76,90.15
1495160.0,400520.0,-14.2274,27.49,27.88,38.1,61.64,92.23
1495160.0,404680.0,-13.8053,27.66,28.01,38.47,61.52,94.56
1491000.0,150920.0,-0.8711,27.7,28.17,42.21,72.31,95.19
1491000.0,155080.0,8.8366,27.71,28.18,42.26,72.31,95.23
1491000.0,159240.0,-2.2923,27.71,28.2,42.33,72.36,95.29
1491000.0,163400.0,2.4429,27.71,28.21,42.39,72.43,95.33
1491000.0,167560.0,-1.6258,27.71,28.21,42.43,72.48,95.3
1491000.0,175880.0,-0.0758,27.68,28.15,42.38,72.41,94.93
1491000.0,180040.0,1.4037,27.66,28.09,42.28,72.25,94.64
1491000.0,188360.0,-2.9622,27.61,27.92,41.97,71.81,93.9
1491000.0,192520.0,-0.9369,27.57,27.82,41.77,71.55,93.35
1491000.0,196680.0,-0.2157,27.52,27.7,41.55,71.28,92.62
1491000.0,200840.0,0.4952,27.45,27.56,41.29,71.01,91.64
1491000.0,205000.0,2.2533,27.36,27.41,41.01,70.72,90.34
1491000.0,209160.0,-2.8026,27.24,27.22,40.65,70.36,88.64
1491000.0,213320.0,0.0496,27.1,27.02,40.25,69.96,86.68
1491000.0,217480.0,1.303,26.95,26.8,39.84,69.57,84.6
1491000.0,221640.0,0.1852,26.8,26.6,39.45,69.26,82.54
1491000.0,225800.0,-4.867,26.67,26.42,39.11,69.06,80.66
1491000.0,229960.0,-0.6299,26.56,26.27,38.84,69.04,79.1
1491000.0,234120.0,-0.0303,26.46,26.15,38.65,69.25,77.71
1491000.0,238280.0,1.0288,26.37,26.05,38.5,69.64,76.4
1491000.0,242440.0,-1.3681,26.29,25.96,38.39,70.13,75.23
1491000.0,246600.0,-6.9118,26.22,25.89,38.31,70.65,74.23
1491000.0,250760.0,-2.0964,26.16,25.84,38.25,71.12,73.46
1491000.0,254920.0,-4.7811,26.12,25.8,38.22,71.45,72.94
1491000.0,259080.0,-5.3971,26.11,25.79,38.2,71.61,72.77
1491000.0,263240.0,-5.0217,26.13,25.81,38.22,71.66,73.03
1491000.0,267400.0,-4.3858,26.17,25.85,38.28,71.63,73.57
1491000.0,271560.0,-5.9893,26.22,25.9,38.35,71.53,74.28
1491000.0,275720.0,-8.5384,26.27,25.95,38.42,71.4,75.0
1491000.0,279880.0,-7.4189,26.31,25.97,38.46,71.23,75.6
1491000.0,284040.0,-7.9948,26.34,25.96,38.47,71.06,75.94
1491000.0,288200.0,-8.1689,26.33,25.87,38.42,70.88,75.92
1491000.0,292360.0,-8.3324,26.31,25.74,38.34,70.7,75.63
1491000.0,296520.0,-8.6183,26.29,25.59,38.23,70.48,75.27
1491000.0,300680.0,-10.6989,26.27,25.45,38.14,70.21,75.01
1491000.0,304840.0,-11.1209,26.27,25.36,38.07,69.88,75.03
1491000.0,309000.0,-12.9231,26.31,25.36,38.05,69.46,75.51
1491000.0,313160.0,-11.919,26.39,25.47,38.1,68.91,76.66
1491000.0,317320.0,-12.7673,26.52,25.7,38.23,68.22,78.56
1491000.0,321480.0,-15.3546,26.69,26.01,38.41,67.42,80.93
1491000.0,325640.0,-12.4765,26.87,26.35,38.61,66.59,83.48
1491000.0,329800.0,-12.6315,27.04,26.7,38.79,65.8,85.92
1491000.0,333960.0,-12.3221,27.19,27.0,38.92,65.1,87.93
1491000.0,338120.0,-12.4784,27.28,27.23,38.97,64.54,89.23
1491000.0,342280.0,-12.5303,27.32,27.39,38.94,64.12,89.76
1491000.0,346440.0,-16.1378,27.32,27.52,38.83,63.79,89.74
1491000.0,350600.0,-13.2975,27.29,27.61,38.69,63.53,89.38
1491000.0,354760.0,-15.9117,27.25,27.68,38.53,63.31,88.86
1491000.0,358920.0,-15.6966,27.22,27.74,38.38,63.12,88.4
1491000.0,363080.0,-14.2877,27.21,27.79,38.26,62.94,88.19
1491000.0,367240.0,-14.4013,27.22,27.84,38.18,62.75,88.33
1491000.0,371400.0,-15.7176,27.23,27.86,38.09,62.56,88.53
1491000.0,375560.0,-14.4122,27.25,27.87,38.01,62.39,88.81
1491000.0,379720.0,-14.1372,27.28,27.87,37.94,62.25,89.2
1491000.0,383880.0,-14.406,27.32,27.87,37.92,62.13,89.75
1491000.0,388040.0,-13.8591,27.37,27.88,37.94,62.04,90.48
1491000.0,392200.0,-14.8748,27.44,27.91,38.04,61.99,91.45
1491000.0,396360.0,-14.4328,27.53,27.97,38.25,61.98,92.83
1491000.0,400520.0,-14.627,27.66,28.06,38.56,62.0,94.6
1491000.0,404680.0,-15.4211,27.8,28.17,38.93,62.04,96.57
1486840.0,150920.0,-3.3533,27.71,28.17,42.32,72.42,95.28
1486840.0,155080.0,0.959,27.72,28.19,42.38,72.38,95.44
1486840.0,159240.0,1.9078,27.73,28.21,42.46,72.37,95.63
1486840.0,163400.0,-5.5982,27.75,28.22,42.54,72.39,95.83
1486840.0,167560.0,1.364,27.76,28.23,42.6,72.39,95.98
1486840.0,171720.0,0.331,27.76,28.23,42.63,72.35,96.05
1486840.0,175880.0,-3.6024,27.76,28.2,42.61,72.26,95.99
1486840.0,180040.0,-2.5666,27.75,28.16,42.54,72.12,95.89
1486840.0,184200.0,-4.4676,27.74,28.11,42.45,71.94,95.78
1486840.0,188360.0,1.1926,27.73,28.05,42.33,71.74,95.6
1486840.0,192520.0,-1.134,27.71,27.97,42.18,71.52,95.28
1486840.0,196680.0,-1.8617,27.67,27.88,42.0,71.29,94.78
1486840.0,200840.0,0.7387,27.62,27.78,41.79,71.07,94.02
1486840.0,205000.0,-1.4162,27.54,27.65,41.54,70.82,92.94
1486840.0,209160.0,1.7066,27.44,27.49,41.23,70.51,91.48
1486840.0,213320.0,0.3956,27.32,27.3,40.88,70.17,89.75
1486840.0,221640.0,1.4834,27.05,26.93,40.16,69.58,86.03
1486840.0,225800.0,-1.4315,26.93,26.76,39.84,69.44,84.3
1486840.0,229960.0,-2.0233,26.82,26.62,39.6,69.45,82.82
1486840.0,234120.0,-0.4987,26.73,26.5,39.4,69.69,81.43
1486840.0,238280.0,-4.26,26.63,26.4,39.24,70.1,80.05
1486840.0,242440.0,2.7872,26.54,26.3,39.12,70.61,78.77
1486840.0,246600.0,-1.6674,26.46,26.22,39.02,71.15,77.64
1486840.0,250760.0,-4.339,26.39,26.16,38.95,71.63,76.73
1486840.0,254920.0,-3.1116,26.35,26.12,38.89,71.99,76.12
1486840.0,259080.0,-10.1174,26.33,26.09,38.86,72.18,75.89
1486840.0,263240.0,-7.0353,26.35,26.11,38.89,72.27,76.09
1486840.0,267400.0,-7.2346,26.38,26.14,38.94,72.29,76.6
1486840.0,271560.0,-7.9213,26.43,26.19,39.01,72.25,77.28
1486840.0,275720.0,-6.8543,26.48,26.23,39.07,72.15,77.97
1486840.0,279880.0,-7.7358,26.52,26.24,39.11,72.03,78.55
1486840.0,284040.0,-5.727,26.54,26.22,39.12,71.87,78.86
1486840.0,288200.0,-8.2615,26.54,26.13,39.07,71.7,78.82
1486840.0,292360.0,-9.6919,26.52,26.0,38.98,71.5,78.56
1486840.0,296520.0,-8.5557,26.5,25.84,38.88,71.26,78.22
1486840.0,300680.0,-11.8788,26.48,25.7,38.79,70.97,77.96
1486840.0,304840.0,-11.103,26.48,25.6,38.71,70.63,77.93
1486840.0,309000.0,-11.4811,26.5,25.58,38.68,70.22,78.28
1486840.0,313160.0,-12.6058,26.57,25.67,38.71,69.72,79.2
1486840.0,317320.0,-13.0801,26.68,25.85,38.81,69.11,80.72
1486840.0,321480.0,-13.5493,26.81,26.09,38.95,68.42,82.62
1486840.0,325640.0,-13.0421,26.96,26.38,39.1,67.71,84.69
1486840.0,329800.0,-14.0288,27.1,26.67,39.23,67.0,86.68
1486840.0,333960.0,-15.3122,27.22,26.93,39.33,66.35,88.35
1486840.0,338120.0,-13.1425,27.3,27.14,39.35,65.79,89.47
1486840.0,342280.0,-15.8081,27.33,27.31,39.3,65.3,90.0
1486840.0,346440.0,-16.9359,27.34,27.47,39.18,64.86,90.13
1486840.0,350600.0,-13.5037,27.33,27.61,39.03,64.45,90.0
1486840.0,354760.0,-16.2143,27.32,27.73,38.87,64.08,89.76
1486840.0,358920.0,-14.3287,27.3,27.83,38.72,63.75,89.56
1486840.0,363080.0,-14.5577,27.3,27.92,38.6,63.46,89.57
1486840.0,367240.0,-16.0767,27.32,27.98,38.53,63.2,89.86
1486840.0,371400.0,-15.8681,27.35,28.02,38.45,62.96,90.22
1486840.0,375560.0,-14.7782,27.38,28.03,38.37,62.76,90.65
1486840.0,379720.0,-15.666,27.42,28.03,38.32,62.59,91.16
1486840.0,383880.0,-15.9604,27.46,28.03,38.31,62.47,91.79
1486840.0,388040.0,-16.6034,27.51,28.03,38.35,62.4,92.54
1486840.0,392200.0,-14.8378,27.58,28.05,38.45,62.4,93.45
1486840.0,396360.0,-15.1729,27.66,28.1,38.66,62.49,94.63
1486840.0,400520.0,-15.9823,27.76,28.16,38.95,62.66,96.06
1486840.0,404680.0,-16.1629,27.88,28.23,39.3,62.88,97.63
1482680.0,150920.0,4.0338,27.71,28.16,42.42,72.5,95.31
1482680.0,155080.0,-0.6238,27.73,28.18,42.48,72.4,95.55
1482680.0,159240.0,2.3162,27.75,28.2,42.56,72.32,95.87
1482680.0,163400.0,-0.8319,27.77,28.22,42.65,72.25,96.19
1482680.0,167560.0,0.378,27.79,28.24,42.72,72.18,96.49
1482680.0,171720.0,0.2702,27.81,28.24,42.76,72.09,96.7
1482680.0,175880.0,-1.51,27.82,28.23,42.76,71.99,96.79
1482680.0,180040.0,-5.4317,27.82,28.21,42.73,71.87,96.84
1482680.0,184200.0,3.7594,27.82,28.18,42.67,71.74,96.89
1482680.0,188360.0,2.0349,27.82,28.14,42.6,71.6,96.87
1482680.0,192520.0,-0.54,27.81,28.09,42.5,71.45,96.72
1482680.0,196680.0,-0.2668,27.79,28.03,42.37,71.3,96.41
1482680.0,200840.0,0.2615,27.75,27.95,42.21,71.14,95.86
1482680.0,205000.0,0.4813,27.69,27.84,42.02,70.95,95.01
1482680.0,209160.0,-3.6697,27.61,27.71,41.76,70.69,93.84
1482680.0,217480.0,-0.4491,27.4,27.41,41.15,70.14,90.89
1482680.0,225800.0,-1.5808,27.18,27.1,40.58,69.83,87.83
1482680.0,229960.0,-0.7086,27.09,26.98,40.36,69.87,86.52
1482680.0,234120.0,-6.8162,26.99,26.88,40.18,70.12,85.22
1482680.0,238280.0,-10.0755,26.9,26.78,40.02,70.52,83.88
1482680.0,242440.0,-10.3952,26.81,26.69,39.88,71.01,82.59
1482680.0,246600.0,-5.9922,26.73,26.61,39.77,71.53,81.43
1482680.0,250760.0,-6.7512,26.66,26.54,39.68,72.0,80.48
1482680.0,254920.0,-9.1136,26.61,26.49,39.62,72.36,79.83
1482680.0,259080.0,-9.572,26.59,26.46,39.59,72.58,79.58
1482680.0,263240.0,-5.6418,26.61,26.47,39.61,72.72,79.75
1482680.0,267400.0,-6.583,26.64,26.5,39.65,72.8,80.21
1482680.0,271560.0,-7.2306,26.68,26.54,39.72,72.82,80.84
1482680.0,275720.0,-7.2112,26.73,26.56,39.78,72.78,81.48
1482680.0,279880.0,-9.0031,26.77,26.57,39.82,72.7,82.01
1482680.0,284040.0,-10.5644,26.79,26.54,39.82,72.58,82.3
1482680.0,288200.0,-10.3948,26.79,26.45,39.77,72.41,82.29
1482680.0,292360.0,-9.7629,26.77,26.32,39.69,72.18,82.1
1482680.0,296520.0,-11.581,26.75,26.17,39.6,71.91,81.84
1482680.0,300680.0,-13.1976,26.74,26.04,39.5,71.59,81.62
1482680.0,304840.0,-12.918,26.74,25.93,39.42,71.24,81.57
1482680.0,309000.0,-14.1925,26.75,25.9,39.38,70.84,81.8
1482680.0,313160.0,-13.1008,26.8,25.94,39.38,70.4,82.44
1482680.0,317320.0,-13.7783,26.87,26.07,39.44,69.9,83.52
1482680.0,321480.0,-15.1979,26.97,26.24,39.52,69.34,84.87
1482680.0,325640.0,-13.4627,27.07,26.45,39.62,68.76,86.34
1482680.0,329800.0,-15.5643,27.18,26.67,39.7,68.17,87.76
1482680.0,333960.0,-14.7194,27.26,26.88,39.75,67.59,88.98
1482680.0,338120.0,-15.3761,27.32,27.06,39.74,67.06,89.83
1482680.0,342280.0,-16.1549,27.35,27.23,39.66,66.53,90.27
1482680.0,346440.0,-16.4166,27.37,27.41,39.52,66.0,90.44
1482680.0,350600.0,-17.9451,27.36,27.58,39.36,65.48,90.43
1482680.0,354760.0,-14.2908,27.36,27.74,39.19,64.98,90.36
1482680.0,358920.0,-16.6191,27.36,27.88,39.03,64.54,90.35
1482680.0,363080.0,-15.5583,27.37,27.99,38.91,64.16,90.49
1482680.0,367240.0,-16.2427,27.4,28.07,38.83,63.85,90.87
1482680.0,371400.0,-18.4604,27.43,28.11,38.76,63.57,91.33
1482680.0,375560.0,-17.8218,27.47,28.13,38.7,63.33,91.87
1482680.0,379720.0,-17.1704,27.51,28.13,38.66,63.15,92.49
1482680.0,383880.0,-18.5533,27.56,28.12,38.65,63.03,93.17
1482680.0,388040.0,-17.6262,27.61,28.12,38.7,62.99,93.92
1482680.0,392200.0,-16.2584,27.67,28.13,38.8,63.04,94.75
1482680.0,396360.0,-14.8439,27.74,28.15,39.0,63.24,95.69
1482680.0,400520.0,-16.7744,27.81,28.18,39.28,63.58,96.75
1482680.0,404680.0,-17.4802,27.89,28.22,39.61,63.99,97.89
1478520.0,150920.0,-1.6825,27.71,28.13,42.5,72.56,95.31
1478520.0,155080.0,-3.2725,27.73,28.15,42.56,72.39,95.62
1478520.0,163400.0,1.4681,27.79,28.2,42.71,72.07,96.44
1478520.0,167560.0,2.9295,27.82,28.23,42.78,71.92,96.84
1478520.0,171720.0,-3.145,27.84,28.24,42.83,71.79,97.17
1478520.0,175880.0,2.3332,27.86,28.24,42.85,71.67,97.37
1478520.0,180040.0,-0.6317,27.87,28.23,42.85,71.58,97.53
1478520.0,184200.0,-0.2569,27.88,28.22,42.84,71.51,97.68
1478520.0,188360.0,2.4624,27.89,28.2,42.81,71.44,97.77
1478520.0,192520.0,1.173,27.88,28.17,42.75,71.38,97.76
1478520.0,196680.0,8.8864,27.87,28.13,42.68,71.31,97.6
1478520.0,205000.0,-0.8389,27.8,28.0,42.42,71.08,96.63
1478520.0,209160.0,3.0423,27.74,27.91,42.22,70.89,95.77
1478520.0,213320.0,0.3116,27.67,27.79,41.99,70.66,94.71
1478520.0,217480.0,-3.2422,27.58,27.67,41.74,70.44,93.53
1478520.0,221640.0,-3.936,27.5,27.55,41.5,70.28,92.31
1478520.0,229960.0,1.5744,27.34,27.34,41.09,70.28,90.03
1478520.0,234120.0,-7.4146,27.25,27.25,40.92,70.51,88.88
1478520.0,238280.0,-2.5985,27.17,27.16,40.77,70.88,87.65
1478520.0,242440.0,-7.0143,27.08,27.08,40.64,71.33,86.42
1478520.0,246600.0,-4.9643,27.0,27.0,40.52,71.81,85.31
1478520.0,250760.0,-9.6012,26.94,26.94,40.42,72.25,84.38
1478520.0,254920.0,-4.128,26.89,26.89,40.36,72.6,83.75
1478520.0,259080.0,-7.3287,26.87,26.86,40.32,72.83,83.5
1478520.0,263240.0,-9.8059,26.88,26.86,40.33,73.02,83.64
1478520.0,267400.0,-8.3399,26.91,26.88,40.38,73.16,84.06
1478520.0,271560.0,-16.1075,26.95,26.9,40.44,73.26,84.62
1478520.0,279880.0,-10.8195,27.03,26.92,40.53,73.27,85.68
1478520.0,284040.0,-10.367,27.05,26.88,40.52,73.17,85.94
1478520.0,288200.0,-12.273,27.05,26.8,40.48,73.0,85.98
1478520.0,292360.0,-10.5876,27.04,26.68,40.41,72.75,85.88
1478520.0,296520.0,-13.9727,27.03,26.54,40.32,72.44,85.72
1478520.0,300680.0,-15.0981,27.02,26.41,40.24,72.1,85.58
1478520.0,304840.0,-14.6197,27.02,26.31,40.16,71.73,85.53
1478520.0,309000.0,-13.7597,27.03,26.26,40.1,71.35,85.65
1478520.0,317320.0,-12.9362,27.09,26.33,40.08,70.59,86.61
1478520.0,321480.0,-14.6524,27.15,26.43,40.11,70.17,87.37
1478520.0,325640.0,-14.4049,27.21,26.56,40.15,69.74,88.21
1478520.0,329800.0,-16.0308,27.27,26.7,40.17,69.28,89.03
1478520.0,333960.0,-15.6499,27.32,26.85,40.17,68.81,89.74
1478520.0,338120.0,-17.4113,27.35,27.0,40.11,68.31,90.27
1478520.0,342280.0,-16.5039,27.37,27.16,40.01,67.77,90.56
1478520.0,346440.0,-19.3854,27.38,27.35,39.85,67.17,90.69
1478520.0,350600.0,-18.0463,27.39,27.54,39.67,66.56,90.74
1478520.0,354760.0,-16.4745,27.39,27.73,39.49,65.97,90.77
1478520.0,358920.0,-17.6618,27.4,27.9,39.32,65.44,90.86
1478520.0,363080.0,-17.3162,27.41,28.03,39.2,65.0,91.09
1478520.0,367240.0,-18.0413,27.44,28.11,39.11,64.65,91.51
1478520.0,371400.0,-18.4235,27.48,28.16,39.04,64.34,92.04
1478520.0,375560.0,-18.715,27.52,28.18,38.99,64.07,92.67
1478520.0,379720.0,-18.8954,27.57,28.18,38.96,63.87,93.35
1478520.0,383880.0,-17.5516,27.62,28.17,38.96,63.76,94.08
1478520.0,388040.0,-18.1284,27.68,28.16,39.01,63.75,94.81
1478520.0,392200.0,-17.8087,27.73,28.15,39.11,63.85,95.54
1478520.0,396360.0,-16.4409,27.78,28.15,39.29,64.17,96.23
1478520.0,400520.0,-17.7062,27.82,28.15,39.56,64.66,96.92
1474360.0,150920.0,6.3483,27.71,28.11,42.57,72.63,95.3
1474360.0,155080.0,3.1436,27.74,28.13,42.62,72.39,95.65
1474360.0,159240.0,-2.7802,27.77,28.15,42.69,72.15,96.1
1474360.0,163400.0,-0.2921,27.8,28.18,42.76,71.91,96.6
1474360.0,167560.0,-1.1575,27.84,28.21,42.83,71.69,97.07
1474360.0,171720.0,1.049,27.86,28.23,42.88,71.5,97.48
1474360.0,175880.0,0.6939,27.88,28.24,42.91,71.38,97.76
1474360.0,180040.0,-0.5243,27.9,28.24,42.94,71.32,98.0
1474360.0,184200.0,-2.4938,27.92,28.24,42.96,71.3,98.22
1474360.0,188360.0,-4.3961,27.93,28.24,42.96,71.31,98.39
1474360.0,192520.0,1.6681,27.94,28.23,42.95,71.33,98.47
1474360.0,196680.0,0.7785,27.93,28.21,42.92,71.34,98.44
1474360.0,200840.0,3.3856,27.92,28.17,42.86,71.31,98.25
1474360.0,209160.0,-0.6209,27.85,28.06,42.62,71.08,97.31
1474360.0,213320.0,4.3546,27.8,27.99,42.45,70.91,96.61
1474360.0,217480.0,-5.9599,27.75,27.9,42.26,70.74,95.79
1474360.0,221640.0,-4.833,27.68,27.82,42.08,70.62,94.93
1474360.0,225800.0,-5.1958,27.62,27.73,41.9,70.57,94.04
1474360.0,229960.0,-7.0071,27.56,27.66,41.75,70.64,93.19
1474360.0,234120.0,-8.1283,27.49,27.59,41.61,70.86,92.22
1474360.0,238280.0,-9.1459,27.41,27.51,41.47,71.19,91.13
1474360.0,242440.0,-5.9318,27.34,27.44,41.33,71.59,90.02
1474360.0,246600.0,-3.6811,27.26,27.38,41.22,72.01,88.99
1474360.0,250760.0,-6.0525,27.2,27.32,41.12,72.41,88.13
1474360.0,254920.0,-10.0568,27.16,27.27,41.05,72.74,87.54
1474360.0,259080.0,-5.198,27.14,27.24,41.02,72.98,87.31
1474360.0,263240.0,-5.9132,27.15,27.24,41.03,73.21,87.43
1474360.0,267400.0,-6.6255,27.18,27.25,41.07,73.42,87.79
1474360.0,271560.0,-12.9583,27.21,27.26,41.12,73.58,88.28
1474360.0,275720.0,-10.4202,27.25,27.27,41.17,73.69,88.79
1474360.0,279880.0,-9.4446,27.28,27.26,41.2,73.72,89.22
1474360.0,284040.0,-10.6626,27.3,27.22,41.19,73.66,89.46
1474360.0,288200.0,-11.5022,27.3,27.14,41.15,73.48,89.54
1474360.0,292360.0,-8.8459,27.3,27.04,41.09,73.21,89.54
1474360.0,296520.0,-14.8144,27.3,26.91,41.02,72.88,89.5
1474360.0,300680.0,-13.7784,27.29,26.8,40.93,72.51,89.44
1474360.0,304840.0,-14.2015,27.29,26.7,40.86,72.13,89.39
1474360.0,309000.0,-15.3311,27.29,26.63,40.79,71.78,89.41
1474360.0,313160.0,-13.8459,27.3,26.61,40.74,71.48,89.5
1474360.0,317320.0,-17.6802,27.31,26.61,40.7,71.2,89.65
1474360.0,321480.0,-16.557,27.32,26.64,40.68,70.92,89.85
1474360.0,325640.0,-17.0739,27.34,26.69,40.66,70.64,90.08
1474360.0,329800.0,-16.9024,27.36,26.76,40.62,70.32,90.31
1474360.0,333960.0,-17.1241,27.37,26.85,40.56,69.95,90.54
1474360.0,338120.0,-18.1871,27.39,26.96,40.48,69.51,90.74
1474360.0,342280.0,-17.5934,27.4,27.11,40.34,68.96,90.86
1474360.0,346440.0,-18.3057,27.4,27.3,40.16,68.33,90.93
1474360.0,350600.0,-18.5351,27.4,27.51,39.97,67.65,90.99
1474360.0,354760.0,-19.2082,27.41,27.71,39.78,66.99,91.07
1474360.0,358920.0,-19.6898,27.42,27.9,39.6,66.39,91.23
1474360.0,363080.0,-18.6242,27.44,28.04,39.47,65.9,91.5
1474360.0,367240.0,-18.6559,27.47,28.13,39.38,65.53,91.93
1474360.0,371400.0,-20.8058,27.51,28.18,39.31,65.19,92.51
1474360.0,375560.0,-20.1989,27.56,28.2,39.26,64.91,93.2
1474360.0,379720.0,-19.2231,27.61,28.2,39.24,64.7,93.94
1474360.0,383880.0,-20.5614,27.67,28.18,39.25,64.59,94.69
1474360.0,388040.0,-14.2702,27.72,28.16,39.3,64.6,95.4
1474360.0,392200.0,-17.4671,27.76,28.15,39.39,64.75,96.02
1474360.0,396360.0,-16.7734,27.79,28.13,39.57,65.17,96.47
1474360.0,400520.0,-18.0221,27.82,28.1,39.81,65.81,96.8
1470200.0,146760.0,7.5322,27.7,28.09,42.62,72.9,95.21
1470200.0,150920.0,5.4789,27.71,28.09,42.64,72.7,95.32
1470200.0,155080.0,4.4093,27.74,28.1,42.68,72.42,95.69
1470200.0,159240.0,-6.3857,27.77,28.13,42.74,72.11,96.16
1470200.0,163400.0,-6.0176,27.81,28.16,42.8,71.81,96.69
1470200.0,167560.0,0.0211,27.85,28.19,42.86,71.54,97.21
1470200.0,171720.0,-0.8671,27.88,28.21,42.92,71.33,97.66
1470200.0,175880.0,3.5839,27.9,28.23,42.96,71.2,98.0
1470200.0,180040.0,-0.6315,27.92,28.24,43.0,71.16,98.29
1470200.0,184200.0,-1.4766,27.94,28.25,43.05,71.18,98.57
1470200.0,188360.0,0.8762,27.96,28.26,43.08,71.25,98.79
1470200.0,192520.0,-1.7449,27.97,28.26,43.11,71.33,98.95
1470200.0,196680.0,-0.79,27.97,28.26,43.12,71.4,99.03
1470200.0,200840.0,-1.793,27.97,28.25,43.09,71.42,98.98
1470200.0,205000.0,3.3676,27.96,28.22,43.04,71.38,98.81
1470200.0,209160.0,-0.5366,27.94,28.19,42.94,71.27,98.51
1470200.0,217480.0,2.7401,27.88,28.09,42.69,71.0,97.63
1470200.0,221640.0,-9.642,27.84,28.03,42.56,70.91,97.07
1470200.0,225800.0,-5.2399,27.79,27.98,42.42,70.88,96.47
1470200.0,234120.0,-6.979,27.69,27.87,42.19,71.15,95.05
1470200.0,242440.0,-8.4724,27.56,27.75,41.93,71.78,93.12
1470200.0,246600.0,-5.8417,27.49,27.7,41.82,72.15,92.19
1470200.0,250760.0,-6.4194,27.43,27.65,41.72,72.51,91.4
1470200.0,254920.0,-12.8343,27.4,27.6,41.65,72.81,90.87
1470200.0,259080.0,-8.611,27.38,27.58,41.62,73.07,90.66
1470200.0,263240.0,-3.1482,27.39,27.57,41.63,73.33,90.76
1470200.0,267400.0,-6.8225,27.41,27.57,41.67,73.59,91.07
1470200.0,271560.0,-7.995,27.44,27.58,41.72,73.81,91.49
1470200.0,275720.0,-12.308,27.47,27.58,41.76,73.97,91.93
1470200.0,279880.0,-15.5827,27.5,27.56,41.78,74.05,92.31
1470200.0,284040.0,-13.3457,27.51,27.52,41.78,74.02,92.52
1470200.0,288200.0,-13.8044,27.52,27.45,41.74,73.86,92.64
1470200.0,296520.0,-13.2334,27.53,27.25,41.63,73.23,92.77
1470200.0,300680.0,-14.8547,27.53,27.14,41.55,72.85,92.78
1470200.0,304840.0,-15.7966,27.53,27.05,41.47,72.48,92.75
1470200.0,309000.0,-16.5537,27.52,26.97,41.4,72.16,92.67
1470200.0,313160.0,-17.2703,27.51,26.92,41.32,71.92,92.53
1470200.0,317320.0,-17.13,27.5,26.88,41.25,71.75,92.31
1470200.0,321480.0,-18.3267,27.48,26.85,41.19,71.6,92.02
1470200.0,325640.0,-15.6811,27.46,26.83,41.11,71.45,91.73
1470200.0,329800.0,-18.5397,27.44,26.84,41.03,71.26,91.47
1470200.0,333960.0,-18.1265,27.42,26.88,40.93,70.99,91.28
1470200.0,338120.0,-18.8456,27.42,26.95,40.81,70.6,91.19
1470200.0,342280.0,-19.4178,27.42,27.09,40.65,70.07,91.17
1470200.0,346440.0,-21.8177,27.42,27.27,40.46,69.41,91.18
1470200.0,350600.0,-24.6197,27.42,27.49,40.25,68.7,91.24
1470200.0,354760.0,-20.8956,27.43,27.7,40.05,67.99,91.36
1470200.0,358920.0,-21.0874,27.45,27.9,39.88,67.35,91.57
1470200.0,363080.0,-20.2984,27.47,28.04,39.74,66.83,91.87
1470200.0,367240.0,-21.2585,27.5,28.13,39.65,66.44,92.3
1470200.0,371400.0,-20.8042,27.54,28.18,39.58,66.08,92.91
1470200.0,375560.0,-21.5937,27.59,28.2,39.54,65.78,93.64
1470200.0,379720.0,-20.6241,27.65,28.2,39.52,65.56,94.42
1470200.0,383880.0,-24.523,27.7,28.18,39.53,65.45,95.18
1470200.0,388040.0,-20.0421,27.75,28.16,39.58,65.48,95.86
1470200.0,392200.0,-18.3984,27.79,28.13,39.67,65.67,96.38
1470200.0,396360.0,-17.3984,27.8,28.09,39.83,66.16,96.62
1470200.0,400520.0,-18.3913,27.8,28.04,40.05,66.93,96.63
1466040.0,146760.0,5.3541,27.71,28.08,42.7,73.0,95.27
1466040.0,150920.0,2.8429,27.72,28.08,42.71,72.78,95.39
1466040.0,155080.0,-2.8423,27.74,28.09,42.75,72.49,95.75
1466040.0,159240.0,2.2293,27.78,28.12,42.8,72.17,96.22
1466040.0,163400.0,-0.3914,27.81,28.14,42.85,71.85,96.74
1466040.0,167560.0,1.5068,27.85,28.17,42.91,71.56,97.27
1466040.0,171720.0,1.8784,27.88,28.2,42.96,71.33,97.74
1466040.0,175880.0,-3.4364,27.91,28.22,43.01,71.2,98.11
1466040.0,180040.0,-2.6441,27.93,28.23,43.07,71.17,98.44
1466040.0,184200.0,-0.344,27.96,28.25,43.12,71.21,98.76
1466040.0,188360.0,0.9293,27.98,28.27,43.18,71.3,99.05
1466040.0,192520.0,0.0968,27.99,28.29,43.23,71.41,99.28
1466040.0,196680.0,-1.5163,28.0,28.3,43.26,71.5,99.44
1466040.0,200840.0,-1.4641,28.01,28.3,43.26,71.55,99.52
1466040.0,205000.0,-0.8288,28.01,28.29,43.24,71.53,99.49
1466040.0,209160.0,0.9045,28.0,28.27,43.18,71.44,99.4
1466040.0,213320.0,1.2902,27.99,28.25,43.1,71.33,99.23
1466040.0,217480.0,-3.2027,27.97,28.22,43.01,71.21,98.98
1466040.0,221640.0,-7.6832,27.95,28.19,42.91,71.13,98.66
1466040.0,225800.0,-5.3749,27.92,28.16,42.81,71.11,98.27
1466040.0,229960.0,-3.5634,27.89,28.12,42.72,71.19,97.81
1466040.0,234120.0,-3.1736,27.84,28.08,42.62,71.36,97.15
1466040.0,238280.0,-8.7243,27.78,28.03,42.51,71.62,96.34
1466040.0,242440.0,-16.1613,27.72,27.98,42.39,71.92,95.45
1466040.0,246600.0,-6.0871,27.66,27.93,42.28,72.25,94.61
1466040.0,250760.0,-3.8514,27.61,27.88,42.19,72.57,93.89
1466040.0,254920.0,-1.2713,27.58,27.85,42.12,72.86,93.4
1466040.0,259080.0,-5.9964,27.56,27.82,42.1,73.12,93.22
1466040.0,263240.0,-10.1847,27.57,27.81,42.1,73.4,93.29
1466040.0,267400.0,-8.3777,27.59,27.81,42.14,73.69,93.55
1466040.0,271560.0,-12.269,27.61,27.81,42.18,73.95,93.91
1466040.0,279880.0,-22.2804,27.66,27.79,42.24,74.28,94.61
1466040.0,284040.0,-13.7156,27.67,27.75,42.24,74.28,94.79
1466040.0,288200.0,-12.2381,27.68,27.68,42.21,74.13,94.93
1466040.0,292360.0,-14.2256,27.69,27.6,42.16,73.86,95.06
1466040.0,296520.0,-14.8132,27.7,27.51,42.1,73.52,95.16
1466040.0,300680.0,-16.9473,27.7,27.41,42.04,73.15,95.21
1466040.0,304840.0,-19.6984,27.7,27.32,41.96,72.8,95.17
1466040.0,309000.0,-19.2527,27.69,27.25,41.88,72.52,95.02
1466040.0,313160.0,-17.5007,27.67,27.18,41.79,72.34,94.73
1466040.0,317320.0,-16.9708,27.63,27.11,41.7,72.25,94.23
1466040.0,321480.0,-14.6988,27.59,27.03,41.6,72.21,93.61
1466040.0,325640.0,-17.0893,27.54,26.97,41.49,72.17,92.95
1466040.0,329800.0,-17.1116,27.5,26.93,41.37,72.07,92.35
1466040.0,333960.0,-19.9321,27.47,26.93,41.24,71.89,91.87
1466040.0,338120.0,-20.2165,27.45,26.98,41.1,71.56,91.6
1466040.0,342280.0,-21.6007,27.44,27.1,40.93,71.04,91.48
1466040.0,346440.0,-20.431,27.44,27.28,40.74,70.38,91.47
1466040.0,350600.0,-22.9619,27.44,27.49,40.53,69.65,91.56
1466040.0,354760.0,-22.1203,27.46,27.71,40.33,68.92,91.73
1466040.0,358920.0,-21.929,27.48,27.9,40.15,68.25,91.99
1466040.0,363080.0,-21.1118,27.5,28.05,40.02,67.71,92.32
1466040.0,367240.0,-25.4285,27.53,28.14,39.93,67.31,92.77
1466040.0,371400.0,-24.3132,27.58,28.19,39.86,66.94,93.4
1466040.0,375560.0,-24.7398,27.63,28.21,39.82,66.63,94.16
1466040.0,379720.0,-20.1972,27.69,28.2,39.81,66.4,94.97
1466040.0,383880.0,-23.1143,27.74,28.19,39.83,66.28,95.73
1466040.0,388040.0,-21.0555,27.79,28.16,39.88,66.31,96.38
1466040.0,392200.0,-21.7942,27.82,28.12,39.96,66.52,96.82
1466040.0,396360.0,-22.7093,27.82,28.07,40.1,67.06,96.89
1466040.0,400520.0,-21.3884,27.81,28.0,40.3,67.89,96.67
1461880.0,146760.0,8.6098,27.72,28.08,42.75,73.07,95.44
1461880.0,155080.0,5.3686,27.74,28.09,42.8,72.62,95.79
1461880.0,163400.0,2.3896,27.81,28.12,42.89,72.01,96.64
1461880.0,167560.0,-3.1893,27.84,28.15,42.94,71.73,97.11
1461880.0,171720.0,-0.5215,27.87,28.17,42.98,71.52,97.54
1461880.0,175880.0,1.5402,27.89,28.19,43.03,71.39,97.9
1461880.0,180040.0,-1.3891,27.92,28.21,43.08,71.36,98.23
1461880.0,184200.0,-4.6652,27.94,28.23,43.15,71.4,98.57
1461880.0,188360.0,1.6323,27.96,28.25,43.21,71.49,98.88
1461880.0,192520.0,4.9018,27.98,28.27,43.27,71.58,99.17
1461880.0,196680.0,-1.7691,28.0,28.29,43.31,71.67,99.4
1461880.0,200840.0,2.5585,28.01,28.3,43.33,71.71,99.56
1461880.0,205000.0,1.8197,28.02,28.3,43.32,71.68,99.65
1461880.0,209160.0,1.5869,28.02,28.3,43.29,71.59,99.71
1461880.0,213320.0,1.2274,28.02,28.29,43.24,71.47,99.71
1461880.0,217480.0,-3.5236,28.02,28.28,43.18,71.36,99.65
1461880.0,221640.0,-8.8019,28.01,28.27,43.12,71.27,99.52
1461880.0,225800.0,-5.1461,27.99,28.25,43.04,71.24,99.3
1461880.0,229960.0,-3.8596,27.97,28.23,42.97,71.3,98.98
1461880.0,234120.0,-8.8597,27.93,28.2,42.89,71.45,98.47
1461880.0,238280.0,-9.857,27.89,28.16,42.79,71.67,97.78
1461880.0,242440.0,-16.1341,27.83,28.12,42.69,71.94,97.03
1461880.0,246600.0,-14.1016,27.78,28.07,42.6,72.23,96.29
1461880.0,250760.0,-14.0665,27.74,28.03,42.51,72.52,95.65
1461880.0,254920.0,-16.2914,27.7,28.0,42.46,72.79,95.22
1461880.0,259080.0,-5.8348,27.69,27.98,42.43,73.05,95.05
1461880.0,263240.0,-13.9329,27.7,27.97,42.44,73.34,95.1
1461880.0,267400.0,-10.2402,27.71,27.97,42.47,73.65,95.3
1461880.0,271560.0,-16.1669,27.73,27.97,42.51,73.93,95.58
1461880.0,275720.0,-16.0226,27.75,27.96,42.55,74.17,95.88
1461880.0,279880.0,-11.8999,27.77,27.94,42.57,74.32,96.13
1461880.0,284040.0,-12.8453,27.78,27.91,42.56,74.35,96.27
1461880.0,288200.0,-14.6212,27.79,27.85,42.53,74.24,96.39
1461880.0,292360.0,-11.4234,27.8,27.78,42.5,74.01,96.51
1461880.0,296520.0,-13.6959,27.8,27.7,42.44,73.7,96.61
1461880.0,304840.0,-14.2447,27.8,27.53,42.31,73.08,96.59
1461880.0,309000.0,-12.9137,27.79,27.46,42.23,72.84,96.39
1461880.0,313160.0,-17.0756,27.76,27.39,42.13,72.72,95.99
1461880.0,317320.0,-21.0924,27.71,27.3,42.02,72.71,95.34
1461880.0,321480.0,-17.0478,27.66,27.2,41.9,72.74,94.54
1461880.0,325640.0,-19.104,27.6,27.12,41.78,72.78,93.7
1461880.0,329800.0,-18.0164,27.54,27.06,41.64,72.77,92.91
1461880.0,338120.0,-19.7075,27.47,27.07,41.35,72.36,91.93
1461880.0,342280.0,-22.7252,27.46,27.17,41.18,71.88,91.79
1461880.0,346440.0,-21.2374,27.46,27.34,41.0,71.25,91.8
1461880.0,350600.0,-23.7879,27.47,27.53,40.8,70.53,91.93
1461880.0,354760.0,-23.5736,27.49,27.73,40.61,69.81,92.17
1461880.0,358920.0,-26.4549,27.51,27.92,40.45,69.14,92.48
1461880.0,363080.0,-26.5914,27.54,28.06,40.32,68.6,92.86
1461880.0,367240.0,-23.8095,27.57,28.14,40.23,68.2,93.32
1461880.0,371400.0,-24.3472,27.62,28.18,40.17,67.83,93.98
1461880.0,375560.0,-26.3133,27.67,28.2,40.14,67.5,94.76
1461880.0,379720.0,-28.8684,27.73,28.2,40.13,67.25,95.58
1461880.0,383880.0,-24.8823,27.78,28.19,40.14,67.12,96.34
1461880.0,388040.0,-24.9958,27.83,28.16,40.19,67.13,96.96
1461880.0,392200.0,-20.9552,27.86,28.12,40.26,67.33,97.35
1461880.0,396360.0,-20.9991,27.85,28.07,40.38,67.86,97.32
1461880.0,400520.0,-21.8794,27.83,27.98,40.56,68.68,96.95
1457720.0,146760.0,4.0799,27.73,28.09,42.81,73.15,95.6
1457720.0,150920.0,8.4584,27.73,28.07,42.83,73.01,95.59
1457720.0,155080.0,-0.0894,27.74,28.08,42.85,72.77,95.79
1457720.0,159240.0,2.5413,27.76,28.09,42.87,72.52,96.07
1457720.0,163400.0,3.5677,27.79,28.1,42.9,72.26,96.39
1457720.0,167560.0,-1.3823,27.81,28.12,42.93,72.02,96.74
1457720.0,175880.0,0.8819,27.86,28.15,43.01,71.71,97.37
1457720.0,180040.0,-4.9893,27.88,28.16,43.05,71.68,97.67
1457720.0,184200.0,0.4431,27.9,28.18,43.11,71.7,97.98
1457720.0,188360.0,2.6573,27.92,28.2,43.17,71.76,98.29
1457720.0,192520.0,1.8106,27.94,28.22,43.22,71.83,98.59
1457720.0,196680.0,-0.4461,27.96,28.24,43.27,71.88,98.85
1457720.0,200840.0,0.0929,27.98,28.25,43.29,71.89,99.07
1457720.0,205000.0,2.766,27.99,28.26,43.3,71.84,99.25
1457720.0,209160.0,3.1864,28.0,28.27,43.29,71.73,99.43
1457720.0,213320.0,-8.4056,28.01,28.28,43.26,71.59,99.58
1457720.0,217480.0,0.3715,28.02,28.28,43.22,71.45,99.69
1457720.0,221640.0,-10.1585,28.02,28.28,43.18,71.34,99.72
1457720.0,225800.0,-5.1664,28.02,28.27,43.14,71.29,99.67
1457720.0,229960.0,-7.4615,28.01,28.26,43.09,71.32,99.5
1457720.0,234120.0,-1.7069,27.98,28.24,43.03,71.43,99.14
1457720.0,238280.0,-5.9286,27.95,28.22,42.95,71.61,98.63
1457720.0,246600.0,-15.9765,27.86,28.15,42.79,72.07,97.45
1457720.0,250760.0,-11.4355,27.83,28.12,42.73,72.32,96.94
1457720.0,254920.0,-11.1565,27.8,28.1,42.69,72.57,96.59
1457720.0,259080.0,-7.7961,27.79,28.09,42.67,72.81,96.45
1457720.0,263240.0,-8.6119,27.79,28.08,42.68,73.11,96.47
1457720.0,267400.0,-9.3208,27.8,28.08,42.71,73.42,96.6
1457720.0,271560.0,-17.6437,27.82,28.08,42.75,73.72,96.79
1457720.0,275720.0,-19.8664,27.83,28.07,42.78,73.98,97.0
1457720.0,279880.0,-12.6663,27.84,28.06,42.8,74.16,97.16
1457720.0,284040.0,-19.5637,27.85,28.02,42.79,74.23,97.23
1457720.0,288200.0,-12.9851,27.85,27.98,42.77,74.16,97.31
1457720.0,296520.0,-15.3751,27.86,27.86,42.69,73.76,97.46
1457720.0,300680.0,-10.5329,27.86,27.79,42.63,73.5,97.46
1457720.0,304840.0,-14.8347,27.86,27.72,42.56,73.27,97.36
1457720.0,309000.0,-15.279,27.84,27.65,42.48,73.1,97.12
1457720.0,313160.0,-18.1281,27.81,27.58,42.38,73.05,96.67
1457720.0,317320.0,-18.5167,27.76,27.49,42.27,73.1,95.95
1457720.0,321480.0,-15.7534,27.69,27.39,42.14,73.2,95.07
1457720.0,325640.0,-16.3523,27.63,27.3,42.01,73.3,94.15
1457720.0,329800.0,-15.9598,27.57,27.24,41.86,73.35,93.29
1457720.0,333960.0,-22.8373,27.52,27.2,41.72,73.29,92.61
1457720.0,338120.0,-20.3624,27.49,27.22,41.57,73.07,92.22
1457720.0,342280.0,-16.6512,27.48,27.3,41.42,72.65,92.08
1457720.0,346440.0,-21.9754,27.48,27.43,41.24,72.08,92.11
1457720.0,350600.0,-23.3262,27.5,27.59,41.07,71.43,92.27
1457720.0,354760.0,-26.4176,27.51,27.77,40.9,70.76,92.55
1457720.0,358920.0,-25.6607,27.54,27.92,40.75,70.14,92.89
1457720.0,363080.0,-26.0372,27.57,28.04,40.63,69.63,93.29
1457720.0,367240.0,-25.4973,27.6,28.11,40.55,69.24,93.76
1457720.0,371400.0,-24.99,27.65,28.15,40.5,68.87,94.42
1457720.0,375560.0,-23.3586,27.7,28.17,40.46,68.54,95.2
1457720.0,379720.0,-24.04,27.76,28.17,40.45,68.27,96.0
1457720.0,383880.0,-23.414,27.81,28.16,40.47,68.11,96.75
1457720.0,388040.0,-22.2909,27.85,28.14,40.5,68.09,97.34
1457720.0,392200.0,-21.7399,27.88,28.1,40.56,68.25,97.69
1457720.0,396360.0,-22.769,27.87,28.05,40.67,68.71,97.6
1453560.0,150920.0,9.7505,27.74,28.08,42.88,73.13,95.71
1453560.0,155080.0,-2.9016,27.74,28.07,42.88,72.95,95.78
1453560.0,159240.0,0.9206,27.75,28.07,42.89,72.75,95.9
1453560.0,163400.0,1.8675,27.76,28.07,42.9,72.55,96.06
1453560.0,167560.0,1.3845,27.78,28.08,42.91,72.37,96.25
1453560.0,171720.0,-4.0853,27.79,28.09,42.93,72.21,96.46
1453560.0,175880.0,3.1392,27.81,28.09,42.96,72.11,96.67
1453560.0,180040.0,-2.9323,27.82,28.1,42.99,72.06,96.9
1453560.0,184200.0,-3.6298,27.84,28.12,43.04,72.06,97.17
1453560.0,188360.0,5.2866,27.86,28.13,43.08,72.08,97.45
1453560.0,192520.0,1.004,27.88,28.15,43.13,72.11,97.73
1453560.0,196680.0,0.461,27.9,28.16,43.16,72.12,98.01
1453560.0,200840.0,-2.9944,27.92,28.17,43.19,72.09,98.26
1453560.0,205000.0,1.7025,27.94,28.19,43.2,72.0,98.5
1453560.0,209160.0,-1.1644,27.96,28.2,43.2,71.86,98.78
1453560.0,213320.0,-1.2586,27.98,28.22,43.19,71.69,99.05
1453560.0,217480.0,1.1374,27.99,28.23,43.18,71.52,99.29
1453560.0,221640.0,-3.5093,28.01,28.24,43.16,71.37,99.47
1453560.0,225800.0,-7.201,28.01,28.25,43.13,71.29,99.56
1453560.0,229960.0,-4.9333,28.01,28.25,43.1,71.28,99.53
1453560.0,234120.0,-6.9797,28.0,28.24,43.06,71.35,99.34
1453560.0,238280.0,-7.4885,27.97,28.23,43.01,71.47,99.01
1453560.0,242440.0,-15.1785,27.95,28.21,42.96,71.64,98.62
1453560.0,246600.0,-13.0837,27.92,28.19,42.91,71.84,98.21
1453560.0,250760.0,-17.0644,27.89,28.17,42.87,72.05,97.84
1453560.0,254920.0,-16.934,27.87,28.16,42.84,72.26,97.59
1453560.0,259080.0,-14.9779,27.86,28.15,42.83,72.49,97.47
1453560.0,263240.0,-16.7511,27.86,28.15,42.85,72.77,97.46
1453560.0,267400.0,-16.3509,27.87,28.15,42.87,73.08,97.52
1453560.0,271560.0,-10.7093,27.87,28.15,42.91,73.39,97.62
1453560.0,275720.0,-11.221,27.88,28.14,42.94,73.66,97.72
1453560.0,279880.0,-19.0463,27.89,28.13,42.95,73.87,97.78
1453560.0,284040.0,-8.6677,27.89,28.11,42.94,73.98,97.79
1453560.0,288200.0,-14.4965,27.89,28.08,42.92,73.97,97.8
1453560.0,292360.0,-7.4095,27.89,28.04,42.89,73.87,97.83
1453560.0,296520.0,-10.1745,27.89,27.99,42.85,73.71,97.84
1453560.0,300680.0,-10.6714,27.89,27.93,42.8,73.54,97.79
1453560.0,304840.0,-16.4773,27.88,27.88,42.74,73.4,97.65
1453560.0,309000.0,-13.5395,27.86,27.82,42.66,73.31,97.38
1453560.0,313160.0,-17.3911,27.82,27.76,42.57,73.31,96.91
1453560.0,321480.0,-20.0841,27.71,27.59,42.32,73.57,95.31
1453560.0,325640.0,-18.7535,27.65,27.51,42.19,73.73,94.4
1453560.0,329800.0,-21.5651,27.59,27.44,42.04,73.83,93.55
1453560.0,333960.0,-20.9961,27.54,27.4,41.9,73.83,92.89
1453560.0,338120.0,-17.4043,27.51,27.4,41.77,73.68,92.51
1453560.0,342280.0,-18.1872,27.5,27.46,41.63,73.34,92.38
1453560.0,346440.0,-23.2538,27.51,27.55,41.47,72.86,92.42
1453560.0,350600.0,-26.932,27.52,27.67,41.32,72.3,92.6
1453560.0,354760.0,-25.6515,27.54,27.8,41.18,71.72,92.89
1453560.0,363080.0,-22.7818,27.59,28.01,40.95,70.71,93.65
1453560.0,367240.0,-21.802,27.63,28.06,40.88,70.35,94.11
1453560.0,371400.0,-31.7061,27.67,28.09,40.83,69.99,94.75
1453560.0,379720.0,-24.8448,27.78,28.12,40.78,69.38,96.29
1453560.0,383880.0,-22.8049,27.83,28.11,40.79,69.19,97.01
1453560.0,388040.0,-22.2863,27.87,28.1,40.81,69.12,97.57
1453560.0,396360.0,-17.7984,27.89,28.02,40.94,69.57,97.78
1449400.0,171720.0,-0.9578,27.75,28.04,42.9,72.62,95.82
1449400.0,175880.0,4.3342,27.75,28.04,42.91,72.53,95.93
1449400.0,180040.0,-0.292,27.77,28.04,42.92,72.47,96.09
1449400.0,184200.0,-0.4866,27.78,28.05,42.95,72.44,96.29
1449400.0,188360.0,-3.0022,27.8,28.05,42.98,72.42,96.53
1449400.0,192520.0,-3.1069,27.82,28.06,43.01,72.4,96.78
1449400.0,200840.0,-1.1899,27.85,28.09,43.06,72.29,97.32
1449400.0,209160.0,3.7818,27.9,28.12,43.08,71.99,97.94
1449400.0,213320.0,2.5208,27.92,28.14,43.08,71.78,98.3
1449400.0,217480.0,-5.7719,27.95,28.16,43.08,71.57,98.65
1449400.0,221640.0,-7.3519,27.97,28.19,43.08,71.4,98.95
1449400.0,225800.0,-6.4605,27.98,28.2,43.07,71.27,99.17
1449400.0,234120.0,-8.7644,27.99,28.21,43.05,71.25,99.23
1449400.0,238280.0,-3.8597,27.98,28.21,43.02,71.33,99.09
1449400.0,242440.0,-4.1117,27.96,28.2,42.99,71.44,98.88
1449400.0,246600.0,-12.4864,27.95,28.19,42.97,71.59,98.65
1449400.0,250760.0,-11.4319,27.93,28.19,42.94,71.76,98.43
1449400.0,254920.0,-10.2249,27.92,28.18,42.93,71.95,98.27
1449400.0,263240.0,-5.4327,27.91,28.18,42.95,72.42,98.14
1449400.0,267400.0,-15.2293,27.91,28.19,42.98,72.72,98.13
1449400.0,271560.0,-12.6731,27.91,28.19,43.01,73.02,98.13
1449400.0,275720.0,-7.5953,27.91,28.19,43.03,73.3,98.13
1449400.0,279880.0,-13.1616,27.91,28.19,43.05,73.52,98.1
1449400.0,284040.0,-13.1919,27.9,28.17,43.04,73.67,98.04
1449400.0,288200.0,-13.6753,27.9,28.15,43.02,73.71,98.0
1449400.0,292360.0,-13.5571,27.9,28.12,43.0,73.69,97.96
1449400.0,296520.0,-17.2084,27.9,28.09,42.96,73.62,97.91
1449400.0,300680.0,-11.62,27.89,28.05,42.91,73.53,97.81
1449400.0,304840.0,-12.608,27.88,28.01,42.86,73.47,97.63
1449400.0,309000.0,-15.3065,27.86,27.97,42.78,73.45,97.34
1449400.0,313160.0,-13.0002,27.82,27.92,42.69,73.52,96.88
1449400.0,317320.0,-8.0325,27.77,27.85,42.59,73.67,96.2
1449400.0,321480.0,-14.0454,27.72,27.78,42.46,73.86,95.38
1449400.0,325640.0,-23.4436,27.66,27.71,42.33,74.05,94.53
1449400.0,329800.0,-22.242,27.6,27.65,42.19,74.2,93.76
1449400.0,333960.0,-22.2303,27.56,27.61,42.06,74.25,93.15
1449400.0,338120.0,-20.7277,27.53,27.6,41.94,74.16,92.8
1449400.0,342280.0,-20.981,27.53,27.63,41.82,73.91,92.7
1449400.0,346440.0,-19.7134,27.53,27.68,41.69,73.54,92.75
1449400.0,350600.0,-15.2684,27.54,27.76,41.56,73.09,92.94
1449400.0,354760.0,-22.2227,27.56,27.84,41.44,72.62,93.23
1449400.0,363080.0,-18.2634,27.62,27.97,41.25,71.77,93.98
1449400.0,367240.0,-26.6886,27.65,28.0,41.19,71.44,94.42
1449400.0,371400.0,-28.2584,27.69,28.03,41.15,71.1,95.04
1449400.0,375560.0,-28.3181,27.74,28.05,41.11,70.77,95.76
1449400.0,379720.0,-23.5201,27.8,28.06,41.1,70.48,96.5
1449400.0,383880.0,-26.1034,27.84,28.06,41.1,70.25,97.18
1449400.0,388040.0,-26.7809,27.88,28.05,41.11,70.13,97.71
1449400.0,392200.0,-19.0789,27.9,28.03,41.14,70.14,97.99
1449400.0,396360.0,-20.4518,27.89,27.98,41.2,70.38,97.9
1445240.0,192520.0,1.9628,27.75,27.99,42.91,72.67,95.93
1445240.0,196680.0,-3.2596,27.77,27.99,42.92,72.59,96.18
1445240.0,205000.0,0.9969,27.81,28.02,42.95,72.32,96.75
1445240.0,209160.0,-1.7101,27.84,28.04,42.96,72.11,97.14
1445240.0,213320.0,-1.1714,27.87,28.07,42.97,71.88,97.56
1445240.0,217480.0,-5.7059,27.9,28.1,42.99,71.64,97.98
1445240.0,221640.0,-7.5868,27.93,28.12,43.0,71.43,98.37
1445240.0,225800.0,-6.3441,27.95,28.15,43.01,71.28,98.68
1445240.0,229960.0,-6.2231,27.96,28.16,43.01,71.2,98.88
1445240.0,234120.0,-15.003,27.97,28.17,43.01,71.19,98.98
1445240.0,238280.0,-11.1994,27.97,28.18,43.01,71.22,98.99
1445240.0,242440.0,-9.8992,27.97,28.18,43.0,71.29,98.95
1445240.0,246600.0,-9.5533,27.96,28.18,43.0,71.4,98.87
1445240.0,254920.0,-18.2315,27.95,28.19,42.99,71.69,98.71
1445240.0,259080.0,-9.9407,27.95,28.19,43.0,71.87,98.65
1445240.0,263240.0,-11.6577,27.94,28.2,43.02,72.11,98.58
1445240.0,267400.0,-6.94,27.94,28.21,43.05,72.4,98.51
1445240.0,271560.0,-11.7173,27.93,28.21,43.07,72.69,98.42
1445240.0,275720.0,-14.2778,27.93,28.22,43.09,72.97,98.33
1445240.0,279880.0,-13.6932,27.92,28.22,43.1,73.2,98.23
1445240.0,284040.0,-13.6559,27.91,28.21,43.1,73.37,98.11
1445240.0,288200.0,-13.0432,27.9,28.2,43.08,73.46,98.01
1445240.0,292360.0,-10.5902,27.9,28.19,43.06,73.5,97.92
1445240.0,300680.0,-13.047,27.88,28.15,42.98,73.5,97.67
1445240.0,304840.0,-13.8922,27.86,28.12,42.93,73.51,97.46
1445240.0,309000.0,-11.2823,27.84,28.09,42.87,73.56,97.17
1445240.0,313160.0,-14.3422,27.81,28.06,42.78,73.67,96.74
1445240.0,317320.0,-13.0943,27.77,28.01,42.68,73.85,96.11
1445240.0,321480.0,-12.8704,27.72,27.95,42.56,74.07,95.39
1445240.0,325640.0,-19.2608,27.66,27.9,42.44,74.28,94.64
1445240.0,329800.0,-19.1256,27.61,27.85,42.31,74.45,93.96
1445240.0,333960.0,-21.8879,27.58,27.81,42.19,74.54,93.43
1445240.0,338120.0,-21.4845,27.56,27.79,42.09,74.51,93.13
1445240.0,342280.0,-17.0146,27.55,27.79,41.98,74.35,93.05
1445240.0,346440.0,-21.2961,27.56,27.81,41.88,74.08,93.12
1445240.0,350600.0,-18.6652,27.57,27.84,41.78,73.75,93.32
1445240.0,354760.0,-22.5052,27.59,27.88,41.69,73.39,93.6
1445240.0,358920.0,-14.3926,27.61,27.91,41.61,73.03,93.94
1445240.0,363080.0,-17.5472,27.64,27.94,41.54,72.7,94.31
1445240.0,367240.0,-22.1026,27.67,27.95,41.49,72.41,94.74
1445240.0,371400.0,-28.8159,27.71,27.97,41.44,72.09,95.32
1445240.0,375560.0,-24.3368,27.76,27.99,41.42,71.77,96.0
1445240.0,379720.0,-28.1333,27.81,28.0,41.4,71.47,96.7
1445240.0,383880.0,-21.5136,27.85,28.01,41.39,71.21,97.33
1445240.0,388040.0,-26.0503,27.89,28.0,41.39,71.04,97.82
1445240.0,392200.0,-31.4274,27.91,27.99,41.41,70.98,98.08
1445240.0,396360.0,-26.524,27.9,27.95,41.45,71.11,98.0
1441080.0,213320.0,2.8964,27.83,28.01,42.91,72.0,97.02
1441080.0,217480.0,-5.082,27.87,28.05,42.93,71.75,97.49
1441080.0,242440.0,-15.2361,27.97,28.17,43.02,71.25,98.95
1441080.0,246600.0,-11.6371,27.97,28.18,43.03,71.33,98.98
1441080.0,250760.0,-12.987,27.97,28.19,43.04,71.43,98.98
1441080.0,254920.0,-13.7914,27.97,28.19,43.05,71.55,98.96
1441080.0,259080.0,-12.139,27.97,28.2,43.06,71.71,98.92
1441080.0,263240.0,-19.9615,27.96,28.21,43.08,71.94,98.83
1441080.0,267400.0,-14.5947,27.95,28.22,43.1,72.2,98.71
1441080.0,271560.0,-16.2695,27.94,28.23,43.12,72.47,98.56
1441080.0,275720.0,-16.4339,27.93,28.24,43.14,72.74,98.41
1441080.0,279880.0,-9.6636,27.92,28.24,43.14,72.97,98.24
1441080.0,284040.0,-11.3878,27.91,28.24,43.14,73.15,98.09
1441080.0,288200.0,-12.3577,27.9,28.24,43.12,73.27,97.95
1441080.0,292360.0,-12.6525,27.89,28.23,43.1,73.35,97.83
1441080.0,296520.0,-12.038,27.88,28.23,43.07,73.41,97.69
1441080.0,304840.0,-15.3423,27.85,28.21,42.99,73.53,97.31
1441080.0,309000.0,-11.0518,27.83,28.19,42.93,73.62,97.03
1441080.0,313160.0,-14.4994,27.8,28.16,42.85,73.76,96.63
1441080.0,317320.0,-13.9189,27.77,28.13,42.76,73.96,96.08
1441080.0,321480.0,-13.6631,27.72,28.09,42.65,74.18,95.44
1441080.0,325640.0,-14.3311,27.67,28.05,42.53,74.41,94.79
1441080.0,329800.0,-15.7236,27.63,28.01,42.42,74.59,94.21
1441080.0,338120.0,-12.9222,27.58,27.95,42.22,74.72,93.52
1441080.0,342280.0,-18.9409,27.58,27.93,42.13,74.63,93.47
1441080.0,346440.0,-11.8054,27.59,27.92,42.05,74.46,93.55
1441080.0,350600.0,-15.2171,27.6,27.91,41.97,74.22,93.75
1441080.0,354760.0,-23.3435,27.62,27.91,41.9,73.96,94.02
1441080.0,358920.0,-18.6323,27.64,27.91,41.84,73.68,94.35
1441080.0,363080.0,-14.8887,27.67,27.91,41.79,73.42,94.7
1441080.0,367240.0,-17.9792,27.7,27.91,41.74,73.16,95.1
1441080.0,371400.0,-22.4234,27.74,27.93,41.71,72.87,95.65
1441080.0,375560.0,-26.9273,27.78,27.94,41.68,72.55,96.29
1441080.0,379720.0,-25.263,27.83,27.96,41.66,72.25,96.93
1441080.0,383880.0,-25.881,27.87,27.97,41.65,71.98,97.52
1441080.0,388040.0,-28.7493,27.9,27.97,41.65,71.77,97.97
1441080.0,392200.0,-26.9488,27.92,27.96,41.65,71.65,98.21
1441080.0,396360.0,-24.6827,27.91,27.93,41.68,71.68,98.13
1436920.0,263240.0,-16.0806,27.94,28.21,43.09,72.1,98.57
1436920.0,267400.0,-17.4505,27.93,28.21,43.1,72.3,98.44
1436920.0,271560.0,-15.7278,27.92,28.22,43.11,72.51,98.31
1436920.0,275720.0,-12.9039,27.91,28.23,43.12,72.71,98.18
1436920.0,279880.0,-15.1804,27.91,28.24,43.13,72.92,98.06
1436920.0,284040.0,-14.2668,27.9,28.24,43.13,73.1,97.92
1436920.0,288200.0,-10.6551,27.89,28.24,43.1,73.18,97.77
1436920.0,292360.0,-11.8009,27.87,28.24,43.07,73.27,97.61
1436920.0,296520.0,-13.4794,27.86,28.24,43.04,73.35,97.45
1436920.0,300680.0,-13.8782,27.85,28.23,43.01,73.43,97.3
1436920.0,304840.0,-15.8826,27.84,28.23,42.97,73.52,97.14
1436920.0,309000.0,-12.3537,27.83,28.23,42.94,73.61,96.98
1436920.0,313160.0,-17.4221,27.8,28.21,42.87,73.75,96.61
1436920.0,317320.0,-12.2708,27.77,28.18,42.77,73.9,96.17
1436920.0,321480.0,-10.2946,27.74,28.15,42.68,74.06,95.73
1436920.0,325640.0,-15.3588,27.71,28.12,42.59,74.23,95.29
1436920.0,329800.0,-14.4063,27.68,28.09,42.5,74.39,94.84
1436920.0,338120.0,-15.2226,27.62,28.03,42.32,74.65,94.08
1436920.0,342280.0,-13.4208,27.64,28.01,42.26,74.48,94.28
1436920.0,346440.0,-11.4213,27.65,27.99,42.2,74.32,94.47
1436920.0,350600.0,-18.0231,27.67,27.97,42.15,74.16,94.66
1436920.0,354760.0,-17.6728,27.68,27.95,42.09,74.0,94.86
1436920.0,358920.0,-16.7569,27.69,27.93,42.04,73.84,95.05
1436920.0,363080.0,-20.9699,27.71,27.91,41.98,73.68,95.24
1436920.0,367240.0,-16.9346,27.73,27.91,41.95,73.46,95.63
1436920.0,371400.0,-22.2586,27.77,27.92,41.94,73.21,96.11
1436920.0,383880.0,-23.3269,27.87,27.94,41.89,72.46,97.54
1436920.0,388040.0,-25.7051,27.9,27.95,41.87,72.22,98.02
1436920.0,392200.0,-33.4544,27.93,27.95,41.86,72.02,98.39
1432760.0,284040.0,-11.8038,27.86,28.21,43.07,73.19,97.47
1432760.0,288200.0,-12.1273,27.86,28.21,43.04,73.23,97.38
1432760.0,292360.0,-8.5747,27.85,28.21,43.01,73.28,97.29
1432760.0,296520.0,-11.7351,27.84,28.21,42.98,73.33,97.19
1432760.0,300680.0,-10.1154,27.84,28.21,42.95,73.38,97.1
1432760.0,304840.0,-13.0388,27.83,28.21,42.92,73.42,97.01
1432760.0,313160.0,-12.0463,27.81,28.19,42.83,73.57,96.64
1432760.0,317320.0,-7.0315,27.78,28.17,42.75,73.69,96.3
1432760.0,321480.0,-14.7242,27.76,28.14,42.67,73.8,95.96
1432760.0,325640.0,-9.3299,27.73,28.12,42.59,73.92,95.62
1432760.0,329800.0,-16.206,27.71,28.09,42.51,74.04,95.28
1432760.0,333960.0,-12.8224,27.68,28.07,42.43,74.16,94.94
1432760.0,338120.0,-11.2667,27.67,28.04,42.36,74.22,94.71
1432760.0,342280.0,-12.6089,27.68,28.03,42.31,74.07,94.9
1432760.0,346440.0,-11.0741,27.7,28.01,42.26,73.92,95.09
1432760.0,354760.0,-15.7211,27.72,27.97,42.17,73.63,95.48
1432760.0,358920.0,-15.5549,27.74,27.96,42.12,73.48,95.67
1432760.0,363080.0,-18.6648,27.75,27.94,42.07,73.34,95.86
1432760.0,367240.0,-19.2391,27.78,27.94,42.05,73.13,96.22
1432760.0,371400.0,-19.9827,27.81,27.94,42.04,72.91,96.65
1432760.0,375560.0,-22.4685,27.84,27.95,42.03,72.68,97.08
1432760.0,379720.0,-27.0304,27.87,27.96,42.02,72.45,97.52
1432760.0,383880.0,-24.0063,27.9,27.96,42.01,72.22,97.95
1432760.0,388040.0,-31.2948,27.93,27.97,42.0,71.99,98.39
1432760.0,392200.0,-26.9158,27.95,27.97,42.0,71.82,98.71
1428600.0,300680.0,-9.6723,27.82,28.18,42.9,73.32,96.91
1428600.0,304840.0,-11.052,27.82,28.18,42.87,73.33,96.87
1428600.0,333960.0,-11.0597,27.72,28.08,42.46,73.76,95.48
1428600.0,338120.0,-12.6005,27.71,28.06,42.4,73.79,95.34
1428600.0,342280.0,-13.8268,27.73,28.04,42.36,73.66,95.53
1428600.0,346440.0,-14.7359,27.74,28.03,42.32,73.53,95.72
1428600.0,350600.0,-10.6303,27.75,28.01,42.28,73.4,95.91
1428600.0,354760.0,-13.2128,27.77,27.99,42.24,73.26,96.1
1428600.0,358920.0,-10.7347,27.78,27.98,42.2,73.13,96.29
1428600.0,363080.0,-16.6575,27.79,27.96,42.16,73.0,96.47
1428600.0,367240.0,-15.9642,27.82,27.96,42.14,72.81,96.8
1428600.0,375560.0,-15.9476,27.87,27.97,42.14,72.4,97.58
1428600.0,379720.0,-16.1308,27.9,27.98,42.14,72.19,97.97
1428600.0,383880.0,-20.3884,27.93,27.98,42.13,71.98,98.36
1428600.0,388040.0,-17.396,27.95,27.99,42.13,71.78,98.75
1428600.0,392200.0,-26.0146,27.98,27.99,42.13,71.62,99.04
1424440.0,358920.0,-14.065,27.82,28.0,42.28,72.78,96.9
1424440.0,363080.0,-7.8533,27.84,27.99,42.25,72.66,97.09
1424440.0,367240.0,-9.2919,27.86,27.99,42.24,72.49,97.39
1424440.0,371400.0,-13.8402,27.88,27.99,42.24,72.3,97.73
1424440.0,379720.0,-16.4941,27.93,28.0,42.25,71.93,98.42
1424440.0,388040.0,-17.7551,27.98,28.01,42.26,71.56,99.11
1424440.0,392200.0,-19.4261,28.0,28.01,42.26,71.42,99.36
1420280.0,375560.0,-12.4035,27.94,28.02,42.36,71.84,98.57
1420280.0,379720.0,-15.9853,27.96,28.02,42.37,71.67,98.87
1420280.0,383880.0,-12.0039,27.98,28.03,42.38,71.5,99.17
1420280.0,388040.0,-15.3749,28.01,28.03,42.39,71.34,99.47
1420280.0,392200.0,-10.8963,28.02,28.03,42.4,71.23,99.68
