Latitud,Longitud,Valor_Sentinel,Temp_2m_ERA5_(C),Temp_10m_ERA5_(C),Vapor_Agua_(mm),Humedad_Relativa_(%),Factor_Error_(%)
14.37025,-90.04356,11.252,21.96,22.35,26.41,64.55,14.37
14.37074,-90.00503,14.7261,21.99,22.57,26.27,63.92,14.76
14.37123,-89.9665,16.478,22.13,22.76,26.61,63.92,16.68
14.37171,-89.92797,9.0252,22.28,22.95,27.02,64.0,18.79
14.37218,-89.88943,10.5241,22.43,23.13,27.42,64.07,20.91
14.37265,-89.8509,10.6544,22.58,23.32,27.83,64.15,23.02
14.37311,-89.81236,12.1065,22.73,23.5,28.23,64.23,25.14
14.37356,-89.77382,14.0423,22.88,23.68,28.64,64.3,27.25
14.37401,-89.73528,13.505,23.04,23.83,29.02,64.37,29.6
14.37446,-89.69674,12.0916,23.24,23.92,29.37,64.43,32.3
14.37489,-89.6582,10.3765,23.43,24.0,29.71,64.49,34.99
14.37532,-89.61965,9.1536,23.62,24.09,30.06,64.55,37.69
14.37575,-89.58111,7.2114,23.81,24.18,30.41,64.61,40.38
14.37616,-89.54256,6.7126,24.0,24.26,30.76,64.66,43.08
14.37657,-89.50401,4.867,24.19,24.35,31.11,64.72,45.78
14.37854,-89.31126,3.5998,23.62,23.36,30.6,67.74,37.73
14.33269,-90.04306,10.891,21.96,22.35,26.41,64.54,14.37
14.33318,-90.00453,15.2293,21.99,22.57,26.27,63.91,14.76
14.33366,-89.96601,12.7172,22.13,22.76,26.62,63.92,16.71
14.33414,-89.92748,16.7075,22.28,22.95,27.02,64.0,18.82
14.33462,-89.88895,10.0791,22.43,23.13,27.43,64.07,20.94
14.33508,-89.85042,10.4812,22.58,23.32,27.83,64.15,23.05
14.33554,-89.81189,11.0296,22.73,23.5,28.24,64.23,25.16
14.336,-89.77336,11.6473,22.88,23.69,28.64,64.31,27.28
14.33644,-89.73482,11.5089,23.05,23.83,29.02,64.38,29.63
14.33688,-89.69629,10.345,23.24,23.92,29.37,64.43,32.33
14.33732,-89.65775,9.1054,23.43,24.0,29.72,64.49,35.02
14.33775,-89.61921,8.1686,23.62,24.09,30.07,64.55,37.72
14.33817,-89.58068,7.4039,23.81,24.18,30.42,64.61,40.41
14.33859,-89.54214,6.026,24.0,24.27,30.76,64.66,43.11
14.339,-89.50359,3.7326,24.19,24.35,31.11,64.72,45.8
14.3394,-89.46505,2.0674,24.1,24.17,31.04,65.28,44.43
14.3398,-89.42651,2.8647,23.98,23.96,30.93,65.89,42.75
14.34019,-89.38796,2.1769,23.86,23.76,30.82,66.5,41.07
14.34057,-89.34942,4.0825,23.74,23.56,30.71,67.12,39.39
14.34095,-89.31087,2.0764,23.62,23.35,30.6,67.74,37.71
14.34133,-89.27232,2.3271,23.5,23.15,30.49,68.37,36.03
14.34169,-89.23377,2.0851,23.39,22.96,30.34,68.78,34.41
14.34205,-89.19522,2.0888,23.28,22.77,30.15,68.9,32.87
14.34241,-89.15667,2.0321,23.17,22.59,29.96,69.03,31.33
14.34275,-89.11812,2.4792,23.06,22.41,29.77,69.15,29.78
14.34309,-89.07956,3.4149,22.95,22.23,29.58,69.28,28.24
14.34343,-89.04101,2.0412,22.84,22.04,29.4,69.41,26.7
14.34376,-89.00245,2.0036,22.73,21.86,29.21,69.53,25.16
14.29513,-90.04255,12.21,21.96,22.36,26.41,64.53,14.38
14.29562,-90.00403,13.5324,21.99,22.58,26.27,63.9,14.77
14.2961,-89.96551,10.6758,22.13,22.77,26.62,63.92,16.73
14.29658,-89.92699,12.2518,22.28,22.95,27.03,64.0,18.85
14.29705,-89.88847,12.5407,22.43,23.14,27.43,64.07,20.96
14.29751,-89.84995,10.3237,22.58,23.32,27.84,64.15,23.08
14.29797,-89.81142,10.3465,22.73,23.5,28.24,64.23,25.19
14.29843,-89.7729,10.8574,22.88,23.69,28.65,64.31,27.3
14.29887,-89.73437,9.4022,23.05,23.83,29.03,64.38,29.67
14.29931,-89.69584,8.4481,23.24,23.92,29.37,64.43,32.36
14.29975,-89.65731,8.0936,23.43,24.01,29.72,64.49,35.05
14.30017,-89.61878,8.2524,23.62,24.09,30.07,64.55,37.75
14.30059,-89.58025,6.2206,23.81,24.18,30.42,64.61,40.44
14.30101,-89.54171,5.2492,24.01,24.27,30.77,64.66,43.14
14.30142,-89.50318,3.1527,24.2,24.35,31.12,64.72,45.83
14.30182,-89.46464,3.0603,24.1,24.17,31.03,65.29,44.41
14.30222,-89.4261,1.3993,23.98,23.96,30.92,65.89,42.73
14.30261,-89.38757,2.2463,23.86,23.76,30.81,66.51,41.05
14.30299,-89.34903,1.612,23.74,23.55,30.7,67.12,39.37
14.30337,-89.31049,2.6869,23.62,23.35,30.59,67.75,37.69
14.30374,-89.27194,0.3463,23.5,23.15,30.48,68.38,36.01
14.30411,-89.2334,0.4342,23.38,22.95,30.34,68.78,34.4
14.30447,-89.19486,0.218,23.28,22.77,30.15,68.9,32.85
14.30482,-89.15631,3.4182,23.17,22.59,29.96,69.03,31.31
14.30517,-89.11776,1.7089,23.06,22.41,29.77,69.16,29.77
14.30551,-89.07922,1.4202,22.95,22.22,29.58,69.28,28.23
14.30584,-89.04067,2.9646,22.84,22.04,29.39,69.41,26.69
14.30617,-89.00212,2.7581,22.73,21.86,29.21,69.53,25.15
14.30649,-88.96357,3.1778,22.63,21.74,29.04,69.61,23.73
14.3068,-88.92502,1.4262,22.53,21.62,28.88,69.68,22.32
14.30711,-88.88647,2.121,22.43,21.5,28.72,69.75,20.91
14.30742,-88.84791,3.3724,22.33,21.38,28.55,69.82,19.49
14.30771,-88.80936,4.0751,22.23,21.26,28.39,69.89,18.08
14.25707,-90.08055,12.4064,21.94,22.14,26.55,65.16,13.99
14.25757,-90.04204,11.3512,21.96,22.36,26.41,64.52,14.38
14.25806,-90.00353,10.7414,21.99,22.58,26.26,63.89,14.77
14.25854,-89.96502,11.4313,22.13,22.77,26.63,63.92,16.76
14.25901,-89.92651,11.8042,22.28,22.95,27.03,64.0,18.87
14.25948,-89.88799,9.9092,22.43,23.14,27.44,64.08,20.99
14.25995,-89.84947,9.8061,22.58,23.32,27.84,64.15,23.1
14.2604,-89.81096,6.9045,22.73,23.51,28.25,64.23,25.22
14.26086,-89.77244,8.2668,22.88,23.69,28.65,64.31,27.33
14.2613,-89.73392,7.8311,23.05,23.83,29.03,64.38,29.7
14.26174,-89.69539,7.7451,23.24,23.92,29.38,64.43,32.39
14.26217,-89.65687,6.2434,23.43,24.01,29.73,64.49,35.09
14.2626,-89.61834,6.345,23.62,24.09,30.08,64.55,37.78
14.26302,-89.57982,5.4293,23.82,24.18,30.42,64.61,40.47
14.26343,-89.54129,10.1337,24.01,24.27,30.77,64.66,43.17
14.26384,-89.50276,3.0384,24.2,24.35,31.12,64.72,45.86
14.26424,-89.46423,2.5416,24.09,24.16,31.03,65.3,44.39
14.26464,-89.4257,1.472,23.98,23.96,30.92,65.9,42.71
14.26503,-89.38717,1.3604,23.86,23.76,30.81,66.51,41.04
14.26541,-89.34864,0.6011,23.74,23.55,30.7,67.13,39.36
14.26579,-89.3101,1.6108,23.62,23.35,30.59,67.75,37.68
14.26616,-89.27157,1.6311,23.5,23.15,30.48,68.38,36.0
14.26652,-89.23303,0.9245,23.38,22.95,30.34,68.78,34.38
14.26688,-89.19449,1.5395,23.27,22.77,30.15,68.91,32.84
14.26723,-89.15595,1.2571,23.16,22.59,29.96,69.03,31.3
14.26758,-89.11741,-1.5441,23.06,22.4,29.77,69.16,29.76
14.26792,-89.07887,2.1491,22.95,22.22,29.58,69.28,28.22
14.26825,-89.04033,1.9747,22.84,22.04,29.39,69.41,26.67
14.26858,-89.00179,2.0696,22.73,21.86,29.2,69.54,25.13
14.2689,-88.96324,2.9052,22.63,21.74,29.04,69.61,23.72
14.26921,-88.9247,3.6676,22.53,21.62,28.88,69.68,22.31
14.26952,-88.88615,1.708,22.43,21.5,28.72,69.75,20.89
14.26982,-88.84761,3.1276,22.33,21.38,28.55,69.82,19.48
14.27012,-88.80906,3.807,22.23,21.26,28.39,69.89,18.07
14.27041,-88.77051,4.3126,22.12,21.14,28.23,69.96,16.66
14.27069,-88.73196,2.0394,21.98,20.99,28.0,70.2,14.63
14.27097,-88.69341,3.6001,21.79,20.83,27.7,70.62,11.98
14.27124,-88.65486,2.4567,21.6,20.67,27.4,71.04,9.32
14.2715,-88.61631,2.1498,21.41,20.5,27.1,71.46,6.66
14.21951,-90.08004,12.1287,22.35,22.55,27.41,64.98,19.8
14.22001,-90.04154,11.4667,22.35,22.73,27.2,64.3,19.78
14.22049,-90.00304,9.5243,22.35,22.92,26.99,63.63,19.76
14.22097,-89.96453,9.5864,22.43,23.03,27.27,63.77,20.97
14.22145,-89.92602,9.3789,22.52,23.14,27.59,63.96,22.28
14.22192,-89.88751,7.1788,22.62,23.25,27.9,64.14,23.6
14.22238,-89.849,7.3486,22.71,23.36,28.22,64.33,24.93
14.22284,-89.81049,6.0553,22.81,23.48,28.54,64.51,26.29
14.22329,-89.77198,7.4102,22.91,23.6,28.86,64.69,27.66
14.22373,-89.73346,6.2547,23.05,23.71,29.2,64.77,29.66
14.22417,-89.69495,6.0658,23.24,23.82,29.54,64.75,32.42
14.2246,-89.65643,5.3886,23.44,23.93,29.88,64.72,35.18
14.22502,-89.61791,5.1642,23.64,24.04,30.22,64.7,37.94
14.22544,-89.57939,5.0191,23.83,24.16,30.56,64.68,40.69
14.22586,-89.54087,4.3858,24.03,24.27,30.9,64.66,43.44
14.22626,-89.50235,2.7343,24.22,24.37,31.24,64.64,46.2
14.22666,-89.46382,1.381,24.15,24.23,31.19,65.06,45.23
14.22706,-89.4253,0.4462,24.07,24.08,31.13,65.5,44.11
14.22745,-89.38677,0.7306,23.99,23.93,31.06,65.95,42.98
14.22783,-89.34825,1.7832,23.91,23.78,30.99,66.4,41.83
14.2282,-89.30972,0.7011,23.83,23.63,30.92,66.86,40.67
14.22857,-89.27119,2.8265,23.75,23.47,30.85,67.33,39.49
14.22894,-89.23266,2.1396,23.65,23.3,30.72,67.65,38.13
14.22929,-89.19413,1.7814,23.54,23.12,30.53,67.8,36.59
14.22964,-89.1556,0.8761,23.43,22.93,30.34,67.95,35.04
14.22999,-89.11706,1.475,23.32,22.75,30.15,68.09,33.49
14.23033,-89.07853,2.9473,23.21,22.56,29.96,68.24,31.93
14.23066,-89.03999,2.2796,23.1,22.38,29.78,68.39,30.38
14.23099,-89.00146,3.4371,22.99,22.2,29.59,68.54,28.83
14.23131,-88.96292,3.7268,22.9,22.09,29.43,68.58,27.57
14.23162,-88.92438,3.8874,22.81,21.98,29.28,68.63,26.31
14.23193,-88.88584,3.4715,22.72,21.88,29.13,68.68,25.05
14.23223,-88.8473,5.6261,22.63,21.77,28.97,68.73,23.78
14.23252,-88.80876,4.4327,22.54,21.66,28.82,68.78,22.5
14.23281,-88.77022,2.8829,22.45,21.55,28.66,68.84,21.21
14.23309,-88.73167,4.4953,22.31,21.42,28.44,69.06,19.26
14.23337,-88.69313,3.4767,22.12,21.26,28.14,69.46,16.63
14.23364,-88.65459,2.1104,21.94,21.09,27.84,69.87,13.99
14.2339,-88.61604,1.8752,21.75,20.93,27.54,70.27,11.35
14.23416,-88.57749,2.6638,21.56,20.77,27.24,70.68,8.71
14.23441,-88.53895,1.1634,21.37,20.61,26.95,71.1,6.06
14.18195,-90.07954,13.0674,22.83,23.02,28.43,64.77,26.57
14.18245,-90.04104,10.5336,22.8,23.17,28.14,64.04,26.13
14.18293,-90.00254,8.307,22.77,23.32,27.85,63.33,25.7
14.18341,-89.96404,7.3908,22.79,23.34,28.04,63.6,26.02
14.18388,-89.92554,7.6479,22.82,23.37,28.26,63.91,26.39
14.18435,-89.88704,7.6247,22.84,23.39,28.47,64.23,26.78
14.18481,-89.84853,6.0935,22.87,23.42,28.69,64.55,27.19
14.18527,-89.81003,5.4128,22.9,23.44,28.91,64.86,27.61
14.18572,-89.77152,5.8962,22.93,23.47,29.13,65.18,28.05
14.18616,-89.73301,5.1139,23.04,23.55,29.41,65.28,29.61
14.1866,-89.6945,5.0849,23.25,23.7,29.74,65.15,32.45
14.18703,-89.65599,3.8735,23.45,23.84,30.07,65.02,35.29
14.18745,-89.61748,4.897,23.65,23.98,30.41,64.89,38.13
14.18787,-89.57897,4.213,23.85,24.12,30.74,64.77,40.97
14.18828,-89.54045,3.8283,24.05,24.26,31.07,64.65,43.81
14.18869,-89.50193,2.1827,24.25,24.4,31.41,64.52,46.65
14.18908,-89.46342,1.1139,24.24,24.34,31.41,64.72,46.43
14.18948,-89.4249,-0.7066,24.22,24.26,31.41,64.92,46.11
14.18987,-89.38638,0.0975,24.19,24.19,31.41,65.14,45.78
14.19025,-89.34786,1.0686,24.17,24.11,31.4,65.35,45.44
14.19062,-89.30934,1.6268,24.14,24.03,31.4,65.57,45.08
14.19099,-89.27081,0.4011,24.12,23.95,31.39,65.8,44.71
14.19135,-89.23229,1.9218,24.05,23.83,31.3,65.99,43.79
14.19171,-89.19377,2.6286,23.95,23.65,31.12,66.15,42.31
14.19206,-89.15524,2.266,23.84,23.47,30.94,66.31,40.83
14.1924,-89.11671,2.7384,23.74,23.29,30.76,66.46,39.34
14.19274,-89.07818,1.4586,23.63,23.11,30.58,66.62,37.86
14.19307,-89.03966,2.4195,23.52,22.93,30.39,66.78,36.37
14.1934,-89.00113,4.8464,23.42,22.75,30.21,66.94,34.88
14.19371,-88.96259,4.0719,23.35,22.68,30.08,66.93,33.98
14.19403,-88.92406,5.5439,23.29,22.6,29.96,66.92,33.07
14.19433,-88.88553,4.6119,23.23,22.53,29.83,66.91,32.15
14.19463,-88.847,4.2418,23.16,22.46,29.7,66.9,31.23
14.19493,-88.80846,3.6488,23.09,22.38,29.57,66.89,30.31
14.19522,-88.76992,2.8652,23.03,22.3,29.44,66.88,29.38
14.1955,-88.73139,2.4851,22.91,22.19,29.23,67.05,27.68
14.19577,-88.69285,3.8927,22.73,22.05,28.95,67.39,25.23
14.19604,-88.65431,3.599,22.56,21.9,28.67,67.73,22.78
14.19631,-88.61577,3.5734,22.39,21.75,28.39,68.07,20.32
14.19656,-88.57723,0.0186,22.21,21.61,28.11,68.41,17.87
14.19681,-88.53869,0.2379,22.04,21.46,27.82,68.76,15.41
14.14439,-90.07903,12.5138,23.31,23.5,29.44,64.56,33.33
14.14488,-90.04054,10.7114,23.25,23.61,29.07,63.79,32.47
14.14537,-90.00205,10.3006,23.19,23.72,28.71,63.02,31.62
14.14585,-89.96355,6.4947,23.15,23.66,28.81,63.42,31.04
14.14632,-89.92506,5.5295,23.11,23.59,28.92,63.87,30.48
14.14679,-89.88656,5.774,23.07,23.53,29.04,64.32,29.94
14.14725,-89.84806,6.4357,23.03,23.46,29.16,64.77,29.42
14.1477,-89.80956,5.7057,22.99,23.4,29.28,65.22,28.91
14.14815,-89.77106,5.2566,22.96,23.34,29.4,65.67,28.42
14.14859,-89.73256,4.2633,23.04,23.4,29.62,65.8,29.55
14.14902,-89.69406,2.6424,23.25,23.57,29.94,65.56,32.48
14.14945,-89.65555,2.536,23.46,23.74,30.27,65.32,35.41
14.14988,-89.61705,3.2567,23.66,23.92,30.59,65.09,38.33
14.15029,-89.57854,3.4606,23.87,24.09,30.92,64.86,41.26
14.1507,-89.54003,3.4299,24.08,24.26,31.25,64.63,44.18
14.15111,-89.50152,2.261,24.29,24.43,31.57,64.41,47.1
14.15151,-89.46301,0.7609,24.33,24.44,31.64,64.38,47.64
14.1519,-89.4245,-0.369,24.36,24.44,31.7,64.35,48.13
14.15228,-89.38599,0.3854,24.39,24.44,31.76,64.33,48.6
14.15266,-89.34747,-0.9551,24.43,24.44,31.82,64.32,49.06
14.15304,-89.30896,1.6135,24.46,24.44,31.88,64.31,49.51
14.1534,-89.27044,1.5916,24.49,24.44,31.94,64.3,49.94
14.15377,-89.23192,1.8495,24.45,24.35,31.88,64.38,49.45
14.15412,-89.1934,2.5419,24.35,24.18,31.71,64.54,48.04
14.15447,-89.15488,1.424,24.25,24.0,31.53,64.71,46.62
14.15481,-89.11636,1.9058,24.15,23.83,31.36,64.88,45.2
14.15515,-89.07784,3.2156,24.05,23.66,31.19,65.05,43.78
14.15548,-89.03932,3.1969,23.95,23.48,31.01,65.21,42.36
14.1558,-89.0008,3.5765,23.85,23.31,30.84,65.38,40.94
14.15612,-88.96227,5.3144,23.81,23.27,30.74,65.31,40.39
14.15643,-88.92374,5.2377,23.77,23.23,30.63,65.25,39.83
14.15674,-88.88522,5.5427,23.73,23.18,30.53,65.18,39.27
14.15704,-88.84669,3.9426,23.69,23.14,30.43,65.12,38.7
14.15733,-88.80816,3.1144,23.65,23.1,30.32,65.06,38.12
14.15762,-88.76963,3.2948,23.61,23.05,30.22,64.99,37.54
14.1579,-88.7311,1.1559,23.51,22.97,30.03,65.11,36.1
14.15818,-88.69257,2.8765,23.34,22.84,29.77,65.38,33.83
14.15844,-88.65404,3.6103,23.18,22.71,29.5,65.66,31.57
14.15871,-88.61551,3.3364,23.02,22.58,29.23,65.94,29.3
14.15896,-88.57697,1.6983,22.86,22.45,28.97,66.23,27.03
14.15921,-88.53844,1.3679,22.7,22.32,28.7,66.52,24.76
14.10683,-90.07852,11.383,23.79,23.97,30.45,64.36,40.09
14.10732,-90.04004,8.6035,23.7,24.04,30.01,63.53,38.81
14.10781,-90.00155,10.4187,23.61,24.11,29.57,62.72,37.53
14.10828,-89.96307,8.5719,23.5,23.97,29.58,63.26,36.04
14.10875,-89.92458,4.1714,23.4,23.81,29.59,63.84,34.55
14.10922,-89.88609,4.977,23.29,23.66,29.61,64.42,33.08
14.10968,-89.8476,5.9598,23.19,23.51,29.62,65.0,31.62
14.11013,-89.8091,2.6187,23.09,23.36,29.64,65.59,30.18
14.11058,-89.77061,4.1769,22.98,23.21,29.66,66.18,28.76
14.11102,-89.73211,1.5114,23.04,23.24,29.83,66.31,29.5
14.11145,-89.69362,2.1256,23.25,23.44,30.15,65.96,32.51
14.11188,-89.65512,2.5704,23.46,23.65,30.46,65.62,35.53
14.1123,-89.61662,2.712,23.68,23.85,30.78,65.28,38.54
14.11272,-89.57812,1.5793,23.89,24.06,31.1,64.94,41.54
14.11313,-89.53962,3.1169,24.11,24.26,31.42,64.61,44.55
14.11353,-89.50111,2.2496,24.32,24.46,31.74,64.29,47.56
14.11393,-89.46261,1.128,24.41,24.54,31.86,64.03,48.87
14.11432,-89.4241,0.0571,24.5,24.62,31.99,63.78,50.16
14.1147,-89.3856,0.4933,24.59,24.7,32.12,63.54,51.44
14.11508,-89.34709,0.0944,24.68,24.78,32.24,63.3,52.7
14.11545,-89.30858,0.9176,24.77,24.85,32.36,63.06,53.95
14.11582,-89.27007,1.428,24.86,24.93,32.48,62.83,55.19
14.11618,-89.23156,2.1292,24.86,24.88,32.46,62.81,55.11
14.11653,-89.19304,2.0774,24.76,24.71,32.29,62.98,53.76
14.11688,-89.15453,2.2825,24.66,24.54,32.13,63.16,52.41
14.11722,-89.11602,1.7404,24.57,24.37,31.96,63.34,51.06
14.11756,-89.0775,3.1534,24.47,24.2,31.8,63.51,49.7
14.11789,-89.03898,4.1806,24.38,24.03,31.63,63.69,48.35
14.11821,-89.00047,4.7154,24.28,23.86,31.47,63.86,47.0
14.11853,-88.96195,4.8139,24.27,23.86,31.39,63.74,46.8
14.11884,-88.92343,5.8342,24.25,23.85,31.31,63.63,46.6
14.11915,-88.88491,7.668,24.24,23.84,31.23,63.51,46.39
14.11944,-88.84639,5.0797,24.22,23.83,31.16,63.39,46.17
14.11974,-88.80787,4.2698,24.2,23.82,31.08,63.28,45.94
14.12002,-88.76934,4.2316,24.19,23.8,31.0,63.17,45.71
14.1203,-88.73082,2.9113,24.1,23.74,30.83,63.23,44.52
14.12058,-88.69229,3.792,23.96,23.63,30.58,63.45,42.44
14.12085,-88.65377,2.8352,23.81,23.51,30.33,63.67,40.36
14.12111,-88.61524,4.2505,23.66,23.4,30.08,63.9,38.28
14.12136,-88.57672,2.8176,23.51,23.29,29.83,64.12,36.19
14.12161,-88.53819,1.869,23.36,23.17,29.58,64.35,34.11
14.12186,-88.49966,-0.9118,23.21,23.05,29.33,64.61,31.98
14.12209,-88.46113,0.0895,22.97,22.71,29.11,65.72,28.63
14.06927,-90.07802,10.7802,24.27,24.44,31.45,64.15,46.83
14.06976,-90.03954,8.6049,24.15,24.48,30.94,63.28,45.13
14.07024,-90.00106,9.4809,24.03,24.51,30.43,62.41,43.44
14.07072,-89.96258,7.945,23.85,24.27,30.34,63.1,41.01
14.07119,-89.9241,5.1529,23.68,24.03,30.25,63.8,38.59
14.07165,-89.88562,4.1537,23.51,23.79,30.17,64.51,36.19
14.07211,-89.84713,4.0313,23.34,23.55,30.08,65.23,33.81
14.07256,-89.80864,3.0141,23.17,23.32,30.0,65.95,31.44
14.07301,-89.77016,2.9832,23.01,23.08,29.92,66.68,29.09
14.07345,-89.73167,3.6668,23.03,23.08,30.04,66.82,29.45
14.07388,-89.69318,2.5459,23.25,23.32,30.35,66.37,32.55
14.07431,-89.65468,1.5819,23.47,23.56,30.66,65.91,35.65
14.07473,-89.61619,1.4948,23.69,23.79,30.97,65.47,38.74
14.07514,-89.5777,1.4632,23.91,24.03,31.28,65.03,41.83
14.07555,-89.5392,1.5445,24.13,24.26,31.59,64.6,44.92
14.07595,-89.5007,2.1938,24.35,24.49,31.9,64.17,48.01
14.07635,-89.4622,0.6581,24.5,24.65,32.09,63.69,50.12
14.07674,-89.42371,0.2495,24.65,24.8,32.28,63.21,52.21
14.07712,-89.3852,0.5257,24.8,24.96,32.47,62.75,54.29
14.0775,-89.3467,0.3897,24.94,25.11,32.66,62.29,56.36
14.07787,-89.3082,1.4744,25.09,25.26,32.85,61.84,58.41
14.07824,-89.2697,1.936,25.23,25.41,33.03,61.4,60.45
14.07859,-89.23119,2.3526,25.26,25.4,33.04,61.28,60.78
14.07895,-89.19268,2.9269,25.17,25.24,32.88,61.46,59.49
14.07929,-89.15418,2.8622,25.08,25.08,32.72,61.65,58.2
14.07964,-89.11567,2.0823,24.98,24.91,32.57,61.83,56.92
14.07997,-89.07716,3.4099,24.89,24.75,32.41,62.02,55.63
14.0803,-89.03865,4.6232,24.8,24.58,32.25,62.21,54.34
14.08062,-89.00014,4.6665,24.71,24.42,32.09,62.39,53.08
14.08094,-88.96163,4.7202,24.72,24.45,32.04,62.22,53.23
14.08125,-88.92311,5.7326,24.73,24.47,31.99,62.05,53.37
14.08155,-88.8846,5.9127,24.74,24.49,31.94,61.89,53.51
14.08185,-88.84608,4.7516,24.75,24.51,31.88,61.72,53.64
14.08214,-88.80757,4.5428,24.76,24.53,31.83,61.56,53.77
14.08243,-88.76905,3.804,24.77,24.56,31.78,61.4,53.89
14.08271,-88.73053,3.8437,24.7,24.51,31.63,61.41,52.95
14.08298,-88.69202,3.597,24.57,24.42,31.4,61.58,51.05
14.08325,-88.6535,4.069,24.43,24.32,31.16,61.75,49.16
14.08351,-88.61498,4.1271,24.3,24.23,30.93,61.92,47.26
14.08376,-88.57646,4.1744,24.16,24.13,30.69,62.1,45.36
14.08401,-88.53794,0.5189,24.03,24.03,30.46,62.27,43.46
14.08425,-88.49941,-2.3806,23.89,23.92,30.22,62.49,41.48
14.08449,-88.46089,-0.7451,23.62,23.52,29.97,63.73,37.66
14.08472,-88.42237,0.1487,23.34,23.11,29.73,65.0,33.84
14.08495,-88.38384,-1.4482,23.07,22.71,29.48,66.29,30.03
14.08516,-88.34532,-2.2989,22.8,22.3,29.23,67.61,26.23
14.08538,-88.30679,-2.7587,22.54,21.9,28.99,68.95,22.44
14.08558,-88.26826,-2.0814,22.27,21.5,28.74,70.31,18.65
14.03122,-90.11599,9.2053,24.9,24.92,33.04,64.88,55.68
14.03171,-90.07752,7.7438,24.75,24.91,32.46,63.95,53.55
14.0322,-90.03905,7.385,24.59,24.91,31.87,63.03,51.44
14.03268,-90.00057,7.329,24.44,24.91,31.29,62.12,49.32
14.03316,-89.9621,7.3414,24.21,24.58,31.1,62.94,45.96
14.03362,-89.92362,5.2632,23.97,24.25,30.91,63.77,42.62
14.03409,-89.88514,4.6842,23.73,23.92,30.73,64.61,39.28
14.03454,-89.84667,3.903,23.5,23.6,30.54,65.46,35.97
14.03499,-89.80818,2.8445,23.26,23.27,30.36,66.33,32.67
14.03544,-89.7697,2.2672,23.03,22.95,30.18,67.2,29.39
14.03587,-89.73122,2.1935,23.03,22.93,30.25,67.34,29.4
14.03631,-89.69274,0.9458,23.26,23.2,30.55,66.77,32.59
14.03673,-89.65425,1.2528,23.48,23.46,30.85,66.21,35.77
14.03715,-89.61576,1.8505,23.71,23.73,31.16,65.66,38.94
14.03756,-89.57727,-0.0584,23.93,23.99,31.46,65.11,42.12
14.03797,-89.53878,0.4769,24.16,24.26,31.76,64.57,45.3
14.03837,-89.50029,0.5419,24.38,24.52,32.06,64.04,48.47
14.03877,-89.4618,-0.1201,24.59,24.76,32.32,63.34,51.38
14.03916,-89.42331,-0.415,24.8,24.99,32.57,62.64,54.28
14.03954,-89.38481,-0.0011,25.0,25.22,32.83,61.96,57.16
14.03992,-89.34632,0.4798,25.2,25.45,33.08,61.3,60.03
14.04029,-89.30782,1.319,25.41,25.68,33.33,60.64,62.88
14.04065,-89.26933,1.1785,25.61,25.9,33.58,60.0,65.73
14.04101,-89.23083,2.6042,25.66,25.93,33.62,59.79,66.44
14.04136,-89.19233,3.4648,25.57,25.77,33.47,59.99,65.22
14.04171,-89.15383,3.8973,25.49,25.61,33.32,60.18,64.0
14.04205,-89.11532,3.208,25.4,25.45,33.17,60.37,62.78
14.04238,-89.07682,2.2102,25.31,25.29,33.02,60.57,61.55
14.04271,-89.03832,-5.701,25.23,25.13,32.87,60.76,60.33
14.04303,-88.99981,5.0107,25.14,24.98,32.72,60.95,59.15
14.04335,-88.96131,4.5286,25.18,25.04,32.69,60.73,59.66
14.04365,-88.9228,6.2744,25.21,25.09,32.67,60.52,60.15
14.04396,-88.88429,7.3017,25.25,25.15,32.64,60.31,60.64
14.04425,-88.84578,5.1153,25.28,25.2,32.61,60.1,61.12
14.04455,-88.80727,4.5507,25.32,25.25,32.59,59.89,61.6
14.04483,-88.76876,3.798,25.35,25.31,32.56,59.69,62.07
14.04511,-88.73025,4.2339,25.3,25.29,32.43,59.66,61.37
14.04538,-88.69174,2.3653,25.18,25.21,32.21,59.78,59.67
14.04565,-88.65323,1.0307,25.06,25.13,31.99,59.9,57.96
14.04591,-88.61471,2.808,24.94,25.05,31.77,60.02,56.25
14.04616,-88.5762,3.6802,24.81,24.97,31.56,60.15,54.53
14.04641,-88.53768,2.6128,24.69,24.89,31.34,60.27,52.81
14.04665,-88.49917,-1.7402,24.56,24.79,31.12,60.45,50.98
14.04689,-88.46065,-0.0241,24.26,24.32,30.84,61.82,46.68
14.04712,-88.42213,-2.5651,23.95,23.84,30.56,63.22,42.38
14.04734,-88.38362,-3.4636,23.65,23.37,30.28,64.65,38.1
14.04756,-88.3451,-2.1167,23.34,22.9,30.0,66.11,33.82
14.04777,-88.30658,-2.1863,23.04,22.44,29.72,67.6,29.55
14.04798,-88.26806,-1.9786,22.74,21.97,29.44,69.13,25.29
14.04817,-88.22954,-2.5203,22.47,21.63,29.18,70.4,21.56
14.04837,-88.19102,-1.8942,22.24,21.4,28.94,71.45,18.25
14.04855,-88.15249,-2.8461,22.0,21.17,28.7,72.52,14.94
14.04873,-88.11397,-2.2211,21.77,20.94,28.46,73.6,11.63
14.04891,-88.07545,-2.2567,21.53,20.71,28.22,74.71,8.33
13.99366,-90.11548,9.0525,25.48,25.54,34.03,64.02,63.92
13.99415,-90.07702,6.993,25.29,25.53,33.32,62.97,61.2
13.99464,-90.03855,8.2395,25.08,25.46,32.68,62.24,58.22
13.99512,-90.00008,5.7842,24.85,25.29,32.15,61.96,54.99
13.99559,-89.96162,6.3376,24.56,24.96,31.7,62.31,50.92
13.99606,-89.92315,4.8949,24.2,24.5,31.29,63.25,45.84
13.99652,-89.88467,2.2991,23.81,23.96,30.94,64.53,40.41
13.99697,-89.8462,2.7239,23.45,23.43,30.66,65.93,35.27
13.99742,-89.80773,1.2387,23.15,22.99,30.46,67.19,31.07
13.99787,-89.76925,1.2607,22.96,22.71,30.35,68.03,28.45
13.9983,-89.73078,0.8567,22.93,22.65,30.37,68.23,27.98
13.99873,-89.6923,1.5008,23.03,22.78,30.52,67.97,29.47
13.99916,-89.65382,0.4648,23.24,23.05,30.79,67.39,32.42
13.99958,-89.61534,1.5413,23.52,23.41,31.14,66.59,36.33
13.99999,-89.57685,0.4288,23.83,23.81,31.52,65.69,40.71
14.00039,-89.53837,0.9778,24.14,24.21,31.89,64.77,45.08
14.00079,-89.49989,0.3543,24.42,24.55,32.23,63.93,48.93
14.00119,-89.4614,-0.9793,24.69,24.88,32.57,63.04,52.78
14.00158,-89.42291,-0.8422,25.0,25.26,32.95,62.01,57.12
14.00196,-89.38443,-0.0085,25.32,25.64,33.34,60.94,61.58
14.00233,-89.34594,0.1237,25.61,25.99,33.71,59.93,65.78
14.0027,-89.30745,0.4826,25.87,26.28,34.01,59.07,69.35
14.00307,-89.26896,0.2351,26.05,26.48,34.22,58.45,71.91
14.00342,-89.23046,3.3278,26.13,26.55,34.3,58.14,73.1
14.00377,-89.19197,4.4506,26.11,26.47,34.24,58.16,72.8
14.00412,-89.15348,5.004,25.9,26.15,33.92,58.75,69.8
14.00446,-89.11498,4.3153,25.82,25.99,33.77,58.95,68.64
14.00479,-89.07648,4.2328,25.73,25.84,33.63,59.16,67.48
14.00512,-89.03799,1.677,25.65,25.68,33.49,59.36,66.32
14.00544,-88.99949,4.9183,25.57,25.54,33.35,59.55,65.24
14.00575,-88.96099,4.7523,25.64,25.63,33.35,59.29,66.09
14.00606,-88.92249,5.775,25.7,25.71,33.35,59.03,66.94
14.00636,-88.88399,6.352,25.76,25.8,33.35,58.78,67.78
14.00666,-88.84548,4.4793,25.81,25.89,33.34,58.53,68.61
14.00695,-88.80698,4.7157,25.87,25.97,33.34,58.28,69.44
14.00723,-88.76848,4.5343,25.93,26.06,33.34,58.03,70.26
14.00751,-88.72997,2.5959,25.9,26.06,33.23,57.96,69.81
14.00778,-88.69146,1.6503,25.79,26.0,33.03,58.04,68.28
14.00805,-88.65296,-0.5963,25.68,25.94,32.82,58.11,66.76
14.00831,-88.61445,0.926,25.57,25.87,32.62,58.19,65.23
14.00856,-88.57594,2.2025,25.47,25.81,32.42,58.26,63.7
14.00881,-88.53743,1.5966,25.36,25.75,32.22,58.34,62.17
14.00905,-88.49892,0.8558,25.24,25.66,32.01,58.49,60.47
14.00929,-88.46041,-2.0763,24.9,25.12,31.7,59.97,55.69
14.00952,-88.4219,-1.7754,24.56,24.58,31.38,61.49,50.92
14.00974,-88.38339,-2.4932,24.22,24.04,31.07,63.05,46.16
14.00996,-88.34488,-2.2409,23.88,23.5,30.76,64.65,41.41
14.01017,-88.30636,-2.1971,23.55,22.97,30.45,66.29,36.66
14.01037,-88.26785,-2.962,23.21,22.43,30.14,67.97,31.92
14.01057,-88.22934,-2.941,22.92,22.06,29.85,69.29,27.92
14.01076,-88.19082,-2.4931,22.68,21.83,29.57,70.3,24.49
14.01095,-88.15231,-2.6077,22.44,21.6,29.29,71.33,21.07
14.01113,-88.11379,-3.6068,22.2,21.37,29.02,72.38,17.65
14.0113,-88.07527,-2.2183,21.95,21.14,28.74,73.45,14.24
14.01147,-88.03676,-1.0237,21.71,20.9,28.46,74.53,10.82
14.01163,-87.99824,-2.0435,21.49,20.69,28.21,75.53,7.76
14.01179,-87.95972,-2.7257,21.67,20.85,28.41,74.85,10.21
14.01194,-87.9212,-2.456,21.84,21.01,28.61,74.18,12.65
14.01208,-87.88268,-2.1985,22.01,21.16,28.8,73.52,15.09
13.9561,-90.11498,7.4188,25.84,25.93,35.02,64.56,68.96
13.95659,-90.07652,6.6546,25.64,25.89,34.31,63.57,66.09
13.95708,-90.03806,6.6468,25.41,25.8,33.65,62.88,62.94
13.95756,-89.9996,5.5747,25.17,25.6,33.09,62.63,59.53
13.95803,-89.96114,6.5123,24.86,25.25,32.6,62.99,55.22
13.95849,-89.92267,3.8538,24.49,24.75,32.14,63.91,49.89
13.95895,-89.88421,1.5076,24.08,24.18,31.73,65.17,44.19
13.95941,-89.84574,0.3637,23.69,23.62,31.38,66.53,38.76
13.95985,-89.80727,0.476,23.37,23.14,31.11,67.75,34.24
13.9603,-89.7688,-0.1881,23.16,22.83,30.94,68.54,31.3
13.96073,-89.73033,-0.0836,23.11,22.74,30.89,68.69,30.48
13.96116,-89.69186,-0.0309,23.18,22.84,30.97,68.39,31.53
13.96158,-89.65339,0.5011,23.36,23.07,31.16,67.76,33.98
13.962,-89.61491,-0.0089,23.6,23.4,31.43,66.92,37.39
13.96241,-89.57644,-0.1691,23.88,23.77,31.74,65.96,41.33
13.96282,-89.53796,0.5997,24.16,24.15,32.06,65.0,45.35
13.96321,-89.49948,0.2843,24.42,24.48,32.36,64.11,49.0
13.96361,-89.461,-0.9973,24.69,24.82,32.69,63.17,52.83
13.96399,-89.42252,-1.7066,25.01,25.2,33.08,62.08,57.29
13.96437,-89.38404,-0.785,25.34,25.61,33.49,60.96,61.96
13.96475,-89.34556,0.6913,25.66,25.99,33.88,59.9,66.42
13.96512,-89.30707,1.2997,25.93,26.31,34.21,59.0,70.26
13.96548,-89.26859,1.0081,26.13,26.53,34.45,58.34,73.09
13.96584,-89.2301,2.565,26.23,26.62,34.55,58.0,74.47
13.96619,-89.19161,3.6562,26.22,26.56,34.51,57.99,74.38
13.96653,-89.15313,3.9473,26.14,26.41,34.39,58.2,73.25
13.96687,-89.11464,5.3912,26.02,26.2,34.2,58.54,71.55
13.9672,-89.07615,3.8093,25.9,25.99,34.01,58.89,69.79
13.96753,-89.03765,4.2808,25.8,25.82,33.84,59.15,68.42
13.96785,-88.99916,4.6855,25.77,25.75,33.75,59.21,67.93
13.96816,-88.96067,4.6725,25.8,25.78,33.72,59.06,68.44
13.96847,-88.92217,4.075,25.88,25.88,33.75,58.79,69.57
13.96877,-88.88368,4.8234,25.99,26.02,33.79,58.44,71.03
13.96906,-88.84518,2.9593,26.09,26.17,33.84,58.07,72.55
13.96935,-88.80669,2.3767,26.19,26.32,33.87,57.72,73.83
13.96964,-88.76819,1.6507,26.24,26.42,33.86,57.45,74.59
13.96991,-88.72969,2.6859,26.24,26.48,33.79,57.27,74.67
13.97019,-88.69119,2.0611,26.24,26.55,33.68,57.01,74.53
13.97045,-88.65269,1.3506,26.21,26.62,33.55,56.74,74.15
13.97071,-88.61419,0.8484,26.15,26.67,33.4,56.55,73.39
13.97096,-88.57569,0.0463,26.06,26.65,33.22,56.52,72.12
13.97121,-88.53718,1.9671,25.93,26.54,33.01,56.74,70.22
13.97145,-88.49868,-0.1601,25.74,26.3,32.78,57.3,67.57
13.97168,-88.46018,-2.335,25.47,25.9,32.51,58.33,63.83
13.97191,-88.42167,-0.3117,25.14,25.34,32.2,59.82,59.06
13.97213,-88.38317,-1.5379,24.75,24.7,31.87,61.61,53.66
13.97235,-88.34466,-2.0502,24.35,24.02,31.52,63.55,48.03
13.97256,-88.30615,-2.3256,23.96,23.38,31.18,65.48,42.54
13.97276,-88.26764,-2.9148,23.61,22.85,30.85,67.2,37.59
13.97296,-88.22914,-3.1353,23.31,22.44,30.53,68.59,33.33
13.97315,-88.19063,-1.7652,23.0,22.1,30.17,69.91,28.97
13.97334,-88.15212,-2.5488,22.69,21.81,29.8,71.15,24.68
13.97352,-88.11361,-2.4106,22.42,21.57,29.45,72.25,20.76
13.97369,-88.0751,-2.8728,22.18,21.39,29.15,73.14,17.5
13.97386,-88.03659,-1.9035,22.02,21.27,28.93,73.77,15.22
13.97402,-87.99808,-1.9318,21.95,21.21,28.82,74.06,14.22
13.97418,-87.95956,-2.1384,22.02,21.27,28.89,73.83,15.16
13.97433,-87.92105,-2.3567,22.21,21.44,29.1,73.12,17.87
13.97447,-87.88254,-2.2022,22.47,21.68,29.4,72.13,21.56
13.97461,-87.84403,-2.2505,22.75,21.93,29.71,71.07,25.46
13.97474,-87.80551,-2.4852,22.99,22.14,29.97,70.13,28.78
13.97486,-87.767,-2.6592,23.13,22.26,30.11,69.51,30.75
13.91855,-90.11447,7.4552,26.15,26.27,35.98,65.37,73.3
13.91903,-90.07602,5.6608,25.94,26.22,35.29,64.47,70.38
13.91952,-90.03757,4.727,25.71,26.11,34.64,63.86,67.17
13.91999,-89.99911,3.0745,25.47,25.9,34.08,63.64,63.7
13.92046,-89.96066,3.4231,25.16,25.53,33.57,63.99,59.34
13.92093,-89.9222,2.6902,24.78,25.02,33.07,64.85,54.0
13.92139,-89.88374,0.6846,24.37,24.44,32.61,66.01,48.29
13.92184,-89.84528,-0.516,23.98,23.87,32.21,67.26,42.81
13.92228,-89.80682,-0.5678,23.65,23.37,31.88,68.36,38.18
13.92272,-89.76835,-2.8631,23.43,23.03,31.64,69.05,35.03
13.92316,-89.72989,-1.3566,23.35,22.91,31.52,69.14,33.86
13.92359,-89.69142,-0.302,23.38,22.96,31.51,68.78,34.37
13.92401,-89.65296,-1.0812,23.51,23.14,31.6,68.12,36.15
13.92442,-89.61449,-2.1426,23.7,23.41,31.76,67.25,38.84
13.92483,-89.57602,-1.5047,23.93,23.73,31.97,66.27,42.07
13.92524,-89.53755,-0.7292,24.17,24.05,32.21,65.29,45.49
13.92564,-89.49908,-0.5829,24.4,24.35,32.45,64.4,48.72
13.92603,-89.4606,-1.5776,24.66,24.67,32.75,63.45,52.32
13.92641,-89.42213,-2.426,24.97,25.05,33.12,62.37,56.65
13.92679,-89.38365,-1.7319,25.29,25.45,33.53,61.27,61.28
13.92717,-89.34518,0.6818,25.61,25.83,33.93,60.22,65.77
13.92753,-89.3067,1.3737,25.89,26.16,34.28,59.33,69.7
13.9279,-89.26822,1.1788,26.1,26.4,34.53,58.66,72.62
13.92825,-89.22974,2.7481,26.21,26.51,34.65,58.31,74.14
13.9286,-89.19126,2.8529,26.22,26.47,34.65,58.26,74.26
13.92894,-89.15278,4.5533,26.16,26.35,34.55,58.43,73.42
13.92928,-89.11429,4.8803,26.06,26.18,34.4,58.72,72.04
13.92961,-89.07581,2.7724,25.96,26.0,34.25,59.02,70.59
13.92994,-89.03732,3.6473,25.88,25.87,34.11,59.24,69.51
13.93025,-88.99884,2.7303,25.86,25.82,34.04,59.26,69.25
13.93057,-88.96035,4.3904,25.9,25.87,34.03,59.09,69.88
13.93087,-88.92186,3.7665,25.99,25.98,34.05,58.81,71.05
13.93118,-88.88337,4.063,26.09,26.12,34.1,58.47,72.52
13.93147,-88.84488,3.4104,26.2,26.28,34.14,58.09,74.06
13.93176,-88.80639,2.7945,26.3,26.43,34.18,57.73,75.43
13.93204,-88.7679,2.5554,26.37,26.55,34.18,57.43,76.38
13.93232,-88.72941,2.66,26.4,26.65,34.14,57.17,76.83
13.93259,-88.69092,1.0267,26.43,26.78,34.09,56.81,77.26
13.93285,-88.65242,0.9085,26.45,26.92,34.03,56.41,77.57
13.93311,-88.61393,1.3386,26.45,27.03,33.94,56.07,77.54
13.93336,-88.57543,0.7884,26.41,27.08,33.82,55.91,76.97
13.93361,-88.53693,0.2805,26.31,27.02,33.67,56.02,75.65
13.93385,-88.49844,1.9346,26.15,26.83,33.48,56.51,73.38
13.93408,-88.45994,-2.0983,25.9,26.44,33.23,57.51,69.78
13.93431,-88.42144,-2.1764,25.56,25.88,32.93,59.0,64.99
13.93453,-88.38294,-2.7863,25.17,25.22,32.6,60.82,59.47
13.93475,-88.34444,-3.5479,24.75,24.53,32.25,62.79,53.68
13.93496,-88.30594,-2.6096,24.36,23.87,31.9,64.74,48.07
13.93516,-88.26744,-2.9501,24.0,23.33,31.57,66.45,43.1
13.93536,-88.22894,-4.4733,23.71,22.94,31.25,67.77,38.98
13.93555,-88.19044,-5.2668,23.42,22.61,30.9,68.97,34.88
13.93573,-88.15193,-3.4692,23.14,22.35,30.54,70.07,30.91
13.93591,-88.11343,-4.3591,22.88,22.14,30.2,71.0,27.36
13.93608,-88.07492,-3.2253,22.68,21.98,29.9,71.73,24.47
13.93625,-88.03642,-3.0563,22.54,21.89,29.69,72.2,22.53
13.93641,-87.99791,-1.7271,22.49,21.85,29.59,72.36,21.8
13.93657,-87.95941,-3.1351,22.57,21.92,29.67,72.02,22.98
13.93672,-87.9209,-2.6587,22.78,22.11,29.9,71.2,25.91
13.93686,-87.8824,-1.7462,23.06,22.37,30.2,70.12,29.8
13.937,-87.84389,-1.7387,23.35,22.63,30.53,68.99,33.86
13.93713,-87.80538,-2.3804,23.59,22.85,30.79,68.02,37.29
13.88099,-90.11397,5.8306,26.41,26.58,36.91,66.34,77.07
13.88147,-90.07552,3.4408,26.21,26.52,36.25,65.58,74.17
13.88195,-90.03708,3.2859,25.98,26.39,35.63,65.06,70.99
13.88243,-89.99863,2.8724,25.74,26.17,35.08,64.87,67.55
13.8829,-89.96018,1.9864,25.44,25.8,34.56,65.18,63.29
13.88336,-89.92173,0.2861,25.07,25.3,34.04,65.94,58.12
13.88382,-89.88327,0.4907,24.68,24.72,33.55,66.96,52.58
13.88427,-89.84482,-1.9306,24.3,24.16,33.1,68.05,47.25
13.88471,-89.80636,-1.6739,23.97,23.66,32.72,68.98,42.67
13.88515,-89.76791,-2.6617,23.74,23.31,32.42,69.54,39.41
13.88559,-89.72945,-4.0795,23.63,23.15,32.22,69.55,37.91
13.88601,-89.69099,-2.4928,23.63,23.15,32.12,69.14,37.81
13.88643,-89.65253,-1.669,23.7,23.26,32.09,68.45,38.82
13.88685,-89.61407,-0.692,23.83,23.45,32.13,67.58,40.65
13.88726,-89.5756,-1.2367,24.0,23.69,32.23,66.61,43.03
13.88766,-89.53714,-2.1313,24.19,23.95,32.37,65.64,45.7
13.88806,-89.49867,-0.8556,24.38,24.2,32.54,64.76,48.37
13.88845,-89.46021,-2.1954,24.6,24.48,32.79,63.85,51.58
13.88883,-89.42174,-2.0657,24.89,24.83,33.13,62.83,55.6
13.88921,-89.38327,-3.0033,25.2,25.22,33.53,61.79,59.99
13.88958,-89.3448,0.5247,25.51,25.59,33.93,60.81,64.33
13.88995,-89.30633,0.6147,25.78,25.91,34.28,59.96,68.17
13.89031,-89.26785,0.5298,25.99,26.15,34.54,59.32,71.09
13.89066,-89.22938,2.7637,26.1,26.27,34.67,58.96,72.67
13.89101,-89.1909,3.1774,26.13,26.27,34.69,58.88,73.01
13.89135,-89.15243,4.2276,26.09,26.18,34.63,59.0,72.49
13.89169,-89.11395,3.3621,26.02,26.05,34.53,59.22,71.49
13.89202,-89.07547,2.6279,25.94,25.92,34.41,59.46,70.43
13.89234,-89.037,2.926,25.89,25.82,34.31,59.61,69.68
13.89266,-88.99852,2.9956,25.89,25.8,34.27,59.59,69.65
13.89297,-88.96003,3.5614,25.94,25.86,34.27,59.41,70.36
13.89328,-88.92155,3.5791,26.02,25.97,34.29,59.13,71.5
13.89358,-88.88307,4.5746,26.12,26.11,34.32,58.8,72.9
13.89387,-88.84459,2.8952,26.22,26.26,34.36,58.43,74.38
13.89416,-88.8061,1.9408,26.32,26.42,34.39,58.06,75.77
13.89444,-88.76762,2.9995,26.4,26.56,34.41,57.73,76.89
13.89472,-88.72913,2.0991,26.46,26.69,34.41,57.39,77.71
13.89499,-88.69064,1.5913,26.54,26.88,34.42,56.91,78.76
13.89525,-88.65215,0.7162,26.61,27.1,34.43,56.36,79.83
13.89551,-88.61367,-0.7264,26.67,27.29,34.42,55.88,80.62
13.89576,-88.57518,-0.6129,26.68,27.42,34.38,55.57,80.84
13.89601,-88.53669,-1.3602,26.64,27.43,34.29,55.56,80.2
13.89625,-88.4982,-2.3538,26.51,27.28,34.15,55.95,78.4
13.89648,-88.4597,-3.0436,26.27,26.91,33.93,56.91,75.04
13.89671,-88.42121,-2.2912,25.94,26.36,33.64,58.38,70.32
13.89693,-88.38272,-3.5391,25.54,25.71,33.31,60.2,64.76
13.89714,-88.34422,-3.1202,25.13,25.01,32.97,62.17,58.91
13.89735,-88.30573,-2.842,24.73,24.36,32.62,64.11,53.27
13.89755,-88.26723,-2.2595,24.38,23.82,32.29,65.77,48.39
13.89775,-88.22874,-3.3096,24.1,23.45,31.99,67.0,44.5
13.89794,-88.19024,-6.4763,23.84,23.15,31.66,68.07,40.75
13.89813,-88.15175,-4.3625,23.59,22.91,31.31,69.0,37.23
13.8983,-88.11325,-3.2381,23.37,22.74,30.99,69.74,34.15
13.89848,-88.07475,-2.2915,23.2,22.61,30.71,70.28,31.73
13.89864,-88.03625,-2.7991,23.09,22.55,30.52,70.58,30.21
13.8988,-87.99775,-3.1711,23.06,22.53,30.44,70.6,29.81
13.89896,-87.95925,-2.3565,23.16,22.63,30.53,70.15,31.26
13.89911,-87.92075,-2.7254,23.39,22.84,30.77,69.23,34.43
13.89925,-87.88225,-2.0414,23.68,23.11,31.09,68.07,38.51
13.89938,-87.84375,-2.0024,23.98,23.38,31.42,66.89,42.72
13.89951,-87.80525,-3.309,24.23,23.61,31.7,65.89,46.24
13.84293,-90.15191,3.2394,26.82,26.9,38.37,68.13,82.84
13.84343,-90.11347,2.6906,26.65,26.86,37.78,67.39,80.34
13.84391,-90.07503,0.5187,26.45,26.79,37.18,66.77,77.52
13.84439,-90.03659,-0.2864,26.23,26.65,36.59,66.35,74.44
13.84487,-89.99815,1.2797,25.99,26.43,36.06,66.2,71.12
13.84533,-89.9597,1.9806,25.7,26.06,35.54,66.46,67.06
13.8458,-89.92126,1.7057,25.36,25.58,35.02,67.1,62.18
13.84625,-89.88281,-1.8985,24.99,25.03,34.51,67.95,56.97
13.8467,-89.84436,-3.6142,24.63,24.48,34.03,68.84,51.91
13.84714,-89.80591,-3.812,24.31,23.99,33.6,69.58,47.48
13.84758,-89.76746,-2.2512,24.08,23.63,33.25,69.99,44.19
13.84801,-89.72901,-3.6399,23.95,23.44,32.98,69.91,42.39
13.84844,-89.69056,-2.264,23.9,23.38,32.78,69.47,41.7
13.84886,-89.6521,-0.6971,23.92,23.41,32.63,68.76,41.91
13.84927,-89.61365,-2.7992,23.98,23.52,32.55,67.89,42.84
13.84968,-89.57519,-0.8466,24.09,23.68,32.53,66.94,44.31
13.85008,-89.53673,3.1725,24.22,23.86,32.56,66.01,46.16
13.85048,-89.49827,-1.6994,24.36,24.05,32.66,65.17,48.19
13.85087,-89.45981,-2.5724,24.56,24.3,32.85,64.32,50.92
13.85125,-89.42135,-2.8972,24.81,24.61,33.16,63.4,54.51
13.85163,-89.38288,-0.6143,25.1,24.96,33.53,62.46,58.54
13.852,-89.34442,-0.4089,25.39,25.31,33.91,61.57,62.59
13.85236,-89.30595,0.311,25.65,25.62,34.26,60.81,66.23
13.85272,-89.26749,0.5439,25.84,25.86,34.52,60.22,69.03
13.85308,-89.22902,2.9896,25.96,25.98,34.66,59.86,70.64
13.85342,-89.19055,2.9835,26.0,26.0,34.7,59.75,71.17
13.85377,-89.15208,2.8426,25.98,25.95,34.69,59.81,70.98
13.8541,-89.11361,4.2631,25.94,25.87,34.63,59.96,70.39
13.85443,-89.07514,2.6834,25.89,25.78,34.55,60.12,69.72
13.85475,-89.03667,3.1185,25.86,25.72,34.49,60.2,69.32
13.85507,-88.99819,3.1343,25.88,25.73,34.47,60.14,69.52
13.85538,-88.95972,2.8413,25.93,25.8,34.47,59.95,70.27
13.85569,-88.92124,2.7912,26.01,25.9,34.49,59.68,71.33
13.85599,-88.88277,2.13,26.1,26.03,34.51,59.36,72.6
13.85628,-88.84429,3.1309,26.19,26.17,34.54,59.01,73.96
13.85657,-88.80581,3.2121,26.29,26.32,34.57,58.64,75.32
13.85685,-88.76733,2.1341,26.38,26.48,34.6,58.27,76.57
13.85712,-88.72885,2.006,26.46,26.65,34.63,57.86,77.76
13.85739,-88.69037,1.5153,26.58,26.9,34.7,57.26,79.41
13.85765,-88.65189,-0.3604,26.71,27.19,34.78,56.57,81.24
13.85791,-88.61341,-2.4792,26.83,27.47,34.85,55.93,82.86
13.85816,-88.57492,-1.9832,26.9,27.67,34.89,55.47,83.89
13.8584,-88.53644,-2.2257,26.9,27.75,34.87,55.33,83.96
13.85864,-88.49795,-2.4771,26.81,27.66,34.77,55.63,82.67
13.85888,-88.45947,-3.2731,26.6,27.32,34.59,56.52,79.61
13.8591,-88.42098,-2.5633,26.27,26.8,34.32,57.95,75.03
13.85932,-88.38249,-3.7454,25.88,26.15,34.0,59.74,69.54
13.85954,-88.34401,-3.3537,25.47,25.47,33.66,61.69,63.71
13.85975,-88.30552,-3.2408,25.07,24.83,33.32,63.58,58.15
13.85995,-88.26703,-2.9212,24.74,24.31,33.01,65.17,53.42
13.86014,-88.22854,-3.1812,24.48,23.96,32.73,66.29,49.84
13.86033,-88.19005,-3.1141,24.25,23.69,32.42,67.22,46.52
13.86052,-88.15156,-6.5491,24.03,23.49,32.1,67.97,43.5
13.8607,-88.11307,-4.1343,23.85,23.35,31.8,68.53,40.95
13.86087,-88.07458,-3.3503,23.72,23.26,31.55,68.88,39.05
13.86103,-88.03609,-2.6012,23.64,23.23,31.38,69.01,37.99
13.86119,-87.99759,-3.2795,23.64,23.23,31.32,68.9,37.94
13.86135,-87.9591,-2.1247,23.76,23.35,31.43,68.34,39.66
13.8615,-87.92061,-2.4704,24.0,23.58,31.68,67.34,43.04
13.86164,-87.88211,-3.6414,24.3,23.86,32.02,66.12,47.29
13.86177,-87.84362,-2.7117,24.61,24.15,32.36,64.9,51.61
13.8619,-87.80512,-4.9856,24.86,24.38,32.65,63.88,55.21
13.80538,-90.1514,-0.3646,27.02,27.15,39.12,68.98,85.6
13.80587,-90.11297,-1.2128,26.85,27.11,38.59,68.41,83.21
13.80635,-90.07454,-2.6001,26.66,27.03,38.04,67.94,80.54
13.80683,-90.0361,-1.8475,26.45,26.89,37.5,67.61,77.6
13.8073,-89.99766,-2.6204,26.23,26.67,36.99,67.49,74.46
13.80777,-89.95923,0.5528,25.96,26.32,36.49,67.7,70.65
13.80823,-89.92079,0.0616,25.64,25.86,35.97,68.21,66.14
13.80868,-89.88235,-2.547,25.3,25.34,35.45,68.88,61.32
13.80913,-89.84391,-4.2478,24.96,24.81,34.95,69.57,56.6
13.80958,-89.80546,-2.1353,24.66,24.34,34.49,70.12,52.4
13.81001,-89.76702,-2.8591,24.43,23.98,34.09,70.39,49.14
13.81044,-89.72857,-3.7741,24.29,23.76,33.76,70.23,47.09
13.81087,-89.69012,-6.5329,24.2,23.65,33.47,69.75,45.87
13.81128,-89.65168,-3.9261,24.16,23.61,33.22,69.04,45.33
13.8117,-89.61323,-4.4036,24.17,23.64,33.03,68.18,45.41
13.8121,-89.57478,-2.758,24.21,23.71,32.89,67.27,46.02
13.8125,-89.53632,-1.1573,24.28,23.83,32.83,66.38,47.06
13.8129,-89.49787,-1.2043,24.38,23.96,32.84,65.6,48.47
13.81329,-89.45941,-2.7963,24.54,24.15,32.99,64.83,50.67
13.81367,-89.42096,-3.1978,24.76,24.42,33.25,64.02,53.77
13.81405,-89.3825,-2.7671,25.02,24.74,33.59,63.2,57.37
13.81442,-89.34404,-1.9797,25.28,25.06,33.95,62.43,61.04
13.81478,-89.30558,-0.776,25.52,25.35,34.28,61.76,64.4
13.81514,-89.26712,0.2487,25.7,25.57,34.53,61.24,67.03
13.81549,-89.22866,1.6056,25.81,25.69,34.68,60.9,68.6
13.81584,-89.1902,3.1368,25.86,25.74,34.74,60.76,69.3
13.81618,-89.15174,3.6722,25.87,25.72,34.76,60.77,69.42
13.81651,-89.11327,2.716,25.86,25.68,34.74,60.84,69.2
13.81684,-89.07481,1.0205,25.84,25.63,34.71,60.92,68.92
13.81716,-89.03634,1.923,25.83,25.61,34.68,60.95,68.84
13.81748,-88.99787,3.2623,25.86,25.64,34.68,60.84,69.22
13.81779,-88.9594,1.9351,25.91,25.71,34.69,60.64,70.0
13.81809,-88.92093,-3.1222,25.98,25.81,34.69,60.38,70.95
13.81839,-88.88246,2.4397,26.06,25.92,34.7,60.09,72.05
13.81868,-88.84399,2.2118,26.15,26.05,34.71,59.75,73.27
13.81897,-88.80552,2.0142,26.24,26.2,34.74,59.38,74.56
13.81925,-88.76705,1.4458,26.33,26.36,34.77,58.98,75.9
13.81952,-88.72857,1.1793,26.44,26.56,34.84,58.5,77.4
13.81979,-88.6901,0.8719,26.59,26.87,34.96,57.79,79.6
13.82005,-88.65162,-2.1967,26.77,27.22,35.11,56.96,82.12
13.82031,-88.61315,-2.4065,26.94,27.57,35.25,56.18,84.5
13.82056,-88.57467,-1.2989,27.07,27.85,35.36,55.59,86.28
13.8208,-88.53619,-2.3299,27.12,28.0,35.41,55.32,87.01
13.82104,-88.49771,-2.7751,27.07,27.95,35.36,55.52,86.23
13.82127,-88.45923,-2.1059,26.87,27.66,35.2,56.35,83.5
13.8215,-88.42075,-3.5009,26.56,27.17,34.96,57.71,79.14
13.82172,-88.38227,-1.5636,26.18,26.55,34.66,59.44,73.79
13.82193,-88.34379,-1.9974,25.78,25.89,34.33,61.33,68.1
13.82214,-88.30531,-2.7457,25.39,25.28,34.0,63.15,62.68
13.82234,-88.26683,-3.2671,25.07,24.78,33.7,64.65,58.19
13.82254,-88.22834,-3.8978,24.84,24.46,33.44,65.65,54.96
13.82273,-88.18986,-2.1054,24.64,24.23,33.16,66.42,52.09
13.82291,-88.15138,-3.7863,24.46,24.06,32.87,67.0,49.58
13.82309,-88.11289,-2.9975,24.32,23.96,32.6,67.38,47.56
13.82326,-88.0744,-3.2302,24.22,23.9,32.38,67.57,46.18
13.82343,-88.03592,-3.3118,24.18,23.89,32.23,67.55,45.56
13.82358,-87.99743,-3.2089,24.2,23.92,32.19,67.33,45.86
13.82374,-87.95895,-1.8226,24.34,24.06,32.32,66.69,47.82
13.82389,-87.92046,-2.1287,24.59,24.3,32.59,65.63,51.38
13.82403,-87.88197,-3.7071,24.9,24.6,32.94,64.39,55.74
13.82416,-87.84348,-6.6717,25.21,24.89,33.3,63.16,60.13
13.82429,-87.80499,-4.2222,25.47,25.12,33.6,62.14,63.76
13.76782,-90.1509,-2.3028,27.19,27.38,39.77,69.72,88.03
13.76831,-90.11247,-3.0631,27.04,27.33,39.31,69.29,85.8
13.76879,-90.07404,-3.204,26.86,27.25,38.82,68.94,83.28
13.76927,-90.03562,-3.8882,26.66,27.11,38.33,68.69,80.53
13.76974,-89.99719,-3.6297,26.45,26.89,37.85,68.6,77.59
13.7702,-89.95875,-2.218,26.2,26.56,37.37,68.76,74.07
13.77066,-89.92032,-2.1494,25.91,26.13,36.86,69.15,69.92
13.77112,-89.88189,-5.0677,25.59,25.64,36.34,69.66,65.51
13.77156,-89.84345,-3.8805,25.28,25.14,35.83,70.18,61.15
13.77201,-89.80501,-5.5377,25.0,24.69,35.35,70.56,57.21
13.77244,-89.76657,-4.0211,24.78,24.34,34.93,70.7,54.02
13.77287,-89.72814,-5.8225,24.62,24.1,34.55,70.49,51.8
13.77329,-89.68969,-7.2887,24.5,23.95,34.19,69.98,50.15
13.77371,-89.65125,-7.0016,24.42,23.85,33.86,69.27,49.01
13.77412,-89.61281,-4.1908,24.38,23.81,33.56,68.44,48.38
13.77453,-89.57436,-1.4228,24.37,23.81,33.34,67.57,48.25
13.77493,-89.53592,-1.4977,24.39,23.86,33.19,66.74,48.61
13.77532,-89.49747,-2.1442,24.45,23.94,33.14,66.02,49.46
13.77571,-89.45902,-3.2672,24.58,24.09,33.23,65.34,51.18
13.77609,-89.42057,-3.168,24.76,24.32,33.45,64.63,53.79
13.77646,-89.38212,-1.6162,24.98,24.6,33.75,63.94,56.92
13.77683,-89.34367,-1.9948,25.22,24.88,34.08,63.3,60.2
13.7772,-89.30522,-1.5292,25.43,25.14,34.39,62.73,63.23
13.77755,-89.26676,-0.6124,25.6,25.35,34.63,62.28,65.64
13.7779,-89.22831,1.4243,25.71,25.48,34.78,61.96,67.14
13.77825,-89.18985,2.7146,25.77,25.53,34.86,61.81,67.95
13.77892,-89.11293,2.2913,25.8,25.54,34.92,61.78,68.4
13.77925,-89.07447,1.2547,25.8,25.53,34.92,61.8,68.44
13.77957,-89.03601,1.6134,25.82,25.53,34.92,61.77,68.62
13.77989,-88.99755,3.6781,25.85,25.58,34.94,61.63,69.16
13.7802,-88.95909,2.166,25.91,25.65,34.95,61.42,69.92
13.7805,-88.92063,2.2893,25.97,25.73,34.94,61.17,70.75
13.7808,-88.88216,0.9075,26.03,25.82,34.93,60.89,71.69
13.78109,-88.8437,0.9042,26.11,25.93,34.93,60.57,72.75
13.78137,-88.80523,1.1875,26.19,26.07,34.95,60.2,73.96
13.78165,-88.76676,1.1363,26.29,26.24,34.99,59.78,75.35
13.78193,-88.7283,-0.3552,26.42,26.47,35.08,59.24,77.1
13.78219,-88.68983,-0.4183,26.6,26.81,35.24,58.44,79.71
13.78245,-88.65136,-1.9604,26.82,27.22,35.44,57.51,82.77
13.78271,-88.61289,-2.387,27.03,27.62,35.65,56.61,85.75
13.78296,-88.57442,-1.5816,27.2,27.96,35.82,55.91,88.15
13.7832,-88.53595,-1.9846,27.29,28.17,35.92,55.53,89.44
13.78344,-88.49747,-2.12,27.27,28.17,35.91,55.64,89.11
13.78367,-88.459,-1.7714,27.1,27.92,35.78,56.38,86.71
13.7839,-88.42053,-1.9499,26.81,27.47,35.56,57.66,82.63
13.78411,-88.38205,-2.4986,26.45,26.89,35.27,59.3,77.52
13.78433,-88.34358,-2.2997,26.06,26.27,34.95,61.09,72.05
13.78453,-88.3051,-3.2183,25.69,25.69,34.64,62.8,66.88
13.78474,-88.26662,-3.0585,25.39,25.23,34.36,64.19,62.68
13.78493,-88.22815,-2.996,25.19,24.94,34.12,65.07,59.8
13.78512,-88.18967,0.9763,25.02,24.74,33.86,65.7,57.37
13.7853,-88.15119,-0.9638,24.87,24.61,33.6,66.13,55.33
13.78548,-88.11271,-3.0608,24.76,24.53,33.36,66.36,53.81
13.78565,-88.07423,-3.0125,24.7,24.5,33.17,66.41,52.88
13.78582,-88.03575,-3.1568,24.68,24.52,33.05,66.27,52.66
13.78598,-87.99727,-1.8015,24.72,24.57,33.03,65.97,53.25
13.78613,-87.95879,-2.4719,24.88,24.71,33.18,65.28,55.4
13.78628,-87.92031,-2.1882,25.14,24.97,33.46,64.21,59.06
13.78642,-87.88183,-4.155,25.45,25.27,33.82,62.97,63.46
13.78655,-87.84335,-4.049,25.76,25.56,34.19,61.76,67.86
13.78668,-87.80486,-3.9091,26.02,25.79,34.5,60.77,71.48
13.73026,-90.15039,-4.4607,27.35,27.58,40.34,70.27,90.16
13.73075,-90.11197,-5.5662,27.2,27.53,39.93,69.95,88.11
13.73123,-90.07355,-6.3482,27.04,27.45,39.5,69.69,85.8
13.73171,-90.03513,-4.7877,26.86,27.31,39.06,69.51,83.27
13.73218,-89.99671,-6.2987,26.66,27.11,38.62,69.43,80.54
13.73264,-89.95828,-5.098,26.43,26.8,38.16,69.55,77.3
13.7331,-89.91985,-6.7465,26.16,26.39,37.67,69.85,73.52
13.73355,-89.88143,-6.5426,25.88,25.93,37.16,70.24,69.49
13.73399,-89.843,-5.8157,25.59,25.47,36.66,70.62,65.48
13.73443,-89.80457,-6.9492,25.33,25.04,36.17,70.88,61.8
13.73487,-89.76613,-6.3765,25.11,24.7,35.73,70.93,58.72
13.7353,-89.7277,-5.1768,24.95,24.45,35.33,70.67,56.42
13.73572,-89.68926,-4.523,24.81,24.27,34.93,70.15,54.5
13.73614,-89.65083,-4.484,24.7,24.13,34.53,69.45,52.95
13.73655,-89.61239,-3.0013,24.62,24.04,34.18,68.65,51.83
13.73695,-89.57395,-1.9126,24.58,24.0,33.89,67.83,51.17
13.73735,-89.53551,-3.8683,24.57,24.0,33.68,67.05,51.03
13.73774,-89.49707,-2.4003,24.59,24.04,33.58,66.39,51.43
13.73813,-89.45863,-2.6399,24.69,24.15,33.63,65.79,52.74
13.73851,-89.42018,-2.6178,24.84,24.35,33.81,65.2,54.91
13.73888,-89.38174,-2.1163,25.03,24.58,34.07,64.63,57.6
13.73925,-89.34329,-3.1934,25.24,24.84,34.37,64.1,60.47
13.73961,-89.30485,-1.0459,25.43,25.07,34.65,63.63,63.16
13.73997,-89.2664,-1.5109,25.58,25.26,34.88,63.25,65.33
13.74032,-89.22795,0.3545,25.68,25.38,35.01,62.96,66.72
13.74066,-89.1895,1.9532,25.74,25.44,35.1,62.8,67.58
13.741,-89.15105,1.4994,25.78,25.47,35.16,62.73,68.09
13.74133,-89.1126,0.4453,25.8,25.49,35.2,62.71,68.4
13.74166,-89.07414,1.9765,25.82,25.5,35.22,62.68,68.66
13.74198,-89.03569,1.3704,25.84,25.53,35.24,62.61,69.02
13.74229,-88.99723,-0.3206,25.89,25.58,35.27,62.44,69.64
13.7426,-88.95878,0.6878,25.94,25.64,35.28,62.23,70.37
13.7429,-88.92032,0.8211,25.99,25.71,35.26,61.99,71.1
13.7432,-88.88186,-0.2208,26.05,25.78,35.24,61.72,71.89
13.74349,-88.8434,1.4265,26.11,25.87,35.23,61.41,72.81
13.74378,-88.80494,0.0901,26.19,25.99,35.24,61.04,73.94
13.74405,-88.76648,0.4536,26.29,26.16,35.28,60.6,75.33
13.74433,-88.72802,-1.2073,26.43,26.39,35.39,60.02,77.22
13.74459,-88.68956,-2.125,26.63,26.76,35.58,59.16,80.08
13.74485,-88.65109,-2.1563,26.87,27.2,35.81,58.17,83.47
13.74511,-88.61263,-1.6259,27.11,27.64,36.05,57.2,86.83
13.74536,-88.57417,-1.6113,27.31,28.02,36.26,56.41,89.63
13.7456,-88.5357,-2.4414,27.43,28.26,36.4,55.96,91.31
13.74584,-88.49723,-2.2596,27.43,28.31,36.42,55.98,91.33
13.74607,-88.45877,-1.461,27.28,28.1,36.31,56.63,89.26
13.74629,-88.4203,-0.7283,27.01,27.69,36.1,57.8,85.5
13.74651,-88.38183,-1.1015,26.67,27.16,35.83,59.31,80.72
13.74672,-88.34336,-1.6594,26.31,26.59,35.53,60.97,75.58
13.74693,-88.30489,-3.1122,25.97,26.06,35.23,62.54,70.74
13.74713,-88.26642,-2.0345,25.69,25.64,34.96,63.8,66.87
13.74732,-88.22795,-0.3679,25.51,25.39,34.75,64.55,64.33
13.74751,-88.18948,-0.8678,25.36,25.22,34.51,65.06,62.27
13.7477,-88.15101,-0.8796,25.25,25.11,34.27,65.37,60.63
13.74787,-88.11253,-2.3955,25.17,25.05,34.05,65.49,59.49
13.74804,-88.07406,-2.7256,25.13,25.04,33.88,65.44,58.92
13.74821,-88.03559,-2.8398,25.13,25.07,33.79,65.24,59.0
13.74837,-87.99711,-4.0688,25.19,25.13,33.79,64.89,59.8
13.74852,-87.95864,-2.5655,25.35,25.29,33.95,64.2,62.05
13.74866,-87.92016,-3.4489,25.61,25.54,34.25,63.16,65.71
13.74881,-87.88169,-3.6273,25.92,25.84,34.62,61.97,70.06
13.74894,-87.84321,-3.41,26.22,26.13,34.99,60.82,74.38
13.6927,-90.14989,-6.416,27.46,27.74,40.79,70.74,91.71
13.69319,-90.11148,-10.1551,27.33,27.7,40.46,70.52,89.93
13.69367,-90.07306,0.9594,27.19,27.62,40.1,70.34,87.91
13.69461,-89.99623,-5.8944,26.86,27.31,39.34,70.15,83.28
13.69507,-89.95781,-7.2335,26.65,27.03,38.92,70.22,80.43
13.69553,-89.91939,-9.1425,26.42,26.66,38.46,70.43,77.12
13.69598,-89.88097,-9.268,26.17,26.25,37.98,70.69,73.57
13.69643,-89.84254,-8.7014,25.92,25.83,37.5,70.93,70.03
13.69686,-89.80412,-7.8149,25.68,25.44,37.03,71.07,66.71
13.6973,-89.76569,-7.902,25.48,25.11,36.59,71.04,63.85
13.69772,-89.72727,-4.4504,25.31,24.87,36.18,70.75,61.56
13.69815,-89.68884,-4.5086,25.17,24.67,35.75,70.23,59.48
13.69856,-89.65041,-3.6846,25.04,24.5,35.32,69.56,57.65
13.69897,-89.61198,-3.3545,24.93,24.37,34.92,68.8,56.15
13.69937,-89.57354,-4.6641,24.85,24.29,34.58,68.04,55.07
13.69977,-89.53511,-9.3576,24.81,24.24,34.33,67.34,54.48
13.70016,-89.49667,-2.1196,24.81,24.24,34.19,66.76,54.47
13.70055,-89.45824,-3.3866,24.87,24.32,34.19,66.27,55.32
13.70092,-89.4198,-3.9379,24.99,24.47,34.32,65.81,56.96
13.7013,-89.38136,-1.1004,25.14,24.66,34.53,65.39,59.09
13.70166,-89.34292,-2.3429,25.3,24.87,34.78,65.01,61.43
13.70203,-89.30448,-1.1652,25.46,25.06,35.02,64.67,63.66
13.70238,-89.26604,0.3066,25.59,25.22,35.21,64.38,65.48
13.70273,-89.2276,-0.1533,25.68,25.33,35.33,64.14,66.69
13.70307,-89.18915,0.3961,25.74,25.39,35.42,63.99,67.53
13.70341,-89.15071,0.2268,25.78,25.44,35.49,63.9,68.13
13.70374,-89.11226,1.0209,25.81,25.47,35.54,63.84,68.59
13.70407,-89.07381,0.7706,25.84,25.5,35.58,63.77,69.01
13.70439,-89.03536,-1.0512,25.88,25.53,35.62,63.66,69.49
13.7047,-88.99692,1.2021,25.92,25.58,35.64,63.48,70.14
13.70501,-88.95846,0.6717,25.97,25.63,35.65,63.26,70.8
13.70531,-88.92001,0.1542,26.01,25.67,35.62,63.03,71.38
13.70561,-88.88156,-2.4173,26.06,25.71,35.59,62.78,72.01
13.7059,-88.84311,0.2782,26.11,25.77,35.56,62.47,72.77
13.70618,-88.80466,0.3072,26.18,25.87,35.56,62.1,73.77
13.70646,-88.7662,-0.9458,26.28,26.02,35.61,61.64,75.11
13.70673,-88.72774,-0.6866,26.41,26.26,35.72,61.04,77.05
13.70699,-88.68929,-1.1993,26.62,26.63,35.92,60.15,80.02
13.70725,-88.65083,-0.7448,26.88,27.08,36.17,59.12,83.55
13.70751,-88.61237,-0.984,27.13,27.55,36.44,58.1,87.11
13.70776,-88.57391,-0.4416,27.34,27.95,36.67,57.26,90.14
13.708,-88.53546,-2.7543,27.48,28.23,36.83,56.74,92.1
13.70823,-88.497,0.8745,27.51,28.31,36.87,56.68,92.43
13.70846,-88.45853,-2.1076,27.39,28.15,36.78,57.2,90.75
13.70869,-88.42007,-1.0263,27.15,27.81,36.59,58.21,87.46
13.70891,-88.38161,-1.2763,26.85,27.35,36.34,59.53,83.19
13.70912,-88.34315,-1.1943,26.52,26.86,36.05,60.98,78.57
13.70932,-88.30468,-1.8215,26.21,26.39,35.77,62.35,74.23
13.70952,-88.26622,-3.5249,25.97,26.03,35.53,63.43,70.81
13.70972,-88.22775,-2.3455,25.82,25.81,35.33,64.05,68.65
13.70991,-88.18929,-0.989,25.7,25.67,35.11,64.44,66.95
13.71009,-88.15082,-2.5049,25.6,25.59,34.9,64.65,65.65
13.71026,-88.11236,-2.602,25.55,25.55,34.7,64.7,64.82
13.71043,-88.07389,-1.0442,25.52,25.55,34.55,64.6,64.51
13.7106,-88.03542,-5.4357,25.54,25.59,34.48,64.36,64.79
13.71076,-87.99695,-2.857,25.61,25.65,34.5,64.02,65.71
13.71091,-87.95849,-2.7238,25.77,25.8,34.67,63.37,67.96
13.71105,-87.92002,-2.2902,26.02,26.04,34.97,62.42,71.51
13.71119,-87.88155,-3.7699,26.32,26.33,35.35,61.34,75.69
13.71133,-87.84308,-3.0679,26.61,26.6,35.73,60.3,79.82
13.65514,-90.14939,-6.1557,27.53,27.87,41.16,71.15,92.77
13.65563,-90.11099,-4.5306,27.43,27.83,40.91,71.02,91.32
13.65611,-90.07258,-2.1442,27.31,27.77,40.63,70.92,89.66
13.65658,-90.03417,-6.5622,27.18,27.66,40.33,70.84,87.82
13.65705,-89.99575,-8.8694,27.04,27.5,40.0,70.78,85.8
13.65751,-89.95734,-6.7793,26.87,27.26,39.64,70.81,83.42
13.65796,-89.91893,-8.817,26.67,26.94,39.23,70.91,80.66
13.65841,-89.88051,-9.6157,26.46,26.59,38.8,71.04,77.71
13.65886,-89.84209,-9.8206,26.25,26.22,38.35,71.15,74.71
13.65929,-89.80367,-9.7579,26.04,25.88,37.91,71.18,71.85
13.65973,-89.76525,-9.2875,25.86,25.58,37.49,71.07,69.29
13.66015,-89.72683,-6.8748,25.71,25.34,37.08,70.76,67.09
13.66057,-89.68841,-6.5127,25.55,25.13,36.64,70.25,64.95
13.66098,-89.64999,-6.1867,25.41,24.94,36.19,69.61,62.92
13.66139,-89.61156,-4.2521,25.28,24.78,35.76,68.91,61.13
13.66179,-89.57313,-4.8047,25.18,24.65,35.38,68.22,59.69
13.66219,-89.53471,-6.241,25.11,24.57,35.09,67.61,58.71
13.66258,-89.49628,1.4996,25.08,24.53,34.91,67.14,58.29
13.66296,-89.45785,-4.2279,25.11,24.56,34.87,66.78,58.64
13.66334,-89.41942,-3.573,25.18,24.66,34.94,66.49,59.68
13.66371,-89.38098,-5.8343,25.28,24.79,35.09,66.25,61.15
13.66408,-89.34255,-4.184,25.4,24.95,35.28,66.04,62.84
13.66444,-89.30411,-2.1309,25.52,25.1,35.46,65.86,64.49
13.6648,-89.26568,-1.8225,25.62,25.22,35.61,65.68,65.87
13.66514,-89.22724,-1.6191,25.69,25.3,35.71,65.5,66.83
13.66549,-89.1888,-0.4294,25.74,25.36,35.79,65.37,67.59
13.66582,-89.15036,1.7056,25.79,25.41,35.86,65.27,68.23
13.66615,-89.11192,-2.2646,25.83,25.46,35.92,65.18,68.8
13.66648,-89.07348,-3.6868,25.87,25.5,35.98,65.08,69.34
13.6668,-89.03504,0.0962,25.91,25.54,36.02,64.94,69.9
13.66711,-88.9966,-1.3586,25.95,25.58,36.05,64.74,70.53
13.66742,-88.95815,-0.3558,25.99,25.61,36.04,64.53,71.07
13.66772,-88.91971,-1.5628,26.02,25.61,36.0,64.31,71.48
13.66801,-88.88126,-1.0498,26.05,25.61,35.95,64.06,71.9
13.6683,-88.84282,-0.2502,26.09,25.64,35.91,63.76,72.46
13.66858,-88.80437,0.9764,26.15,25.7,35.9,63.39,73.29
13.66886,-88.76592,-0.1914,26.23,25.83,35.94,62.93,74.52
13.66913,-88.72747,-0.4555,26.37,26.06,36.05,62.32,76.43
13.6694,-88.68902,-1.0076,26.58,26.43,36.25,61.42,79.38
13.66965,-88.65057,-0.9409,26.83,26.88,36.51,60.38,82.93
13.66991,-88.61212,-0.1924,27.09,27.34,36.79,59.35,86.54
13.67015,-88.57366,-0.2933,27.31,27.76,37.03,58.47,89.69
13.6704,-88.53521,-1.7465,27.46,28.07,37.21,57.88,91.85
13.67063,-88.49676,-1.9383,27.51,28.19,37.26,57.72,92.48
13.67086,-88.4583,-2.4417,27.42,28.09,37.19,58.08,91.25
13.67108,-88.41985,-1.7488,27.23,27.83,37.02,58.88,88.56
13.6713,-88.38139,-1.291,26.98,27.47,36.79,59.94,84.97
13.67151,-88.34293,-0.6596,26.7,27.07,36.53,61.12,81.05
13.67172,-88.30448,-1.2444,26.44,26.69,36.27,62.23,77.37
13.67192,-88.26602,-4.2044,26.23,26.4,36.05,63.09,74.51
13.67211,-88.22756,-1.0089,26.11,26.24,35.88,63.55,72.79
13.6723,-88.1891,-1.2189,26.02,26.13,35.69,63.83,71.46
13.67248,-88.15064,-3.3411,25.95,26.06,35.5,63.96,70.49
13.67265,-88.11218,-2.3294,25.91,26.03,35.33,63.95,69.93
13.67282,-88.07372,-2.0335,25.9,26.04,35.2,63.82,69.83
13.67299,-88.03526,-1.2172,25.93,26.08,35.14,63.59,70.25
13.67315,-87.9968,-1.7983,26.0,26.14,35.18,63.27,71.25
13.6733,-87.95833,-2.5974,26.16,26.28,35.36,62.71,73.44
13.67344,-87.91987,-2.407,26.39,26.51,35.67,61.89,76.78
13.67358,-87.88141,-3.4478,26.67,26.77,36.05,60.97,80.67
13.67372,-87.84294,-3.8793,26.94,27.02,36.44,60.09,84.52
13.6171,-90.1873,-17.2144,27.64,27.98,41.6,71.57,94.38
13.61758,-90.1489,-4.669,27.58,27.97,41.46,71.5,93.47
13.61807,-90.11049,-2.4636,27.5,27.94,41.3,71.46,92.38
13.61855,-90.07209,-11.3441,27.41,27.9,41.1,71.42,91.12
13.61902,-90.03369,-2.6042,27.31,27.81,40.87,71.38,89.69
13.61948,-89.99528,-6.9714,27.2,27.67,40.61,71.32,88.1
13.61994,-89.95687,-3.3109,27.07,27.47,40.31,71.29,86.22
13.6204,-89.91846,-15.4038,26.91,27.21,39.96,71.3,84.07
13.62085,-89.88005,-13.697,26.75,26.92,39.58,71.31,81.73
13.62129,-89.84164,-10.3546,26.58,26.62,39.18,71.3,79.33
13.62172,-89.80323,-10.1675,26.41,26.32,38.78,71.22,76.97
13.62215,-89.76482,-10.7536,26.25,26.06,38.39,71.04,74.77
13.62258,-89.7264,-8.1124,26.11,25.84,37.99,70.72,72.72
13.623,-89.68798,-7.403,25.95,25.62,37.55,70.23,70.58
13.62341,-89.64957,-6.6802,25.8,25.41,37.09,69.64,68.44
13.62382,-89.61115,-4.7829,25.66,25.22,36.65,69.0,66.45
13.62422,-89.57273,-5.6288,25.54,25.06,36.25,68.4,64.72
13.62461,-89.5343,-4.132,25.44,24.94,35.92,67.88,63.4
13.625,-89.49588,-4.9637,25.39,24.87,35.71,67.52,62.6
13.62538,-89.45746,-8.7952,25.38,24.86,35.62,67.3,62.46
13.62576,-89.41903,-8.4624,25.41,24.9,35.63,67.19,62.86
13.62613,-89.38061,-3.5639,25.46,24.97,35.72,67.14,63.63
13.6265,-89.34218,-3.876,25.53,25.07,35.84,67.13,64.62
13.62686,-89.30375,-4.2313,25.6,25.17,35.96,67.11,65.65
13.62721,-89.26532,-4.1797,25.67,25.25,36.07,67.06,66.54
13.62756,-89.22689,-4.3819,25.72,25.31,36.13,66.95,67.22
13.6279,-89.18846,-2.2699,25.76,25.36,36.2,66.85,67.87
13.62823,-89.15002,-0.7433,25.81,25.42,36.27,66.75,68.51
13.62856,-89.11159,-2.0144,25.85,25.47,36.34,66.64,69.15
13.62889,-89.07315,-1.7129,25.9,25.51,36.4,66.51,69.77
13.6292,-89.03472,-1.1263,25.94,25.55,36.45,66.35,70.37
13.62952,-88.99628,-1.1102,25.98,25.58,36.47,66.14,70.96
13.62982,-88.95784,-0.2187,26.01,25.58,36.46,65.93,71.35
13.63012,-88.9194,-1.8861,26.02,25.55,36.41,65.72,71.57
13.63042,-88.88096,-1.5779,26.04,25.51,36.34,65.49,71.77
13.6307,-88.84252,1.4714,26.06,25.49,36.28,65.2,72.11
13.63099,-88.80408,-0.0951,26.11,25.52,36.26,64.84,72.75
13.63126,-88.76564,-0.9479,26.19,25.62,36.28,64.38,73.84
13.63153,-88.7272,0.0923,26.31,25.83,36.39,63.76,75.65
13.6318,-88.68875,-0.388,26.52,26.19,36.59,62.87,78.49
13.63205,-88.65031,-0.5981,26.76,26.62,36.85,61.84,81.93
13.63231,-88.61186,-1.0839,27.01,27.08,37.12,60.82,85.48
13.63255,-88.57342,-0.2575,27.24,27.51,37.37,59.92,88.65
13.63279,-88.53497,-0.5636,27.4,27.83,37.55,59.28,90.93
13.63303,-88.49652,-2.7829,27.46,27.99,37.62,59.01,91.82
13.63326,-88.45807,-1.8465,27.41,27.96,37.56,59.2,91.07
13.63348,-88.41962,-0.6759,27.27,27.79,37.42,59.74,89.04
13.6337,-88.38117,-1.5077,27.07,27.54,37.21,60.51,86.22
13.63391,-88.34272,-0.996,26.84,27.24,36.98,61.38,83.1
13.63411,-88.30427,-0.7672,26.64,26.97,36.75,62.19,80.18
13.63431,-88.26582,-1.1949,26.48,26.76,36.55,62.8,77.95
13.6345,-88.22737,-1.1074,26.39,26.64,36.4,63.11,76.68
13.63469,-88.18891,-1.1366,26.32,26.57,36.24,63.28,75.72
13.63487,-88.15046,-3.9676,26.27,26.52,36.07,63.33,75.06
13.63505,-88.112,-1.3371,26.25,26.5,35.92,63.28,74.74
13.63522,-88.07355,-1.7671,26.25,26.51,35.82,63.15,74.81
13.63538,-88.03509,-1.5526,26.29,26.54,35.78,62.94,75.33
13.63554,-87.99664,-2.4574,26.37,26.6,35.84,62.67,76.36
13.63569,-87.95818,-3.2234,26.51,26.73,36.03,62.21,78.43
13.63583,-87.91972,-2.7883,26.73,26.93,36.35,61.56,81.49
13.63597,-87.88127,-3.097,26.98,27.16,36.73,60.84,85.04
13.63611,-87.84281,-3.7565,27.23,27.38,37.11,60.15,88.54
13.57954,-90.18679,-7.2976,27.66,28.05,41.78,71.81,94.55
13.58003,-90.1484,-10.5999,27.61,28.05,41.71,71.8,93.95
13.58051,-90.11,-3.0592,27.56,28.03,41.63,71.82,93.22
13.58145,-90.03321,-8.6297,27.43,27.94,41.36,71.82,91.33
13.58192,-89.99481,-8.2275,27.35,27.83,41.17,71.76,90.17
13.58238,-89.95641,0.738,27.25,27.67,40.92,71.69,88.79
13.58283,-89.918,-6.3761,27.14,27.47,40.63,71.61,87.23
13.58328,-89.8796,-10.5663,27.01,27.24,40.31,71.52,85.51
13.58372,-89.8412,-8.9828,26.89,26.99,39.97,71.39,83.7
13.58415,-89.80279,-11.864,26.75,26.75,39.61,71.22,81.84
13.58458,-89.76438,-13.545,26.62,26.52,39.25,70.99,80.0
13.58501,-89.72597,-15.4305,26.49,26.32,38.88,70.67,78.14
13.58542,-89.68756,-16.241,26.34,26.1,38.45,70.2,76.06
13.58583,-89.64915,-10.5987,26.19,25.88,37.99,69.66,73.88
13.58624,-89.61074,-8.3557,26.04,25.68,37.54,69.09,71.76
13.58664,-89.57232,-9.945,25.9,25.49,37.12,68.57,69.82
13.58703,-89.5339,-8.7516,25.79,25.34,36.78,68.15,68.22
13.58742,-89.49549,-11.9916,25.71,25.24,36.54,67.9,67.11
13.5878,-89.45707,-8.098,25.66,25.18,36.41,67.83,66.5
13.58818,-89.41865,-8.5258,25.65,25.17,36.37,67.89,66.3
13.58855,-89.38023,-6.4923,25.66,25.19,36.38,68.03,66.4
13.58891,-89.34181,-6.0609,25.68,25.23,36.44,68.2,66.7
13.58927,-89.30339,-4.9456,25.71,25.28,36.51,68.35,67.12
13.58962,-89.26496,-5.9146,25.74,25.32,36.57,68.43,67.54
13.58997,-89.22654,-3.2502,25.77,25.35,36.6,68.4,67.92
13.59031,-89.18811,-4.928,25.8,25.4,36.66,68.33,68.45
13.59064,-89.14968,-3.2947,25.85,25.45,36.73,68.24,69.07
13.59097,-89.11126,-1.4456,25.9,25.5,36.8,68.11,69.75
13.5913,-89.07283,-5.9034,25.94,25.55,36.86,67.96,70.42
13.59161,-89.0344,-1.9699,25.99,25.59,36.91,67.78,71.04
13.59192,-88.99597,-1.8883,26.02,25.61,36.93,67.58,71.56
13.59223,-88.95753,-1.3478,26.04,25.58,36.9,67.38,71.81
13.59253,-88.9191,-4.6691,26.04,25.51,36.83,67.18,71.84
13.59282,-88.88067,-4.5637,26.04,25.43,36.75,66.95,71.83
13.59311,-88.84223,1.8476,26.05,25.37,36.68,66.68,71.96
13.59339,-88.8038,-0.8178,26.08,25.36,36.64,66.32,72.4
13.59366,-88.76536,-0.2882,26.15,25.43,36.66,65.87,73.32
13.59393,-88.72692,-1.7177,26.27,25.62,36.75,65.25,74.99
13.5942,-88.68849,-0.6732,26.46,25.95,36.94,64.39,77.65
13.59445,-88.65005,-1.807,26.69,26.36,37.19,63.4,80.9
13.59471,-88.61161,-1.3551,26.93,26.81,37.46,62.4,84.3
13.59495,-88.57317,-1.3457,27.15,27.23,37.7,61.5,87.39
13.59519,-88.53473,0.5871,27.31,27.56,37.88,60.82,89.71
13.59542,-88.49628,-1.136,27.39,27.75,37.95,60.45,90.83
13.59565,-88.45784,-1.3167,27.37,27.79,37.91,60.45,90.53
13.59587,-88.4194,-0.9028,27.27,27.71,37.78,60.73,89.16
13.59609,-88.38095,-0.2785,27.13,27.57,37.6,61.2,87.13
13.5963,-88.34251,-1.2024,26.97,27.38,37.39,61.74,84.83
13.59651,-88.30406,-1.1712,26.81,27.21,37.19,62.25,82.67
13.5967,-88.26562,-1.3606,26.7,27.08,37.02,62.62,81.08
13.5969,-88.22717,-0.872,26.64,27.02,36.89,62.77,80.25
13.59708,-88.18872,-0.2062,26.6,26.97,36.75,62.83,79.65
13.59726,-88.15028,-0.7924,26.57,26.94,36.61,62.81,79.27
13.59744,-88.11183,-1.1876,26.56,26.93,36.49,62.74,79.15
13.59761,-88.07338,-0.5526,26.58,26.93,36.4,62.61,79.37
13.59777,-88.03493,-3.0,26.62,26.96,36.39,62.43,79.96
13.59793,-87.99648,-2.081,26.69,27.01,36.46,62.23,81.0
13.59808,-87.95803,-2.4614,26.83,27.13,36.66,61.89,82.91
13.59822,-87.91958,-2.8118,27.02,27.3,36.98,61.42,85.65
13.59836,-87.88113,-3.0167,27.25,27.5,37.36,60.9,88.79
13.59849,-87.84268,-3.3292,27.47,27.69,37.75,60.42,91.91
13.54198,-90.18629,-6.8151,27.67,28.1,41.94,72.01,94.68
13.54247,-90.1479,-6.5857,27.64,28.11,41.93,72.05,94.35
13.54295,-90.10951,-7.8955,27.61,28.11,41.91,72.11,93.94
13.54342,-90.07112,-6.224,27.58,28.09,41.87,72.16,93.43
13.54389,-90.03273,-8.0047,27.53,28.04,41.79,72.17,92.79
13.54435,-89.99434,-4.4021,27.48,27.96,41.65,72.11,92.0
13.54526,-89.91755,-5.7337,27.34,27.7,41.23,71.84,90.05
13.54571,-89.87915,-12.7323,27.25,27.52,40.97,71.66,88.89
13.54615,-89.84075,-15.9547,27.16,27.33,40.68,71.46,87.61
13.54658,-89.80235,-12.3213,27.06,27.14,40.37,71.22,86.22
13.54701,-89.76395,-13.7627,26.96,26.95,40.04,70.96,84.72
13.54743,-89.72554,-13.4562,26.84,26.76,39.69,70.63,83.05
13.54785,-89.68714,-13.134,26.7,26.55,39.28,70.2,81.07
13.54826,-89.64873,-12.8285,26.55,26.33,38.84,69.7,78.91
13.54866,-89.61032,-11.7057,26.39,26.11,38.39,69.2,76.73
13.54906,-89.57192,-9.9849,26.24,25.91,37.97,68.76,74.66
13.54945,-89.53351,-8.8389,26.12,25.73,37.62,68.44,72.87
13.54984,-89.4951,-8.4423,26.02,25.6,37.36,68.28,71.51
13.55022,-89.45668,-9.4696,25.95,25.52,37.2,68.33,70.52
13.5506,-89.41827,-10.0612,25.9,25.46,37.1,68.55,69.79
13.55096,-89.37986,-8.9927,25.86,25.43,37.06,68.85,69.31
13.55133,-89.34144,-5.5134,25.84,25.42,37.06,69.19,69.02
13.55168,-89.30302,-6.9208,25.83,25.42,37.08,69.49,68.89
13.55204,-89.26461,-7.9614,25.83,25.43,37.09,69.68,68.89
13.55238,-89.22619,-7.5364,25.84,25.44,37.1,69.73,69.02
13.55272,-89.18777,-6.4967,25.87,25.48,37.15,69.7,69.42
13.55305,-89.14935,-6.7615,25.91,25.53,37.21,69.62,70.02
13.55338,-89.11092,-2.9066,25.96,25.58,37.28,69.49,70.72
13.5537,-89.0725,-5.0804,26.01,25.63,37.35,69.33,71.42
13.55402,-89.03408,-3.1585,26.06,25.66,37.39,69.14,72.04
13.55433,-88.99565,-5.2819,26.09,25.67,37.41,68.94,72.49
13.55463,-88.95723,-5.1632,26.1,25.61,37.37,68.75,72.61
13.55493,-88.9188,-5.7748,26.09,25.51,37.29,68.56,72.48
13.55522,-88.88037,-3.8478,26.08,25.4,37.2,68.35,72.29
13.55551,-88.84194,-3.753,26.07,25.3,37.12,68.08,72.24
13.55579,-88.80351,-1.7413,26.09,25.26,37.07,67.73,72.49
13.55607,-88.76508,-0.8715,26.14,25.3,37.07,67.29,73.24
13.55633,-88.72665,-1.8815,26.25,25.46,37.15,66.69,74.75
13.5566,-88.68822,-3.4103,26.42,25.76,37.32,65.87,77.18
13.55685,-88.64979,-1.8977,26.64,26.15,37.56,64.93,80.18
13.5571,-88.61135,0.2297,26.86,26.57,37.81,63.98,83.34
13.55735,-88.57292,-0.923,27.07,26.97,38.03,63.09,86.28
13.55759,-88.53448,-0.5676,27.23,27.3,38.2,62.38,88.58
13.55782,-88.49605,-0.6598,27.32,27.52,38.28,61.93,89.84
13.55805,-88.45761,-0.3332,27.33,27.61,38.24,61.75,89.94
13.55827,-88.41917,0.2279,27.27,27.62,38.13,61.78,89.17
13.55849,-88.38074,-1.356,27.18,27.58,37.97,61.95,87.86
13.5587,-88.3423,0.2535,27.07,27.5,37.78,62.19,86.32
13.5589,-88.30386,-1.0363,26.97,27.42,37.6,62.41,84.87
13.5591,-88.26542,-0.0038,26.9,27.37,37.46,62.55,83.86
13.55929,-88.22698,-1.439,26.87,27.35,37.35,62.56,83.43
13.55947,-88.18854,-0.7097,26.85,27.33,37.23,62.53,83.15
13.55965,-88.1501,-2.2842,26.84,27.32,37.11,62.45,83.02
13.55983,-88.11165,-2.6709,26.84,27.31,37.01,62.36,83.1
13.56,-88.07321,-2.6202,26.87,27.31,36.95,62.23,83.43
13.56016,-88.03477,-2.8859,26.91,27.33,36.95,62.1,84.08
13.56032,-87.99632,-2.4649,26.99,27.37,37.04,61.95,85.09
13.56047,-87.95788,-3.0987,27.11,27.47,37.24,61.74,86.83
13.56061,-87.91943,-3.3981,27.28,27.62,37.57,61.45,89.23
13.56075,-87.88099,-3.6065,27.47,27.78,37.94,61.14,91.96
13.50442,-90.18579,-8.8578,27.68,28.15,42.1,72.18,94.92
13.50491,-90.14741,-8.8538,27.68,28.16,42.14,72.25,94.81
13.50539,-90.10903,-6.8974,27.66,28.17,42.17,72.33,94.66
13.50586,-90.07064,-11.3539,27.65,28.16,42.18,72.39,94.42
13.50633,-90.03226,-8.4032,27.62,28.13,42.15,72.41,94.08
13.50679,-89.99387,-9.175,27.59,28.07,42.06,72.34,93.6
13.50725,-89.95548,-3.0943,27.55,27.99,41.92,72.19,93.05
13.5077,-89.91709,-3.002,27.51,27.88,41.74,72.0,92.43
13.50814,-89.8787,-12.228,27.45,27.75,41.53,71.77,91.71
13.50901,-89.80191,-16.7651,27.32,27.46,41.01,71.24,89.84
13.50944,-89.76351,-13.3205,27.24,27.3,40.73,70.96,88.63
13.50986,-89.72511,-9.6587,27.13,27.12,40.41,70.65,87.15
13.51027,-89.68672,-13.6947,27.0,26.92,40.02,70.24,85.3
13.51068,-89.64832,-9.753,26.85,26.7,39.59,69.8,83.21
13.51109,-89.60991,-10.6657,26.7,26.48,39.16,69.36,81.03
13.51148,-89.57151,-11.4323,26.55,26.27,38.75,68.99,78.92
13.51187,-89.53311,-10.7177,26.41,26.09,38.39,68.73,77.03
13.51226,-89.4947,-11.4231,26.3,25.95,38.12,68.66,75.51
13.51264,-89.4563,-12.296,26.21,25.84,37.94,68.81,74.25
13.51301,-89.41789,-10.6163,26.14,25.75,37.81,69.13,73.15
13.51338,-89.37948,-10.0539,26.07,25.68,37.73,69.56,72.22
13.51374,-89.34107,-9.2296,26.02,25.64,37.68,70.02,71.49
13.5141,-89.30266,-9.2125,25.98,25.6,37.65,70.43,70.96
13.51445,-89.26425,-9.7329,25.96,25.58,37.63,70.71,70.64
13.51479,-89.22584,-7.3783,25.95,25.58,37.63,70.82,70.58
13.51513,-89.18742,-5.8155,25.98,25.6,37.66,70.83,70.89
13.51546,-89.14901,-6.6391,26.02,25.65,37.72,70.77,71.46
13.51579,-89.11059,-5.4011,26.07,25.71,37.79,70.65,72.17
13.51611,-89.07218,-5.9382,26.12,25.76,37.86,70.49,72.89
13.51643,-89.03376,-5.0601,26.16,25.78,37.91,70.31,73.5
13.51674,-88.99534,-5.8938,26.19,25.78,37.91,70.12,73.89
13.51704,-88.95692,-5.9904,26.19,25.7,37.87,69.94,73.91
13.51734,-88.9185,-4.7942,26.17,25.58,37.79,69.76,73.67
13.51763,-88.88008,-4.0415,26.15,25.44,37.69,69.55,73.36
13.51791,-88.84165,-2.3597,26.14,25.32,37.59,69.28,73.17
13.51819,-88.80323,-1.5232,26.15,25.25,37.53,68.95,73.28
13.51847,-88.76481,-1.9927,26.19,25.26,37.52,68.51,73.88
13.51874,-88.72638,-2.4448,26.28,25.4,37.59,67.94,75.21
13.519,-88.68795,-1.6016,26.44,25.67,37.75,67.18,77.39
13.51925,-88.64953,-1.2029,26.63,26.02,37.96,66.3,80.09
13.5195,-88.6111,-1.0844,26.84,26.4,38.18,65.4,82.98
13.51975,-88.57267,-0.1704,27.03,26.78,38.39,64.56,85.7
13.51999,-88.53424,0.9195,27.18,27.11,38.55,63.84,87.9
13.52022,-88.49581,-0.0291,27.28,27.34,38.61,63.32,89.23
13.52045,-88.45738,0.0418,27.31,27.47,38.58,63.0,89.62
13.52067,-88.41895,-1.5218,27.29,27.55,38.48,62.82,89.32
13.52088,-88.38052,-1.3585,27.23,27.59,38.33,62.73,88.58
13.52109,-88.34209,-1.6636,27.17,27.6,38.16,62.71,87.65
13.52129,-88.30365,-0.342,27.11,27.6,38.0,62.69,86.79
13.52149,-88.26522,-1.2497,27.07,27.61,37.87,62.65,86.26
13.52168,-88.22679,-0.4529,27.06,27.63,37.78,62.54,86.16
13.52187,-88.18835,0.0048,27.06,27.63,37.68,62.42,86.15
13.52205,-88.14991,-1.7012,27.07,27.63,37.58,62.3,86.24
13.52222,-88.11148,-1.0838,27.08,27.63,37.5,62.18,86.48
13.52239,-88.07304,-0.7257,27.12,27.63,37.46,62.06,86.92
13.52255,-88.0346,-2.0715,27.16,27.64,37.47,61.96,87.61
13.5227,-87.99617,-2.6664,27.23,27.67,37.57,61.87,88.61
13.52285,-87.95773,-3.687,27.35,27.76,37.78,61.76,90.16
13.523,-87.91929,-4.3071,27.49,27.88,38.1,61.64,92.23
13.52314,-87.88085,-3.7335,27.66,28.01,38.47,61.52,94.57
13.46638,-90.22367,-4.0503,27.7,28.17,42.21,72.31,95.19
13.46686,-90.18529,-11.7501,27.71,28.18,42.26,72.31,95.24
13.46735,-90.14692,-5.0078,27.71,28.2,42.33,72.36,95.29
13.46783,-90.10854,-5.7858,27.71,28.21,42.39,72.43,95.33
13.4683,-90.07016,-11.3186,27.71,28.21,42.43,72.48,95.31
13.46877,-90.03178,-3.4037,27.7,28.19,42.43,72.48,95.19
13.46968,-89.95502,-11.2914,27.66,28.09,42.28,72.25,94.65
13.47013,-89.91663,-5.9834,27.64,28.02,42.14,72.05,94.32
13.47057,-89.87825,-6.1361,27.61,27.92,41.97,71.81,93.91
13.47101,-89.83986,-4.7233,27.57,27.82,41.77,71.55,93.36
13.47144,-89.80147,-12.994,27.52,27.7,41.55,71.28,92.62
13.47187,-89.76308,-9.6386,27.45,27.56,41.29,71.01,91.65
13.47229,-89.72469,-15.9213,27.36,27.41,41.01,70.72,90.35
13.4727,-89.6863,-13.5548,27.24,27.22,40.65,70.36,88.65
13.47311,-89.6479,-14.3491,27.1,27.02,40.25,69.96,86.69
13.47351,-89.60951,-13.4335,26.95,26.8,39.84,69.57,84.61
13.4739,-89.57111,-14.0774,26.8,26.6,39.45,69.26,82.56
13.4743,-89.53271,-5.8954,26.67,26.42,39.11,69.06,80.68
13.47468,-89.49431,-9.5916,26.56,26.27,38.84,69.04,79.12
13.47506,-89.45591,-9.7069,26.46,26.15,38.65,69.25,77.73
13.47543,-89.41751,-13.5689,26.37,26.05,38.5,69.64,76.43
13.4758,-89.37911,-10.1693,26.29,25.96,38.39,70.13,75.25
13.47616,-89.34071,-10.3727,26.22,25.89,38.31,70.65,74.26
13.47651,-89.3023,-4.1415,26.16,25.84,38.25,71.12,73.48
13.47686,-89.2639,-9.804,26.12,25.8,38.22,71.45,72.97
13.47721,-89.22549,-6.8156,26.11,25.79,38.2,71.61,72.8
13.47754,-89.18708,-7.1061,26.13,25.81,38.22,71.66,73.05
13.47788,-89.14867,-8.9895,26.17,25.85,38.28,71.63,73.6
13.4782,-89.11026,-7.6885,26.22,25.9,38.35,71.53,74.3
13.47852,-89.07185,-8.4021,26.27,25.95,38.42,71.4,75.02
13.47884,-89.03344,-6.5984,26.31,25.97,38.46,71.23,75.62
13.47914,-88.99503,-6.8738,26.34,25.96,38.47,71.06,75.97
13.47945,-88.95661,-6.0257,26.33,25.87,38.42,70.88,75.94
13.47974,-88.9182,-3.7477,26.31,25.74,38.34,70.7,75.66
13.48003,-88.87978,-2.9461,26.29,25.59,38.23,70.48,75.29
13.48032,-88.84137,-3.2776,26.27,25.45,38.14,70.21,75.03
13.4806,-88.80295,-1.5836,26.27,25.36,38.07,69.88,75.05
13.48087,-88.76453,-1.9179,26.31,25.36,38.05,69.46,75.53
13.48114,-88.72611,-1.8058,26.39,25.47,38.1,68.91,76.68
13.4814,-88.68769,-0.7253,26.52,25.7,38.23,68.22,78.58
13.48165,-88.64927,-2.0003,26.69,26.01,38.41,67.42,80.95
13.4819,-88.61085,-1.5304,26.87,26.35,38.61,66.59,83.5
13.48215,-88.57243,-2.5193,27.04,26.7,38.79,65.8,85.93
13.48238,-88.534,-2.2164,27.19,27.0,38.92,65.1,87.94
13.48262,-88.49558,-2.6001,27.28,27.23,38.97,64.54,89.24
13.48284,-88.45715,-0.9298,27.32,27.39,38.94,64.12,89.76
13.48306,-88.41873,2.6835,27.32,27.52,38.83,63.79,89.75
13.48328,-88.3803,-3.1677,27.29,27.61,38.69,63.53,89.39
13.48369,-88.30345,-2.0349,27.22,27.74,38.38,63.12,88.41
13.48388,-88.26502,-0.448,27.21,27.79,38.26,62.94,88.2
13.48407,-88.22659,-0.1244,27.22,27.84,38.18,62.75,88.34
13.48426,-88.18816,-0.7526,27.23,27.86,38.09,62.56,88.54
13.48444,-88.14973,-1.0623,27.25,27.87,38.01,62.39,88.82
13.48461,-88.1113,-0.781,27.28,27.87,37.94,62.25,89.21
13.48478,-88.07287,-1.333,27.32,27.87,37.92,62.13,89.75
13.48494,-88.03444,-2.9034,27.37,27.88,37.94,62.04,90.49
13.48509,-87.99601,-3.413,27.44,27.91,38.04,61.99,91.45
13.48524,-87.95758,-3.7934,27.53,27.97,38.25,61.98,92.84
13.48539,-87.91915,-3.2962,27.66,28.06,38.56,62.0,94.6
13.48553,-87.88071,-3.4866,27.8,28.17,38.93,62.04,96.57
13.42882,-90.22317,-2.9686,27.71,28.17,42.32,72.42,95.28
13.42931,-90.1848,-5.3034,27.72,28.19,42.38,72.38,95.44
13.42979,-90.14643,-10.1802,27.73,28.21,42.46,72.37,95.64
13.43074,-90.06968,-9.9899,27.76,28.23,42.6,72.39,95.99
13.4312,-90.03131,-8.7092,27.76,28.23,42.63,72.35,96.05
13.43166,-89.99293,-6.9289,27.76,28.2,42.61,72.26,95.99
13.43211,-89.95456,-7.9019,27.75,28.16,42.54,72.12,95.9
13.43256,-89.91618,-5.0682,27.74,28.11,42.45,71.94,95.79
13.433,-89.8778,-9.9353,27.73,28.05,42.33,71.74,95.6
13.43344,-89.83942,-11.1944,27.71,27.97,42.18,71.52,95.29
13.43387,-89.80103,-7.8889,27.67,27.88,42.0,71.29,94.78
13.43429,-89.76265,-12.3089,27.62,27.78,41.79,71.07,94.03
13.43471,-89.72426,-8.3701,27.54,27.65,41.54,70.82,92.95
13.43512,-89.68588,-13.6553,27.44,27.49,41.23,70.51,91.48
13.43553,-89.64749,-15.5734,27.32,27.3,40.88,70.17,89.76
13.43593,-89.6091,-17.6469,27.18,27.11,40.51,69.84,87.9
13.43633,-89.57071,-8.82,27.05,26.93,40.16,69.58,86.05
13.43672,-89.53232,-23.0293,26.93,26.76,39.84,69.44,84.32
13.4371,-89.49392,-3.9974,26.82,26.62,39.6,69.45,82.84
13.43748,-89.45553,-12.9081,26.73,26.5,39.4,69.69,81.45
13.43785,-89.41713,-14.1854,26.63,26.4,39.24,70.1,80.07
13.43821,-89.37874,-11.1176,26.54,26.3,39.12,70.61,78.79
13.43857,-89.34034,-5.3611,26.46,26.22,39.02,71.15,77.66
13.43928,-89.26354,-7.8113,26.35,26.12,38.89,71.99,76.14
13.43962,-89.22514,-8.0951,26.33,26.09,38.86,72.18,75.91
13.43995,-89.18674,-6.1784,26.35,26.11,38.89,72.27,76.12
13.44029,-89.14834,-8.268,26.38,26.14,38.94,72.29,76.63
13.44061,-89.10993,-8.3724,26.43,26.19,39.01,72.25,77.3
13.44093,-89.07153,-8.8195,26.48,26.23,39.07,72.15,77.99
13.44124,-89.03312,-7.0705,26.52,26.24,39.11,72.03,78.57
13.44155,-88.99472,-7.2983,26.54,26.22,39.12,71.87,78.88
13.44185,-88.95631,-7.2466,26.54,26.13,39.07,71.7,78.84
13.44215,-88.9179,-7.025,26.52,26.0,38.98,71.5,78.58
13.44244,-88.87949,-5.0944,26.5,25.84,38.88,71.26,78.24
13.44272,-88.84108,-4.0718,26.48,25.7,38.79,70.97,77.98
13.443,-88.80267,-3.335,26.48,25.6,38.71,70.63,77.95
13.44327,-88.76425,-1.6639,26.5,25.58,38.68,70.22,78.3
13.44354,-88.72584,-0.6958,26.57,25.67,38.71,69.72,79.22
13.4438,-88.68743,-0.6343,26.68,25.85,38.81,69.11,80.74
13.44405,-88.64901,-2.6603,26.81,26.09,38.95,68.42,82.64
13.4443,-88.6106,-0.7155,26.96,26.38,39.1,67.71,84.7
13.44454,-88.57218,-3.5059,27.1,26.67,39.23,67.0,86.69
13.44478,-88.53376,-0.5089,27.22,26.93,39.33,66.35,88.36
13.44501,-88.49535,-2.1556,27.3,27.14,39.35,65.79,89.47
13.44524,-88.45693,-2.955,27.33,27.31,39.3,65.3,90.01
13.44546,-88.41851,0.8234,27.34,27.47,39.18,64.86,90.14
13.44567,-88.38009,-1.1494,27.33,27.61,39.03,64.45,90.0
13.44588,-88.34167,-1.3848,27.32,27.73,38.87,64.08,89.77
13.44608,-88.30325,-0.1212,27.3,27.83,38.72,63.75,89.57
13.44628,-88.26482,2.2937,27.3,27.92,38.6,63.46,89.58
13.44647,-88.2264,-2.062,27.32,27.98,38.53,63.2,89.87
13.44665,-88.18798,-1.2109,27.35,28.02,38.45,62.96,90.23
13.44683,-88.14955,-0.7614,27.38,28.03,38.37,62.76,90.65
13.447,-88.11113,-0.2583,27.42,28.03,38.32,62.59,91.17
13.44717,-88.07271,-1.4548,27.46,28.03,38.31,62.47,91.79
13.44733,-88.03428,-2.6031,27.51,28.03,38.35,62.4,92.55
13.44748,-87.99586,-2.2991,27.58,28.05,38.45,62.4,93.46
13.44763,-87.95743,-3.0389,27.66,28.1,38.66,62.49,94.63
13.44778,-87.919,-2.9534,27.76,28.16,38.95,62.66,96.06
13.44791,-87.88058,-3.7866,27.88,28.23,39.3,62.88,97.63
13.39126,-90.22266,-10.8199,27.71,28.16,42.42,72.5,95.31
13.39175,-90.1843,-6.1695,27.73,28.18,42.48,72.4,95.56
13.39223,-90.14594,-9.7553,27.75,28.2,42.56,72.32,95.87
13.39271,-90.10757,-9.0519,27.77,28.22,42.65,72.25,96.2
13.39317,-90.06921,-6.9504,27.79,28.24,42.72,72.18,96.49
13.39364,-90.03084,-5.9821,27.81,28.24,42.76,72.09,96.7
13.3941,-89.99247,-4.0757,27.82,28.23,42.76,71.99,96.79
13.39455,-89.9541,-6.675,27.82,28.21,42.73,71.87,96.84
13.39499,-89.91572,-6.2032,27.82,28.18,42.67,71.74,96.89
13.39587,-89.83897,-8.6492,27.81,28.09,42.5,71.45,96.72
13.39672,-89.76222,-9.285,27.75,27.95,42.21,71.14,95.86
13.39714,-89.72384,-13.4647,27.69,27.84,42.02,70.95,95.02
13.39755,-89.68546,-9.9868,27.61,27.71,41.76,70.69,93.84
13.39795,-89.64708,-12.7481,27.51,27.56,41.46,70.41,92.43
13.39835,-89.60869,-10.9867,27.4,27.41,41.15,70.14,90.89
13.39875,-89.57031,-11.5873,27.29,27.25,40.85,69.93,89.33
13.39914,-89.53192,-8.7328,27.18,27.1,40.58,69.83,87.84
13.39952,-89.49354,-14.7616,27.09,26.98,40.36,69.87,86.53
13.39989,-89.45515,-8.8941,26.99,26.88,40.18,70.12,85.23
13.40027,-89.41676,-3.3574,26.9,26.78,40.02,70.52,83.89
13.40063,-89.37837,-6.0455,26.81,26.69,39.88,71.01,82.6
13.40099,-89.33998,-10.2034,26.73,26.61,39.77,71.53,81.44
13.40134,-89.30158,-8.0455,26.66,26.54,39.68,72.0,80.5
13.40169,-89.26319,-7.5497,26.61,26.49,39.62,72.36,79.85
13.40203,-89.2248,-8.6844,26.59,26.46,39.59,72.58,79.6
13.40237,-89.1864,-3.1461,26.61,26.47,39.61,72.72,79.77
13.4027,-89.148,-5.2588,26.64,26.5,39.65,72.8,80.23
13.40302,-89.1096,-7.4065,26.68,26.54,39.72,72.82,80.85
13.40334,-89.07121,-11.7527,26.73,26.56,39.78,72.78,81.5
13.40365,-89.03281,-7.894,26.77,26.57,39.82,72.7,82.03
13.40396,-88.9944,-7.2512,26.79,26.54,39.82,72.58,82.31
13.40426,-88.956,-7.6999,26.79,26.45,39.77,72.41,82.31
13.40455,-88.9176,-8.1744,26.77,26.32,39.69,72.18,82.11
13.40484,-88.8792,-5.1848,26.75,26.17,39.6,71.91,81.85
13.40512,-88.84079,-3.2244,26.74,26.04,39.5,71.59,81.64
13.4054,-88.80239,-3.5945,26.74,25.93,39.42,71.24,81.59
13.40567,-88.76398,-5.5894,26.75,25.9,39.38,70.84,81.82
13.40594,-88.72557,-2.7485,26.8,25.94,39.38,70.4,82.46
13.4062,-88.68716,-3.0452,26.87,26.07,39.44,69.9,83.53
13.40645,-88.64876,-3.1715,26.97,26.24,39.52,69.34,84.88
13.4067,-88.61035,-4.4167,27.07,26.45,39.62,68.76,86.35
13.40694,-88.57194,-4.6809,27.18,26.67,39.7,68.17,87.77
13.40718,-88.53352,-3.1874,27.26,26.88,39.75,67.59,88.99
13.40741,-88.49511,-5.7351,27.32,27.06,39.74,67.06,89.84
13.40763,-88.4567,-2.0079,27.35,27.23,39.66,66.53,90.28
13.40785,-88.41829,-1.9389,27.37,27.41,39.52,66.0,90.44
13.40806,-88.37987,-2.9053,27.36,27.58,39.36,65.48,90.44
13.40827,-88.34146,-1.8025,27.36,27.74,39.19,64.98,90.37
13.40847,-88.30304,-1.6472,27.36,27.88,39.03,64.54,90.35
13.40867,-88.26463,-0.511,27.37,27.99,38.91,64.16,90.5
13.40886,-88.22621,-1.9163,27.4,28.07,38.83,63.85,90.88
13.40904,-88.18779,-1.7586,27.43,28.11,38.76,63.57,91.34
13.40922,-88.14938,-0.9651,27.47,28.13,38.7,63.33,91.88
13.40939,-88.11096,-0.3749,27.51,28.13,38.66,63.15,92.49
13.40956,-88.07254,-1.2147,27.56,28.12,38.65,63.03,93.18
13.40972,-88.03412,-1.3565,27.61,28.12,38.7,62.99,93.93
13.40987,-87.9957,-3.1487,27.67,28.13,38.8,63.04,94.75
13.41002,-87.95728,-2.739,27.74,28.15,39.0,63.24,95.69
13.41016,-87.91886,-4.307,27.81,28.18,39.28,63.58,96.75
13.4103,-87.88044,-3.4816,27.89,28.22,39.61,63.99,97.89
13.35371,-90.22216,1.4637,27.71,28.13,42.5,72.56,95.31
13.35419,-90.18381,-4.1714,27.73,28.15,42.56,72.39,95.62
13.35467,-90.14545,-6.5179,27.76,28.18,42.63,72.23,96.01
13.35514,-90.10709,-3.1807,27.79,28.2,42.71,72.07,96.44
13.35561,-90.06873,-5.1378,27.82,28.23,42.78,71.92,96.84
13.35607,-90.03037,-13.3566,27.84,28.24,42.83,71.79,97.17
13.35653,-89.992,-5.382,27.86,28.24,42.85,71.67,97.37
13.35698,-89.95364,-9.1181,27.87,28.23,42.85,71.58,97.53
13.35787,-89.8769,-4.3799,27.89,28.2,42.81,71.44,97.77
13.3583,-89.83853,-8.0413,27.88,28.17,42.75,71.38,97.76
13.35873,-89.80016,-5.9015,27.87,28.13,42.68,71.31,97.6
13.35956,-89.72342,-16.2028,27.8,28.0,42.42,71.08,96.64
13.35997,-89.68504,-8.9679,27.74,27.91,42.22,70.89,95.77
13.36038,-89.64667,-11.2082,27.67,27.79,41.99,70.66,94.71
13.36078,-89.60829,-13.1528,27.58,27.67,41.74,70.44,93.54
13.36117,-89.56991,-11.0321,27.5,27.55,41.5,70.28,92.32
13.36156,-89.53153,-14.685,27.41,27.44,41.27,70.21,91.13
13.36194,-89.49315,-12.8467,27.34,27.34,41.09,70.28,90.04
13.36231,-89.45477,-9.9555,27.25,27.25,40.92,70.51,88.89
13.36268,-89.41638,-5.919,27.17,27.16,40.77,70.88,87.66
13.36305,-89.378,-8.5112,27.08,27.08,40.64,71.33,86.44
13.3634,-89.33961,-6.1481,27.0,27.0,40.52,71.81,85.32
13.3641,-89.26284,-4.8518,26.89,26.89,40.36,72.6,83.76
13.36444,-89.22445,-4.5779,26.87,26.86,40.32,72.83,83.52
13.36478,-89.18606,-3.8043,26.88,26.86,40.33,73.02,83.66
13.36511,-89.14767,-8.091,26.91,26.88,40.38,73.16,84.07
13.36543,-89.10928,-9.5842,26.95,26.9,40.44,73.26,84.63
13.36575,-89.07088,-6.9357,26.99,26.92,40.49,73.29,85.21
13.36606,-89.03249,-9.5387,27.03,26.92,40.53,73.27,85.7
13.36636,-88.9941,-7.788,27.05,26.88,40.52,73.17,85.96
13.36666,-88.9557,-7.0613,27.05,26.8,40.48,73.0,85.99
13.36696,-88.9173,-4.9537,27.04,26.68,40.41,72.75,85.89
13.36724,-88.8789,-4.1095,27.03,26.54,40.32,72.44,85.74
13.36753,-88.84051,-3.5798,27.02,26.41,40.24,72.1,85.59
13.3678,-88.80211,-3.549,27.02,26.31,40.16,71.73,85.54
13.36807,-88.76371,-3.3892,27.03,26.26,40.1,71.35,85.66
13.36834,-88.7253,-2.7745,27.05,26.27,40.07,70.98,86.02
13.3686,-88.6869,-4.3379,27.09,26.33,40.08,70.59,86.62
13.36885,-88.6485,-5.2137,27.15,26.43,40.11,70.17,87.38
13.3691,-88.6101,-4.9417,27.21,26.56,40.15,69.74,88.22
13.36934,-88.57169,-5.2828,27.27,26.7,40.17,69.28,89.04
13.36957,-88.53329,-4.2111,27.32,26.85,40.17,68.81,89.75
13.3698,-88.49488,-2.7145,27.35,27.0,40.11,68.31,90.27
13.37003,-88.45647,-1.3812,27.37,27.16,40.01,67.77,90.57
13.37025,-88.41807,-2.1313,27.38,27.35,39.85,67.17,90.7
13.37046,-88.37966,-0.0375,27.39,27.54,39.67,66.56,90.75
13.37067,-88.34125,-1.5156,27.39,27.73,39.49,65.97,90.78
13.37087,-88.30284,0.6118,27.4,27.9,39.32,65.44,90.87
13.37106,-88.26443,-0.3635,27.41,28.03,39.2,65.0,91.1
13.37125,-88.22602,-1.9175,27.44,28.11,39.11,64.65,91.51
13.37143,-88.18761,-0.6005,27.48,28.16,39.04,64.34,92.05
13.37161,-88.1492,0.3654,27.52,28.18,38.99,64.07,92.67
13.37178,-88.11079,0.0633,27.57,28.18,38.96,63.87,93.36
13.37195,-88.07237,-0.5588,27.62,28.17,38.96,63.76,94.08
13.37211,-88.03396,-0.6679,27.68,28.16,39.01,63.75,94.82
13.37226,-87.99555,-2.6894,27.73,28.15,39.11,63.85,95.54
13.37241,-87.95713,-2.8516,27.78,28.15,39.29,64.17,96.24
13.37255,-87.91872,-3.5484,27.82,28.15,39.56,64.66,96.92
13.31615,-90.22167,-4.6558,27.71,28.11,42.57,72.63,95.3
13.31663,-90.18332,-6.2314,27.74,28.13,42.62,72.39,95.65
13.31711,-90.14496,-11.2034,27.77,28.15,42.69,72.15,96.1
13.31758,-90.10661,-9.1492,27.8,28.18,42.76,71.91,96.6
13.31805,-90.06826,-2.0592,27.84,28.21,42.83,71.69,97.08
13.31851,-90.0299,-11.0939,27.86,28.23,42.88,71.5,97.48
13.31897,-89.99154,-9.1129,27.88,28.24,42.91,71.38,97.76
13.31942,-89.95318,-2.2274,27.9,28.24,42.94,71.32,98.0
13.31986,-89.91482,-3.233,27.92,28.24,42.96,71.3,98.22
13.3203,-89.87646,-8.7935,27.93,28.24,42.96,71.31,98.39
13.32073,-89.83809,-7.877,27.94,28.23,42.95,71.33,98.47
13.32116,-89.79973,-7.4932,27.93,28.21,42.92,71.34,98.44
13.32158,-89.76136,-7.9454,27.92,28.17,42.86,71.31,98.25
13.32199,-89.723,-10.7756,27.89,28.13,42.76,71.23,97.88
13.3224,-89.68463,-10.8939,27.85,28.06,42.62,71.08,97.31
13.3228,-89.64626,-10.4675,27.8,27.99,42.45,70.91,96.61
13.3232,-89.60789,-15.559,27.75,27.9,42.26,70.74,95.8
13.32359,-89.56951,-17.1522,27.68,27.82,42.08,70.62,94.93
13.32398,-89.53114,-12.5354,27.62,27.73,41.9,70.57,94.05
13.32436,-89.49276,-15.3614,27.56,27.66,41.75,70.64,93.2
13.32473,-89.45439,-9.5551,27.49,27.59,41.61,70.86,92.23
13.3251,-89.41601,-5.6497,27.41,27.51,41.47,71.19,91.14
13.32546,-89.37763,-6.6263,27.34,27.44,41.33,71.59,90.03
13.32582,-89.33925,-10.9003,27.26,27.38,41.22,72.01,89.0
13.32617,-89.30087,-3.9227,27.2,27.32,41.12,72.41,88.14
13.32651,-89.26249,-7.8966,27.16,27.27,41.05,72.74,87.55
13.32685,-89.22411,-8.6754,27.14,27.24,41.02,72.98,87.32
13.32719,-89.18572,-2.5139,27.15,27.24,41.03,73.21,87.44
13.32752,-89.14734,-3.9088,27.18,27.25,41.07,73.42,87.8
13.32784,-89.10895,-4.8451,27.21,27.26,41.12,73.58,88.29
13.32815,-89.07056,-6.8111,27.25,27.27,41.17,73.69,88.8
13.32846,-89.03218,-7.5248,27.28,27.26,41.2,73.72,89.23
13.32877,-88.99379,-6.1979,27.3,27.22,41.19,73.66,89.47
13.32907,-88.9554,-5.1119,27.3,27.14,41.15,73.48,89.55
13.32936,-88.91701,-3.642,27.3,27.04,41.09,73.21,89.55
13.32965,-88.87861,-6.9682,27.3,26.91,41.02,72.88,89.51
13.32993,-88.84022,-4.4609,27.29,26.8,40.93,72.51,89.45
13.3302,-88.80183,-5.7937,27.29,26.7,40.86,72.13,89.4
13.33047,-88.76343,-6.3989,27.29,26.63,40.79,71.78,89.42
13.33074,-88.72504,-6.2789,27.3,26.61,40.74,71.48,89.51
13.331,-88.68664,-5.8176,27.31,26.61,40.7,71.2,89.66
13.33125,-88.64824,-4.8793,27.32,26.64,40.68,70.92,89.86
13.3315,-88.60985,-4.8587,27.34,26.69,40.66,70.64,90.09
13.33174,-88.57145,-5.0785,27.36,26.76,40.62,70.32,90.32
13.33197,-88.53305,-3.0844,27.37,26.85,40.56,69.95,90.55
13.3322,-88.49465,-2.7436,27.39,26.96,40.48,69.51,90.74
13.33242,-88.45625,-1.9869,27.4,27.11,40.34,68.96,90.87
13.33264,-88.41785,0.0164,27.4,27.3,40.16,68.33,90.94
13.33285,-88.37944,-1.3658,27.4,27.51,39.97,67.65,91.0
13.33306,-88.34104,0.4087,27.41,27.71,39.78,66.99,91.08
13.33326,-88.30264,0.3528,27.42,27.9,39.6,66.39,91.24
13.33345,-88.26423,1.0088,27.44,28.04,39.47,65.9,91.51
13.33364,-88.22583,1.2143,27.47,28.13,39.38,65.53,91.94
13.33382,-88.18743,0.6218,27.51,28.18,39.31,65.19,92.52
13.334,-88.14902,1.7103,27.56,28.2,39.26,64.91,93.2
13.33417,-88.11061,0.827,27.61,28.2,39.24,64.7,93.94
13.33434,-88.07221,0.9141,27.67,28.18,39.25,64.59,94.69
13.3345,-88.0338,-0.0152,27.72,28.16,39.3,64.6,95.4
13.33465,-87.99539,-0.4818,27.76,28.15,39.39,64.75,96.02
13.3348,-87.95698,-1.9382,27.79,28.13,39.57,65.17,96.47
13.33494,-87.91857,-2.5977,27.82,28.1,39.81,65.81,96.8
13.2781,-90.25951,-4.2249,27.7,28.09,42.62,72.9,95.21
13.27907,-90.18283,-8.0499,27.74,28.1,42.68,72.42,95.69
13.28002,-90.10613,-4.6457,27.81,28.16,42.8,71.81,96.69
13.28049,-90.06778,-10.2344,27.85,28.19,42.86,71.54,97.21
13.28095,-90.02943,-5.4023,27.88,28.21,42.92,71.33,97.66
13.2814,-89.99108,-12.595,27.9,28.23,42.96,71.2,98.0
13.28185,-89.95273,-2.3692,27.92,28.24,43.0,71.16,98.29
13.28229,-89.91437,-4.6152,27.94,28.25,43.05,71.18,98.56
13.28273,-89.87601,-7.1969,27.96,28.26,43.08,71.25,98.79
13.28316,-89.83766,-4.2039,27.97,28.26,43.11,71.33,98.95
13.28358,-89.7993,-4.5974,27.97,28.26,43.12,71.4,99.03
13.284,-89.76094,-11.2638,27.97,28.25,43.09,71.42,98.98
13.28442,-89.72258,-14.9373,27.96,28.22,43.04,71.38,98.81
13.28482,-89.68421,-15.935,27.94,28.19,42.94,71.27,98.51
13.28523,-89.64585,-12.9148,27.91,28.14,42.83,71.14,98.11
13.28562,-89.60748,-13.7382,27.88,28.09,42.69,71.0,97.63
13.2864,-89.53075,-6.6281,27.79,27.98,42.42,70.88,96.47
13.28678,-89.49238,-8.1795,27.75,27.93,42.31,70.96,95.84
13.28715,-89.45401,-11.8769,27.69,27.87,42.19,71.15,95.05
13.28752,-89.41564,-13.9693,27.63,27.81,42.06,71.44,94.11
13.28788,-89.37726,-9.3428,27.56,27.75,41.93,71.78,93.13
13.28823,-89.33889,-5.4991,27.49,27.7,41.82,72.15,92.19
13.28858,-89.30052,-6.9268,27.43,27.65,41.72,72.51,91.41
13.28927,-89.22376,-5.2115,27.38,27.58,41.62,73.07,90.67
13.2896,-89.18538,-6.4204,27.39,27.57,41.63,73.33,90.77
13.28993,-89.14701,-2.9367,27.41,27.57,41.67,73.59,91.07
13.29025,-89.10863,-7.5563,27.44,27.58,41.72,73.81,91.5
13.29056,-89.07024,-2.4818,27.47,27.58,41.76,73.97,91.94
13.29087,-89.03186,-7.5649,27.5,27.56,41.78,74.05,92.31
13.29147,-88.95509,-6.6883,27.52,27.45,41.74,73.86,92.65
13.29177,-88.91671,-3.8814,27.53,27.35,41.69,73.58,92.73
13.29205,-88.87832,-8.2402,27.53,27.25,41.63,73.23,92.78
13.29233,-88.83994,-5.6729,27.53,27.14,41.55,72.85,92.79
13.29261,-88.80155,-5.5108,27.53,27.05,41.47,72.48,92.75
13.29288,-88.76316,-6.2792,27.52,26.97,41.4,72.16,92.68
13.29314,-88.72477,-7.0699,27.51,26.92,41.32,71.92,92.54
13.2934,-88.68638,-5.5078,27.5,26.88,41.25,71.75,92.31
13.29365,-88.64799,-4.4368,27.48,26.85,41.19,71.6,92.03
13.29389,-88.6096,-4.2338,27.46,26.83,41.11,71.45,91.74
13.29413,-88.57121,-2.2825,27.44,26.84,41.03,71.26,91.48
13.29437,-88.53281,-2.4665,27.42,26.88,40.93,70.99,91.29
13.2946,-88.49442,-0.9355,27.42,26.95,40.81,70.6,91.2
13.29482,-88.45602,0.2253,27.42,27.09,40.65,70.07,91.18
13.29504,-88.41763,0.1436,27.42,27.27,40.46,69.41,91.19
13.29525,-88.37923,-0.0649,27.42,27.49,40.25,68.7,91.25
13.29545,-88.34084,-0.5596,27.43,27.7,40.05,67.99,91.37
13.29565,-88.30244,1.2707,27.45,27.9,39.88,67.35,91.57
13.29585,-88.26404,1.1806,27.47,28.04,39.74,66.83,91.87
13.29603,-88.22564,1.233,27.5,28.13,39.65,66.44,92.31
13.29622,-88.18724,1.3297,27.54,28.18,39.58,66.08,92.92
13.29639,-88.14884,-0.0242,27.59,28.2,39.54,65.78,93.64
13.29656,-88.11044,-0.1586,27.65,28.2,39.52,65.56,94.42
13.29673,-88.07204,0.7187,27.7,28.18,39.53,65.45,95.18
13.29689,-88.03364,1.0818,27.75,28.16,39.58,65.48,95.86
13.29704,-87.99524,-0.1494,27.79,28.13,39.67,65.67,96.38
13.29719,-87.95684,-0.7617,27.8,28.09,39.83,66.16,96.62
13.29733,-87.91843,-1.3096,27.8,28.04,40.05,66.93,96.64
13.24055,-90.25901,-14.1947,27.71,28.08,42.7,73.0,95.27
13.24103,-90.22068,-3.936,27.72,28.08,42.71,72.78,95.39
13.24152,-90.18234,-3.8651,27.74,28.09,42.75,72.49,95.75
13.24246,-90.10565,-7.3736,27.81,28.14,42.85,71.85,96.74
13.24292,-90.06731,-7.3277,27.85,28.17,42.91,71.56,97.27
13.24338,-90.02897,-6.3854,27.88,28.2,42.96,71.33,97.74
13.24384,-89.99062,-6.3106,27.91,28.22,43.01,71.2,98.11
13.24428,-89.95227,-7.9914,27.93,28.23,43.07,71.17,98.44
13.24472,-89.91392,-11.0205,27.96,28.25,43.12,71.21,98.76
13.24516,-89.87557,-8.8318,27.98,28.27,43.18,71.3,99.05
13.24559,-89.83722,-7.587,27.99,28.29,43.23,71.41,99.28
13.24601,-89.79887,-10.9781,28.0,28.3,43.26,71.5,99.44
13.24643,-89.76051,-4.8595,28.01,28.3,43.26,71.55,99.52
13.24684,-89.72216,-3.0343,28.01,28.29,43.24,71.53,99.49
13.24725,-89.6838,-12.2102,28.0,28.27,43.18,71.44,99.4
13.24765,-89.64544,-10.8315,27.99,28.25,43.1,71.33,99.23
13.24843,-89.56872,-8.9057,27.95,28.19,42.91,71.13,98.66
13.24919,-89.492,-12.5897,27.89,28.12,42.72,71.19,97.81
13.24957,-89.45363,-11.3587,27.84,28.08,42.62,71.36,97.15
13.24993,-89.41527,-9.0406,27.78,28.03,42.51,71.62,96.34
13.25029,-89.3769,-15.7127,27.72,27.98,42.39,71.92,95.46
13.25065,-89.33853,-14.1242,27.66,27.93,42.28,72.25,94.61
13.251,-89.30016,-16.1256,27.61,27.88,42.19,72.57,93.89
13.25134,-89.26179,0.2449,27.58,27.85,42.12,72.86,93.41
13.25168,-89.22342,-7.023,27.56,27.82,42.1,73.12,93.22
13.25201,-89.18505,-12.9623,27.57,27.81,42.1,73.4,93.3
13.25234,-89.14668,-3.2065,27.59,27.81,42.14,73.69,93.56
13.25266,-89.1083,-10.4565,27.61,27.81,42.18,73.95,93.91
13.25297,-89.06993,-6.4248,27.64,27.8,42.22,74.16,94.29
13.25328,-89.03155,-5.7455,27.66,27.79,42.24,74.28,94.61
13.25358,-88.99317,-5.5611,27.67,27.75,42.24,74.28,94.8
13.25417,-88.91641,-10.3969,27.69,27.6,42.16,73.86,95.07
13.25445,-88.87803,-7.4812,27.7,27.51,42.1,73.52,95.16
13.25473,-88.83965,-2.0729,27.7,27.41,42.04,73.15,95.21
13.25501,-88.80127,-6.169,27.7,27.32,41.96,72.8,95.17
13.25528,-88.76289,-6.677,27.69,27.25,41.88,72.52,95.03
13.25554,-88.72451,-6.5701,27.67,27.18,41.79,72.34,94.73
13.2558,-88.68612,-4.7814,27.63,27.11,41.7,72.25,94.23
13.25605,-88.64774,-0.378,27.59,27.03,41.6,72.21,93.61
13.25629,-88.60935,-2.303,27.54,26.97,41.49,72.17,92.96
13.25653,-88.57096,0.5571,27.5,26.93,41.37,72.07,92.35
13.25677,-88.53258,-0.9719,27.47,26.93,41.24,71.89,91.87
13.25699,-88.49419,-0.8684,27.45,26.98,41.1,71.56,91.6
13.25721,-88.4558,0.2391,27.44,27.1,40.93,71.04,91.49
13.25743,-88.41741,0.7344,27.44,27.28,40.74,70.38,91.48
13.25764,-88.37902,-0.7242,27.44,27.49,40.53,69.65,91.57
13.25785,-88.34063,-0.3092,27.46,27.71,40.33,68.92,91.74
13.25805,-88.30224,-0.4506,27.48,27.9,40.15,68.25,92.0
13.25824,-88.26385,0.7983,27.5,28.05,40.02,67.71,92.33
13.25843,-88.22545,-0.1467,27.53,28.14,39.93,67.31,92.77
13.25861,-88.18706,1.8772,27.58,28.19,39.86,66.94,93.41
13.25878,-88.14867,-0.2655,27.63,28.21,39.82,66.63,94.17
13.25895,-88.11027,-0.9163,27.69,28.2,39.81,66.4,94.97
13.25912,-88.07188,2.089,27.74,28.19,39.83,66.28,95.74
13.25928,-88.03348,0.4543,27.79,28.16,39.88,66.31,96.38
13.25943,-87.99508,-0.4044,27.82,28.12,39.96,66.52,96.82
13.25958,-87.95669,-0.7123,27.82,28.07,40.1,67.06,96.89
13.25972,-87.91829,-0.6104,27.81,28.0,40.3,67.89,96.67
13.20299,-90.25851,-8.6524,27.72,28.08,42.75,73.07,95.44
13.20348,-90.22018,-8.4125,27.72,28.07,42.78,72.89,95.49
13.20396,-90.18185,0.1057,27.74,28.09,42.8,72.62,95.79
13.20443,-90.14351,-5.2154,27.77,28.1,42.84,72.31,96.19
13.2049,-90.10518,-6.3786,27.81,28.12,42.89,72.01,96.64
13.20536,-90.06684,-2.1338,27.84,28.15,42.94,71.73,97.11
13.20582,-90.0285,-7.8764,27.87,28.17,42.98,71.52,97.54
13.20627,-89.99016,-6.0281,27.89,28.19,43.03,71.39,97.9
13.20672,-89.95182,-5.8828,27.92,28.21,43.08,71.36,98.23
13.20715,-89.91348,-8.0833,27.94,28.23,43.15,71.4,98.57
13.20759,-89.87513,-3.4295,27.96,28.25,43.21,71.49,98.88
13.20802,-89.83679,-9.9824,27.98,28.27,43.27,71.58,99.17
13.20844,-89.79844,-9.6446,28.0,28.29,43.31,71.67,99.39
13.20886,-89.76009,-6.4582,28.01,28.3,43.33,71.71,99.56
13.20927,-89.72174,-2.8969,28.02,28.3,43.32,71.68,99.65
13.20967,-89.68339,-12.1462,28.02,28.3,43.29,71.59,99.71
13.21007,-89.64504,-18.202,28.02,28.29,43.24,71.47,99.71
13.21047,-89.60668,-15.0494,28.02,28.28,43.18,71.36,99.65
13.21085,-89.56833,-12.5863,28.01,28.27,43.12,71.27,99.52
13.21124,-89.52997,-15.926,27.99,28.25,43.04,71.24,99.3
13.21161,-89.49161,-8.0432,27.97,28.23,42.97,71.3,98.98
13.21198,-89.45326,-7.1423,27.93,28.2,42.89,71.45,98.47
13.21271,-89.37653,-7.9545,27.83,28.12,42.69,71.94,97.03
13.21306,-89.33817,-13.7266,27.78,28.07,42.6,72.23,96.29
13.21341,-89.29981,-11.8807,27.74,28.03,42.51,72.52,95.66
13.21375,-89.26145,-12.8482,27.7,28.0,42.46,72.79,95.22
13.21409,-89.22308,-15.2066,27.69,27.98,42.43,73.05,95.05
13.21442,-89.18471,-3.4411,27.7,27.97,42.44,73.34,95.1
13.21474,-89.14635,-9.0876,27.71,27.97,42.47,73.65,95.3
13.21506,-89.10798,-7.9598,27.73,27.97,42.51,73.93,95.59
13.21538,-89.06961,-1.1457,27.75,27.96,42.55,74.17,95.89
13.21568,-89.03124,-4.8358,27.77,27.94,42.57,74.32,96.14
13.21599,-88.99287,-4.4334,27.78,27.91,42.56,74.35,96.27
13.21657,-88.91612,-8.7402,27.8,27.78,42.5,74.01,96.52
13.21686,-88.87775,-6.2388,27.8,27.7,42.44,73.7,96.61
13.21714,-88.83937,-4.6751,27.81,27.62,42.38,73.38,96.65
13.21741,-88.801,-4.0193,27.8,27.53,42.31,73.08,96.59
13.21768,-88.76262,-6.2641,27.79,27.46,42.23,72.84,96.39
13.21794,-88.72424,-5.6806,27.76,27.39,42.13,72.72,95.99
13.2182,-88.68586,-7.1433,27.71,27.3,42.02,72.71,95.35
13.21845,-88.64748,-4.0801,27.66,27.2,41.9,72.74,94.55
13.21869,-88.6091,-3.0162,27.6,27.12,41.78,72.78,93.7
13.21893,-88.57072,-0.1496,27.54,27.06,41.64,72.77,92.91
13.21916,-88.53234,-6.7589,27.5,27.04,41.5,72.65,92.29
13.21939,-88.49396,-1.1808,27.47,27.07,41.35,72.36,91.93
13.21961,-88.45558,-0.7277,27.46,27.17,41.18,71.88,91.8
13.21983,-88.41719,-1.4079,27.46,27.34,41.0,71.25,91.81
13.22004,-88.37881,-0.9988,27.47,27.53,40.8,70.53,91.94
13.22024,-88.34042,0.9311,27.49,27.73,40.61,69.81,92.18
13.22044,-88.30204,-1.6235,27.51,27.92,40.45,69.14,92.49
13.22063,-88.26365,1.2773,27.54,28.06,40.32,68.6,92.87
13.22082,-88.22526,-0.1656,27.57,28.14,40.23,68.2,93.33
13.221,-88.18688,-0.083,27.62,28.18,40.17,67.83,93.99
13.22117,-88.14849,-0.4056,27.67,28.2,40.14,67.5,94.77
13.22134,-88.1101,-1.3015,27.73,28.2,40.13,67.25,95.58
13.22151,-88.07171,-1.4237,27.78,28.19,40.14,67.12,96.34
13.22167,-88.03332,-1.0876,27.83,28.16,40.19,67.13,96.96
13.22182,-87.99493,-1.0088,27.86,28.12,40.26,67.33,97.35
13.22196,-87.95654,-1.5991,27.85,28.07,40.38,67.86,97.32
13.2221,-87.91815,-4.727,27.83,27.98,40.56,68.68,96.95
13.16544,-90.25802,-9.6417,27.73,28.09,42.81,73.15,95.6
13.16592,-90.21969,-7.8832,27.73,28.07,42.83,73.01,95.6
13.1664,-90.18136,-9.3401,27.74,28.08,42.85,72.77,95.79
13.16687,-90.14303,-5.0395,27.76,28.09,42.87,72.52,96.07
13.16734,-90.1047,-6.9756,27.79,28.1,42.9,72.26,96.39
13.1678,-90.06637,-6.832,27.81,28.12,42.93,72.02,96.74
13.16825,-90.02804,-2.1304,27.84,28.13,42.97,71.83,97.07
13.1687,-89.9897,-7.013,27.86,28.15,43.01,71.71,97.37
13.16915,-89.95137,-6.9252,27.88,28.16,43.05,71.68,97.67
13.16959,-89.91303,-4.4308,27.9,28.18,43.11,71.7,97.98
13.17002,-89.87469,-1.1464,27.92,28.2,43.17,71.76,98.29
13.17045,-89.83635,-6.5014,27.94,28.22,43.22,71.83,98.59
13.17087,-89.79801,-4.0112,27.96,28.24,43.27,71.88,98.85
13.17128,-89.75967,-6.0405,27.98,28.25,43.29,71.89,99.07
13.17169,-89.72132,-7.9623,27.99,28.26,43.3,71.84,99.25
13.1721,-89.68298,-4.5596,28.0,28.27,43.29,71.73,99.43
13.1725,-89.64463,-8.5113,28.01,28.28,43.26,71.59,99.58
13.17289,-89.60628,-10.6304,28.02,28.28,43.22,71.45,99.69
13.17328,-89.56794,-8.8649,28.02,28.28,43.18,71.34,99.72
13.17366,-89.52958,-11.2942,28.02,28.27,43.14,71.29,99.67
13.1744,-89.45288,-4.6126,27.98,28.24,43.03,71.43,99.14
13.17477,-89.41453,-8.2544,27.95,28.22,42.95,71.61,98.63
13.17512,-89.37617,-3.6371,27.9,28.19,42.87,71.83,98.04
13.17548,-89.33782,-8.3898,27.86,28.15,42.79,72.07,97.45
13.17582,-89.29946,-12.6268,27.83,28.12,42.73,72.32,96.95
13.17616,-89.2611,-9.4621,27.8,28.1,42.69,72.57,96.59
13.1765,-89.22274,-4.0848,27.79,28.09,42.67,72.81,96.45
13.17683,-89.18438,-7.4715,27.79,28.08,42.68,73.11,96.47
13.17715,-89.14602,-9.4731,27.8,28.08,42.71,73.42,96.6
13.17747,-89.10766,-2.4154,27.82,28.08,42.75,73.72,96.79
13.17778,-89.06929,-8.3386,27.83,28.07,42.78,73.98,97.0
13.17809,-89.03093,-10.0023,27.84,28.06,42.8,74.16,97.16
13.17839,-88.99256,-4.1712,27.85,28.02,42.79,74.23,97.24
13.17869,-88.9542,-4.0578,27.85,27.98,42.77,74.16,97.31
13.17898,-88.91583,-5.2531,27.86,27.92,42.73,73.99,97.39
13.17926,-88.87746,-5.3749,27.86,27.86,42.69,73.76,97.46
13.17954,-88.83909,-9.1526,27.86,27.79,42.63,73.5,97.46
13.17981,-88.80072,-5.7854,27.86,27.72,42.56,73.27,97.36
13.18008,-88.76235,-6.8346,27.84,27.65,42.48,73.1,97.12
13.18034,-88.72398,-8.3199,27.81,27.58,42.38,73.05,96.67
13.18059,-88.6856,-6.3744,27.76,27.49,42.27,73.1,95.95
13.18084,-88.64723,-4.4952,27.69,27.39,42.14,73.2,95.08
13.18109,-88.60886,-3.9711,27.63,27.3,42.01,73.3,94.15
13.18133,-88.57048,-6.3757,27.57,27.24,41.86,73.35,93.3
13.18156,-88.53211,-4.4035,27.52,27.2,41.72,73.29,92.62
13.18178,-88.49373,-3.1195,27.49,27.22,41.57,73.07,92.23
13.18201,-88.45535,-1.1465,27.48,27.3,41.42,72.65,92.09
13.18222,-88.41698,-0.8355,27.48,27.43,41.24,72.08,92.11
13.18243,-88.3786,-1.1634,27.5,27.59,41.07,71.43,92.28
13.18263,-88.34022,-0.3247,27.51,27.77,40.9,70.76,92.55
13.18283,-88.30184,-0.0422,27.54,27.92,40.75,70.14,92.9
13.18302,-88.26346,-1.2922,27.57,28.04,40.63,69.63,93.29
13.18321,-88.22508,-0.1725,27.6,28.11,40.55,69.24,93.76
13.18339,-88.1867,-1.5111,27.65,28.15,40.5,68.87,94.42
13.18356,-88.14831,-0.8999,27.7,28.17,40.46,68.54,95.2
13.18373,-88.10993,-1.1825,27.76,28.17,40.45,68.27,96.01
13.1839,-88.07155,-1.9101,27.81,28.16,40.47,68.11,96.75
13.18405,-88.03316,-2.2115,27.85,28.14,40.5,68.09,97.34
13.18421,-87.99478,-2.5723,27.88,28.1,40.56,68.25,97.69
13.18435,-87.95639,-4.3635,27.87,28.05,40.67,68.71,97.6
13.12836,-90.2192,-6.0193,27.74,28.08,42.88,73.13,95.71
13.12884,-90.18088,-9.1845,27.74,28.07,42.88,72.95,95.78
13.12931,-90.14256,-8.9316,27.75,28.07,42.89,72.75,95.9
13.12978,-90.10423,-7.7096,27.76,28.07,42.9,72.55,96.06
13.13024,-90.06591,-7.3303,27.78,28.08,42.91,72.37,96.26
13.13069,-90.02758,-7.1026,27.79,28.09,42.93,72.21,96.46
13.13114,-89.98925,-4.7579,27.81,28.09,42.96,72.11,96.67
13.13158,-89.95092,-4.351,27.82,28.1,42.99,72.06,96.9
13.13202,-89.91259,-6.6358,27.84,28.12,43.04,72.06,97.17
13.13245,-89.87425,-7.3579,27.86,28.13,43.08,72.08,97.45
13.13288,-89.83592,-9.8651,27.88,28.15,43.13,72.11,97.73
13.1333,-89.79758,-1.511,27.9,28.16,43.16,72.12,98.01
13.13371,-89.75925,-6.139,27.92,28.17,43.19,72.09,98.26
13.13452,-89.68257,-4.72,27.96,28.2,43.2,71.86,98.78
13.13492,-89.64423,-11.8358,27.98,28.22,43.19,71.69,99.05
13.13531,-89.60589,-4.2751,27.99,28.23,43.18,71.52,99.29
13.13608,-89.5292,-10.2634,28.01,28.25,43.13,71.29,99.56
13.13645,-89.49085,-10.8359,28.01,28.25,43.1,71.28,99.53
13.13682,-89.45251,-13.7309,28.0,28.24,43.06,71.35,99.34
13.13718,-89.41416,-2.8193,27.97,28.23,43.01,71.47,99.01
13.13754,-89.37581,-3.6867,27.95,28.21,42.96,71.64,98.62
13.13789,-89.33746,-3.8181,27.92,28.19,42.91,71.84,98.21
13.13824,-89.29911,-7.3574,27.89,28.17,42.87,72.05,97.85
13.13858,-89.26075,-7.7332,27.87,28.16,42.84,72.26,97.59
13.13924,-89.18405,0.4992,27.86,28.15,42.85,72.77,97.46
13.13956,-89.14569,-4.8751,27.87,28.15,42.87,73.08,97.52
13.13988,-89.10733,-3.7919,27.87,28.15,42.91,73.39,97.62
13.14019,-89.06898,-3.6769,27.88,28.14,42.94,73.66,97.72
13.1405,-89.03062,-6.7354,27.89,28.13,42.95,73.87,97.78
13.1408,-88.99226,-9.0056,27.89,28.11,42.94,73.98,97.79
13.14109,-88.9539,-3.4511,27.89,28.08,42.92,73.97,97.8
13.14138,-88.91554,-5.7095,27.89,28.04,42.89,73.87,97.83
13.14166,-88.87717,-6.1684,27.89,27.99,42.85,73.71,97.84
13.14194,-88.83881,-2.681,27.89,27.93,42.8,73.54,97.79
13.14221,-88.80045,-6.5443,27.88,27.88,42.74,73.4,97.65
13.14248,-88.76208,-6.4246,27.86,27.82,42.66,73.31,97.38
13.14274,-88.72371,-4.8466,27.82,27.76,42.57,73.31,96.91
13.14299,-88.68535,-6.0281,27.77,27.68,42.45,73.42,96.19
13.14324,-88.64698,-9.9761,27.71,27.59,42.32,73.57,95.32
13.14372,-88.57024,-3.6426,27.59,27.44,42.04,73.83,93.56
13.14395,-88.53187,-2.6062,27.54,27.4,41.9,73.83,92.89
13.14418,-88.4935,-4.9778,27.51,27.4,41.77,73.68,92.51
13.1444,-88.45513,-5.9543,27.5,27.46,41.63,73.34,92.38
13.14461,-88.41676,-0.3143,27.51,27.55,41.47,72.86,92.43
13.14503,-88.34001,4.7379,27.54,27.8,41.18,71.72,92.9
13.14522,-88.30164,-0.041,27.56,27.92,41.05,71.17,93.26
13.14541,-88.26327,2.0711,27.59,28.01,40.95,70.71,93.65
13.1456,-88.22489,0.9406,27.63,28.06,40.88,70.35,94.11
13.14595,-88.14814,2.2614,27.73,28.11,40.79,69.66,95.51
13.14612,-88.10976,-2.6121,27.78,28.12,40.78,69.38,96.29
13.14629,-88.07138,-1.9418,27.83,28.11,40.79,69.19,97.01
13.14644,-88.03301,2.8992,27.87,28.1,40.81,69.12,97.57
13.14659,-87.99463,1.9899,27.89,28.07,40.86,69.21,97.88
13.14674,-87.95625,-2.3898,27.89,28.02,40.94,69.57,97.78
13.09313,-90.02712,-5.7196,27.75,28.04,42.9,72.62,95.82
13.09357,-89.9888,-9.1347,27.75,28.04,42.91,72.53,95.93
13.09445,-89.91215,-5.293,27.78,28.05,42.95,72.44,96.29
13.09488,-89.87382,-6.6268,27.8,28.05,42.98,72.42,96.53
13.0953,-89.83549,-11.2183,27.82,28.06,43.01,72.4,96.79
13.09572,-89.79716,-8.9718,27.83,28.07,43.04,72.36,97.05
13.09614,-89.75883,-1.4434,27.85,28.09,43.06,72.29,97.32
13.09654,-89.7205,-9.7328,27.87,28.1,43.07,72.16,97.6
13.09695,-89.68216,-4.835,27.9,28.12,43.08,71.99,97.94
13.09734,-89.64383,-3.7727,27.92,28.14,43.08,71.78,98.3
13.09773,-89.60549,-6.784,27.95,28.16,43.08,71.57,98.65
13.09812,-89.56715,-8.1809,27.97,28.19,43.08,71.4,98.95
13.0985,-89.52881,-13.2224,27.98,28.2,43.07,71.27,99.17
13.09887,-89.49047,-9.6644,27.99,28.21,43.07,71.23,99.26
13.09924,-89.45213,-9.2532,27.99,28.21,43.05,71.25,99.23
13.0996,-89.41379,-6.4998,27.98,28.21,43.02,71.33,99.09
13.09995,-89.37545,-10.7159,27.96,28.2,42.99,71.44,98.88
13.10065,-89.29876,-11.72,27.93,28.19,42.94,71.76,98.43
13.10099,-89.26041,-9.164,27.92,28.18,42.93,71.95,98.27
13.10132,-89.22206,-4.7104,27.91,28.18,42.93,72.15,98.18
13.10165,-89.18371,-4.5262,27.91,28.18,42.95,72.42,98.14
13.10197,-89.14536,-9.7092,27.91,28.19,42.98,72.72,98.13
13.10229,-89.10701,-6.689,27.91,28.19,43.01,73.02,98.13
13.1026,-89.06866,-5.4316,27.91,28.19,43.03,73.3,98.13
13.1029,-89.03031,-11.169,27.91,28.19,43.05,73.52,98.11
13.1032,-88.99195,-5.4277,27.9,28.17,43.04,73.67,98.04
13.10379,-88.91524,-4.2293,27.9,28.12,43.0,73.69,97.96
13.10407,-88.87689,-8.9197,27.9,28.09,42.96,73.62,97.91
13.10434,-88.83853,-2.5458,27.89,28.05,42.91,73.53,97.81
13.10461,-88.80017,-4.771,27.88,28.01,42.86,73.47,97.63
13.10488,-88.76181,0.5008,27.86,27.97,42.78,73.45,97.34
13.10514,-88.72345,-5.1616,27.82,27.92,42.69,73.52,96.88
13.10539,-88.68509,-3.2878,27.77,27.85,42.59,73.67,96.2
13.10564,-88.64673,-5.9029,27.72,27.78,42.46,73.86,95.38
13.10612,-88.57,-16.8939,27.6,27.65,42.19,74.2,93.76
13.10635,-88.53164,-4.4157,27.56,27.61,42.06,74.25,93.15
13.10658,-88.49328,-5.7261,27.53,27.6,41.94,74.16,92.81
13.1068,-88.45491,-8.8683,27.53,27.63,41.82,73.91,92.7
13.10701,-88.41654,-10.5622,27.53,27.68,41.69,73.54,92.76
13.10722,-88.37818,-1.7139,27.54,27.76,41.56,73.09,92.95
13.10742,-88.33981,5.7479,27.56,27.84,41.44,72.62,93.24
13.10762,-88.30144,1.9413,27.59,27.91,41.34,72.16,93.59
13.10781,-88.26307,1.4569,27.62,27.97,41.25,71.77,93.98
13.10799,-88.2247,0.0656,27.65,28.0,41.19,71.44,94.43
13.10817,-88.18633,-2.013,27.69,28.03,41.15,71.1,95.04
13.10835,-88.14796,0.7655,27.74,28.05,41.11,70.77,95.76
13.10851,-88.10959,-2.5064,27.8,28.06,41.1,70.48,96.51
13.10868,-88.07122,2.3429,27.84,28.06,41.1,70.25,97.18
13.10883,-88.03285,-2.7931,27.88,28.05,41.11,70.13,97.71
13.10898,-87.99448,1.7107,27.9,28.03,41.14,70.14,97.99
13.05731,-89.87338,-7.3122,27.74,27.98,42.89,72.74,95.71
13.05815,-89.79674,-4.1571,27.77,27.99,42.92,72.59,96.18
13.05856,-89.75841,-8.7498,27.79,28.0,42.94,72.48,96.45
13.05897,-89.72008,-4.0859,27.81,28.02,42.95,72.32,96.76
13.05937,-89.68176,-8.438,27.84,28.04,42.96,72.11,97.14
13.05976,-89.64343,-3.0286,27.87,28.07,42.97,71.88,97.56
13.06015,-89.6051,-9.2245,27.9,28.1,42.99,71.64,97.98
13.06054,-89.56676,-5.6104,27.93,28.12,43.0,71.43,98.37
13.06091,-89.52843,-8.6227,27.95,28.15,43.01,71.28,98.68
13.06129,-89.4901,-7.0515,27.96,28.16,43.01,71.2,98.88
13.06165,-89.45176,4.0407,27.97,28.17,43.01,71.19,98.98
13.06272,-89.33675,-7.8621,27.96,28.18,43.0,71.4,98.87
13.06306,-89.29841,-6.9945,27.96,28.19,42.99,71.53,98.79
13.06373,-89.22173,-5.4102,27.95,28.19,43.0,71.87,98.65
13.06406,-89.18338,-6.6745,27.94,28.2,43.02,72.11,98.58
13.06438,-89.14504,-9.3586,27.94,28.21,43.05,72.4,98.51
13.0647,-89.10669,-7.492,27.93,28.21,43.07,72.69,98.42
13.06501,-89.06835,-7.178,27.93,28.22,43.09,72.97,98.33
13.06531,-89.03,-6.02,27.92,28.22,43.1,73.2,98.23
13.06561,-88.99165,-9.9037,27.91,28.21,43.1,73.37,98.11
13.0659,-88.9533,-6.2963,27.9,28.2,43.08,73.46,98.01
13.06619,-88.91495,-3.5405,27.9,28.19,43.06,73.5,97.92
13.06647,-88.8766,-6.5198,27.89,28.17,43.03,73.5,97.81
13.06675,-88.83825,-9.3529,27.88,28.15,42.98,73.5,97.67
13.06702,-88.7999,-7.6823,27.86,28.12,42.93,73.51,97.46
13.06728,-88.76155,-4.7835,27.84,28.09,42.87,73.56,97.17
13.06754,-88.72319,-2.3377,27.81,28.06,42.78,73.67,96.74
13.06779,-88.68484,-6.6292,27.77,28.01,42.68,73.85,96.12
13.06828,-88.60812,-3.8366,27.66,27.9,42.44,74.28,94.64
13.06852,-88.56977,-6.7181,27.61,27.85,42.31,74.45,93.96
13.06875,-88.53141,-6.1825,27.58,27.81,42.19,74.54,93.43
13.06897,-88.49305,-15.6888,27.56,27.79,42.09,74.51,93.14
13.06919,-88.45469,-7.7912,27.55,27.79,41.98,74.35,93.06
13.0694,-88.41633,-8.3122,27.56,27.81,41.88,74.08,93.13
13.06961,-88.37797,-4.4663,27.57,27.84,41.78,73.75,93.32
13.06981,-88.33961,-2.1603,27.59,27.88,41.69,73.39,93.61
13.07001,-88.30124,-7.8727,27.61,27.91,41.61,73.03,93.95
13.0702,-88.26288,-0.2755,27.64,27.94,41.54,72.7,94.32
13.07056,-88.18615,-2.306,27.71,27.97,41.44,72.09,95.33
13.07074,-88.14779,-0.6645,27.76,27.99,41.42,71.77,96.0
13.0709,-88.10942,-2.7328,27.81,28.0,41.4,71.47,96.7
13.07106,-88.07106,0.1871,27.85,28.01,41.39,71.21,97.33
13.07122,-88.03269,-1.974,27.89,28.0,41.39,71.04,97.82
13.07137,-87.99433,1.5278,27.91,27.99,41.41,70.98,98.08
13.02179,-89.68135,-7.1116,27.8,27.98,42.89,72.25,96.56
13.02219,-89.64303,-4.7229,27.83,28.01,42.91,72.0,97.02
13.02258,-89.6047,-10.8124,27.87,28.05,42.93,71.75,97.49
13.02478,-89.37473,-5.5634,27.97,28.17,43.02,71.25,98.95
13.02513,-89.3364,-5.681,27.97,28.18,43.03,71.33,98.98
13.02581,-89.25973,0.1519,27.97,28.19,43.05,71.55,98.96
13.02614,-89.22139,-6.2373,27.97,28.2,43.06,71.71,98.92
13.02647,-89.18305,-6.1475,27.96,28.21,43.08,71.94,98.83
13.02679,-89.14472,-5.3012,27.95,28.22,43.1,72.2,98.71
13.0271,-89.10638,-6.5035,27.94,28.23,43.12,72.47,98.56
13.02741,-89.06804,-2.3777,27.93,28.24,43.14,72.74,98.41
13.02772,-89.02969,-4.0071,27.92,28.24,43.14,72.97,98.24
13.02801,-88.99135,-7.6845,27.91,28.24,43.14,73.15,98.09
13.02831,-88.95301,-9.8774,27.9,28.24,43.12,73.27,97.95
13.02859,-88.91466,-10.3843,27.89,28.23,43.1,73.35,97.83
13.02887,-88.87632,-3.2219,27.88,28.23,43.07,73.41,97.69
13.02915,-88.83797,-6.4064,27.87,28.22,43.03,73.46,97.53
13.02942,-88.79963,-5.2823,27.85,28.21,42.99,73.53,97.31
13.02968,-88.76128,-5.6398,27.83,28.19,42.93,73.62,97.03
13.03019,-88.68458,-9.1639,27.77,28.13,42.76,73.96,96.08
13.03044,-88.64623,-2.3267,27.72,28.09,42.65,74.18,95.45
13.03068,-88.60788,-3.7341,27.67,28.05,42.53,74.41,94.8
13.03091,-88.56953,-4.2834,27.63,28.01,42.42,74.59,94.21
13.03114,-88.53118,-6.9925,27.6,27.97,42.31,74.71,93.76
13.03137,-88.49282,-9.3626,27.58,27.95,42.22,74.72,93.53
13.03158,-88.45447,-11.2597,27.58,27.93,42.13,74.63,93.47
13.032,-88.37776,-8.6026,27.6,27.91,41.97,74.22,93.75
13.0322,-88.3394,-7.9056,27.62,27.91,41.9,73.96,94.03
13.0324,-88.30105,-6.9636,27.64,27.91,41.84,73.68,94.35
13.03259,-88.26269,-5.4237,27.67,27.91,41.79,73.42,94.71
13.03277,-88.22433,-2.7492,27.7,27.91,41.74,73.16,95.11
13.03295,-88.18597,0.3856,27.74,27.93,41.71,72.87,95.65
13.03313,-88.14762,-3.1444,27.78,27.94,41.68,72.55,96.29
13.03329,-88.10926,-2.9429,27.83,27.96,41.66,72.25,96.93
13.03345,-88.0709,2.5201,27.87,27.97,41.65,71.98,97.52
13.03361,-88.03254,2.2729,27.9,27.97,41.65,71.77,97.97
13.0339,-87.95581,-0.005,27.91,27.93,41.68,71.68,98.13
12.98888,-89.18272,-4.3512,27.94,28.21,43.09,72.1,98.57
12.9892,-89.14439,-4.0231,27.93,28.21,43.1,72.3,98.44
12.98951,-89.10606,-11.572,27.92,28.22,43.11,72.51,98.31
12.98982,-89.06772,-7.6312,27.91,28.23,43.12,72.71,98.18
12.99042,-88.99105,-6.2191,27.9,28.24,43.13,73.1,97.92
12.99071,-88.95271,-7.4995,27.89,28.24,43.1,73.18,97.77
12.991,-88.91438,-7.2351,27.87,28.24,43.07,73.27,97.61
12.99128,-88.87604,-9.4899,27.86,28.24,43.04,73.35,97.45
12.99155,-88.8377,-3.4952,27.85,28.23,43.01,73.43,97.3
12.99208,-88.76101,-3.1575,27.83,28.23,42.94,73.61,96.98
12.99234,-88.72267,-4.734,27.8,28.21,42.87,73.75,96.62
12.99259,-88.68433,-4.8184,27.77,28.18,42.77,73.9,96.18
12.99283,-88.64598,-8.8683,27.74,28.15,42.68,74.06,95.73
12.99308,-88.60764,-7.7132,27.71,28.12,42.59,74.23,95.29
12.99331,-88.56929,-11.3571,27.68,28.09,42.5,74.39,94.85
12.99354,-88.53095,-7.0604,27.65,28.06,42.4,74.55,94.4
12.99376,-88.4926,-6.5382,27.62,28.03,42.32,74.65,94.09
12.99398,-88.45425,-6.1409,27.64,28.01,42.26,74.48,94.28
12.99419,-88.4159,-8.0978,27.65,27.99,42.2,74.32,94.47
12.9944,-88.37755,-11.1987,27.67,27.97,42.15,74.16,94.67
12.9946,-88.3392,-8.4947,27.68,27.95,42.09,74.0,94.86
12.99479,-88.30085,-6.1628,27.69,27.93,42.04,73.84,95.05
12.99498,-88.2625,-5.4766,27.71,27.91,41.98,73.68,95.25
12.99517,-88.22415,-6.2075,27.73,27.91,41.95,73.46,95.64
12.99534,-88.1858,-4.8433,27.77,27.92,41.94,73.21,96.11
12.99552,-88.14744,-2.418,27.8,27.93,41.92,72.96,96.59
12.99568,-88.10909,-4.5283,27.84,27.93,41.9,72.71,97.07
12.99584,-88.07073,1.5422,27.87,27.94,41.89,72.46,97.55
12.996,-88.03238,0.1513,27.9,27.95,41.87,72.22,98.02
12.99615,-87.99403,0.2062,27.93,27.95,41.86,72.02,98.39
12.95282,-88.99075,-1.0301,27.86,28.21,43.07,73.19,97.47
12.95311,-88.95242,-10.2681,27.86,28.21,43.04,73.23,97.38
12.95368,-88.87575,-10.5791,27.84,28.21,42.98,73.33,97.19
12.95395,-88.83742,-7.4432,27.84,28.21,42.95,73.38,97.1
12.95422,-88.79909,-8.7919,27.83,28.21,42.92,73.42,97.01
12.95474,-88.72241,-4.2697,27.81,28.19,42.83,73.57,96.64
12.95499,-88.68407,-5.3207,27.78,28.17,42.75,73.69,96.3
12.95523,-88.64574,-3.4115,27.76,28.14,42.67,73.8,95.96
12.95547,-88.6074,-7.1081,27.73,28.12,42.59,73.92,95.63
12.95571,-88.56906,-4.5126,27.71,28.09,42.51,74.04,95.28
12.95593,-88.53072,-9.1894,27.68,28.07,42.43,74.16,94.94
12.95616,-88.49237,-7.8066,27.67,28.04,42.36,74.22,94.71
12.95637,-88.45403,-6.4973,27.68,28.03,42.31,74.07,94.91
12.95658,-88.41569,-5.2538,27.7,28.01,42.26,73.92,95.1
12.95679,-88.37735,-9.4014,27.71,27.99,42.21,73.78,95.29
12.95699,-88.339,-3.2092,27.72,27.97,42.17,73.63,95.48
12.95718,-88.30066,-9.3931,27.74,27.96,42.12,73.48,95.67
12.95756,-88.22396,-8.4833,27.78,27.94,42.05,73.13,96.22
12.95773,-88.18562,-4.7832,27.81,27.94,42.04,72.91,96.65
12.95791,-88.14727,-15.7283,27.84,27.95,42.03,72.68,97.08
12.95807,-88.10892,-4.8495,27.87,27.96,42.02,72.45,97.52
12.95823,-88.07057,-5.74,27.9,27.96,42.01,72.22,97.95
12.95839,-88.03223,-4.3709,27.93,27.97,42.0,71.99,98.39
12.95854,-87.99388,3.8357,27.95,27.97,42.0,71.82,98.71
12.91635,-88.83715,-9.7449,27.82,28.18,42.9,73.32,96.91
12.91833,-88.53049,-8.704,27.72,28.08,42.46,73.76,95.48
12.91855,-88.49215,-8.1055,27.71,28.06,42.4,73.79,95.34
12.91877,-88.45381,-3.528,27.73,28.04,42.36,73.66,95.53
12.91898,-88.41548,-6.3744,27.74,28.03,42.32,73.53,95.72
12.91918,-88.37714,-4.9361,27.75,28.01,42.28,73.4,95.91
12.91938,-88.3388,-2.9579,27.77,27.99,42.24,73.26,96.1
12.91958,-88.30046,-4.7265,27.78,27.98,42.2,73.13,96.29
12.91976,-88.26212,-6.6112,27.79,27.96,42.16,73.0,96.48
12.91995,-88.22378,-4.3401,27.82,27.96,42.14,72.81,96.8
12.92029,-88.1471,-0.6281,27.87,27.97,42.14,72.4,97.58
12.92046,-88.10876,-9.932,27.9,27.98,42.14,72.19,97.97
12.92062,-88.07041,-5.932,27.93,27.98,42.13,71.98,98.36
12.92092,-87.99373,-5.7827,27.98,27.99,42.13,71.62,99.03
12.88177,-88.3386,-5.8287,27.81,28.02,42.31,72.9,96.72
12.88197,-88.30027,-3.478,27.82,28.0,42.28,72.78,96.9
12.88216,-88.26193,-5.1717,27.84,27.99,42.25,72.66,97.09
12.88234,-88.2236,-3.7751,27.86,27.99,42.24,72.49,97.39
12.88251,-88.18526,-7.2481,27.88,27.99,42.24,72.3,97.73
12.88268,-88.14693,-3.4632,27.91,28.0,42.25,72.12,98.07
12.88285,-88.10859,-4.783,27.93,28.0,42.25,71.93,98.42
12.88301,-88.07025,-7.853,27.96,28.0,42.25,71.74,98.76
12.88331,-87.99358,-6.9413,28.0,28.01,42.26,71.42,99.36
12.84507,-88.14676,-5.1935,27.94,28.02,42.36,71.84,98.57
12.84524,-88.10843,-7.9088,27.96,28.02,42.37,71.67,98.87
12.8454,-88.07009,-7.0432,27.98,28.03,42.38,71.5,99.17
